scraped_at,rental_type,gpu_name,num_offers,total_gpus,dph_per_gpu_min,dph_per_gpu_p25,dph_per_gpu_median,dph_per_gpu_p75,dph_per_gpu_max,verified_median,median_reliability
2026-07-25T00:58:49+00:00,on-demand,A100 PCIE,15,42,0.401111,0.556722,0.994435,1.000833,1.091073,0.994986,0.995151
2026-07-25T00:58:49+00:00,on-demand,A100 SXM4,24,59,0.40037,0.79287,1.042,1.179,1.458667,1.042,0.995882
2026-07-25T00:58:49+00:00,on-demand,A800 PCIE,1,4,0.667222,0.667222,0.667222,0.667222,0.667222,,0.994203
2026-07-25T00:58:49+00:00,on-demand,B200,16,74,5.375174,6.219531,6.371615,6.939388,10.629861,6.495312,0.991688
2026-07-25T00:58:49+00:00,on-demand,B300,2,12,6.250521,6.875564,7.500608,8.125651,8.750694,8.750694,0.99077
2026-07-25T00:58:49+00:00,on-demand,GTX 1050 Ti,2,2,0.611111,1.458704,2.306296,3.153889,4.001481,,0.965512
2026-07-25T00:58:49+00:00,on-demand,GTX 1060,3,4,0.087778,0.088333,0.088889,0.216667,0.344444,0.088333,0.999297
2026-07-25T00:58:49+00:00,on-demand,GTX 1070,1,1,0.531111,0.531111,0.531111,0.531111,0.531111,0.531111,0.991428
2026-07-25T00:58:49+00:00,on-demand,GTX 1070 Ti,2,10,0.051037,0.051083,0.05113,0.051176,0.051222,0.05113,0.990104
2026-07-25T00:58:49+00:00,on-demand,GTX 1080,4,6,0.027778,0.044722,0.051074,0.052056,0.052889,0.052333,0.982145
2026-07-25T00:58:49+00:00,on-demand,GTX 1080 Ti,6,17,0.056,0.063056,0.071667,0.078849,0.080556,0.074444,0.992337
2026-07-25T00:58:49+00:00,on-demand,GTX 1650,1,1,0.048741,0.048741,0.048741,0.048741,0.048741,,0.947629
2026-07-25T00:58:49+00:00,on-demand,GTX 1660 S,1,1,0.451111,0.451111,0.451111,0.451111,0.451111,,0.996374
2026-07-25T00:58:49+00:00,on-demand,GTX 1660 Ti,1,1,0.611111,0.611111,0.611111,0.611111,0.611111,0.611111,0.986845
2026-07-25T00:58:49+00:00,on-demand,H100 NVL,4,6,2.001481,2.091481,2.128741,2.202333,2.401333,2.061481,0.939905
2026-07-25T00:58:49+00:00,on-demand,H100 PCIE,6,17,1.362222,1.800231,1.800556,1.801296,1.933481,1.933481,0.969001
2026-07-25T00:58:49+00:00,on-demand,H100 SXM,14,37,1.468889,1.969,2.475,2.966231,4.218889,2.269481,0.983303
2026-07-25T00:58:49+00:00,on-demand,H200,8,33,3.815972,3.905245,4.073236,4.211075,4.211623,4.073236,0.998131
2026-07-25T00:58:49+00:00,on-demand,H200 NVL,10,26,2.800741,3.241736,3.760944,3.934306,4.812889,3.960556,0.98887
2026-07-25T00:58:49+00:00,on-demand,L4,4,9,0.202222,0.300889,0.334111,0.334537,0.334815,0.334444,0.998372
2026-07-25T00:58:49+00:00,on-demand,L40,4,7,0.295185,0.296574,0.375556,0.485,0.577778,0.515926,0.996653
2026-07-25T00:58:49+00:00,on-demand,L40S,15,48,0.40037,0.466944,0.801852,1.068056,2.442222,0.935648,0.995287
2026-07-25T00:58:49+00:00,on-demand,Q RTX 5000,4,12,0.067222,0.067639,0.074074,0.080463,0.080741,,0.948099
2026-07-25T00:58:49+00:00,on-demand,Q RTX 8000,3,5,0.254074,0.266926,0.279778,0.280333,0.280889,0.279778,0.997798
2026-07-25T00:58:49+00:00,on-demand,Quadro GV100,1,1,0.467407,0.467407,0.467407,0.467407,0.467407,,0.967689
2026-07-25T00:58:49+00:00,on-demand,Quadro P4000,4,6,0.054444,0.054444,0.055,0.055556,0.055556,0.055,0.979472
2026-07-25T00:58:49+00:00,on-demand,Quadro P5000,1,1,0.094815,0.094815,0.094815,0.094815,0.094815,,0.985146
2026-07-25T00:58:49+00:00,on-demand,RTX 2060,1,1,0.411111,0.411111,0.411111,0.411111,0.411111,0.411111,0.994844
2026-07-25T00:58:49+00:00,on-demand,RTX 2070,1,2,0.081111,0.081111,0.081111,0.081111,0.081111,0.081111,0.968971
2026-07-25T00:58:49+00:00,on-demand,RTX 2070S,2,13,0.073498,0.073549,0.073601,0.073652,0.073704,,0.987309
2026-07-25T00:58:49+00:00,on-demand,RTX 2080 Ti,6,27,0.080022,0.080035,0.100583,0.121944,0.135407,0.100583,0.995013
2026-07-25T00:58:49+00:00,on-demand,RTX 3060,12,40,0.042222,0.050843,0.067111,0.345444,1.335556,0.140741,0.99068
2026-07-25T00:58:49+00:00,on-demand,RTX 3060 laptop,5,14,0.026685,0.041111,0.042222,0.065481,0.06963,0.067556,0.996152
2026-07-25T00:58:49+00:00,on-demand,RTX 3070,10,33,0.050444,0.102199,0.10713,0.19013,0.562222,0.161852,0.994669
2026-07-25T00:58:49+00:00,on-demand,RTX 3080,9,30,0.060278,0.094815,0.113556,0.250999,0.252326,0.250999,0.996807
2026-07-25T00:58:49+00:00,on-demand,RTX 3080 Ti,6,7,0.068889,0.108056,0.128222,0.163556,0.295556,0.128222,0.994304
2026-07-25T00:58:49+00:00,on-demand,RTX 3090,38,114,0.102963,0.146968,0.245185,0.335278,16.003704,0.247407,0.990691
2026-07-25T00:58:49+00:00,on-demand,RTX 4060,5,13,0.060741,0.062222,0.066864,0.06963,0.082222,0.061481,0.994497
2026-07-25T00:58:49+00:00,on-demand,RTX 4060 Ti,4,6,0.068889,0.078056,0.113111,0.382722,1.095556,0.145111,0.998065
2026-07-25T00:58:49+00:00,on-demand,RTX 4070,2,2,0.082222,0.082222,0.082222,0.082222,0.082222,0.082222,0.995635
2026-07-25T00:58:49+00:00,on-demand,RTX 4070 Ti,7,19,0.09037,0.104583,0.107222,0.174444,0.242222,0.1075,0.986315
2026-07-25T00:58:49+00:00,on-demand,RTX 4070S,5,10,0.080926,0.095185,0.097037,0.097037,0.098148,0.097037,0.995782
2026-07-25T00:58:49+00:00,on-demand,RTX 4070S Ti,5,17,0.117778,0.201111,0.266944,0.267222,0.267778,0.267083,0.999556
2026-07-25T00:58:49+00:00,on-demand,RTX 4080,8,15,0.121481,0.123519,0.174148,0.269917,0.276667,0.267778,0.984242
2026-07-25T00:58:49+00:00,on-demand,RTX 4080S,14,37,0.124444,0.161296,0.165556,0.201944,0.29237,0.200833,0.996062
2026-07-25T00:58:49+00:00,on-demand,RTX 4090,50,185,0.255741,0.309322,0.408444,0.606852,1.138341,0.60358,0.995133
2026-07-25T00:58:49+00:00,on-demand,RTX 4090D,3,7,0.667222,0.6675,0.667778,0.668333,0.668889,,0.967226
2026-07-25T00:58:49+00:00,on-demand,RTX 5000Ada,2,3,0.427778,0.428056,0.428333,0.428611,0.428889,0.428333,0.996331
2026-07-25T00:58:49+00:00,on-demand,RTX 5060,4,4,0.066963,0.073407,0.112222,0.157222,0.182222,0.124593,0.971708
2026-07-25T00:58:49+00:00,on-demand,RTX 5060 Ti,15,49,0.071111,0.084778,0.097778,0.123475,0.201185,0.123475,0.992745
2026-07-25T00:58:49+00:00,on-demand,RTX 5070,7,10,0.095556,0.098704,0.103704,0.152778,0.204444,0.152778,0.99742
2026-07-25T00:58:49+00:00,on-demand,RTX 5070 Ti,5,11,0.120556,0.125111,0.134444,0.188889,0.201111,0.160833,0.995161
2026-07-25T00:58:49+00:00,on-demand,RTX 5080,12,42,0.173651,0.175278,0.197963,0.201111,0.333704,0.18963,0.988622
2026-07-25T00:58:49+00:00,on-demand,RTX 5090,47,171,0.212889,0.413667,0.533611,0.707797,13.334444,0.674417,0.994272
2026-07-25T00:58:49+00:00,on-demand,RTX 5880Ada,4,15,0.453593,0.453787,0.454111,0.45463,0.455407,0.454111,0.997792
2026-07-25T00:58:49+00:00,on-demand,RTX 6000Ada,7,15,0.227556,0.440833,0.493889,0.61,0.735185,0.684444,0.984433
2026-07-25T00:58:49+00:00,on-demand,RTX A2000,3,4,0.034074,0.035111,0.036148,0.264815,0.493481,,0.995152
2026-07-25T00:58:49+00:00,on-demand,RTX A4000,6,40,0.072889,0.080185,0.08037,0.12024,0.133704,0.080185,0.97131
2026-07-25T00:58:49+00:00,on-demand,RTX A4500,1,1,1.274815,1.274815,1.274815,1.274815,1.274815,,0.997977
2026-07-25T00:58:49+00:00,on-demand,RTX A5000,3,14,0.230944,0.231028,0.231111,0.266741,0.30237,0.231111,0.996506
2026-07-25T00:58:49+00:00,on-demand,RTX A6000,5,14,0.373889,0.374444,0.375556,0.387037,0.455556,,0.988217
2026-07-25T00:58:49+00:00,on-demand,RTX PRO 2000,1,2,0.174074,0.174074,0.174074,0.174074,0.174074,,0.961865
2026-07-25T00:58:49+00:00,on-demand,RTX PRO 4000,10,23,0.187222,0.216759,0.307191,0.332037,0.535556,0.321481,0.988346
2026-07-25T00:58:49+00:00,on-demand,RTX PRO 4500,1,1,0.282222,0.282222,0.282222,0.282222,0.282222,,0.994855
2026-07-25T00:58:49+00:00,on-demand,RTX PRO 5000,6,12,0.27,0.610648,0.687593,0.855093,0.897037,0.64037,0.991494
2026-07-25T00:58:49+00:00,on-demand,RTX PRO 6000 S,13,40,1.267778,1.463704,1.697351,1.734815,1.736296,1.463704,0.998696
2026-07-25T00:58:49+00:00,on-demand,RTX PRO 6000 WS,19,41,0.802407,0.93463,1.07037,1.334907,26.66963,1.329037,0.987797
2026-07-25T00:58:49+00:00,on-demand,Tesla P100,4,8,0.044296,0.071907,0.081296,0.111667,0.202222,0.081481,0.973241
2026-07-25T00:58:49+00:00,on-demand,Tesla P4,1,1,0.023259,0.023259,0.023259,0.023259,0.023259,,0.989579
2026-07-25T00:58:49+00:00,on-demand,Tesla P40,3,6,0.054815,0.074815,0.094815,0.113685,0.132556,0.113685,0.985572
2026-07-25T00:58:49+00:00,on-demand,Tesla T4,2,3,12.000741,12.000926,12.001111,12.001296,12.001481,,0.972394
2026-07-25T00:58:49+00:00,on-demand,Tesla V100,9,41,0.021111,0.079037,0.083037,0.107222,0.335556,0.25125,0.975075
2026-07-25T00:58:49+00:00,on-demand,Titan RTX,1,1,0.162963,0.162963,0.162963,0.162963,0.162963,0.162963,0.947007
2026-07-25T00:58:49+00:00,on-demand,Titan V,1,2,0.091778,0.091778,0.091778,0.091778,0.091778,0.091778,0.99631
2026-07-25T00:58:49+00:00,on-demand,Titan Xp,3,11,0.055556,0.057963,0.06037,0.060463,0.060556,0.06037,0.993943
2026-07-25T00:58:49+00:00,bid,A100 PCIE,15,22,0.133889,0.135,0.135556,0.202222,0.46963,0.202222,0.994032
2026-07-25T00:58:49+00:00,bid,A100 SXM4,27,57,0.135556,0.400741,0.605185,0.802667,0.804,0.605185,0.993477
2026-07-25T00:58:49+00:00,bid,A40,1,2,0.234074,0.234074,0.234074,0.234074,0.234074,0.234074,0.984288
2026-07-25T00:58:49+00:00,bid,A800 PCIE,6,11,0.129889,0.130444,0.131,0.131556,0.131556,,0.994203
2026-07-25T00:58:49+00:00,bid,B200,10,37,3.750174,5.625781,6.253082,6.70625,8.754861,6.254861,0.994431
2026-07-25T00:58:49+00:00,bid,B300,2,12,5.000694,5.156901,5.313108,5.469314,5.625521,5.000694,0.99077
2026-07-25T00:58:49+00:00,bid,GTX 1050 Ti,2,2,0.021562,0.022283,0.023003,0.023724,0.024444,,0.965512
2026-07-25T00:58:49+00:00,bid,GTX 1060,2,2,0.031111,0.04037,0.04963,0.058889,0.068148,0.068148,0.996488
2026-07-25T00:58:49+00:00,bid,GTX 1070,1,1,0.026204,0.026204,0.026204,0.026204,0.026204,0.026204,0.991428
2026-07-25T00:58:49+00:00,bid,GTX 1070 Ti,2,7,0.04037,0.040833,0.041296,0.041759,0.042222,0.041296,0.990056
2026-07-25T00:58:49+00:00,bid,GTX 1080,4,13,0.037037,0.039537,0.040463,0.040694,0.041111,0.040556,0.995927
2026-07-25T00:58:49+00:00,bid,GTX 1080 Ti,11,38,0.029333,0.040833,0.053651,0.053981,0.054444,0.053651,0.995327
2026-07-25T00:58:49+00:00,bid,GTX 1650 S,1,1,0.037778,0.037778,0.037778,0.037778,0.037778,,0.984605
2026-07-25T00:58:49+00:00,bid,GTX 1660,1,1,0.037778,0.037778,0.037778,0.037778,0.037778,,0.996132
2026-07-25T00:58:49+00:00,bid,GTX 1660 S,1,1,0.031111,0.031111,0.031111,0.031111,0.031111,,0.996374
2026-07-25T00:58:49+00:00,bid,GTX 1660 Ti,1,1,0.037778,0.037778,0.037778,0.037778,0.037778,0.037778,0.986845
2026-07-25T00:58:49+00:00,bid,H100 NVL,7,10,0.934667,0.935333,0.936,1.268741,1.934815,1.768148,0.938105
2026-07-25T00:58:49+00:00,bid,H100 PCIE,10,26,0.733519,0.733796,0.734074,0.734815,1.068889,1.003704,0.969001
2026-07-25T00:58:49+00:00,bid,H100 SXM,16,40,0.934815,1.283611,2.002,2.170782,2.67037,1.668444,0.988639
2026-07-25T00:58:49+00:00,bid,H200,7,29,2.631762,3.224232,3.817251,3.912253,3.948465,3.817251,0.997336
2026-07-25T00:58:49+00:00,bid,H200 NVL,14,25,0.404889,1.051806,1.264222,1.868519,3.077778,1.339555,0.985918
2026-07-25T00:58:49+00:00,bid,L4,5,10,0.135556,0.162222,0.267778,0.268889,0.320444,0.267778,0.997501
2026-07-25T00:58:49+00:00,bid,L40,3,6,0.267407,0.277963,0.288519,0.379815,0.471111,0.369259,0.996653
2026-07-25T00:58:49+00:00,bid,L40S,23,74,0.200185,0.333704,0.534259,0.538889,0.774074,0.537037,0.997326
2026-07-25T00:58:49+00:00,bid,Q RTX 5000,4,12,0.040556,0.040972,0.041111,0.044259,0.053704,,0.981826
2026-07-25T00:58:49+00:00,bid,Q RTX 6000,1,1,0.16037,0.16037,0.16037,0.16037,0.16037,,0.961833
2026-07-25T00:58:49+00:00,bid,Q RTX 8000,5,6,0.015556,0.024111,0.025222,0.099778,0.151556,0.025222,0.997798
2026-07-25T00:58:49+00:00,bid,Quadro GV100,1,1,0.134074,0.134074,0.134074,0.134074,0.134074,,0.967689
2026-07-25T00:58:49+00:00,bid,Quadro P4000,3,4,0.041111,0.041667,0.042222,0.049481,0.056741,0.056741,0.962232
2026-07-25T00:58:49+00:00,bid,Quadro P5000,1,1,0.054815,0.054815,0.054815,0.054815,0.054815,,0.985146
2026-07-25T00:58:49+00:00,bid,RTX 2060,2,2,0.031111,0.107222,0.183333,0.259444,0.335556,0.183333,0.994833
2026-07-25T00:58:49+00:00,bid,RTX 2070S,3,21,0.066831,0.066842,0.066852,0.066944,0.067037,,0.987309
2026-07-25T00:58:49+00:00,bid,RTX 2080 Ti,6,9,0.048519,0.0795,0.107963,0.108704,0.115741,0.108148,0.997094
2026-07-25T00:58:49+00:00,bid,RTX 3060,20,56,0.037778,0.042037,0.06063,0.110741,0.535556,0.066944,0.993861
2026-07-25T00:58:49+00:00,bid,RTX 3060 Ti,2,2,0.132889,0.233556,0.334222,0.434889,0.535556,0.535556,0.966577
2026-07-25T00:58:49+00:00,bid,RTX 3060 laptop,5,16,0.017019,0.038444,0.061481,0.101111,0.101111,0.101111,0.99625
2026-07-25T00:58:49+00:00,bid,RTX 3070,8,15,0.042556,0.068796,0.08213,0.192222,0.495556,0.093889,0.997629
2026-07-25T00:58:49+00:00,bid,RTX 3080,12,29,0.061481,0.068611,0.125696,0.240519,0.495556,0.240332,0.993355
2026-07-25T00:58:49+00:00,bid,RTX 3080 Ti,7,8,0.030222,0.092222,0.097037,0.138889,0.188889,0.11963,0.994513
2026-07-25T00:58:49+00:00,bid,RTX 3090,65,153,0.048148,0.107778,0.134815,0.163704,0.34963,0.134778,0.989334
2026-07-25T00:58:49+00:00,bid,RTX 4060,1,1,0.031111,0.031111,0.031111,0.031111,0.031111,,0.995933
2026-07-25T00:58:49+00:00,bid,RTX 4060 Ti,9,20,0.041111,0.042222,0.101111,0.107778,0.962222,0.107444,0.998373
2026-07-25T00:58:49+00:00,bid,RTX 4070,3,5,0.054444,0.054444,0.054444,0.059333,0.064222,0.054444,0.998796
2026-07-25T00:58:49+00:00,bid,RTX 4070 Ti,10,27,0.081481,0.093889,0.094444,0.18787,0.215556,0.094444,0.985742
2026-07-25T00:58:49+00:00,bid,RTX 4070S,5,17,0.06787,0.069074,0.071481,0.071481,0.076296,0.070278,0.978746
2026-07-25T00:58:49+00:00,bid,RTX 4070S Ti,10,26,0.094519,0.167014,0.168333,0.200972,0.202222,0.168889,0.999456
2026-07-25T00:58:49+00:00,bid,RTX 4080,7,15,0.133926,0.140463,0.147333,0.174778,0.254444,0.147333,0.990151
2026-07-25T00:58:49+00:00,bid,RTX 4080S,16,39,0.084494,0.130926,0.188056,0.201037,0.240741,0.194963,0.99539
2026-07-25T00:58:49+00:00,bid,RTX 4090,81,231,0.080741,0.229259,0.292741,0.407407,0.802222,0.395356,0.995443
2026-07-25T00:58:49+00:00,bid,RTX 4090D,3,7,0.604556,0.604833,0.605111,0.605667,0.606222,,0.967226
2026-07-25T00:58:49+00:00,bid,RTX 5000Ada,3,4,0.321111,0.321667,0.322222,0.322222,0.322222,0.322222,0.996331
2026-07-25T00:58:49+00:00,bid,RTX 5060,2,2,0.095556,0.108889,0.122222,0.135556,0.148889,0.148889,0.996771
2026-07-25T00:58:49+00:00,bid,RTX 5060 Ti,30,93,0.046963,0.068611,0.080611,0.107685,0.154444,0.102593,0.996103
2026-07-25T00:58:49+00:00,bid,RTX 5070,8,11,0.057481,0.085972,0.117963,0.161389,0.162222,0.148148,0.993166
2026-07-25T00:58:49+00:00,bid,RTX 5070 Ti,13,24,0.086222,0.095556,0.108889,0.155185,0.268,0.134519,0.996229
2026-07-25T00:58:49+00:00,bid,RTX 5080,18,28,0.02963,0.143611,0.181667,0.201111,0.338519,0.201111,0.98747
2026-07-25T00:58:49+00:00,bid,RTX 5090,70,188,0.102222,0.271111,0.335278,0.40213,0.907222,0.34,0.995115
2026-07-25T00:58:49+00:00,bid,RTX 5880Ada,3,5,0.33437,0.33437,0.33437,0.334889,0.335407,0.33437,0.997366
2026-07-25T00:58:49+00:00,bid,RTX 6000Ada,13,26,0.137778,0.362222,0.388889,0.468741,0.601852,0.467704,0.991802
2026-07-25T00:58:49+00:00,bid,RTX A2000,3,5,0.028519,0.040407,0.052296,0.226222,0.400148,0.040407,0.997955
2026-07-25T00:58:49+00:00,bid,RTX A4000,14,74,0.024185,0.057389,0.080463,0.100379,0.107037,,0.97131
2026-07-25T00:58:49+00:00,bid,RTX A5000,3,14,0.020556,0.065463,0.11037,0.169975,0.22958,0.11037,0.996506
2026-07-25T00:58:49+00:00,bid,RTX A6000,7,14,0.202593,0.272519,0.321111,0.347963,0.375556,,0.984779
2026-07-25T00:58:49+00:00,bid,RTX PRO 2000,1,2,0.134074,0.134074,0.134074,0.134074,0.134074,,0.961865
2026-07-25T00:58:49+00:00,bid,RTX PRO 4000,12,30,0.067222,0.068889,0.180833,0.240556,0.242222,0.240741,0.994907
2026-07-25T00:58:49+00:00,bid,RTX PRO 4500,1,1,0.27037,0.27037,0.27037,0.27037,0.27037,0.27037,0.995465
2026-07-25T00:58:49+00:00,bid,RTX PRO 5000,8,14,0.138518,0.271852,0.467593,0.601296,0.803704,0.347778,0.994884
2026-07-25T00:58:49+00:00,bid,RTX PRO 6000 S,19,44,0.335556,1.068148,1.06963,1.201667,1.467222,1.06963,0.998412
2026-07-25T00:58:49+00:00,bid,RTX PRO 6000 WS,24,43,0.255556,0.668472,0.761333,1.068185,2.002222,0.937037,0.993017
2026-07-25T00:58:49+00:00,bid,Tesla P100,2,2,0.041481,0.065,0.088519,0.112037,0.135556,0.135556,0.984388
2026-07-25T00:58:49+00:00,bid,Tesla P4,1,1,0.011926,0.011926,0.011926,0.011926,0.011926,,0.989579
2026-07-25T00:58:49+00:00,bid,Tesla P40,3,6,0.041481,0.049481,0.057481,0.061685,0.065889,0.061685,0.985572
2026-07-25T00:58:49+00:00,bid,Tesla T4,3,4,3.400741,3.401111,3.401481,3.401481,3.401481,,0.972394
2026-07-25T00:58:49+00:00,bid,Tesla V100,14,44,0.015778,0.094542,0.160833,0.190972,0.242222,0.162222,0.99909
2026-07-25T00:58:49+00:00,bid,Titan RTX,2,3,0.128519,0.130278,0.132037,0.133796,0.135556,0.135556,0.994754
2026-07-25T00:58:49+00:00,bid,Titan Xp,3,11,0.04037,0.040463,0.040556,0.041389,0.042222,0.040556,0.993943
2026-07-25T01:03:48+00:00,on-demand,A100 PCIE,12,27,0.400278,0.401944,0.783296,0.99886,1.537739,0.932573,0.990969
2026-07-25T01:03:48+00:00,on-demand,A100 SXM4,22,64,0.40037,0.86713,1.068667,1.217472,1.458667,1.188,0.991417
2026-07-25T01:03:48+00:00,on-demand,A800 PCIE,2,5,0.667222,0.667639,0.668056,0.668472,0.668889,,0.994203
2026-07-25T01:03:48+00:00,on-demand,B200,11,54,5.375174,6.188889,6.497917,7.001693,7.127604,6.686979,0.992022
2026-07-25T01:03:48+00:00,on-demand,B300,2,12,6.250521,6.875564,7.500608,8.125651,8.750694,8.750694,0.99077
2026-07-25T01:03:48+00:00,on-demand,GTX 1050 Ti,2,2,0.611111,1.458704,2.306296,3.153889,4.001481,,0.965512
2026-07-25T01:03:48+00:00,on-demand,GTX 1060,3,4,0.087778,0.087963,0.088148,0.216296,0.344444,0.087963,0.999235
2026-07-25T01:03:48+00:00,on-demand,GTX 1070,1,1,0.531111,0.531111,0.531111,0.531111,0.531111,0.531111,0.991428
2026-07-25T01:03:48+00:00,on-demand,GTX 1070 Ti,2,3,0.051778,0.052056,0.052333,0.052611,0.052889,0.052333,0.997132
2026-07-25T01:03:48+00:00,on-demand,GTX 1080,3,9,0.027778,0.031296,0.034815,0.042926,0.051037,0.051037,0.991619
2026-07-25T01:03:48+00:00,on-demand,GTX 1080 Ti,6,19,0.056,0.060972,0.068056,0.074306,0.080317,0.073889,0.995518
2026-07-25T01:03:48+00:00,on-demand,GTX 1650,1,1,0.048741,0.048741,0.048741,0.048741,0.048741,,0.947629
2026-07-25T01:03:48+00:00,on-demand,GTX 1650 S,1,1,0.677778,0.677778,0.677778,0.677778,0.677778,,0.984605
2026-07-25T01:03:48+00:00,on-demand,GTX 1660,1,1,0.677778,0.677778,0.677778,0.677778,0.677778,,0.996132
2026-07-25T01:03:48+00:00,on-demand,GTX 1660 S,1,1,0.451111,0.451111,0.451111,0.451111,0.451111,,0.996374
2026-07-25T01:03:48+00:00,on-demand,GTX 1660 Ti,1,1,0.611111,0.611111,0.611111,0.611111,0.611111,0.611111,0.986845
2026-07-25T01:03:48+00:00,on-demand,H100 NVL,7,10,2.121481,2.135333,2.312889,2.402,2.642222,2.312889,0.938105
2026-07-25T01:03:48+00:00,on-demand,H100 PCIE,6,17,1.362222,1.78338,1.800278,1.800648,2.337037,2.057407,0.969001
2026-07-25T01:03:48+00:00,on-demand,H100 SXM,15,39,1.468889,2.171667,2.860463,3.317444,5.382222,2.435111,0.961003
2026-07-25T01:03:48+00:00,on-demand,H200,7,29,3.815972,3.875548,3.935673,4.210938,4.211623,3.935673,0.997336
2026-07-25T01:03:48+00:00,on-demand,H200 NVL,7,18,2.802222,3.05763,3.333611,3.960833,4.772889,3.960556,0.992912
2026-07-25T01:03:48+00:00,on-demand,L4,4,9,0.202222,0.300889,0.333926,0.334444,0.335556,0.334074,0.997909
2026-07-25T01:03:48+00:00,on-demand,L40,4,7,0.295185,0.296574,0.375556,0.472593,0.528148,0.491111,0.996653
2026-07-25T01:03:48+00:00,on-demand,L40S,15,51,0.40037,0.466944,0.801481,1.068056,2.442222,0.801852,0.996927
2026-07-25T01:03:48+00:00,on-demand,Q RTX 5000,2,6,0.067222,0.067361,0.0675,0.067639,0.067778,,0.981826
2026-07-25T01:03:48+00:00,on-demand,Q RTX 8000,4,5,0.254074,0.25463,0.262963,0.273556,0.280889,0.262963,0.998614
2026-07-25T01:03:48+00:00,on-demand,Quadro GV100,1,1,0.467407,0.467407,0.467407,0.467407,0.467407,,0.967689
2026-07-25T01:03:48+00:00,on-demand,Quadro P4000,4,6,0.054444,0.054444,0.055,0.058444,0.067111,0.060778,0.979472
2026-07-25T01:03:48+00:00,on-demand,Quadro P5000,1,1,0.081481,0.081481,0.081481,0.081481,0.081481,,0.985159
2026-07-25T01:03:48+00:00,on-demand,RTX 2060,1,1,0.415556,0.415556,0.415556,0.415556,0.415556,0.415556,0.994821
2026-07-25T01:03:48+00:00,on-demand,RTX 2070,1,2,0.081111,0.081111,0.081111,0.081111,0.081111,0.081111,0.968971
2026-07-25T01:03:48+00:00,on-demand,RTX 2070S,2,13,0.073498,0.073549,0.073601,0.073652,0.073704,,0.992051
2026-07-25T01:03:48+00:00,on-demand,RTX 2080 Ti,5,21,0.080022,0.080056,0.087802,0.121111,0.135407,0.087802,0.995057
2026-07-25T01:03:48+00:00,on-demand,RTX 3060,16,50,0.034815,0.055278,0.076888,0.172519,1.334815,0.08037,0.993043
2026-07-25T01:03:48+00:00,on-demand,RTX 3060 laptop,6,15,0.026685,0.041389,0.048889,0.062111,0.069481,0.064296,0.996973
2026-07-25T01:03:48+00:00,on-demand,RTX 3070,10,33,0.042222,0.097431,0.10713,0.148194,0.562222,0.161852,0.981992
2026-07-25T01:03:48+00:00,on-demand,RTX 3080,12,38,0.060222,0.090185,0.1135,0.173639,0.252326,0.130704,0.993283
2026-07-25T01:03:48+00:00,on-demand,RTX 3080 Ti,4,4,0.122222,0.141222,0.158222,0.200556,0.295556,0.221556,0.994304
2026-07-25T01:03:48+00:00,on-demand,RTX 3090,43,124,0.106944,0.140694,0.241481,0.335,16.003704,0.242593,0.989334
2026-07-25T01:03:48+00:00,on-demand,RTX 4060,5,10,0.060741,0.064444,0.067407,0.06963,0.082222,0.062593,0.995949
2026-07-25T01:03:48+00:00,on-demand,RTX 4060 Ti,5,10,0.062963,0.067778,0.093889,0.094444,1.095556,0.094167,0.998373
2026-07-25T01:03:48+00:00,on-demand,RTX 4070,2,3,0.082222,0.083889,0.085556,0.087222,0.088889,0.088889,0.993451
2026-07-25T01:03:48+00:00,on-demand,RTX 4070 Ti,6,19,0.09037,0.106991,0.1075,0.207778,0.242222,0.1075,0.986143
2026-07-25T01:03:48+00:00,on-demand,RTX 4070S,7,24,0.080617,0.081481,0.094537,0.096111,0.102963,0.081481,0.989738
2026-07-25T01:03:48+00:00,on-demand,RTX 4070S Ti,7,20,0.114444,0.16337,0.266944,0.2675,0.268889,0.267222,0.999556
2026-07-25T01:03:48+00:00,on-demand,RTX 4080,10,19,0.121481,0.132481,0.227519,0.274472,0.293926,0.268333,0.988777
2026-07-25T01:03:48+00:00,on-demand,RTX 4080S,12,36,0.129827,0.161944,0.200833,0.213681,0.29237,0.202222,0.995706
2026-07-25T01:03:48+00:00,on-demand,RTX 4090,58,221,0.133611,0.320694,0.409111,0.668889,1.138341,0.508889,0.995612
2026-07-25T01:03:48+00:00,on-demand,RTX 4090D,3,7,0.667222,0.6675,0.667778,0.668333,0.668889,,0.967226
2026-07-25T01:03:48+00:00,on-demand,RTX 5000Ada,2,3,0.427778,0.428056,0.428333,0.428611,0.428889,0.428333,0.996331
2026-07-25T01:03:48+00:00,on-demand,RTX 5060,4,4,0.066963,0.078407,0.115556,0.157222,0.182222,0.124593,0.9789
2026-07-25T01:03:48+00:00,on-demand,RTX 5060 Ti,20,69,0.071111,0.086296,0.1025,0.137031,0.227407,0.129857,0.992835
2026-07-25T01:03:48+00:00,on-demand,RTX 5060 laptop,1,1,0.135556,0.135556,0.135556,0.135556,0.135556,,0.970423
2026-07-25T01:03:48+00:00,on-demand,RTX 5070,7,10,0.088519,0.092407,0.103704,0.128704,0.148889,0.119444,0.993474
2026-07-25T01:03:48+00:00,on-demand,RTX 5070 Ti,6,12,0.107407,0.124028,0.134815,0.135463,0.188889,0.12787,0.99656
2026-07-25T01:03:48+00:00,on-demand,RTX 5080,14,39,0.162222,0.176111,0.200556,0.265231,0.468148,0.254259,0.990796
2026-07-25T01:03:48+00:00,on-demand,RTX 5090,49,164,0.212889,0.413111,0.537778,0.692667,13.334444,0.664139,0.99381
2026-07-25T01:03:48+00:00,on-demand,RTX 5880Ada,4,15,0.453593,0.453787,0.454111,0.45463,0.455407,0.454111,0.997792
2026-07-25T01:03:48+00:00,on-demand,RTX 6000Ada,8,18,0.224889,0.440972,0.561667,0.69512,0.787654,0.708167,0.98516
2026-07-25T01:03:48+00:00,on-demand,RTX A2000,3,4,0.034074,0.035111,0.036148,0.264815,0.493481,,0.995152
2026-07-25T01:03:48+00:00,on-demand,RTX A4000,7,52,0.072889,0.080185,0.080278,0.120345,0.133519,0.080185,0.97131
2026-07-25T01:03:48+00:00,on-demand,RTX A4500,1,1,1.274815,1.274815,1.274815,1.274815,1.274815,,0.997977
2026-07-25T01:03:48+00:00,on-demand,RTX A5000,2,10,0.230914,0.248444,0.265975,0.283506,0.301037,0.265975,0.997961
2026-07-25T01:03:48+00:00,on-demand,RTX A6000,7,20,0.373889,0.375,0.387037,0.401389,0.454444,,0.984779
2026-07-25T01:03:48+00:00,on-demand,RTX PRO 2000,1,2,0.174074,0.174074,0.174074,0.174074,0.174074,,0.961865
2026-07-25T01:03:48+00:00,on-demand,RTX PRO 4000,12,30,0.187222,0.229741,0.272022,0.324907,0.535556,0.280341,0.983888
2026-07-25T01:03:48+00:00,on-demand,RTX PRO 4500,1,1,0.282222,0.282222,0.282222,0.282222,0.282222,,0.994855
2026-07-25T01:03:48+00:00,on-demand,RTX PRO 5000,8,14,0.27,0.518889,0.687963,0.895648,2.538519,0.687963,0.991494
2026-07-25T01:03:48+00:00,on-demand,RTX PRO 6000 S,13,40,1.333611,1.463704,1.697351,1.734815,1.736296,1.463704,0.998664
2026-07-25T01:03:48+00:00,on-demand,RTX PRO 6000 WS,20,43,0.802407,0.9675,1.061259,1.547894,13.334444,1.334907,0.987901
2026-07-25T01:03:48+00:00,on-demand,Tesla P100,4,8,0.044296,0.071907,0.081296,0.111667,0.202222,0.081481,0.973241
2026-07-25T01:03:48+00:00,on-demand,Tesla P4,1,1,0.023259,0.023259,0.023259,0.023259,0.023259,,0.989579
2026-07-25T01:03:48+00:00,on-demand,Tesla P40,3,6,0.054815,0.074815,0.094815,0.113685,0.132556,0.113685,0.985572
2026-07-25T01:03:48+00:00,on-demand,Tesla T4,2,3,12.000741,12.000926,12.001111,12.001296,12.001481,,0.972394
2026-07-25T01:03:48+00:00,on-demand,Tesla V100,12,50,0.024556,0.081898,0.107083,0.152847,0.268889,0.166944,0.979957
2026-07-25T01:03:48+00:00,on-demand,Titan RTX,2,3,0.135185,0.141944,0.148704,0.155463,0.162222,0.162222,0.994754
2026-07-25T01:03:48+00:00,on-demand,Titan Xp,2,7,0.055556,0.056759,0.057963,0.059167,0.06037,0.057963,0.995938
2026-07-25T01:03:48+00:00,bid,A100 PCIE,18,27,0.133889,0.135556,0.135556,0.201944,0.267778,0.202222,0.994032
2026-07-25T01:03:48+00:00,bid,A100 SXM4,34,66,0.135556,0.400926,0.642778,0.8025,0.936,0.642778,0.994658
2026-07-25T01:03:48+00:00,bid,A40,1,2,0.234074,0.234074,0.234074,0.234074,0.234074,0.234074,0.984288
2026-07-25T01:03:48+00:00,bid,A800 PCIE,5,10,0.129889,0.130444,0.130444,0.131556,0.131556,,0.994203
2026-07-25T01:03:48+00:00,bid,B200,10,37,3.750174,5.625781,6.253082,6.70625,8.759722,6.254861,0.994431
2026-07-25T01:03:48+00:00,bid,B300,2,12,5.000694,5.156901,5.313108,5.469314,5.625521,5.000694,0.99077
2026-07-25T01:03:48+00:00,bid,GTX 1050 Ti,2,2,0.021562,0.022283,0.023003,0.023724,0.024444,,0.965512
2026-07-25T01:03:48+00:00,bid,GTX 1060,2,2,0.031111,0.04037,0.04963,0.058889,0.068148,0.068148,0.996488
2026-07-25T01:03:48+00:00,bid,GTX 1070,1,1,0.026204,0.026204,0.026204,0.026204,0.026204,0.026204,0.991428
2026-07-25T01:03:48+00:00,bid,GTX 1070 Ti,2,7,0.04037,0.040833,0.041296,0.041759,0.042222,0.041296,0.990056
2026-07-25T01:03:48+00:00,bid,GTX 1080,4,13,0.037037,0.039537,0.040463,0.040694,0.041111,0.040556,0.996664
2026-07-25T01:03:48+00:00,bid,GTX 1080 Ti,7,25,0.029333,0.040833,0.042222,0.053651,0.054074,0.047937,0.996978
2026-07-25T01:03:48+00:00,bid,GTX 1650 S,1,1,0.037778,0.037778,0.037778,0.037778,0.037778,,0.984605
2026-07-25T01:03:48+00:00,bid,GTX 1660,1,1,0.037778,0.037778,0.037778,0.037778,0.037778,,0.996132
2026-07-25T01:03:48+00:00,bid,GTX 1660 S,1,1,0.031111,0.031111,0.031111,0.031111,0.031111,,0.996374
2026-07-25T01:03:48+00:00,bid,GTX 1660 Ti,1,1,0.037778,0.037778,0.037778,0.037778,0.037778,0.037778,0.986845
2026-07-25T01:03:48+00:00,bid,H100 NVL,8,11,0.934667,0.935667,0.936,1.684815,1.936296,1.934815,0.938105
2026-07-25T01:03:48+00:00,bid,H100 PCIE,10,22,0.733519,0.734074,0.734815,0.936481,1.666815,1.335259,0.969001
2026-07-25T01:03:48+00:00,bid,H100 SXM,16,39,0.936296,1.335278,2.002,2.667245,4.002222,1.802,0.981836
2026-07-25T01:03:48+00:00,bid,H200,7,29,2.631762,3.224232,3.817251,3.876727,3.948465,3.817251,0.997336
2026-07-25T01:03:48+00:00,bid,H200 NVL,12,22,0.403778,1.005139,1.262222,1.47163,2.934667,1.339629,0.988614
2026-07-25T01:03:48+00:00,bid,L4,7,14,0.134074,0.13463,0.135556,0.235,0.320444,0.135556,0.997772
2026-07-25T01:03:48+00:00,bid,L40,4,7,0.267407,0.283241,0.379815,0.473704,0.481481,0.471111,0.995113
2026-07-25T01:03:48+00:00,bid,L40S,28,85,0.200185,0.334259,0.534537,0.537037,0.775556,0.535185,0.99699
2026-07-25T01:03:48+00:00,bid,Q RTX 5000,3,10,0.040556,0.04713,0.053704,0.053889,0.054074,,0.914372
2026-07-25T01:03:48+00:00,bid,Q RTX 6000,1,1,0.16037,0.16037,0.16037,0.16037,0.16037,,0.961833
2026-07-25T01:03:48+00:00,bid,Q RTX 8000,4,5,0.015556,0.021972,0.024667,0.043861,0.099778,0.024667,0.997798
2026-07-25T01:03:48+00:00,bid,Quadro GV100,1,1,0.134074,0.134074,0.134074,0.134074,0.134074,,0.967689
2026-07-25T01:03:48+00:00,bid,Quadro P4000,3,4,0.041111,0.041667,0.042222,0.048111,0.054,0.054,0.962232
2026-07-25T01:03:48+00:00,bid,Quadro P5000,1,1,0.041481,0.041481,0.041481,0.041481,0.041481,,0.985159
2026-07-25T01:03:48+00:00,bid,RTX 2060,2,2,0.031111,0.107222,0.183333,0.259444,0.335556,0.183333,0.994833
2026-07-25T01:03:48+00:00,bid,RTX 2070S,4,25,0.066831,0.066847,0.066944,0.067037,0.067037,,0.987309
2026-07-25T01:03:48+00:00,bid,RTX 2080 Ti,3,4,0.070074,0.089481,0.108889,0.112315,0.115741,0.108889,0.997291
2026-07-25T01:03:48+00:00,bid,RTX 3060,18,53,0.026741,0.045491,0.066324,0.126481,0.535556,0.100657,0.993043
2026-07-25T01:03:48+00:00,bid,RTX 3060 Ti,2,2,0.132889,0.233556,0.334222,0.434889,0.535556,0.535556,0.966577
2026-07-25T01:03:48+00:00,bid,RTX 3060 laptop,4,13,0.017019,0.033088,0.051963,0.065852,0.066963,0.066222,0.996644
2026-07-25T01:03:48+00:00,bid,RTX 3070,6,11,0.068519,0.094028,0.128333,0.252222,0.495556,0.128333,0.997366
2026-07-25T01:03:48+00:00,bid,RTX 3080,13,31,0.060741,0.067778,0.127778,0.24083,0.495556,0.240373,0.994123
2026-07-25T01:03:48+00:00,bid,RTX 3080 Ti,6,7,0.030222,0.095926,0.116296,0.140556,0.188889,0.11963,0.994115
2026-07-25T01:03:48+00:00,bid,RTX 3090,58,123,0.066981,0.108148,0.13463,0.163704,0.34963,0.134815,0.990124
2026-07-25T01:03:48+00:00,bid,RTX 4060,2,4,0.031111,0.036852,0.042593,0.048333,0.054074,0.054074,0.971555
2026-07-25T01:03:48+00:00,bid,RTX 4060 Ti,8,16,0.041111,0.049167,0.087444,0.107611,0.962222,0.107333,0.998065
2026-07-25T01:03:48+00:00,bid,RTX 4070,1,2,0.147778,0.147778,0.147778,0.147778,0.147778,0.147778,0.99803
2026-07-25T01:03:48+00:00,bid,RTX 4070 Ti,8,25,0.081481,0.093812,0.094167,0.124444,0.215556,0.094167,0.979533
2026-07-25T01:03:48+00:00,bid,RTX 4070S,4,13,0.054444,0.067222,0.073889,0.077523,0.081204,0.071481,0.984786
2026-07-25T01:03:48+00:00,bid,RTX 4070S Ti,7,24,0.071111,0.163843,0.167222,0.1675,0.202222,0.167222,0.999556
2026-07-25T01:03:48+00:00,bid,RTX 4080,7,15,0.133926,0.140463,0.147333,0.174778,0.254444,0.147333,0.990151
2026-07-25T01:03:48+00:00,bid,RTX 4080S,14,37,0.084494,0.168472,0.194583,0.201037,0.240741,0.194963,0.99539
2026-07-25T01:03:48+00:00,bid,RTX 4090,85,263,0.08037,0.239444,0.269333,0.537037,0.802222,0.401667,0.994824
2026-07-25T01:03:48+00:00,bid,RTX 4090D,3,7,0.604556,0.604833,0.605111,0.605667,0.606222,,0.967226
2026-07-25T01:03:48+00:00,bid,RTX 5000Ada,3,4,0.321111,0.321667,0.322222,0.322222,0.322222,0.322222,0.996331
2026-07-25T01:03:48+00:00,bid,RTX 5060,4,5,0.05363,0.054241,0.075,0.108889,0.148889,0.101259,0.9789
2026-07-25T01:03:48+00:00,bid,RTX 5060 Ti,31,100,0.053519,0.069407,0.081111,0.107315,0.153889,0.101833,0.996367
2026-07-25T01:03:48+00:00,bid,RTX 5070,7,10,0.057481,0.084167,0.087778,0.138333,0.215556,0.114444,0.989379
2026-07-25T01:03:48+00:00,bid,RTX 5070 Ti,14,30,0.028981,0.093889,0.108333,0.1345,0.268,0.133926,0.995132
2026-07-25T01:03:48+00:00,bid,RTX 5080,17,27,0.02963,0.13437,0.181111,0.201481,0.338519,0.201111,0.987739
2026-07-25T01:03:48+00:00,bid,RTX 5090,78,210,0.102222,0.276741,0.354537,0.520347,0.907222,0.402963,0.994873
2026-07-25T01:03:48+00:00,bid,RTX 5880Ada,4,6,0.33437,0.33437,0.334889,0.335407,0.335407,0.334889,0.997366
2026-07-25T01:03:48+00:00,bid,RTX 6000Ada,18,34,0.137778,0.387361,0.388889,0.56788,0.748148,0.468741,0.98516
2026-07-25T01:03:48+00:00,bid,RTX A2000,3,4,0.028148,0.028333,0.028519,0.214333,0.400148,0.028333,0.994169
2026-07-25T01:03:48+00:00,bid,RTX A4000,14,74,0.024185,0.062185,0.08037,0.100379,0.107037,,0.97131
2026-07-25T01:03:48+00:00,bid,RTX A5000,5,24,0.020556,0.151852,0.153704,0.22958,0.229611,0.153704,0.996506
2026-07-25T01:03:48+00:00,bid,RTX A6000,10,21,0.202593,0.302514,0.321667,0.360833,0.375556,,0.984779
2026-07-25T01:03:48+00:00,bid,RTX PRO 2000,1,2,0.134074,0.134074,0.134074,0.134074,0.134074,,0.961865
2026-07-25T01:03:48+00:00,bid,RTX PRO 4000,13,24,0.067222,0.068889,0.181111,0.240741,0.242222,0.241111,0.984116
2026-07-25T01:03:48+00:00,bid,RTX PRO 5000,12,17,0.138518,0.278704,0.325741,0.46,0.803704,0.296296,0.993167
2026-07-25T01:03:48+00:00,bid,RTX PRO 6000 S,19,39,0.335556,1.034815,1.06963,1.122778,1.343822,1.068148,0.998696
2026-07-25T01:03:48+00:00,bid,RTX PRO 6000 WS,27,50,0.401481,0.569407,0.668889,0.949259,2.002222,0.734593,0.99257
2026-07-25T01:03:48+00:00,bid,Tesla P100,2,2,0.041481,0.065,0.088519,0.112037,0.135556,0.135556,0.984388
2026-07-25T01:03:48+00:00,bid,Tesla P4,1,1,0.011926,0.011926,0.011926,0.011926,0.011926,,0.989579
2026-07-25T01:03:48+00:00,bid,Tesla P40,5,10,0.041481,0.057481,0.065889,0.066444,0.066444,0.066167,0.991917
2026-07-25T01:03:48+00:00,bid,Tesla T4,3,4,3.400741,3.401111,3.401481,3.401481,3.401481,,0.972394
2026-07-25T01:03:48+00:00,bid,Tesla V100,12,43,0.020556,0.081231,0.14713,0.200694,0.242222,0.181389,0.998494
2026-07-25T01:03:48+00:00,bid,Titan RTX,2,3,0.128519,0.130278,0.132037,0.133796,0.135556,0.135556,0.994754
2026-07-25T01:03:48+00:00,bid,Titan V,1,2,0.067778,0.067778,0.067778,0.067778,0.067778,0.067778,0.99631
2026-07-25T01:03:48+00:00,bid,Titan Xp,3,11,0.04037,0.040463,0.040556,0.041389,0.042222,0.040556,0.993943
2026-07-25T01:08:48+00:00,on-demand,A100 PCIE,13,30,0.401111,0.413889,0.867037,1.001111,1.537739,0.996638,0.994032
2026-07-25T01:08:48+00:00,on-demand,A100 SXM4,21,57,0.401481,0.801111,1.069333,1.189333,1.458667,1.188667,0.995882
2026-07-25T01:08:48+00:00,on-demand,A800 PCIE,2,5,0.667222,0.667639,0.668056,0.668472,0.668889,,0.994203
2026-07-25T01:08:48+00:00,on-demand,B200,12,42,5.375174,6.220964,6.812109,8.606076,10.634722,7.126302,0.996333
2026-07-25T01:08:48+00:00,on-demand,B300,2,12,6.250521,6.875564,7.500608,8.125651,8.750694,8.750694,0.99077
2026-07-25T01:08:48+00:00,on-demand,GTX 1050 Ti,2,2,0.611111,1.458704,2.306296,3.153889,4.001481,,0.965512
2026-07-25T01:08:48+00:00,on-demand,GTX 1060,3,4,0.087778,0.087963,0.088148,0.216296,0.344444,0.087963,0.999235
2026-07-25T01:08:48+00:00,on-demand,GTX 1070,1,1,0.531111,0.531111,0.531111,0.531111,0.531111,0.531111,0.991428
2026-07-25T01:08:48+00:00,on-demand,GTX 1070 Ti,3,9,0.051037,0.051407,0.051778,0.052333,0.052889,0.051778,0.982979
2026-07-25T01:08:48+00:00,on-demand,GTX 1080,2,3,0.027778,0.033056,0.038333,0.043611,0.048889,,0.951571
2026-07-25T01:08:48+00:00,on-demand,GTX 1080 Ti,6,17,0.056,0.063056,0.07127,0.073829,0.074444,0.073651,0.997412
2026-07-25T01:08:48+00:00,on-demand,GTX 1650,1,1,0.048741,0.048741,0.048741,0.048741,0.048741,,0.947629
2026-07-25T01:08:48+00:00,on-demand,GTX 1650 S,1,1,0.677778,0.677778,0.677778,0.677778,0.677778,,0.984605
2026-07-25T01:08:48+00:00,on-demand,GTX 1660,1,1,0.677778,0.677778,0.677778,0.677778,0.677778,,0.996132
2026-07-25T01:08:48+00:00,on-demand,GTX 1660 Ti,1,1,0.611111,0.611111,0.611111,0.611111,0.611111,0.611111,0.986845
2026-07-25T01:08:48+00:00,on-demand,H100 NVL,4,6,2.121481,2.13237,2.224444,2.335,2.401333,2.217185,0.939905
2026-07-25T01:08:48+00:00,on-demand,H100 PCIE,5,16,1.800185,1.80037,1.800741,1.801481,2.337037,2.337037,0.969001
2026-07-25T01:08:48+00:00,on-demand,H100 SXM,14,37,1.491111,1.952333,2.638889,2.863009,4.218889,2.035778,0.969485
2026-07-25T01:08:48+00:00,on-demand,H200,7,29,3.815972,3.934759,3.935673,4.210938,4.211623,3.935673,0.99716
2026-07-25T01:08:48+00:00,on-demand,H200 NVL,7,21,2.802222,3.142074,3.333611,3.760944,3.960556,3.439556,0.992912
2026-07-25T01:08:48+00:00,on-demand,L4,5,13,0.202222,0.333778,0.333889,0.334444,0.334815,0.334167,0.997829
2026-07-25T01:08:48+00:00,on-demand,L40,4,7,0.295185,0.296574,0.375556,0.485,0.577778,0.515926,0.996653
2026-07-25T01:08:48+00:00,on-demand,L40S,16,52,0.401111,0.466991,0.801389,1.067824,2.442222,0.803704,0.994958
2026-07-25T01:08:48+00:00,on-demand,Q RTX 5000,2,6,0.08037,0.080463,0.080556,0.080648,0.080741,,0.914372
2026-07-25T01:08:48+00:00,on-demand,Q RTX 8000,3,4,0.254074,0.254444,0.254815,0.267852,0.280889,0.254815,0.998614
2026-07-25T01:08:48+00:00,on-demand,Quadro GV100,1,1,0.467407,0.467407,0.467407,0.467407,0.467407,,0.967689
2026-07-25T01:08:48+00:00,on-demand,Quadro P4000,4,6,0.054444,0.054444,0.055,0.055556,0.055556,0.055,0.979472
2026-07-25T01:08:48+00:00,on-demand,Quadro P5000,1,1,0.081481,0.081481,0.081481,0.081481,0.081481,,0.985159
2026-07-25T01:08:48+00:00,on-demand,RTX 2060,1,1,0.411111,0.411111,0.411111,0.411111,0.411111,0.411111,0.994844
2026-07-25T01:08:48+00:00,on-demand,RTX 2070,1,2,0.081111,0.081111,0.081111,0.081111,0.081111,0.081111,0.968971
2026-07-25T01:08:48+00:00,on-demand,RTX 2070S,2,13,0.073498,0.073549,0.073601,0.073652,0.073704,,0.987309
2026-07-25T01:08:48+00:00,on-demand,RTX 2080 Ti,5,26,0.080022,0.080028,0.080056,0.121111,0.135407,0.080056,0.994706
2026-07-25T01:08:48+00:00,on-demand,RTX 3060,13,43,0.044741,0.054444,0.073498,0.166815,1.334815,0.123546,0.992527
2026-07-25T01:08:48+00:00,on-demand,RTX 3060 laptop,4,12,0.026685,0.037505,0.041667,0.045556,0.055556,0.055556,0.996414
2026-07-25T01:08:48+00:00,on-demand,RTX 3070,7,21,0.067556,0.097901,0.106944,0.25537,0.562222,0.131235,0.998031
2026-07-25T01:08:48+00:00,on-demand,RTX 3080,14,39,0.060278,0.109194,0.120417,0.225471,0.562222,0.148889,0.995045
2026-07-25T01:08:48+00:00,on-demand,RTX 3080 Ti,6,7,0.096296,0.128278,0.147,0.163556,0.295556,0.147,0.98949
2026-07-25T01:08:48+00:00,on-demand,RTX 3090,43,122,0.120556,0.1475,0.247407,0.501667,16.003704,0.247778,0.992672
2026-07-25T01:08:48+00:00,on-demand,RTX 4060,4,9,0.064444,0.066259,0.068247,0.072778,0.082222,0.064444,0.995223
2026-07-25T01:08:48+00:00,on-demand,RTX 4060 Ti,3,5,0.067778,0.081111,0.094444,0.595,1.095556,0.595,0.998373
2026-07-25T01:08:48+00:00,on-demand,RTX 4070,3,4,0.082222,0.088889,0.095556,0.095556,0.095556,0.095556,0.995827
2026-07-25T01:08:48+00:00,on-demand,RTX 4070 Ti,7,27,0.09037,0.106929,0.107222,0.174444,0.242222,0.107222,0.979533
2026-07-25T01:08:48+00:00,on-demand,RTX 4070S,7,24,0.080741,0.08875,0.095185,0.096389,0.098148,0.093796,0.990136
2026-07-25T01:08:48+00:00,on-demand,RTX 4070S Ti,7,21,0.124148,0.174444,0.248889,0.267083,0.267778,0.257917,0.999456
2026-07-25T01:08:48+00:00,on-demand,RTX 4080,8,15,0.121481,0.123519,0.214407,0.276417,0.293926,0.272056,0.988777
2026-07-25T01:08:48+00:00,on-demand,RTX 4080S,11,29,0.124444,0.160833,0.168148,0.21375,0.29237,0.228741,0.996286
2026-07-25T01:08:48+00:00,on-demand,RTX 4090,57,201,0.133611,0.308148,0.400241,0.607407,1.138341,0.601852,0.995443
2026-07-25T01:08:48+00:00,on-demand,RTX 4090D,2,3,0.667778,0.668056,0.668333,0.668611,0.668889,,0.967226
2026-07-25T01:08:48+00:00,on-demand,RTX 5000Ada,2,3,0.427778,0.428056,0.428333,0.428611,0.428889,0.428333,0.996331
2026-07-25T01:08:48+00:00,on-demand,RTX 5060,4,4,0.070222,0.079222,0.115556,0.157222,0.182222,0.126222,0.980304
2026-07-25T01:08:48+00:00,on-demand,RTX 5060 Ti,16,53,0.080278,0.086255,0.094167,0.121417,0.227407,0.119358,0.992835
2026-07-25T01:08:48+00:00,on-demand,RTX 5060 laptop,1,1,0.135556,0.135556,0.135556,0.135556,0.135556,,0.970423
2026-07-25T01:08:48+00:00,on-demand,RTX 5070,5,6,0.081852,0.083704,0.097778,0.148889,0.202222,0.083704,0.991586
2026-07-25T01:08:48+00:00,on-demand,RTX 5070 Ti,5,9,0.107407,0.120556,0.122222,0.135556,0.188889,0.120556,0.995263
2026-07-25T01:08:48+00:00,on-demand,RTX 5080,13,40,0.173889,0.187704,0.20037,0.200741,0.333704,0.200741,0.992105
2026-07-25T01:08:48+00:00,on-demand,RTX 5090,46,157,0.212889,0.441583,0.593694,0.851556,13.334444,0.665069,0.994726
2026-07-25T01:08:48+00:00,on-demand,RTX 5880Ada,4,15,0.453593,0.453787,0.454111,0.45463,0.455407,0.454111,0.997792
2026-07-25T01:08:48+00:00,on-demand,RTX 6000Ada,9,21,0.224889,0.441111,0.534444,0.682222,0.787778,0.682222,0.985888
2026-07-25T01:08:48+00:00,on-demand,RTX A2000,3,4,0.034074,0.035111,0.036148,0.264815,0.493481,,0.995152
2026-07-25T01:08:48+00:00,on-demand,RTX A4000,5,40,0.080185,0.080185,0.080278,0.133519,0.133704,0.080185,0.97131
2026-07-25T01:08:48+00:00,on-demand,RTX A4500,1,1,1.274815,1.274815,1.274815,1.274815,1.274815,,0.997977
2026-07-25T01:08:48+00:00,on-demand,RTX A5000,2,10,0.230914,0.248111,0.265309,0.282506,0.299704,0.265309,0.997961
2026-07-25T01:08:48+00:00,on-demand,RTX A6000,4,9,0.309259,0.358148,0.380833,0.387639,0.388889,,0.986498
2026-07-25T01:08:48+00:00,on-demand,RTX PRO 2000,1,2,0.174074,0.174074,0.174074,0.174074,0.174074,,0.961865
2026-07-25T01:08:48+00:00,on-demand,RTX PRO 4000,13,32,0.200556,0.223366,0.320741,0.335556,0.535556,0.334444,0.984116
2026-07-25T01:08:48+00:00,on-demand,RTX PRO 4500,2,2,0.282222,0.297593,0.312963,0.328333,0.343704,0.343704,0.99516
2026-07-25T01:08:48+00:00,on-demand,RTX PRO 5000,11,17,0.27,0.520667,0.64037,0.815,1.005185,0.65463,0.991751
2026-07-25T01:08:48+00:00,on-demand,RTX PRO 6000 S,14,41,1.333611,1.498333,1.697165,1.73463,1.736296,1.532963,0.998661
2026-07-25T01:08:48+00:00,on-demand,RTX PRO 6000 WS,20,41,0.802407,0.865333,1.13537,1.598657,13.335556,1.401852,0.980502
2026-07-25T01:08:48+00:00,on-demand,Tesla P100,4,8,0.081111,0.081389,0.081852,0.112222,0.202222,0.082222,0.973241
2026-07-25T01:08:48+00:00,on-demand,Tesla P4,1,1,0.023259,0.023259,0.023259,0.023259,0.023259,,0.989579
2026-07-25T01:08:48+00:00,on-demand,Tesla P40,3,6,0.054815,0.074815,0.094815,0.113685,0.132556,0.113685,0.985572
2026-07-25T01:08:48+00:00,on-demand,Tesla T4,2,3,12.000741,12.000926,12.001111,12.001296,12.001481,,0.972394
2026-07-25T01:08:48+00:00,on-demand,Tesla V100,13,49,0.024556,0.079037,0.106944,0.166944,0.335556,0.267222,0.996962
2026-07-25T01:08:48+00:00,on-demand,Titan RTX,1,1,0.162222,0.162222,0.162222,0.162222,0.162222,0.162222,0.998397
2026-07-25T01:08:48+00:00,on-demand,Titan V,1,2,0.091778,0.091778,0.091778,0.091778,0.091778,0.091778,0.99631
2026-07-25T01:08:48+00:00,on-demand,Titan Xp,2,7,0.055556,0.056759,0.057963,0.059167,0.06037,0.057963,0.995788
2026-07-25T01:08:48+00:00,bid,A100 PCIE,17,25,0.133889,0.135556,0.135556,0.202222,0.46963,0.202222,0.994032
2026-07-25T01:08:48+00:00,bid,A100 SXM4,34,68,0.135556,0.400926,0.801,0.802667,0.936,0.760741,0.992578
2026-07-25T01:08:48+00:00,bid,A40,1,2,0.234074,0.234074,0.234074,0.234074,0.234074,0.234074,0.984288
2026-07-25T01:08:48+00:00,bid,A800 PCIE,6,11,0.129889,0.130444,0.131,0.131556,0.131556,,0.994203
2026-07-25T01:08:48+00:00,bid,B200,12,56,3.750174,5.625239,5.626215,6.25625,8.754861,5.939193,0.987463
2026-07-25T01:08:48+00:00,bid,B300,2,12,5.000694,5.156901,5.313108,5.469314,5.625521,5.000694,0.99077
2026-07-25T01:08:48+00:00,bid,GTX 1050 Ti,2,2,0.021562,0.022283,0.023003,0.023724,0.024444,,0.965512
2026-07-25T01:08:48+00:00,bid,GTX 1060,2,2,0.031111,0.04037,0.04963,0.058889,0.068148,0.068148,0.996488
2026-07-25T01:08:48+00:00,bid,GTX 1070,1,1,0.026204,0.026204,0.026204,0.026204,0.026204,0.026204,0.991428
2026-07-25T01:08:48+00:00,bid,GTX 1070 Ti,3,7,0.040556,0.040833,0.041111,0.041667,0.042222,0.041111,0.997132
2026-07-25T01:08:48+00:00,bid,GTX 1080,2,7,0.037037,0.03787,0.038704,0.039537,0.04037,0.04037,0.982398
2026-07-25T01:08:48+00:00,bid,GTX 1080 Ti,11,39,0.029333,0.040833,0.053651,0.053889,0.054444,0.053651,0.996375
2026-07-25T01:08:48+00:00,bid,GTX 1650 S,1,1,0.037778,0.037778,0.037778,0.037778,0.037778,,0.984605
2026-07-25T01:08:48+00:00,bid,GTX 1660,1,1,0.037778,0.037778,0.037778,0.037778,0.037778,,0.996132
2026-07-25T01:08:48+00:00,bid,GTX 1660 S,1,1,0.031111,0.031111,0.031111,0.031111,0.031111,,0.996374
2026-07-25T01:08:48+00:00,bid,GTX 1660 Ti,1,1,0.037778,0.037778,0.037778,0.037778,0.037778,0.037778,0.986845
2026-07-25T01:08:48+00:00,bid,H100 NVL,7,10,0.934667,0.935333,0.936,1.435407,2.299556,2.117185,0.938105
2026-07-25T01:08:48+00:00,bid,H100 PCIE,9,24,0.733519,0.733704,0.734074,0.734815,1.666815,1.666815,0.969001
2026-07-25T01:08:48+00:00,bid,H100 SXM,13,37,0.934815,1.131111,1.602667,2.66713,2.67037,1.334444,0.961003
2026-07-25T01:08:48+00:00,bid,H200,9,41,2.631762,3.81652,3.87659,3.947917,4.079496,3.87659,0.998925
2026-07-25T01:08:48+00:00,bid,H200 NVL,12,21,0.403778,1.005139,1.188333,1.339592,2.934667,1.339629,0.988614
2026-07-25T01:08:48+00:00,bid,L4,8,19,0.134074,0.134722,0.267963,0.282056,0.320556,0.267963,0.997938
2026-07-25T01:08:48+00:00,bid,L40,3,6,0.267407,0.277963,0.288519,0.379815,0.471111,0.369259,0.996653
2026-07-25T01:08:48+00:00,bid,L40S,26,80,0.200185,0.334722,0.535,0.540741,0.803704,0.537037,0.998297
2026-07-25T01:08:48+00:00,bid,Q RTX 5000,4,12,0.040556,0.040972,0.047407,0.053796,0.054074,,0.948099
2026-07-25T01:08:48+00:00,bid,Q RTX 6000,1,1,0.16037,0.16037,0.16037,0.16037,0.16037,,0.961833
2026-07-25T01:08:48+00:00,bid,Q RTX 8000,5,6,0.015556,0.024111,0.025222,0.099778,0.151556,0.025222,0.997798
2026-07-25T01:08:48+00:00,bid,Quadro GV100,1,1,0.134074,0.134074,0.134074,0.134074,0.134074,,0.967689
2026-07-25T01:08:48+00:00,bid,Quadro P4000,3,4,0.041111,0.041667,0.042222,0.044667,0.047111,0.047111,0.962232
2026-07-25T01:08:48+00:00,bid,Quadro P5000,1,1,0.041481,0.041481,0.041481,0.041481,0.041481,,0.985159
2026-07-25T01:08:48+00:00,bid,RTX 2060,2,2,0.031111,0.107222,0.183333,0.259444,0.335556,0.183333,0.994833
2026-07-25T01:08:48+00:00,bid,RTX 2070S,3,21,0.066831,0.066842,0.066852,0.066944,0.067037,,0.987309
2026-07-25T01:08:48+00:00,bid,RTX 2080 Ti,4,5,0.070074,0.09863,0.111944,0.115926,0.116481,0.111944,0.999139
2026-07-25T01:08:48+00:00,bid,RTX 3060,19,51,0.031778,0.043852,0.053889,0.085481,0.535556,0.066324,0.992588
2026-07-25T01:08:48+00:00,bid,RTX 3060 Ti,2,2,0.132889,0.233556,0.334222,0.434889,0.535556,0.535556,0.966577
2026-07-25T01:08:48+00:00,bid,RTX 3060 laptop,3,12,0.017019,0.027731,0.038444,0.051963,0.065481,0.065481,0.996644
2026-07-25T01:08:48+00:00,bid,RTX 3070,8,17,0.042444,0.06863,0.084833,0.192222,0.495556,0.093889,0.993562
2026-07-25T01:08:48+00:00,bid,RTX 3080,13,32,0.060741,0.067222,0.068889,0.240332,0.495556,0.135556,0.989516
2026-07-25T01:08:48+00:00,bid,RTX 3080 Ti,6,7,0.030222,0.100556,0.138333,0.141944,0.188889,0.141667,0.991062
2026-07-25T01:08:48+00:00,bid,RTX 3090,60,129,0.066981,0.107546,0.134259,0.16213,0.34963,0.134444,0.989603
2026-07-25T01:08:48+00:00,bid,RTX 4060,2,4,0.031111,0.036852,0.042593,0.048333,0.054074,0.054074,0.971555
2026-07-25T01:08:48+00:00,bid,RTX 4060 Ti,5,10,0.041111,0.042222,0.107111,0.107778,0.962222,0.107778,0.998373
2026-07-25T01:08:48+00:00,bid,RTX 4070,2,4,0.054444,0.054444,0.054444,0.054444,0.054444,0.054444,0.998796
2026-07-25T01:08:48+00:00,bid,RTX 4070 Ti,8,21,0.093611,0.094306,0.095,0.125278,0.215556,0.094444,0.979533
2026-07-25T01:08:48+00:00,bid,RTX 4070S,7,26,0.054444,0.06787,0.068148,0.070278,0.076296,0.068472,0.990136
2026-07-25T01:08:48+00:00,bid,RTX 4070S Ti,13,34,0.094444,0.167222,0.167778,0.187778,0.202222,0.168889,0.999556
2026-07-25T01:08:48+00:00,bid,RTX 4080,7,15,0.133926,0.140463,0.147333,0.200889,0.255556,0.147333,0.990151
2026-07-25T01:08:48+00:00,bid,RTX 4080S,15,35,0.084494,0.175,0.200278,0.202148,0.240741,0.202074,0.99539
2026-07-25T01:08:48+00:00,bid,RTX 4090,75,187,0.08037,0.231852,0.333926,0.403704,0.801111,0.362963,0.994824
2026-07-25T01:08:48+00:00,bid,RTX 4090D,3,7,0.604556,0.604833,0.605111,0.605667,0.606222,,0.967226
2026-07-25T01:08:48+00:00,bid,RTX 5000Ada,3,4,0.321111,0.321667,0.322222,0.322222,0.322222,0.322222,0.996331
2026-07-25T01:08:48+00:00,bid,RTX 5060,3,3,0.054,0.074778,0.095556,0.122222,0.148889,0.101444,0.99511
2026-07-25T01:08:48+00:00,bid,RTX 5060 Ti,30,97,0.053519,0.069148,0.08137,0.134056,0.153889,0.113811,0.996497
2026-07-25T01:08:48+00:00,bid,RTX 5070,11,16,0.081111,0.0875,0.148148,0.162222,0.215556,0.14963,0.989379
2026-07-25T01:08:48+00:00,bid,RTX 5070 Ti,9,19,0.028981,0.093889,0.107778,0.108889,0.178889,0.099111,0.993366
2026-07-25T01:08:48+00:00,bid,RTX 5080,19,29,0.02963,0.134704,0.181111,0.201296,0.338519,0.200833,0.987739
2026-07-25T01:08:48+00:00,bid,RTX 5090,70,189,0.102222,0.276463,0.336852,0.469514,0.907222,0.338519,0.995115
2026-07-25T01:08:48+00:00,bid,RTX 5880Ada,5,7,0.33437,0.33437,0.335407,0.335407,0.335407,0.335407,0.997366
2026-07-25T01:08:48+00:00,bid,RTX 6000Ada,15,28,0.139259,0.387778,0.402222,0.601389,0.774444,0.534907,0.985888
2026-07-25T01:08:48+00:00,bid,RTX A2000,2,2,0.03037,0.122815,0.215259,0.307704,0.400148,0.03037,0.996062
2026-07-25T01:08:48+00:00,bid,RTX A4000,12,71,0.024185,0.073694,0.080463,0.087534,0.107037,,0.970818
2026-07-25T01:08:48+00:00,bid,RTX A5000,5,24,0.020556,0.108519,0.11037,0.22958,0.229611,0.11037,0.996506
2026-07-25T01:08:48+00:00,bid,RTX A6000,5,13,0.202593,0.302167,0.321111,0.373704,0.375556,,0.984779
2026-07-25T01:08:48+00:00,bid,RTX PRO 2000,1,2,0.134074,0.134074,0.134074,0.134074,0.134074,,0.961865
2026-07-25T01:08:48+00:00,bid,RTX PRO 4000,12,27,0.067222,0.068778,0.198704,0.240556,0.241481,0.240617,0.984116
2026-07-25T01:08:48+00:00,bid,RTX PRO 5000,11,16,0.138518,0.218889,0.296296,0.467593,0.803704,0.294074,0.991751
2026-07-25T01:08:48+00:00,bid,RTX PRO 6000 S,18,37,0.369222,1.067593,1.06963,1.183704,1.343822,1.06963,0.998696
2026-07-25T01:08:48+00:00,bid,RTX PRO 6000 WS,25,45,0.402963,0.667259,0.680444,0.801481,2.002222,0.728,0.993173
2026-07-25T01:08:48+00:00,bid,Tesla P100,2,2,0.041481,0.065,0.088519,0.112037,0.135556,0.135556,0.984388
2026-07-25T01:08:48+00:00,bid,Tesla P4,1,1,0.011926,0.011926,0.011926,0.011926,0.011926,,0.989579
2026-07-25T01:08:48+00:00,bid,Tesla P40,4,8,0.041481,0.053481,0.061685,0.066028,0.066444,0.065889,0.988744
2026-07-25T01:08:48+00:00,bid,Tesla T4,2,3,3.400741,3.400926,3.401111,3.401296,3.401481,,0.972394
2026-07-25T01:08:48+00:00,bid,Tesla V100,11,44,0.020556,0.080944,0.133704,0.181389,0.240556,0.162222,0.998261
2026-07-25T01:08:48+00:00,bid,Titan RTX,2,3,0.128519,0.130278,0.132037,0.133796,0.135556,0.135556,0.994754
2026-07-25T01:08:48+00:00,bid,Titan Xp,2,7,0.04037,0.040833,0.041296,0.041759,0.042222,0.041296,0.995938
2026-07-25T01:13:47+00:00,on-demand,A100 PCIE,14,30,0.401111,0.414306,0.698167,1.000268,1.537739,0.868148,0.99097
2026-07-25T01:13:47+00:00,on-demand,A100 SXM4,25,72,0.40037,0.734074,1.042667,1.177778,1.458667,0.934815,0.99142
2026-07-25T01:13:47+00:00,on-demand,A800 PCIE,3,7,0.667222,0.6675,0.667778,0.668333,0.668889,,0.994203
2026-07-25T01:13:47+00:00,on-demand,B200,11,41,5.375174,6.188932,6.252083,6.686979,8.609722,6.372222,0.995493
2026-07-25T01:13:47+00:00,on-demand,B300,2,12,6.250521,6.875564,7.500608,8.125651,8.750694,8.750694,0.990795
2026-07-25T01:13:47+00:00,on-demand,GTX 1050 Ti,1,1,4.001481,4.001481,4.001481,4.001481,4.001481,,0.9569
2026-07-25T01:13:47+00:00,on-demand,GTX 1060,2,3,0.087778,0.08787,0.087963,0.088056,0.088148,0.087963,0.999266
2026-07-25T01:13:47+00:00,on-demand,GTX 1070 Ti,1,1,0.052889,0.052889,0.052889,0.052889,0.052889,0.052889,0.984982
2026-07-25T01:13:47+00:00,on-demand,GTX 1080,5,15,0.027778,0.034815,0.051037,0.051222,0.051778,0.051222,0.989637
2026-07-25T01:13:47+00:00,on-demand,GTX 1080 Ti,6,18,0.056,0.061361,0.066333,0.07246,0.074074,0.068889,0.996891
2026-07-25T01:13:47+00:00,on-demand,GTX 1650,1,1,0.048741,0.048741,0.048741,0.048741,0.048741,,0.947629
2026-07-25T01:13:47+00:00,on-demand,H100 NVL,5,7,2.121481,2.136,2.401333,2.402667,2.535556,2.328519,0.938105
2026-07-25T01:13:47+00:00,on-demand,H100 PCIE,5,16,1.362222,1.777778,1.800185,1.80037,1.800741,1.777778,0.969001
2026-07-25T01:13:47+00:00,on-demand,H100 SXM,13,36,1.491111,2.26963,2.920463,3.001333,4.218889,2.635481,0.988681
2026-07-25T01:13:47+00:00,on-demand,H200,7,29,3.815972,3.934759,3.935673,4.210938,4.211623,3.935673,0.996563
2026-07-25T01:13:47+00:00,on-demand,H200 NVL,9,26,2.800741,2.935556,3.668,3.854444,4.692889,3.814278,0.979071
2026-07-25T01:13:47+00:00,on-demand,L4,5,13,0.202222,0.322593,0.333778,0.333889,0.334815,0.333833,0.997764
2026-07-25T01:13:47+00:00,on-demand,L40,5,9,0.295185,0.297037,0.454074,0.455185,0.577778,0.455185,0.996654
2026-07-25T01:13:47+00:00,on-demand,L40S,16,52,0.400741,0.466991,0.801204,1.067824,2.442222,0.802963,0.996311
2026-07-25T01:13:47+00:00,on-demand,Q RTX 5000,3,7,0.067222,0.0675,0.067778,0.068333,0.068889,,0.981831
2026-07-25T01:13:47+00:00,on-demand,Q RTX 8000,3,4,0.254074,0.262593,0.271111,0.276,0.280889,0.271111,0.998615
2026-07-25T01:13:47+00:00,on-demand,Quadro GV100,1,1,0.467407,0.467407,0.467407,0.467407,0.467407,,0.967699
2026-07-25T01:13:47+00:00,on-demand,Quadro P4000,4,6,0.054444,0.054444,0.055,0.058444,0.067111,0.060778,0.979472
2026-07-25T01:13:47+00:00,on-demand,Quadro P5000,1,1,0.081481,0.081481,0.081481,0.081481,0.081481,,0.985159
2026-07-25T01:13:47+00:00,on-demand,RTX 2060,1,1,0.415556,0.415556,0.415556,0.415556,0.415556,0.415556,0.994849
2026-07-25T01:13:47+00:00,on-demand,RTX 2070S,2,13,0.073498,0.073549,0.073601,0.073652,0.073704,,0.98731
2026-07-25T01:13:47+00:00,on-demand,RTX 2080 Ti,4,17,0.068889,0.077239,0.080039,0.093894,0.135407,0.080056,0.994334
2026-07-25T01:13:47+00:00,on-demand,RTX 3060,15,48,0.050852,0.058148,0.073498,0.234444,1.334815,0.08037,0.996796
2026-07-25T01:13:47+00:00,on-demand,RTX 3060 Ti,1,2,0.108519,0.108519,0.108519,0.108519,0.108519,0.108519,0.996919
2026-07-25T01:13:47+00:00,on-demand,RTX 3060 laptop,7,17,0.026685,0.041667,0.055556,0.066889,0.134444,0.066889,0.996644
2026-07-25T01:13:47+00:00,on-demand,RTX 3070,7,28,0.042222,0.096954,0.107037,0.107222,0.562222,0.107222,0.972011
2026-07-25T01:13:47+00:00,on-demand,RTX 3080,10,32,0.060222,0.080926,0.1135,0.218381,0.252326,0.182319,0.99505
2026-07-25T01:13:47+00:00,on-demand,RTX 3080 Ti,5,6,0.102222,0.107778,0.147556,0.168889,0.295556,0.147556,0.994891
2026-07-25T01:13:47+00:00,on-demand,RTX 3090,42,120,0.106944,0.135417,0.240926,0.435556,16.003704,0.241667,0.991047
2026-07-25T01:13:47+00:00,on-demand,RTX 4000Ada,1,2,0.160889,0.160889,0.160889,0.160889,0.160889,,0.976062
2026-07-25T01:13:47+00:00,on-demand,RTX 4060,6,15,0.060741,0.067037,0.067333,0.067741,0.082222,0.064074,0.965188
2026-07-25T01:13:47+00:00,on-demand,RTX 4060 Ti,2,3,0.068889,0.075278,0.081667,0.088056,0.094444,0.094444,0.997625
2026-07-25T01:13:47+00:00,on-demand,RTX 4060 laptop,1,1,0.154815,0.154815,0.154815,0.154815,0.154815,0.154815,0.996213
2026-07-25T01:13:47+00:00,on-demand,RTX 4070,4,8,0.082222,0.091389,0.101111,0.108056,0.108889,0.107778,0.997411
2026-07-25T01:13:47+00:00,on-demand,RTX 4070 Ti,7,27,0.106914,0.107083,0.107778,0.17463,0.242222,0.107778,0.979533
2026-07-25T01:13:47+00:00,on-demand,RTX 4070S,5,14,0.082222,0.093796,0.095185,0.097037,0.102963,0.093796,0.995806
2026-07-25T01:13:47+00:00,on-demand,RTX 4070S Ti,10,24,0.107852,0.127833,0.225,0.267153,0.268889,0.257917,0.998736
2026-07-25T01:13:47+00:00,on-demand,RTX 4080,9,18,0.121481,0.161037,0.267778,0.276333,0.293926,0.268333,0.990151
2026-07-25T01:13:47+00:00,on-demand,RTX 4080S,11,30,0.160556,0.162222,0.188444,0.220796,0.29237,0.228222,0.996677
2026-07-25T01:13:47+00:00,on-demand,RTX 4090,53,180,0.133611,0.307556,0.400241,0.607407,1.337037,0.60463,0.996057
2026-07-25T01:13:47+00:00,on-demand,RTX 4090D,3,7,0.667222,0.6675,0.667778,0.668333,0.668889,,0.967226
2026-07-25T01:13:47+00:00,on-demand,RTX 5000Ada,2,3,0.441111,0.441389,0.441667,0.441944,0.442222,0.441667,0.978003
2026-07-25T01:13:47+00:00,on-demand,RTX 5060,3,3,0.075556,0.112222,0.148889,0.165556,0.182222,0.182222,0.967098
2026-07-25T01:13:47+00:00,on-demand,RTX 5060 Ti,17,62,0.07037,0.082593,0.107333,0.128519,0.227407,0.12713,0.983254
2026-07-25T01:13:47+00:00,on-demand,RTX 5070,6,12,0.094444,0.097778,0.119074,0.145093,0.214815,0.133704,0.983077
2026-07-25T01:13:47+00:00,on-demand,RTX 5070 Ti,6,9,0.107407,0.121389,0.181667,0.2025,0.401333,0.181667,0.995706
2026-07-25T01:13:47+00:00,on-demand,RTX 5080,10,27,0.162963,0.175278,0.192037,0.211019,0.468148,0.254259,0.990595
2026-07-25T01:13:47+00:00,on-demand,RTX 5090,49,155,0.306852,0.467407,0.600278,0.870074,13.334444,0.667995,0.993814
2026-07-25T01:13:47+00:00,on-demand,RTX 5880Ada,4,15,0.453593,0.453787,0.454111,0.45463,0.455407,0.454111,0.997793
2026-07-25T01:13:47+00:00,on-demand,RTX 6000Ada,9,27,0.224889,0.441111,0.535556,0.681111,0.734259,0.681111,0.984133
2026-07-25T01:13:47+00:00,on-demand,RTX A2000,3,4,0.034074,0.035111,0.036148,0.264815,0.493481,,0.995152
2026-07-25T01:13:47+00:00,on-demand,RTX A4000,7,46,0.071778,0.076537,0.080185,0.080417,0.133468,0.080185,0.99118
2026-07-25T01:13:47+00:00,on-demand,RTX A4500,1,1,1.274815,1.274815,1.274815,1.274815,1.274815,,0.997978
2026-07-25T01:13:47+00:00,on-demand,RTX A5000,3,12,0.230914,0.263975,0.297037,20.148889,40.000741,0.263975,0.996507
2026-07-25T01:13:47+00:00,on-demand,RTX A6000,5,15,0.373889,0.387037,0.388889,0.414444,0.454444,,0.987318
2026-07-25T01:13:47+00:00,on-demand,RTX PRO 2000,1,2,0.174074,0.174074,0.174074,0.174074,0.174074,,0.961865
2026-07-25T01:13:47+00:00,on-demand,RTX PRO 4000,12,27,0.200556,0.218084,0.27787,0.324907,0.535556,0.320494,0.984149
2026-07-25T01:13:47+00:00,on-demand,RTX PRO 4500,2,2,0.282222,0.297593,0.312963,0.328333,0.343704,0.343704,0.995165
2026-07-25T01:13:47+00:00,on-demand,RTX PRO 5000,10,16,0.37,0.487407,0.620926,0.855093,0.978519,0.641111,0.991495
2026-07-25T01:13:47+00:00,on-demand,RTX PRO 6000 S,16,49,1.267222,1.330579,1.696888,1.734259,1.736296,1.398657,0.998104
2026-07-25T01:13:47+00:00,on-demand,RTX PRO 6000 WS,21,46,0.802407,0.988889,1.202963,1.468889,13.335556,1.334907,0.988713
2026-07-25T01:13:47+00:00,on-demand,Tesla P100,4,8,0.044296,0.071907,0.081667,0.112222,0.202222,0.082222,0.963066
2026-07-25T01:13:47+00:00,on-demand,Tesla P4,1,1,0.023259,0.023259,0.023259,0.023259,0.023259,,0.989579
2026-07-25T01:13:47+00:00,on-demand,Tesla P40,3,6,0.054815,0.074815,0.094815,0.113685,0.132556,0.113685,0.985578
2026-07-25T01:13:47+00:00,on-demand,Tesla T4,2,3,12.000741,12.000926,12.001111,12.001296,12.001481,,0.972394
2026-07-25T01:13:47+00:00,on-demand,Tesla V100,17,70,0.018944,0.022944,0.082852,0.166944,0.268889,0.267222,0.991159
2026-07-25T01:13:47+00:00,on-demand,Titan RTX,2,3,0.135185,0.14213,0.149074,0.156019,0.162963,0.162963,0.969077
2026-07-25T01:13:47+00:00,on-demand,Titan Xp,2,7,0.055556,0.056759,0.057963,0.059167,0.06037,0.057963,0.995939
2026-07-25T01:13:47+00:00,bid,A100 PCIE,16,23,0.133889,0.135278,0.135556,0.202222,0.267778,0.202222,0.994064
2026-07-25T01:13:47+00:00,bid,A100 SXM4,32,66,0.135556,0.401296,0.603889,0.802667,0.936,0.602593,0.994658
2026-07-25T01:13:47+00:00,bid,A40,1,2,0.234074,0.234074,0.234074,0.234074,0.234074,0.234074,0.984291
2026-07-25T01:13:47+00:00,bid,A800 PCIE,4,7,0.129889,0.131139,0.131556,0.131556,0.131556,,0.994203
2026-07-25T01:13:47+00:00,bid,B200,10,37,3.750174,5.625781,6.253255,6.70625,8.754861,6.255208,0.995493
2026-07-25T01:13:47+00:00,bid,B300,2,12,5.625521,6.170269,6.715017,7.259766,7.804514,7.804514,0.990795
2026-07-25T01:13:47+00:00,bid,GTX 1050 Ti,1,1,0.021562,0.021562,0.021562,0.021562,0.021562,,0.9569
2026-07-25T01:13:47+00:00,bid,GTX 1060,1,1,0.068148,0.068148,0.068148,0.068148,0.068148,0.068148,0.999236
2026-07-25T01:13:47+00:00,bid,GTX 1070 Ti,2,6,0.040556,0.040694,0.040833,0.040972,0.041111,0.040833,0.989019
2026-07-25T01:13:47+00:00,bid,GTX 1080,4,12,0.014815,0.033981,0.040463,0.040972,0.042222,0.040556,0.989637
2026-07-25T01:13:47+00:00,bid,GTX 1080 Ti,10,35,0.039556,0.040694,0.047381,0.053829,0.055556,0.053651,0.996679
2026-07-25T01:13:47+00:00,bid,H100 NVL,6,9,0.934667,0.935,0.936,1.685111,1.936296,1.935555,0.938105
2026-07-25T01:13:47+00:00,bid,H100 PCIE,9,23,0.733519,0.733704,0.734815,0.734815,1.068889,1.003704,0.969001
2026-07-25T01:13:47+00:00,bid,H100 SXM,14,39,0.934815,1.501722,2.002667,2.667477,2.67037,2.001333,0.958953
2026-07-25T01:13:47+00:00,bid,H200,7,29,1.935307,3.223958,3.817251,3.912253,3.948465,3.817251,0.997359
2026-07-25T01:13:47+00:00,bid,H200 NVL,9,18,1.000556,1.187778,1.339555,2.002222,3.077778,2.137111,0.98493
2026-07-25T01:13:47+00:00,bid,L4,8,18,0.134074,0.154444,0.182222,0.284,0.320556,0.182222,0.9975
2026-07-25T01:13:47+00:00,bid,L40,4,7,0.267407,0.283241,0.346111,0.420556,0.471111,0.403704,0.99551
2026-07-25T01:13:47+00:00,bid,L40S,24,66,0.20037,0.355111,0.536111,0.540741,0.803704,0.537037,0.998579
2026-07-25T01:13:47+00:00,bid,Q RTX 5000,5,13,0.040556,0.041111,0.041111,0.042222,0.053704,,0.981831
2026-07-25T01:13:47+00:00,bid,Q RTX 6000,1,1,0.16037,0.16037,0.16037,0.16037,0.16037,,0.961833
2026-07-25T01:13:47+00:00,bid,Q RTX 8000,5,6,0.014444,0.015556,0.015556,0.099778,0.151556,0.015556,0.997799
2026-07-25T01:13:47+00:00,bid,Quadro GV100,1,1,0.134074,0.134074,0.134074,0.134074,0.134074,,0.967699
2026-07-25T01:13:47+00:00,bid,Quadro P4000,3,4,0.041111,0.041667,0.042222,0.049481,0.056741,0.056741,0.962232
2026-07-25T01:13:47+00:00,bid,Quadro P5000,1,1,0.041481,0.041481,0.041481,0.041481,0.041481,,0.985159
2026-07-25T01:13:47+00:00,bid,RTX 2060,1,1,0.335556,0.335556,0.335556,0.335556,0.335556,0.335556,0.994849
2026-07-25T01:13:47+00:00,bid,RTX 2070S,3,21,0.066831,0.066842,0.066852,0.066944,0.067037,,0.98731
2026-07-25T01:13:47+00:00,bid,RTX 2080 Ti,5,7,0.070074,0.107407,0.107778,0.108148,0.108889,0.107778,0.997292
2026-07-25T01:13:47+00:00,bid,RTX 3060,18,45,0.026741,0.04638,0.064028,0.102815,0.535556,0.064028,0.996168
2026-07-25T01:13:47+00:00,bid,RTX 3060 Ti,2,2,0.132889,0.233556,0.334222,0.434889,0.535556,0.535556,0.966577
2026-07-25T01:13:47+00:00,bid,RTX 3060 laptop,4,13,0.017019,0.033088,0.05063,0.063852,0.066963,0.064889,0.995206
2026-07-25T01:13:47+00:00,bid,RTX 3070,6,11,0.068519,0.081139,0.094167,0.235278,0.495556,0.094167,0.997367
2026-07-25T01:13:47+00:00,bid,RTX 3080,15,36,0.057407,0.0675,0.123615,0.240622,0.495556,0.240332,0.989518
2026-07-25T01:13:47+00:00,bid,RTX 3080 Ti,5,5,0.083704,0.088889,0.088889,0.135556,0.188889,0.088889,0.993719
2026-07-25T01:13:47+00:00,bid,RTX 3090,52,131,0.04963,0.107778,0.134074,0.163704,0.34963,0.134074,0.990187
2026-07-25T01:13:47+00:00,bid,RTX 4060,2,4,0.031111,0.036852,0.042593,0.048333,0.054074,0.054074,0.981071
2026-07-25T01:13:47+00:00,bid,RTX 4060 Ti,6,13,0.041111,0.041389,0.049,0.0845,0.101111,0.094074,0.99721
2026-07-25T01:13:47+00:00,bid,RTX 4070,3,4,0.075778,0.076333,0.076889,0.112889,0.148889,0.076889,0.997856
2026-07-25T01:13:47+00:00,bid,RTX 4070 Ti,8,31,0.081481,0.093603,0.093889,0.124444,0.215556,0.093889,0.979533
2026-07-25T01:13:47+00:00,bid,RTX 4070S,5,17,0.06787,0.069074,0.071481,0.071481,0.076296,0.071481,0.99015
2026-07-25T01:13:47+00:00,bid,RTX 4070S Ti,8,23,0.094519,0.167153,0.184167,0.201389,0.202222,0.200556,0.999456
2026-07-25T01:13:47+00:00,bid,RTX 4080,8,16,0.133926,0.143731,0.147333,0.215278,0.255556,0.147333,0.992361
2026-07-25T01:13:47+00:00,bid,RTX 4080S,11,27,0.104444,0.134815,0.188148,0.200417,0.24037,0.188519,0.995885
2026-07-25T01:13:47+00:00,bid,RTX 4090,71,195,0.08037,0.229691,0.333926,0.535926,1.005037,0.403704,0.994831
2026-07-25T01:13:47+00:00,bid,RTX 4090D,4,8,0.604556,0.604972,0.605667,0.606222,0.606222,,0.967226
2026-07-25T01:13:47+00:00,bid,RTX 5000Ada,4,6,0.267778,0.268611,0.268889,0.281944,0.321111,0.268889,0.978003
2026-07-25T01:13:47+00:00,bid,RTX 5060,4,5,0.05363,0.054241,0.075,0.108889,0.148889,0.101259,0.988948
2026-07-25T01:13:47+00:00,bid,RTX 5060 Ti,26,93,0.046815,0.073046,0.082704,0.127593,0.148889,0.08163,0.991956
2026-07-25T01:13:47+00:00,bid,RTX 5070,7,9,0.064444,0.072333,0.081111,0.138333,0.162222,0.114444,0.992877
2026-07-25T01:13:47+00:00,bid,RTX 5070 Ti,11,20,0.005741,0.094722,0.108889,0.121407,0.135556,0.095556,0.995309
2026-07-25T01:13:47+00:00,bid,RTX 5080,12,19,0.02963,0.154426,0.191389,0.201852,0.338519,0.201296,0.987471
2026-07-25T01:13:47+00:00,bid,RTX 5090,71,186,0.134074,0.274481,0.34,0.469444,0.907222,0.390017,0.995187
2026-07-25T01:13:47+00:00,bid,RTX 5880Ada,4,6,0.33437,0.33437,0.334889,0.335407,0.335407,0.334889,0.997369
2026-07-25T01:13:47+00:00,bid,RTX 6000Ada,14,34,0.137778,0.368472,0.395556,0.60081,0.775556,0.534602,0.987862
2026-07-25T01:13:47+00:00,bid,RTX A2000,2,3,0.028519,0.121426,0.214333,0.307241,0.400148,0.028519,0.996068
2026-07-25T01:13:47+00:00,bid,RTX A4000,8,50,0.013519,0.046236,0.068722,0.106814,0.107037,,0.981245
2026-07-25T01:13:47+00:00,bid,RTX A5000,5,18,0.020556,0.021111,0.108519,0.229611,0.334074,0.064815,0.992515
2026-07-25T01:13:47+00:00,bid,RTX A6000,6,17,0.302167,0.306903,0.347407,0.373843,0.375556,,0.987318
2026-07-25T01:13:47+00:00,bid,RTX PRO 2000,1,2,0.134074,0.134074,0.134074,0.134074,0.134074,,0.961865
2026-07-25T01:13:47+00:00,bid,RTX PRO 4000,11,26,0.067222,0.068667,0.180556,0.227963,0.252341,0.240741,0.984149
2026-07-25T01:13:47+00:00,bid,RTX PRO 4500,1,1,0.27037,0.27037,0.27037,0.27037,0.27037,0.27037,0.995472
2026-07-25T01:13:47+00:00,bid,RTX PRO 5000,12,19,0.138518,0.278704,0.401481,0.601296,0.803704,0.294444,0.991628
2026-07-25T01:13:47+00:00,bid,RTX PRO 6000 S,17,37,0.335556,1.067407,1.06963,1.175926,1.467222,1.068148,0.998425
2026-07-25T01:13:47+00:00,bid,RTX PRO 6000 WS,24,42,0.282222,0.664491,0.674667,1.072778,2.002222,0.801481,0.99267
2026-07-25T01:13:47+00:00,bid,Tesla P100,2,2,0.041481,0.065,0.088519,0.112037,0.135556,0.135556,0.984449
2026-07-25T01:13:47+00:00,bid,Tesla P4,1,1,0.011926,0.011926,0.011926,0.011926,0.011926,,0.989579
2026-07-25T01:13:47+00:00,bid,Tesla P40,3,6,0.041481,0.049481,0.057481,0.061685,0.065889,0.061685,0.985578
2026-07-25T01:13:47+00:00,bid,Tesla T4,2,3,3.400741,3.400926,3.401111,3.401296,3.401481,,0.972394
2026-07-25T01:13:47+00:00,bid,Tesla V100,17,76,0.013611,0.015556,0.018444,0.133704,0.202222,0.161389,0.996711
2026-07-25T01:13:47+00:00,bid,Titan RTX,2,3,0.128519,0.130278,0.132037,0.133796,0.135556,0.135556,0.994773
2026-07-25T01:13:47+00:00,bid,Titan Xp,2,7,0.04037,0.040833,0.041296,0.041759,0.042222,0.041296,0.995939
2026-07-25T01:18:48+00:00,on-demand,A100 PCIE,13,33,0.401111,0.415556,0.994435,1.001111,1.091073,0.995536,0.986847
2026-07-25T01:18:48+00:00,on-demand,A100 SXM4,24,62,0.40037,0.770963,1.067667,1.226898,1.458667,1.027704,0.994686
2026-07-25T01:18:48+00:00,on-demand,A800 PCIE,2,6,0.667222,0.667361,0.6675,0.667639,0.667778,,0.994203
2026-07-25T01:18:48+00:00,on-demand,B200,15,66,5.375174,6.188932,6.252083,7.001172,10.629861,6.252083,0.99171
2026-07-25T01:18:48+00:00,on-demand,B300,2,12,6.250521,6.875564,7.500608,8.125651,8.750694,8.750694,0.990795
2026-07-25T01:18:48+00:00,on-demand,GTX 1050 Ti,1,1,4.001481,4.001481,4.001481,4.001481,4.001481,,0.957005
2026-07-25T01:18:48+00:00,on-demand,GTX 1060,2,3,0.087778,0.088056,0.088333,0.088611,0.088889,0.088333,0.999297
2026-07-25T01:18:48+00:00,on-demand,GTX 1070 Ti,1,1,0.052889,0.052889,0.052889,0.052889,0.052889,0.052889,0.997134
2026-07-25T01:18:48+00:00,on-demand,GTX 1080,5,15,0.027778,0.05037,0.051037,0.051222,0.051778,0.051222,0.996161
2026-07-25T01:18:48+00:00,on-demand,GTX 1080 Ti,6,17,0.056,0.063056,0.07127,0.073829,0.081111,0.073651,0.996375
2026-07-25T01:18:48+00:00,on-demand,GTX 1650,1,1,0.048741,0.048741,0.048741,0.048741,0.048741,,0.947896
2026-07-25T01:18:48+00:00,on-demand,H100 NVL,6,9,1.334444,1.532037,2.128074,2.335667,2.535556,2.328519,0.926049
2026-07-25T01:18:48+00:00,on-demand,H100 PCIE,2,2,1.362222,1.466111,1.57,1.673889,1.777778,1.777778,0.983637
2026-07-25T01:18:48+00:00,on-demand,H100 SXM,14,37,1.491111,2.332556,2.861343,2.981463,4.218889,3.001333,0.972454
2026-07-25T01:18:48+00:00,on-demand,H200,9,41,3.815972,3.934942,4.2108,4.211075,4.342654,4.2108,0.998926
2026-07-25T01:18:48+00:00,on-demand,H200 NVL,9,24,2.801111,3.068889,3.853889,3.855556,4.651556,3.855,0.979071
2026-07-25T01:18:48+00:00,on-demand,L4,4,8,0.202222,0.294444,0.329537,0.333935,0.334074,0.333889,0.99646
2026-07-25T01:18:48+00:00,on-demand,L40,4,7,0.295185,0.296574,0.375556,0.485,0.577778,0.515926,0.996654
2026-07-25T01:18:48+00:00,on-demand,L40S,13,46,0.400741,0.466852,0.556296,1.067593,2.442222,0.801852,0.995294
2026-07-25T01:18:48+00:00,on-demand,Q RTX 5000,3,7,0.068889,0.07463,0.08037,0.080556,0.080741,,0.915121
2026-07-25T01:18:48+00:00,on-demand,Q RTX 8000,4,8,0.253704,0.253981,0.254444,0.261333,0.280889,0.254444,0.998615
2026-07-25T01:18:48+00:00,on-demand,Quadro GV100,1,1,0.467407,0.467407,0.467407,0.467407,0.467407,,0.967699
2026-07-25T01:18:48+00:00,on-demand,Quadro P4000,4,6,0.054444,0.054444,0.055,0.058444,0.067111,0.060778,0.979495
2026-07-25T01:18:48+00:00,on-demand,Quadro P5000,1,1,0.081481,0.081481,0.081481,0.081481,0.081481,,0.985167
2026-07-25T01:18:48+00:00,on-demand,RTX 2060,1,1,0.415556,0.415556,0.415556,0.415556,0.415556,0.415556,0.994849
2026-07-25T01:18:48+00:00,on-demand,RTX 2070S,2,12,0.073519,0.073565,0.073611,0.073657,0.073704,,0.98731
2026-07-25T01:18:48+00:00,on-demand,RTX 2080 Ti,5,18,0.068889,0.080022,0.080056,0.121111,0.122222,0.100583,0.994972
2026-07-25T01:18:48+00:00,on-demand,RTX 3060,9,26,0.035556,0.055556,0.080278,0.959556,1.335556,0.557852,0.997324
2026-07-25T01:18:48+00:00,on-demand,RTX 3060 Ti,1,1,0.040889,0.040889,0.040889,0.040889,0.040889,,0.990982
2026-07-25T01:18:48+00:00,on-demand,RTX 3060 laptop,6,15,0.026685,0.041389,0.048889,0.064,0.066963,0.061259,0.996369
2026-07-25T01:18:48+00:00,on-demand,RTX 3070,10,36,0.074074,0.102199,0.10713,0.19013,0.562222,0.161852,0.972456
2026-07-25T01:18:48+00:00,on-demand,RTX 3080,12,41,0.060222,0.090185,0.1135,0.153166,0.252326,0.113556,0.99066
2026-07-25T01:18:48+00:00,on-demand,RTX 3080 Ti,5,6,0.102222,0.146444,0.168889,0.175556,0.295556,0.175556,0.994892
2026-07-25T01:18:48+00:00,on-demand,RTX 3090,37,107,0.080003,0.123556,0.241111,0.534444,16.003704,0.240741,0.990642
2026-07-25T01:18:48+00:00,on-demand,RTX 4060,6,20,0.066864,0.067012,0.06721,0.067704,0.082222,0.06716,0.964209
2026-07-25T01:18:48+00:00,on-demand,RTX 4060 Ti,4,6,0.068889,0.088056,0.102407,0.118056,0.141111,0.11037,0.998064
2026-07-25T01:18:48+00:00,on-demand,RTX 4070,3,4,0.082222,0.086667,0.091111,0.093333,0.095556,0.093333,0.992522
2026-07-25T01:18:48+00:00,on-demand,RTX 4070 Ti,6,18,0.106944,0.107361,0.107963,0.20787,0.242222,0.107963,0.986849
2026-07-25T01:18:48+00:00,on-demand,RTX 4070S,6,18,0.081852,0.086968,0.094861,0.095602,0.097037,0.089491,0.990111
2026-07-25T01:18:48+00:00,on-demand,RTX 4070S Ti,9,24,0.094444,0.117778,0.201111,0.266944,0.267778,0.248889,0.998017
2026-07-25T01:18:48+00:00,on-demand,RTX 4080,7,14,0.121852,0.14237,0.267778,0.2765,0.293926,0.267778,0.991132
2026-07-25T01:18:48+00:00,on-demand,RTX 4080S,12,32,0.151111,0.161944,0.201667,0.217602,0.292741,0.228741,0.996677
2026-07-25T01:18:48+00:00,on-demand,RTX 4090,55,189,0.133611,0.316204,0.37437,0.602654,1.337037,0.601852,0.994567
2026-07-25T01:18:48+00:00,on-demand,RTX 4090D,2,6,0.667222,0.667361,0.6675,0.667639,0.667778,,0.967226
2026-07-25T01:18:48+00:00,on-demand,RTX 5000Ada,2,3,0.427778,0.428056,0.428333,0.428611,0.428889,0.428333,0.996334
2026-07-25T01:18:48+00:00,on-demand,RTX 5060,4,4,0.070222,0.074222,0.112222,0.157222,0.182222,0.126222,0.973181
2026-07-25T01:18:48+00:00,on-demand,RTX 5060 Ti,14,58,0.07037,0.083426,0.094537,0.119812,0.201185,0.119358,0.990968
2026-07-25T01:18:48+00:00,on-demand,RTX 5070,6,9,0.094444,0.096111,0.101111,0.1375,0.202222,0.126481,0.994906
2026-07-25T01:18:48+00:00,on-demand,RTX 5070 Ti,5,11,0.120556,0.125111,0.134444,0.142222,0.161481,0.131389,0.993302
2026-07-25T01:18:48+00:00,on-demand,RTX 5080,10,34,0.162222,0.174028,0.186111,0.200509,0.227778,0.20037,0.989082
2026-07-25T01:18:48+00:00,on-demand,RTX 5090,50,172,0.212889,0.426875,0.5188,0.736037,13.334444,0.690344,0.993701
2026-07-25T01:18:48+00:00,on-demand,RTX 5880Ada,4,15,0.453593,0.453787,0.454111,0.45463,0.455407,0.454111,0.997793
2026-07-25T01:18:48+00:00,on-demand,RTX 6000Ada,9,19,0.224889,0.441111,0.535556,0.682222,0.788148,0.682222,0.991803
2026-07-25T01:18:48+00:00,on-demand,RTX A2000,4,6,0.034074,0.034074,0.035111,0.150481,0.493481,,0.995152
2026-07-25T01:18:48+00:00,on-demand,RTX A4000,5,36,0.072889,0.080185,0.080185,0.133468,0.133704,0.080185,0.97131
2026-07-25T01:18:48+00:00,on-demand,RTX A4500,1,1,1.274815,1.274815,1.274815,1.274815,1.274815,,0.997978
2026-07-25T01:18:48+00:00,on-demand,RTX A5000,4,16,0.230944,0.231069,0.263407,10.221963,40.000741,0.231111,0.992184
2026-07-25T01:18:48+00:00,on-demand,RTX A6000,7,21,0.307778,0.374167,0.387037,0.3875,0.388889,,0.987318
2026-07-25T01:18:48+00:00,on-demand,RTX PRO 2000,1,2,0.174074,0.174074,0.174074,0.174074,0.174074,,0.961914
2026-07-25T01:18:48+00:00,on-demand,RTX PRO 4000,11,27,0.187222,0.231481,0.293889,0.328025,0.535556,0.313084,0.983766
2026-07-25T01:18:48+00:00,on-demand,RTX PRO 4500,1,1,0.282222,0.282222,0.282222,0.282222,0.282222,,0.994858
2026-07-25T01:18:48+00:00,on-demand,RTX PRO 5000,8,14,0.27,0.567593,0.768148,0.910407,1.085185,0.795815,0.991495
2026-07-25T01:18:48+00:00,on-demand,RTX PRO 6000 S,14,42,1.333611,1.600787,1.697165,1.734704,1.736296,1.600556,0.996567
2026-07-25T01:18:48+00:00,on-demand,RTX PRO 6000 WS,21,59,0.802407,1.000741,1.326259,1.666944,26.66963,1.335926,0.980636
2026-07-25T01:18:48+00:00,on-demand,Tesla P100,4,8,0.044296,0.071907,0.081296,0.111667,0.202222,0.081481,0.973318
2026-07-25T01:18:48+00:00,on-demand,Tesla P4,1,1,0.023259,0.023259,0.023259,0.023259,0.023259,,0.989585
2026-07-25T01:18:48+00:00,on-demand,Tesla P40,3,6,0.054815,0.074815,0.094815,0.113685,0.132556,0.113685,0.985578
2026-07-25T01:18:48+00:00,on-demand,Tesla T4,2,3,12.000741,12.000926,12.001111,12.001296,12.001481,,0.972394
2026-07-25T01:18:48+00:00,on-demand,Tesla V100,13,52,0.019222,0.020889,0.083037,0.135259,0.335556,0.157546,0.982857
2026-07-25T01:18:48+00:00,on-demand,Titan RTX,1,1,0.162963,0.162963,0.162963,0.162963,0.162963,0.162963,0.949033
2026-07-25T01:18:48+00:00,on-demand,Titan Xp,3,11,0.055556,0.057963,0.06037,0.060463,0.060556,0.06037,0.994878
2026-07-25T01:18:48+00:00,bid,A100 PCIE,16,26,0.133889,0.135278,0.135556,0.202222,0.267778,0.202222,0.994064
2026-07-25T01:18:48+00:00,bid,A100 SXM4,27,52,0.135556,0.401111,0.801333,0.802667,0.934667,0.801574,0.996955
2026-07-25T01:18:48+00:00,bid,A40,1,2,0.234074,0.234074,0.234074,0.234074,0.234074,0.234074,0.984291
2026-07-25T01:18:48+00:00,bid,A800 PCIE,5,10,0.129889,0.130444,0.130444,0.131556,0.131556,,0.994203
2026-07-25T01:18:48+00:00,bid,B200,10,46,3.750174,5.625326,5.626302,6.254232,8.754861,5.626302,0.987464
2026-07-25T01:18:48+00:00,bid,B300,2,12,5.625521,6.170269,6.715017,7.259766,7.804514,7.804514,0.990795
2026-07-25T01:18:48+00:00,bid,GTX 1050 Ti,1,1,0.021562,0.021562,0.021562,0.021562,0.021562,,0.957005
2026-07-25T01:18:48+00:00,bid,GTX 1060,1,1,0.068148,0.068148,0.068148,0.068148,0.068148,0.068148,0.999236
2026-07-25T01:18:48+00:00,bid,GTX 1070 Ti,1,2,0.041111,0.041111,0.041111,0.041111,0.041111,0.041111,0.997134
2026-07-25T01:18:48+00:00,bid,GTX 1080,4,12,0.037037,0.039537,0.040463,0.040972,0.042222,0.040556,0.996413
2026-07-25T01:18:48+00:00,bid,GTX 1080 Ti,8,27,0.039556,0.040972,0.047937,0.053757,0.054444,0.053651,0.996679
2026-07-25T01:18:48+00:00,bid,GTX 1660 Ti,1,2,0.043407,0.043407,0.043407,0.043407,0.043407,0.043407,0.985899
2026-07-25T01:18:48+00:00,bid,H100 NVL,7,10,0.934444,0.935111,0.936,1.435407,1.936296,1.935555,0.939643
2026-07-25T01:18:48+00:00,bid,H100 PCIE,2,2,1.068889,1.21837,1.367852,1.517333,1.666815,1.666815,0.981549
2026-07-25T01:18:48+00:00,bid,H100 SXM,14,36,0.936296,1.334722,2.002,2.667477,4.002222,2.002,0.972454
2026-07-25T01:18:48+00:00,bid,H200,8,37,2.631762,3.520376,3.846921,3.948054,4.079496,3.846921,0.997744
2026-07-25T01:18:48+00:00,bid,H200 NVL,9,15,0.403778,1.187222,1.188889,2.002222,2.934667,1.264222,0.974521
2026-07-25T01:18:48+00:00,bid,L4,7,14,0.134074,0.135,0.161111,0.181852,0.320444,0.161111,0.997227
2026-07-25T01:18:48+00:00,bid,L40,3,6,0.267407,0.277963,0.288519,0.379815,0.471111,0.369259,0.996654
2026-07-25T01:18:48+00:00,bid,L40S,20,69,0.200185,0.333704,0.500648,0.535648,0.615556,0.535,0.9978
2026-07-25T01:18:48+00:00,bid,Q RTX 5000,5,13,0.040556,0.041111,0.042222,0.053704,0.054074,,0.981831
2026-07-25T01:18:48+00:00,bid,Q RTX 6000,1,1,0.16037,0.16037,0.16037,0.16037,0.16037,,0.962055
2026-07-25T01:18:48+00:00,bid,Q RTX 8000,3,3,0.015556,0.057667,0.099778,0.125667,0.151556,0.099778,0.997799
2026-07-25T01:18:48+00:00,bid,Quadro GV100,1,1,0.134074,0.134074,0.134074,0.134074,0.134074,,0.967699
2026-07-25T01:18:48+00:00,bid,Quadro P4000,3,4,0.041111,0.041667,0.042222,0.049481,0.056741,0.056741,0.962277
2026-07-25T01:18:48+00:00,bid,Quadro P5000,1,1,0.041481,0.041481,0.041481,0.041481,0.041481,,0.985167
2026-07-25T01:18:48+00:00,bid,RTX 2060,1,1,0.335556,0.335556,0.335556,0.335556,0.335556,0.335556,0.994849
2026-07-25T01:18:48+00:00,bid,RTX 2070S,4,25,0.066831,0.066847,0.066944,0.067037,0.067037,,0.98731
2026-07-25T01:18:48+00:00,bid,RTX 2080 Ti,4,5,0.070074,0.098352,0.107963,0.108333,0.108889,0.107963,0.996322
2026-07-25T01:18:48+00:00,bid,RTX 3060,15,49,0.04037,0.043852,0.058074,0.102815,0.535556,0.058074,0.991187
2026-07-25T01:18:48+00:00,bid,RTX 3060 Ti,2,2,0.132889,0.233556,0.334222,0.434889,0.535556,0.535556,0.966765
2026-07-25T01:18:48+00:00,bid,RTX 3060 laptop,3,12,0.013352,0.025898,0.038444,0.05063,0.062815,0.062815,0.994259
2026-07-25T01:18:48+00:00,bid,RTX 3070,8,17,0.040556,0.06863,0.094167,0.141389,0.495556,0.094444,0.997367
2026-07-25T01:18:48+00:00,bid,RTX 3070 Ti,1,2,0.067778,0.067778,0.067778,0.067778,0.067778,,0.996566
2026-07-25T01:18:48+00:00,bid,RTX 3080,12,32,0.060741,0.067569,0.131389,0.240519,0.495556,0.240332,0.99162
2026-07-25T01:18:48+00:00,bid,RTX 3080 Ti,5,6,0.097481,0.135556,0.141111,0.142222,0.188889,0.142222,0.985349
2026-07-25T01:18:48+00:00,bid,RTX 3090,51,114,0.048148,0.108296,0.13537,0.163704,0.34963,0.134815,0.989378
2026-07-25T01:18:48+00:00,bid,RTX 4060,1,3,0.054074,0.054074,0.054074,0.054074,0.054074,0.054074,0.966198
2026-07-25T01:18:48+00:00,bid,RTX 4060 Ti,6,14,0.035556,0.045093,0.079074,0.105611,0.107778,0.104111,0.9978
2026-07-25T01:18:48+00:00,bid,RTX 4070,1,2,0.147778,0.147778,0.147778,0.147778,0.147778,0.147778,0.998031
2026-07-25T01:18:48+00:00,bid,RTX 4070 Ti,7,20,0.081481,0.09375,0.094444,0.154444,0.215556,0.094444,0.980941
2026-07-25T01:18:48+00:00,bid,RTX 4070S,3,5,0.084815,0.084815,0.084815,0.087222,0.08963,0.087222,0.985316
2026-07-25T01:18:48+00:00,bid,RTX 4070S Ti,6,18,0.166944,0.167361,0.168333,0.193056,0.202222,0.168333,0.999556
2026-07-25T01:18:48+00:00,bid,RTX 4080,6,13,0.133926,0.137194,0.147167,0.1885,0.254444,0.147333,0.992852
2026-07-25T01:18:48+00:00,bid,RTX 4080S,12,32,0.070494,0.15537,0.194583,0.200676,0.240741,0.194963,0.996087
2026-07-25T01:18:48+00:00,bid,RTX 4090,68,188,0.08037,0.240259,0.333981,0.402593,1.005037,0.335556,0.994806
2026-07-25T01:18:48+00:00,bid,RTX 4090D,4,8,0.604556,0.604972,0.605667,0.606222,0.606222,,0.967226
2026-07-25T01:18:48+00:00,bid,RTX 5000Ada,4,6,0.267778,0.268611,0.268889,0.281944,0.321111,0.268889,0.978003
2026-07-25T01:18:48+00:00,bid,RTX 5060,5,6,0.054444,0.055556,0.095556,0.095556,0.148889,0.102222,0.981475
2026-07-25T01:18:48+00:00,bid,RTX 5060 Ti,21,79,0.046963,0.067222,0.080185,0.107037,0.154444,0.081012,0.991956
2026-07-25T01:18:48+00:00,bid,RTX 5070,5,5,0.054815,0.087778,0.122222,0.162222,0.162222,0.142222,0.989417
2026-07-25T01:18:48+00:00,bid,RTX 5070 Ti,11,17,0.005741,0.095,0.108889,0.135556,0.268,0.133926,0.995464
2026-07-25T01:18:48+00:00,bid,RTX 5080,14,22,0.02963,0.161389,0.177778,0.20125,0.338519,0.200556,0.988204
2026-07-25T01:18:48+00:00,bid,RTX 5090,65,183,0.102222,0.27637,0.335556,0.403704,0.907222,0.335,0.993558
2026-07-25T01:18:48+00:00,bid,RTX 5880Ada,5,7,0.33437,0.33437,0.335407,0.335407,0.335407,0.335407,0.997369
2026-07-25T01:18:48+00:00,bid,RTX 6000Ada,10,20,0.137778,0.290972,0.3875,0.398889,0.748148,0.334722,0.991915
2026-07-25T01:18:48+00:00,bid,RTX A2000,2,2,0.028148,0.121148,0.214148,0.307148,0.400148,0.028148,0.991841
2026-07-25T01:18:48+00:00,bid,RTX A4000,8,50,0.024185,0.048903,0.068722,0.106814,0.107037,,0.981245
2026-07-25T01:18:48+00:00,bid,RTX A5000,7,27,0.020556,0.109444,0.22958,0.281843,0.334815,0.11037,0.996507
2026-07-25T01:18:48+00:00,bid,RTX A6000,7,17,0.202593,0.223333,0.321111,0.373796,0.375556,,0.987318
2026-07-25T01:18:48+00:00,bid,RTX PRO 2000,1,2,0.134074,0.134074,0.134074,0.134074,0.134074,,0.961914
2026-07-25T01:18:48+00:00,bid,RTX PRO 4000,10,25,0.067222,0.068889,0.180833,0.23463,0.275881,0.240988,0.984149
2026-07-25T01:18:48+00:00,bid,RTX PRO 4500,1,1,0.27037,0.27037,0.27037,0.27037,0.27037,0.27037,0.995472
2026-07-25T01:18:48+00:00,bid,RTX PRO 5000,14,19,0.138518,0.212037,0.296296,0.462037,0.803704,0.294074,0.991628
2026-07-25T01:18:48+00:00,bid,RTX PRO 6000 S,15,33,0.335556,1.034815,1.068148,1.189537,1.343822,1.068148,0.998664
2026-07-25T01:18:48+00:00,bid,RTX PRO 6000 WS,18,34,0.282222,0.659037,0.73063,1.181559,2.002222,0.801481,0.988176
2026-07-25T01:18:48+00:00,bid,Tesla P100,2,2,0.041481,0.065,0.088519,0.112037,0.135556,0.135556,0.984449
2026-07-25T01:18:48+00:00,bid,Tesla P4,1,1,0.011926,0.011926,0.011926,0.011926,0.011926,,0.989585
2026-07-25T01:18:48+00:00,bid,Tesla P40,3,6,0.041481,0.049481,0.057481,0.061685,0.065889,0.061685,0.985578
2026-07-25T01:18:48+00:00,bid,Tesla T4,2,3,3.400741,3.400926,3.401111,3.401296,3.401481,,0.972394
2026-07-25T01:18:48+00:00,bid,Tesla V100,13,52,0.013611,0.015556,0.081519,0.134074,0.162222,0.134444,0.993069
2026-07-25T01:18:48+00:00,bid,Titan RTX,2,3,0.128519,0.130278,0.132037,0.133796,0.135556,0.135556,0.994773
2026-07-25T01:18:48+00:00,bid,Titan V,1,2,0.067778,0.067778,0.067778,0.067778,0.067778,0.067778,0.996311
2026-07-25T01:18:48+00:00,bid,Titan Xp,3,11,0.04037,0.040463,0.040556,0.041389,0.042222,0.040556,0.994878
2026-07-25T01:23:47+00:00,on-demand,A100 PCIE,14,35,0.401111,0.486139,0.847222,1.001111,1.091073,0.867593,0.992607
2026-07-25T01:23:47+00:00,on-demand,A100 SXM4,26,70,0.40037,0.77625,1.061741,1.189,1.457333,0.995481,0.995647
2026-07-25T01:23:47+00:00,on-demand,A800 PCIE,2,6,0.667222,0.667361,0.6675,0.667639,0.667778,,0.994203
2026-07-25T01:23:47+00:00,on-demand,B200,10,33,5.375174,6.158724,6.495312,7.064714,10.634722,6.495312,0.993769
2026-07-25T01:23:47+00:00,on-demand,B300,2,12,6.250521,6.875564,7.500608,8.125651,8.750694,8.750694,0.990795
2026-07-25T01:23:47+00:00,on-demand,GTX 1050 Ti,1,1,4.001481,4.001481,4.001481,4.001481,4.001481,,0.957005
2026-07-25T01:23:47+00:00,on-demand,GTX 1060,2,3,0.087778,0.088056,0.088333,0.088611,0.088889,0.088333,0.999297
2026-07-25T01:23:47+00:00,on-demand,GTX 1070 Ti,1,2,0.051778,0.051778,0.051778,0.051778,0.051778,0.051778,0.997134
2026-07-25T01:23:47+00:00,on-demand,GTX 1080,5,14,0.027778,0.034815,0.051037,0.051222,0.052889,0.051222,0.996161
2026-07-25T01:23:47+00:00,on-demand,GTX 1080 Ti,7,21,0.056,0.060833,0.068889,0.074167,0.080317,0.071389,0.996983
2026-07-25T01:23:47+00:00,on-demand,GTX 1650,1,1,0.048741,0.048741,0.048741,0.048741,0.048741,,0.947896
2026-07-25T01:23:47+00:00,on-demand,H100 NVL,6,9,1.334444,1.502037,2.061481,2.13137,2.136,2.061481,0.939643
2026-07-25T01:23:47+00:00,on-demand,H100 PCIE,1,1,1.362222,1.362222,1.362222,1.362222,1.362222,,0.967933
2026-07-25T01:23:47+00:00,on-demand,H100 SXM,13,36,1.655556,2.521111,2.920463,3.001333,4.218889,3.090778,0.992693
2026-07-25T01:23:47+00:00,on-demand,H200,7,29,3.815972,3.934759,3.935673,4.211349,4.342654,3.935673,0.996563
2026-07-25T01:23:47+00:00,on-demand,H200 NVL,6,17,2.935556,3.135069,3.500806,3.887417,4.570222,3.814278,0.992841
2026-07-25T01:23:47+00:00,on-demand,L4,4,12,0.202222,0.300889,0.333833,0.334028,0.334444,0.333889,0.997968
2026-07-25T01:23:47+00:00,on-demand,L40,4,7,0.295185,0.296574,0.375556,0.485,0.577778,0.515926,0.996654
2026-07-25T01:23:47+00:00,on-demand,L40S,16,52,0.40037,0.466991,0.708056,1.067824,2.442222,0.802222,0.996311
2026-07-25T01:23:47+00:00,on-demand,Q RTX 5000,3,7,0.068889,0.07463,0.08037,0.080556,0.080741,,0.915121
2026-07-25T01:23:47+00:00,on-demand,Q RTX 8000,4,8,0.253111,0.253556,0.253889,0.260778,0.280889,0.253889,0.998615
2026-07-25T01:23:47+00:00,on-demand,Quadro GV100,1,1,0.467407,0.467407,0.467407,0.467407,0.467407,,0.967699
2026-07-25T01:23:47+00:00,on-demand,Quadro P4000,4,6,0.054444,0.054444,0.055,0.058444,0.067111,0.060778,0.979495
2026-07-25T01:23:47+00:00,on-demand,Quadro P5000,1,1,0.081481,0.081481,0.081481,0.081481,0.081481,,0.985167
2026-07-25T01:23:47+00:00,on-demand,RTX 2060,1,1,0.415556,0.415556,0.415556,0.415556,0.415556,0.415556,0.994849
2026-07-25T01:23:47+00:00,on-demand,RTX 2070S,2,13,0.073498,0.073549,0.073601,0.073652,0.073704,,0.992053
2026-07-25T01:23:47+00:00,on-demand,RTX 2080 Ti,7,27,0.068889,0.080025,0.080056,0.121667,0.136148,0.100583,0.994972
2026-07-25T01:23:47+00:00,on-demand,RTX 3060,14,52,0.044741,0.05375,0.061389,0.125625,1.335556,0.110509,0.992936
2026-07-25T01:23:47+00:00,on-demand,RTX 3060 Ti,1,1,0.040889,0.040889,0.040889,0.040889,0.040889,,0.990982
2026-07-25T01:23:47+00:00,on-demand,RTX 3060 laptop,4,12,0.026685,0.037505,0.041667,0.045556,0.055556,0.055556,0.996416
2026-07-25T01:23:47+00:00,on-demand,RTX 3070,10,35,0.080889,0.096543,0.106991,0.148194,0.562222,0.100617,0.997963
2026-07-25T01:23:47+00:00,on-demand,RTX 3080,13,43,0.060278,0.094815,0.113556,0.250999,0.252326,0.182277,0.993292
2026-07-25T01:23:47+00:00,on-demand,RTX 3080 Ti,6,7,0.102222,0.108056,0.128222,0.163556,0.295556,0.147556,0.994306
2026-07-25T01:23:47+00:00,on-demand,RTX 3090,38,108,0.120556,0.147014,0.242778,0.435556,16.003704,0.241667,0.989378
2026-07-25T01:23:47+00:00,on-demand,RTX 4060,7,20,0.060741,0.065654,0.06716,0.067556,0.082222,0.064444,0.966198
2026-07-25T01:23:47+00:00,on-demand,RTX 4060 Ti,2,6,0.093889,0.097546,0.101204,0.104861,0.108519,0.101204,0.998331
2026-07-25T01:23:47+00:00,on-demand,RTX 4070,5,16,0.082222,0.091111,0.093889,0.094444,0.095556,0.094167,0.984757
2026-07-25T01:23:47+00:00,on-demand,RTX 4070 Ti,6,18,0.09037,0.107014,0.1075,0.207778,0.242222,0.1075,0.986849
2026-07-25T01:23:47+00:00,on-demand,RTX 4070S,5,14,0.083704,0.093796,0.095185,0.097037,0.098148,0.093796,0.996068
2026-07-25T01:23:47+00:00,on-demand,RTX 4070S Ti,7,20,0.094444,0.16337,0.248889,0.267083,0.267778,0.266944,0.999456
2026-07-25T01:23:47+00:00,on-demand,RTX 4080,10,19,0.121481,0.123148,0.174148,0.274194,0.293926,0.227519,0.987412
2026-07-25T01:23:47+00:00,on-demand,RTX 4080S,11,31,0.160556,0.165185,0.202222,0.21375,0.292741,0.247296,0.996433
2026-07-25T01:23:47+00:00,on-demand,RTX 4090,55,205,0.168889,0.308519,0.401111,0.636296,1.337037,0.659259,0.994567
2026-07-25T01:23:47+00:00,on-demand,RTX 4090D,3,7,0.322815,0.495019,0.667222,0.6675,0.667778,0.322815,0.967226
2026-07-25T01:23:47+00:00,on-demand,RTX 5000Ada,2,3,0.441111,0.441389,0.441667,0.441944,0.442222,0.441667,0.978003
2026-07-25T01:23:47+00:00,on-demand,RTX 5060,3,3,0.075556,0.112222,0.148889,0.165556,0.182222,0.182222,0.967098
2026-07-25T01:23:47+00:00,on-demand,RTX 5060 Ti,18,63,0.071556,0.089824,0.105741,0.144537,0.201185,0.119963,0.992355
2026-07-25T01:23:47+00:00,on-demand,RTX 5070,3,4,0.088148,0.095926,0.103704,0.104074,0.104444,0.096296,0.996656
2026-07-25T01:23:47+00:00,on-demand,RTX 5070 Ti,2,6,0.107407,0.110694,0.113981,0.117269,0.120556,0.120556,0.992703
2026-07-25T01:23:47+00:00,on-demand,RTX 5080,11,36,0.173651,0.174852,0.177778,0.200463,0.227778,0.19463,0.988659
2026-07-25T01:23:47+00:00,on-demand,RTX 5090,51,186,0.212889,0.406833,0.533889,0.76963,13.334444,0.621324,0.992868
2026-07-25T01:23:47+00:00,on-demand,RTX 5880Ada,4,15,0.453593,0.453787,0.454111,0.45463,0.455407,0.454111,0.997793
2026-07-25T01:23:47+00:00,on-demand,RTX 6000Ada,9,26,0.224889,0.441111,0.681111,0.733796,0.787654,0.733796,0.984133
2026-07-25T01:23:47+00:00,on-demand,RTX A2000,4,5,0.034074,0.03563,0.036148,0.150481,0.493481,,0.995152
2026-07-25T01:23:47+00:00,on-demand,RTX A4000,6,38,0.071778,0.080185,0.08037,0.120278,0.133704,0.080185,0.97131
2026-07-25T01:23:47+00:00,on-demand,RTX A4500,1,1,1.274815,1.274815,1.274815,1.274815,1.274815,,0.997978
2026-07-25T01:23:47+00:00,on-demand,RTX A5000,4,17,0.230914,0.231062,0.262074,10.219963,40.000741,0.231111,0.992184
2026-07-25T01:23:47+00:00,on-demand,RTX A6000,6,19,0.373889,0.387083,0.3875,0.388611,0.414444,,0.987318
2026-07-25T01:23:47+00:00,on-demand,RTX PRO 2000,1,2,0.174074,0.174074,0.174074,0.174074,0.174074,,0.961914
2026-07-25T01:23:47+00:00,on-demand,RTX PRO 4000,12,31,0.187222,0.229833,0.278796,0.324444,0.535556,0.320494,0.983957
2026-07-25T01:23:47+00:00,on-demand,RTX PRO 4500,2,2,0.282222,0.297593,0.312963,0.328333,0.343704,0.343704,0.995165
2026-07-25T01:23:47+00:00,on-demand,RTX PRO 5000,8,14,0.27,0.567593,0.642778,0.777685,0.897037,0.642778,0.991495
2026-07-25T01:23:47+00:00,on-demand,RTX PRO 6000 S,13,40,1.333611,1.601111,1.697351,1.734815,1.736296,1.601111,0.998664
2026-07-25T01:23:47+00:00,on-demand,RTX PRO 6000 WS,19,46,0.802407,1.002222,1.279111,1.627037,13.335556,1.333889,0.988836
2026-07-25T01:23:47+00:00,on-demand,Tesla P100,4,8,0.081111,0.081389,0.081852,0.112222,0.202222,0.082222,0.973318
2026-07-25T01:23:47+00:00,on-demand,Tesla P4,1,1,0.023259,0.023259,0.023259,0.023259,0.023259,,0.989585
2026-07-25T01:23:47+00:00,on-demand,Tesla P40,3,6,0.054815,0.074815,0.094815,0.113685,0.132556,0.113685,0.985578
2026-07-25T01:23:47+00:00,on-demand,Tesla T4,2,3,12.000741,12.000926,12.001111,12.001296,12.001481,,0.972394
2026-07-25T01:23:47+00:00,on-demand,Tesla V100,12,50,0.019778,0.028403,0.082944,0.117454,0.335556,0.166944,0.986211
2026-07-25T01:23:47+00:00,on-demand,Titan RTX,1,1,0.162963,0.162963,0.162963,0.162963,0.162963,0.162963,0.949033
2026-07-25T01:23:47+00:00,on-demand,Titan Xp,2,7,0.055556,0.056759,0.057963,0.059167,0.06037,0.057963,0.996407
2026-07-25T01:23:47+00:00,bid,A100 PCIE,14,21,0.133889,0.134722,0.135556,0.202222,0.267778,0.202222,0.994064
2026-07-25T01:23:47+00:00,bid,A100 SXM4,26,55,0.135556,0.400741,0.603889,0.8025,1.002222,0.569815,0.99445
2026-07-25T01:23:47+00:00,bid,A40,1,2,0.234074,0.234074,0.234074,0.234074,0.234074,0.234074,0.984291
2026-07-25T01:23:47+00:00,bid,A800 PCIE,7,12,0.129889,0.130444,0.131556,0.131556,0.294815,,0.994203
2026-07-25T01:23:47+00:00,bid,B200,9,29,3.750174,5.626042,6.251302,6.260417,6.859722,6.251302,0.995497
2026-07-25T01:23:47+00:00,bid,B300,2,12,5.625521,6.170269,6.715017,7.259766,7.804514,7.804514,0.990795
2026-07-25T01:23:47+00:00,bid,GTX 1050 Ti,1,1,0.021562,0.021562,0.021562,0.021562,0.021562,,0.957005
2026-07-25T01:23:47+00:00,bid,GTX 1060,1,1,0.068148,0.068148,0.068148,0.068148,0.068148,0.068148,0.999236
2026-07-25T01:23:47+00:00,bid,GTX 1080,4,10,0.014815,0.033981,0.040741,0.041389,0.042222,0.041111,0.992988
2026-07-25T01:23:47+00:00,bid,GTX 1080 Ti,7,21,0.039556,0.040833,0.042222,0.05377,0.054444,0.047937,0.996983
2026-07-25T01:23:47+00:00,bid,GTX 1660 Ti,1,2,0.043407,0.043407,0.043407,0.043407,0.043407,0.043407,0.985899
2026-07-25T01:23:47+00:00,bid,H100 NVL,6,8,0.934444,0.935667,0.936,1.435111,1.934815,1.768148,0.926049
2026-07-25T01:23:47+00:00,bid,H100 PCIE,1,1,1.068889,1.068889,1.068889,1.068889,1.068889,,0.967933
2026-07-25T01:23:47+00:00,bid,H100 SXM,12,35,1.068148,1.834056,2.004,2.667245,2.67037,2.004,0.975407
2026-07-25T01:23:47+00:00,bid,H200,7,29,2.631762,3.816338,3.817251,3.912664,4.079496,3.817251,0.997359
2026-07-25T01:23:47+00:00,bid,H200 NVL,9,18,0.403778,1.187222,1.188889,1.339555,2.002222,1.187778,0.975961
2026-07-25T01:23:47+00:00,bid,L4,5,11,0.134815,0.269259,0.271852,0.320444,0.321111,0.271852,0.998047
2026-07-25T01:23:47+00:00,bid,L40,5,9,0.267407,0.288519,0.468889,0.471111,0.471111,0.47,0.983946
2026-07-25T01:23:47+00:00,bid,L40S,19,58,0.200185,0.334074,0.534259,0.538889,0.803704,0.535185,0.997327
2026-07-25T01:23:47+00:00,bid,Q RTX 5000,5,13,0.040556,0.042222,0.053704,0.054074,0.054074,,0.915121
2026-07-25T01:23:47+00:00,bid,Q RTX 6000,1,1,0.16037,0.16037,0.16037,0.16037,0.16037,,0.962055
2026-07-25T01:23:47+00:00,bid,Q RTX 8000,2,2,0.015556,0.036611,0.057667,0.078722,0.099778,0.057667,0.998645
2026-07-25T01:23:47+00:00,bid,Quadro GV100,1,1,0.134074,0.134074,0.134074,0.134074,0.134074,,0.967699
2026-07-25T01:23:47+00:00,bid,Quadro P4000,3,4,0.041111,0.041667,0.042222,0.048111,0.054,0.054,0.962277
2026-07-25T01:23:47+00:00,bid,Quadro P5000,1,1,0.041481,0.041481,0.041481,0.041481,0.041481,,0.985167
2026-07-25T01:23:47+00:00,bid,RTX 2060,1,1,0.335556,0.335556,0.335556,0.335556,0.335556,0.335556,0.994849
2026-07-25T01:23:47+00:00,bid,RTX 2070S,3,21,0.066831,0.066842,0.066852,0.066944,0.067037,,0.98731
2026-07-25T01:23:47+00:00,bid,RTX 2080 Ti,3,4,0.055556,0.081667,0.107778,0.108333,0.108889,0.107778,0.995351
2026-07-25T01:23:47+00:00,bid,RTX 3060,17,40,0.026815,0.042222,0.055556,0.102815,0.535556,0.058074,0.994163
2026-07-25T01:23:47+00:00,bid,RTX 3060 Ti,2,2,0.132889,0.233556,0.334222,0.434889,0.535556,0.535556,0.966765
2026-07-25T01:23:47+00:00,bid,RTX 3060 laptop,5,15,0.017019,0.038444,0.065481,0.066963,0.101111,0.066963,0.996251
2026-07-25T01:23:47+00:00,bid,RTX 3070,4,8,0.093889,0.094306,0.188333,0.335556,0.495556,0.188333,0.997367
2026-07-25T01:23:47+00:00,bid,RTX 3080,12,29,0.061481,0.078611,0.187944,0.241037,0.495556,0.240373,0.997166
2026-07-25T01:23:47+00:00,bid,RTX 3080 Ti,3,3,0.135556,0.138889,0.142222,0.165556,0.188889,0.165556,0.993719
2026-07-25T01:23:47+00:00,bid,RTX 3090,51,130,0.066981,0.108009,0.134815,0.163704,0.34963,0.134815,0.989378
2026-07-25T01:23:47+00:00,bid,RTX 4060,2,4,0.031111,0.036852,0.042593,0.048333,0.054074,0.054074,0.981071
2026-07-25T01:23:47+00:00,bid,RTX 4060 Ti,4,9,0.041111,0.041944,0.071667,0.102778,0.107778,0.104444,0.998086
2026-07-25T01:23:47+00:00,bid,RTX 4070,2,3,0.060111,0.064306,0.0685,0.072694,0.076889,0.0685,0.998424
2026-07-25T01:23:47+00:00,bid,RTX 4070 Ti,7,27,0.09358,0.09375,0.094444,0.155,0.215556,0.094444,0.980941
2026-07-25T01:23:47+00:00,bid,RTX 4070S,4,15,0.06787,0.068773,0.070278,0.072685,0.076296,0.070278,0.99015
2026-07-25T01:23:47+00:00,bid,RTX 4070S Ti,8,23,0.102222,0.167153,0.168333,0.200694,0.202222,0.168333,0.999506
2026-07-25T01:23:47+00:00,bid,RTX 4080,6,13,0.133926,0.137194,0.147167,0.147333,0.255556,0.147333,0.991132
2026-07-25T01:23:47+00:00,bid,RTX 4080S,9,26,0.070494,0.162222,0.188889,0.200556,0.24037,0.195556,0.996433
2026-07-25T01:23:47+00:00,bid,RTX 4090,65,185,0.134074,0.240667,0.334444,0.402222,1.005037,0.334815,0.994831
2026-07-25T01:23:47+00:00,bid,RTX 4090D,4,8,0.604556,0.604972,0.605667,0.606222,0.606222,,0.967226
2026-07-25T01:23:47+00:00,bid,RTX 5000Ada,4,6,0.267778,0.268611,0.295,0.321389,0.322222,0.295,0.987169
2026-07-25T01:23:47+00:00,bid,RTX 5060,4,4,0.055556,0.055556,0.075556,0.108889,0.148889,0.102222,0.98037
2026-07-25T01:23:47+00:00,bid,RTX 5060 Ti,19,63,0.046815,0.067731,0.102222,0.121111,0.147259,0.104167,0.995577
2026-07-25T01:23:47+00:00,bid,RTX 5070,5,6,0.082222,0.082222,0.087222,0.122222,0.162222,0.104722,0.989417
2026-07-25T01:23:47+00:00,bid,RTX 5070 Ti,8,16,0.005741,0.093889,0.101667,0.115556,0.268,0.095556,0.996262
2026-07-25T01:23:47+00:00,bid,RTX 5080,13,21,0.02963,0.135556,0.181111,0.201111,0.338519,0.200556,0.987203
2026-07-25T01:23:47+00:00,bid,RTX 5090,71,208,0.102222,0.310648,0.378519,0.526875,0.907222,0.400278,0.995118
2026-07-25T01:23:47+00:00,bid,RTX 5880Ada,4,6,0.33437,0.33437,0.334889,0.335407,0.335407,0.334889,0.997369
2026-07-25T01:23:47+00:00,bid,RTX 6000Ada,15,34,0.139259,0.387778,0.402222,0.602315,0.775556,0.600694,0.985939
2026-07-25T01:23:47+00:00,bid,RTX A2000,2,2,0.03037,0.122815,0.215259,0.307704,0.400148,0.03037,0.996068
2026-07-25T01:23:47+00:00,bid,RTX A4000,6,41,0.024185,0.032486,0.068167,0.099907,0.107037,,0.981245
2026-07-25T01:23:47+00:00,bid,RTX A5000,4,17,0.040556,0.091528,0.169049,0.255704,0.334074,0.108519,0.994511
2026-07-25T01:23:47+00:00,bid,RTX A6000,7,19,0.302167,0.347407,0.373889,0.374444,0.375556,,0.987318
2026-07-25T01:23:47+00:00,bid,RTX PRO 2000,1,2,0.134074,0.134074,0.134074,0.134074,0.134074,,0.961914
2026-07-25T01:23:47+00:00,bid,RTX PRO 4000,12,25,0.067222,0.068778,0.180833,0.222963,0.241481,0.240741,0.984149
2026-07-25T01:23:47+00:00,bid,RTX PRO 5000,11,16,0.135111,0.165185,0.232593,0.467593,0.803704,0.185185,0.995303
2026-07-25T01:23:47+00:00,bid,RTX PRO 6000 S,19,45,0.668148,1.067778,1.06963,1.179815,1.513689,1.06963,0.998664
2026-07-25T01:23:47+00:00,bid,RTX PRO 6000 WS,21,37,0.255556,0.538519,0.725704,1.067704,2.002222,1.011111,0.992578
2026-07-25T01:23:47+00:00,bid,Tesla P100,2,2,0.041481,0.065,0.088519,0.112037,0.135556,0.135556,0.984449
2026-07-25T01:23:47+00:00,bid,Tesla P4,1,1,0.011926,0.011926,0.011926,0.011926,0.011926,,0.989585
2026-07-25T01:23:47+00:00,bid,Tesla P40,4,8,0.041481,0.053481,0.061685,0.066028,0.066444,0.065889,0.988749
2026-07-25T01:23:47+00:00,bid,Tesla T4,2,3,3.400741,3.400926,3.401111,3.401296,3.401481,,0.972394
2026-07-25T01:23:47+00:00,bid,Tesla V100,13,52,0.013611,0.016278,0.081519,0.134815,0.242222,0.148519,0.993069
2026-07-25T01:23:47+00:00,bid,Titan RTX,2,3,0.128519,0.130278,0.132037,0.133796,0.135556,0.135556,0.994773
2026-07-25T01:23:47+00:00,bid,Titan Xp,2,7,0.04037,0.040833,0.041296,0.041759,0.042222,0.041296,0.996407
2026-07-25T01:28:47+00:00,on-demand,A100 PCIE,11,26,0.400278,0.408333,0.698444,0.999981,1.537739,0.848647,0.994064
2026-07-25T01:28:47+00:00,on-demand,A100 SXM4,23,64,0.40037,0.800833,1.068,1.208093,1.458667,1.188,0.993491
2026-07-25T01:28:47+00:00,on-demand,A800 PCIE,2,5,0.667222,0.667639,0.668056,0.668472,0.668889,,0.994203
2026-07-25T01:28:47+00:00,on-demand,B200,10,33,5.375174,6.21888,6.686979,8.235547,10.634722,6.686979,0.995497
2026-07-25T01:28:47+00:00,on-demand,B300,2,12,6.250521,6.875564,7.500608,8.125651,8.750694,8.750694,0.990795
2026-07-25T01:28:47+00:00,on-demand,GTX 1050 Ti,1,1,4.001481,4.001481,4.001481,4.001481,4.001481,,0.957005
2026-07-25T01:28:47+00:00,on-demand,GTX 1060,2,3,0.087778,0.088056,0.088333,0.088611,0.088889,0.088333,0.999297
2026-07-25T01:28:47+00:00,on-demand,GTX 1070 Ti,2,3,0.051778,0.052056,0.052333,0.052611,0.052889,0.052333,0.993055
2026-07-25T01:28:47+00:00,on-demand,GTX 1080,3,9,0.027778,0.031296,0.034815,0.042926,0.051037,0.051037,0.991624
2026-07-25T01:28:47+00:00,on-demand,GTX 1080 Ti,7,20,0.056,0.060833,0.064889,0.074048,0.080741,0.06927,0.996983
2026-07-25T01:28:47+00:00,on-demand,GTX 1650,1,1,0.048741,0.048741,0.048741,0.048741,0.048741,,0.947896
2026-07-25T01:28:47+00:00,on-demand,GTX TITAN X,1,1,0.035556,0.035556,0.035556,0.035556,0.035556,,0.990112
2026-07-25T01:28:47+00:00,on-demand,H100 NVL,5,7,1.334444,1.335556,2.121481,2.136,2.642222,2.381852,0.939643
2026-07-25T01:28:47+00:00,on-demand,H100 PCIE,1,1,1.362222,1.362222,1.362222,1.362222,1.362222,,0.967933
2026-07-25T01:28:47+00:00,on-demand,H100 SXM,12,35,1.491111,2.521944,2.861343,3.001667,4.218889,3.002,0.99243
2026-07-25T01:28:47+00:00,on-demand,H200,6,21,3.934576,3.935124,4.073374,4.211486,4.342654,4.073374,0.998291
2026-07-25T01:28:47+00:00,on-demand,H200 NVL,7,18,2.800741,2.935,3.211111,3.500806,8.00637,3.668,0.98493
2026-07-25T01:28:47+00:00,on-demand,L4,3,8,0.202222,0.268,0.333778,0.333926,0.334074,0.333926,0.99783
2026-07-25T01:28:47+00:00,on-demand,L40,4,7,0.297037,0.414815,0.455556,0.486667,0.575556,0.457037,0.99551
2026-07-25T01:28:47+00:00,on-demand,L40S,14,50,0.40037,0.466898,0.800648,1.068287,2.442222,0.801481,0.997071
2026-07-25T01:28:47+00:00,on-demand,Q RTX 5000,3,7,0.067222,0.0675,0.067778,0.068333,0.068889,,0.981831
2026-07-25T01:28:47+00:00,on-demand,Q RTX 8000,4,8,0.253111,0.253556,0.253889,0.260778,0.280889,0.253889,0.998615
2026-07-25T01:28:47+00:00,on-demand,Quadro GV100,1,1,0.467407,0.467407,0.467407,0.467407,0.467407,,0.967699
2026-07-25T01:28:47+00:00,on-demand,Quadro P4000,4,6,0.054444,0.054444,0.055,0.058519,0.067407,0.060926,0.978104
2026-07-25T01:28:47+00:00,on-demand,Quadro P5000,1,1,0.068148,0.068148,0.068148,0.068148,0.068148,,0.985179
2026-07-25T01:28:47+00:00,on-demand,RTX 2060,1,1,0.415556,0.415556,0.415556,0.415556,0.415556,0.415556,0.994849
2026-07-25T01:28:47+00:00,on-demand,RTX 2070S,2,13,0.073498,0.073549,0.073601,0.073652,0.073704,,0.98731
2026-07-25T01:28:47+00:00,on-demand,RTX 2080 Ti,5,16,0.068889,0.080028,0.080056,0.121111,0.134815,0.100583,0.994334
2026-07-25T01:28:47+00:00,on-demand,RTX 3060,12,37,0.032889,0.05438,0.07349,0.368111,1.334815,0.080278,0.991752
2026-07-25T01:28:47+00:00,on-demand,RTX 3060 Ti,1,1,0.040889,0.040889,0.040889,0.040889,0.040889,,0.990982
2026-07-25T01:28:47+00:00,on-demand,RTX 3060 laptop,6,15,0.026685,0.041389,0.048889,0.062111,0.065481,0.064296,0.99578
2026-07-25T01:28:47+00:00,on-demand,RTX 3070,12,39,0.055556,0.105363,0.107222,0.14213,0.562222,0.134815,0.99141
2026-07-25T01:28:47+00:00,on-demand,RTX 3080,16,54,0.060222,0.068889,0.104102,0.123912,0.252326,0.1135,0.993292
2026-07-25T01:28:47+00:00,on-demand,RTX 3080 Ti,6,7,0.123704,0.135926,0.137037,0.160926,0.295556,0.137037,0.994933
2026-07-25T01:28:47+00:00,on-demand,RTX 3090,44,123,0.106944,0.135509,0.220833,0.368889,16.003704,0.242593,0.991057
2026-07-25T01:28:47+00:00,on-demand,RTX 4060,7,19,0.064444,0.065654,0.06716,0.067704,0.082222,0.06716,0.995945
2026-07-25T01:28:47+00:00,on-demand,RTX 4070,2,3,0.082222,0.083889,0.085556,0.087222,0.088889,0.088889,0.994828
2026-07-25T01:28:47+00:00,on-demand,RTX 4070 Ti,8,28,0.09037,0.106937,0.1075,0.161944,0.242222,0.107222,0.986849
2026-07-25T01:28:47+00:00,on-demand,RTX 4070S,8,25,0.080741,0.083333,0.094306,0.095278,0.095741,0.093796,0.991783
2026-07-25T01:28:47+00:00,on-demand,RTX 4070S Ti,10,30,0.093889,0.121806,0.187778,0.262014,0.268889,0.257083,0.998337
2026-07-25T01:28:47+00:00,on-demand,RTX 4080,8,15,0.122963,0.180704,0.268333,0.276417,0.293926,0.268889,0.991132
2026-07-25T01:28:47+00:00,on-demand,RTX 4080S,12,31,0.151111,0.161944,0.195,0.205069,0.29237,0.201667,0.996555
2026-07-25T01:28:47+00:00,on-demand,RTX 4090,50,178,0.133889,0.312731,0.400676,0.556574,1.335185,0.508889,0.99514
2026-07-25T01:28:47+00:00,on-demand,RTX 4090D,4,8,0.324148,0.581454,0.6675,0.668056,0.668889,0.324148,0.967226
2026-07-25T01:28:47+00:00,on-demand,RTX 5000Ada,2,3,0.441111,0.441389,0.441667,0.441944,0.442222,0.441667,0.978003
2026-07-25T01:28:47+00:00,on-demand,RTX 5060,4,4,0.082222,0.096056,0.118111,0.147222,0.182222,0.141444,0.995772
2026-07-25T01:28:47+00:00,on-demand,RTX 5060 Ti,20,71,0.07,0.091213,0.110741,0.160167,0.227407,0.128519,0.994355
2026-07-25T01:28:47+00:00,on-demand,RTX 5060 laptop,1,1,0.135556,0.135556,0.135556,0.135556,0.135556,,0.970425
2026-07-25T01:28:47+00:00,on-demand,RTX 5070,7,10,0.088148,0.096481,0.123333,0.168333,0.214815,0.128889,0.996372
2026-07-25T01:28:47+00:00,on-demand,RTX 5070 Ti,4,8,0.113889,0.120139,0.127185,0.133,0.135556,0.123019,0.995347
2026-07-25T01:28:47+00:00,on-demand,RTX 5080,10,29,0.161481,0.17371,0.181667,0.219722,0.468148,0.222963,0.989383
2026-07-25T01:28:47+00:00,on-demand,RTX 5090,53,171,0.212889,0.454444,0.534815,0.826,13.334444,0.666514,0.991103
2026-07-25T01:28:47+00:00,on-demand,RTX 5880Ada,4,15,0.453593,0.453787,0.454111,0.45463,0.455407,0.454111,0.997793
2026-07-25T01:28:47+00:00,on-demand,RTX 6000Ada,6,11,0.224889,0.440694,0.441667,0.621389,0.682074,0.681593,0.962526
2026-07-25T01:28:47+00:00,on-demand,RTX A2000,3,4,0.034074,0.035111,0.036148,0.264815,0.493481,,0.995152
2026-07-25T01:28:47+00:00,on-demand,RTX A4000,5,41,0.071778,0.080185,0.080185,0.133468,0.133519,0.080185,0.97131
2026-07-25T01:28:47+00:00,on-demand,RTX A4500,1,1,1.274815,1.274815,1.274815,1.274815,1.274815,,0.997978
2026-07-25T01:28:47+00:00,on-demand,RTX A5000,2,11,0.230914,10.17337,20.115827,30.058284,40.000741,0.230914,0.984122
2026-07-25T01:28:47+00:00,on-demand,RTX A6000,6,17,0.373889,0.377593,0.387407,0.388611,0.454444,,0.987787
2026-07-25T01:28:47+00:00,on-demand,RTX PRO 2000,1,2,0.174074,0.174074,0.174074,0.174074,0.174074,,0.961914
2026-07-25T01:28:47+00:00,on-demand,RTX PRO 4000,12,28,0.187222,0.201944,0.27787,0.324167,0.535556,0.313454,0.988363
2026-07-25T01:28:47+00:00,on-demand,RTX PRO 4500,2,2,0.282222,0.297593,0.312963,0.328333,0.343704,0.343704,0.995165
2026-07-25T01:28:47+00:00,on-demand,RTX PRO 5000,10,16,0.27,0.501296,0.654111,0.888685,1.005185,0.667111,0.991495
2026-07-25T01:28:47+00:00,on-demand,RTX PRO 6000 S,13,40,1.333611,1.535556,1.697351,1.734815,1.736296,1.535556,0.998697
2026-07-25T01:28:47+00:00,on-demand,RTX PRO 6000 WS,17,37,0.802407,0.867778,1.071111,1.468889,13.335556,1.399326,0.988514
2026-07-25T01:28:47+00:00,on-demand,Tesla P100,4,8,0.044296,0.071907,0.081296,0.111667,0.202222,0.081481,0.973318
2026-07-25T01:28:47+00:00,on-demand,Tesla P4,1,1,0.023259,0.023259,0.023259,0.023259,0.023259,,0.989585
2026-07-25T01:28:47+00:00,on-demand,Tesla P40,3,6,0.054815,0.074815,0.094815,0.113685,0.132556,0.113685,0.985578
2026-07-25T01:28:47+00:00,on-demand,Tesla T4,2,3,12.000741,12.000926,12.001111,12.001296,12.001481,,0.972394
2026-07-25T01:28:47+00:00,on-demand,Tesla V100,15,58,0.019222,0.052898,0.083037,0.127963,0.268889,0.189361,0.989564
2026-07-25T01:28:47+00:00,on-demand,Titan RTX,3,4,0.135185,0.136111,0.137037,0.15,0.162963,0.162963,0.991147
2026-07-25T01:28:47+00:00,on-demand,Titan Xp,3,9,0.053889,0.054722,0.055556,0.058056,0.060556,0.055556,0.996031
2026-07-25T01:28:47+00:00,bid,A100 PCIE,15,22,0.133889,0.135,0.135556,0.135556,0.46963,0.267778,0.995152
2026-07-25T01:28:47+00:00,bid,A100 SXM4,30,53,0.135556,0.400926,0.571111,0.802667,1.002222,0.401481,0.992898
2026-07-25T01:28:47+00:00,bid,A40,1,2,0.234074,0.234074,0.234074,0.234074,0.234074,0.234074,0.984291
2026-07-25T01:28:47+00:00,bid,A800 PCIE,6,10,0.129889,0.130722,0.131556,0.131556,0.131556,,0.994203
2026-07-25T01:28:47+00:00,bid,B200,14,54,3.750174,5.625347,5.625868,6.259028,8.754861,5.625868,0.9868
2026-07-25T01:28:47+00:00,bid,B300,2,12,5.625521,6.170269,6.715017,7.259766,7.804514,7.804514,0.990795
2026-07-25T01:28:47+00:00,bid,GTX 1050 Ti,1,1,0.021562,0.021562,0.021562,0.021562,0.021562,,0.957005
2026-07-25T01:28:47+00:00,bid,GTX 1060,1,1,0.068148,0.068148,0.068148,0.068148,0.068148,0.068148,0.999236
2026-07-25T01:28:47+00:00,bid,GTX 1070 Ti,4,13,0.04037,0.040509,0.040833,0.041389,0.042222,0.040833,0.989019
2026-07-25T01:28:47+00:00,bid,GTX 1080,1,1,0.037037,0.037037,0.037037,0.037037,0.037037,,0.968141
2026-07-25T01:28:47+00:00,bid,GTX 1080 Ti,7,20,0.039556,0.040833,0.053651,0.054259,0.055556,0.053862,0.996743
2026-07-25T01:28:47+00:00,bid,H100 NVL,8,10,0.934667,0.935556,0.936,1.684815,1.936296,1.934815,0.939643
2026-07-25T01:28:47+00:00,bid,H100 PCIE,1,1,1.068889,1.068889,1.068889,1.068889,1.068889,,0.967933
2026-07-25T01:28:47+00:00,bid,H100 SXM,12,37,1.131111,1.834056,2.002,2.667245,2.67037,2.001333,0.959979
2026-07-25T01:28:47+00:00,bid,H200,9,37,2.631944,3.81652,3.87659,3.947917,4.079496,3.87659,0.998926
2026-07-25T01:28:47+00:00,bid,H200 NVL,8,11,1.335555,1.339667,1.868148,2.235333,3.077778,2.137185,0.989739
2026-07-25T01:28:47+00:00,bid,L4,6,12,0.134444,0.135,0.168519,0.251204,0.320444,0.168519,0.997634
2026-07-25T01:28:47+00:00,bid,L40,4,8,0.267407,0.283241,0.378704,0.469444,0.471111,0.468889,0.9903
2026-07-25T01:28:47+00:00,bid,L40S,26,77,0.333519,0.334722,0.534537,0.540741,0.774074,0.536111,0.997327
2026-07-25T01:28:47+00:00,bid,Q RTX 5000,5,13,0.040556,0.041111,0.042222,0.053704,0.054074,,0.981831
2026-07-25T01:28:47+00:00,bid,Q RTX 6000,1,1,0.16037,0.16037,0.16037,0.16037,0.16037,,0.962055
2026-07-25T01:28:47+00:00,bid,Q RTX 8000,3,3,0.015556,0.057667,0.099778,0.125667,0.151556,0.099778,0.997799
2026-07-25T01:28:47+00:00,bid,Quadro GV100,1,1,0.134074,0.134074,0.134074,0.134074,0.134074,,0.967699
2026-07-25T01:28:47+00:00,bid,Quadro P4000,3,4,0.041111,0.041667,0.042222,0.044667,0.047111,0.047111,0.962277
2026-07-25T01:28:47+00:00,bid,Quadro P5000,1,1,0.041481,0.041481,0.041481,0.041481,0.041481,,0.985179
2026-07-25T01:28:47+00:00,bid,RTX 2060,1,1,0.335556,0.335556,0.335556,0.335556,0.335556,0.335556,0.994849
2026-07-25T01:28:47+00:00,bid,RTX 2070S,4,25,0.066831,0.066847,0.066944,0.067037,0.067037,,0.98731
2026-07-25T01:28:47+00:00,bid,RTX 2080 Ti,4,6,0.031111,0.049444,0.081667,0.108056,0.108889,0.107778,0.995004
2026-07-25T01:28:47+00:00,bid,RTX 3060,14,46,0.040222,0.045491,0.059028,0.102815,0.535556,0.051111,0.991187
2026-07-25T01:28:47+00:00,bid,RTX 3060 Ti,2,2,0.132889,0.233556,0.334222,0.434889,0.535556,0.535556,0.966765
2026-07-25T01:28:47+00:00,bid,RTX 3060 laptop,5,14,0.01363,0.017019,0.038444,0.062815,0.066963,0.064889,0.994259
2026-07-25T01:28:47+00:00,bid,RTX 3070,7,16,0.040556,0.081204,0.094444,0.188333,0.495556,0.094444,0.997367
2026-07-25T01:28:47+00:00,bid,RTX 3080,11,28,0.061481,0.0675,0.108148,0.240581,0.495556,0.127778,0.989518
2026-07-25T01:28:47+00:00,bid,RTX 3080 Ti,4,5,0.097037,0.125926,0.138889,0.153889,0.188889,0.142222,0.994116
2026-07-25T01:28:47+00:00,bid,RTX 3090,53,118,0.016889,0.107407,0.134074,0.163704,0.34963,0.134259,0.989378
2026-07-25T01:28:47+00:00,bid,RTX 4060,2,4,0.031111,0.036852,0.042593,0.048333,0.054074,0.054074,0.981071
2026-07-25T01:28:47+00:00,bid,RTX 4060 Ti,4,11,0.041111,0.041944,0.071667,0.102611,0.107111,0.104111,0.998073
2026-07-25T01:28:47+00:00,bid,RTX 4070,4,7,0.054444,0.058694,0.070611,0.098056,0.148889,0.070611,0.998424
2026-07-25T01:28:47+00:00,bid,RTX 4070 Ti,8,29,0.081481,0.093603,0.094167,0.124444,0.215556,0.094167,0.980941
2026-07-25T01:28:47+00:00,bid,RTX 4070S,6,24,0.06787,0.06838,0.070278,0.075093,0.081204,0.070278,0.99015
2026-07-25T01:28:47+00:00,bid,RTX 4070S Ti,7,25,0.166944,0.167222,0.167778,0.200833,0.202222,0.167778,0.999556
2026-07-25T01:28:47+00:00,bid,RTX 4080,7,15,0.133926,0.140463,0.147333,0.200889,0.255556,0.147333,0.991132
2026-07-25T01:28:47+00:00,bid,RTX 4080S,12,30,0.070494,0.13463,0.194509,0.201296,0.24037,0.201556,0.995265
2026-07-25T01:28:47+00:00,bid,RTX 4090,80,233,0.134074,0.236241,0.333759,0.538407,1.005037,0.387778,0.995448
2026-07-25T01:28:47+00:00,bid,RTX 4090D,4,8,0.604556,0.604972,0.605667,0.606222,0.606222,,0.967226
2026-07-25T01:28:47+00:00,bid,RTX 5000Ada,4,6,0.267778,0.268611,0.295,0.321389,0.322222,0.295,0.987169
2026-07-25T01:28:47+00:00,bid,RTX 5060,4,5,0.054444,0.055278,0.075556,0.108889,0.148889,0.148889,0.981475
2026-07-25T01:28:47+00:00,bid,RTX 5060 Ti,27,97,0.053519,0.068519,0.095556,0.120741,0.154444,0.101296,0.991956
2026-07-25T01:28:47+00:00,bid,RTX 5070,6,8,0.081111,0.083611,0.101111,0.138389,0.162222,0.130407,0.971535
2026-07-25T01:28:47+00:00,bid,RTX 5070 Ti,11,20,0.093889,0.095,0.107778,0.122222,0.268,0.095556,0.995464
2026-07-25T01:28:47+00:00,bid,RTX 5080,14,22,0.02963,0.161111,0.181667,0.201389,0.338519,0.200833,0.987704
2026-07-25T01:28:47+00:00,bid,RTX 5090,64,178,0.102222,0.321944,0.386796,0.534074,0.907222,0.387324,0.995067
2026-07-25T01:28:47+00:00,bid,RTX 5880Ada,5,7,0.33437,0.33437,0.335407,0.335407,0.335407,0.335407,0.997369
2026-07-25T01:28:47+00:00,bid,RTX 6000Ada,10,17,0.178926,0.388056,0.395,0.452222,0.775556,0.435556,0.985939
2026-07-25T01:28:47+00:00,bid,RTX A2000,2,2,0.03037,0.122815,0.215259,0.307704,0.400148,0.03037,0.996068
2026-07-25T01:28:47+00:00,bid,RTX A4000,9,52,0.024185,0.057111,0.078074,0.106801,0.107037,,0.99118
2026-07-25T01:28:47+00:00,bid,RTX A5000,5,18,0.040556,0.108519,0.11037,0.22958,0.334074,0.109444,0.996507
2026-07-25T01:28:47+00:00,bid,RTX A6000,5,13,0.302167,0.321111,0.373704,0.374444,0.375556,,0.987318
2026-07-25T01:28:47+00:00,bid,RTX PRO 2000,1,2,0.134074,0.134074,0.134074,0.134074,0.134074,,0.961914
2026-07-25T01:28:47+00:00,bid,RTX PRO 4000,13,31,0.067222,0.068444,0.182222,0.240494,0.242222,0.240617,0.99491
2026-07-25T01:28:47+00:00,bid,RTX PRO 5000,11,16,0.135111,0.165185,0.232593,0.467963,0.803704,0.185185,0.994655
2026-07-25T01:28:47+00:00,bid,RTX PRO 6000 S,17,36,0.402222,1.068148,1.06963,1.183704,1.343822,1.06963,0.998697
2026-07-25T01:28:47+00:00,bid,RTX PRO 6000 WS,23,41,0.177444,0.445711,0.668889,1.052296,2.002222,0.652333,0.993289
2026-07-25T01:28:47+00:00,bid,Tesla P100,2,2,0.041481,0.065,0.088519,0.112037,0.135556,0.135556,0.984449
2026-07-25T01:28:47+00:00,bid,Tesla P4,1,1,0.011926,0.011926,0.011926,0.011926,0.011926,,0.989585
2026-07-25T01:28:47+00:00,bid,Tesla P40,3,6,0.041481,0.049481,0.057481,0.061685,0.065889,0.061685,0.985578
2026-07-25T01:28:47+00:00,bid,Tesla T4,3,4,3.400741,3.401111,3.401481,3.401481,3.401481,,0.972394
2026-07-25T01:28:47+00:00,bid,Tesla V100,14,56,0.015556,0.017486,0.107565,0.134583,0.242222,0.134815,0.991247
2026-07-25T01:28:47+00:00,bid,Titan RTX,2,3,0.128519,0.130278,0.132037,0.133796,0.135556,0.135556,0.994773
2026-07-25T01:28:47+00:00,bid,Titan V,1,2,0.067778,0.067778,0.067778,0.067778,0.067778,0.067778,0.996311
2026-07-25T01:28:47+00:00,bid,Titan Xp,3,11,0.04037,0.040463,0.040556,0.041389,0.042222,0.040556,0.994878
2026-07-25T01:33:47+00:00,on-demand,A100 PCIE,12,28,0.400556,0.410764,0.699,1.001389,1.537739,0.848647,0.994608
2026-07-25T01:33:47+00:00,on-demand,A100 SXM4,27,77,0.40037,0.801667,1.042667,1.176296,1.458667,0.934815,0.995344
2026-07-25T01:33:47+00:00,on-demand,A800 PCIE,2,5,0.667222,0.667639,0.668056,0.668472,0.668889,,0.994203
2026-07-25T01:33:47+00:00,on-demand,B200,11,34,5.375174,6.189323,6.492361,7.002344,8.609722,6.492361,0.996059
2026-07-25T01:33:47+00:00,on-demand,B300,2,12,6.250521,6.875564,7.500608,8.125651,8.750694,8.750694,0.990795
2026-07-25T01:33:47+00:00,on-demand,GTX 1050 Ti,1,1,4.001481,4.001481,4.001481,4.001481,4.001481,,0.957005
2026-07-25T01:33:47+00:00,on-demand,GTX 1060,2,3,0.087778,0.088056,0.088333,0.088611,0.088889,0.088333,0.999297
2026-07-25T01:33:47+00:00,on-demand,GTX 1070 Ti,1,1,0.052889,0.052889,0.052889,0.052889,0.052889,0.052889,0.984982
2026-07-25T01:33:47+00:00,on-demand,GTX 1080,4,11,0.027778,0.044722,0.050704,0.051222,0.051778,0.051407,0.982403
2026-07-25T01:33:47+00:00,on-demand,GTX 1080 Ti,6,19,0.056,0.061639,0.06927,0.073829,0.081111,0.073651,0.996679
2026-07-25T01:33:47+00:00,on-demand,GTX 1650,1,1,0.048741,0.048741,0.048741,0.048741,0.048741,,0.947994
2026-07-25T01:33:47+00:00,on-demand,H100 NVL,5,7,1.334444,2.121481,2.122963,2.136,2.642222,2.122963,0.941904
2026-07-25T01:33:47+00:00,on-demand,H100 PCIE,1,1,1.362222,1.362222,1.362222,1.362222,1.362222,,0.967933
2026-07-25T01:33:47+00:00,on-demand,H100 SXM,12,35,1.491111,2.459074,2.861343,2.941722,4.218889,2.635481,0.971502
2026-07-25T01:33:47+00:00,on-demand,H200,6,21,3.934576,3.935124,4.073374,4.211486,4.342654,4.073374,0.998142
2026-07-25T01:33:47+00:00,on-demand,H200 NVL,8,20,2.800741,3.001944,3.334028,3.854722,5.073037,3.855556,0.975241
2026-07-25T01:33:47+00:00,on-demand,L4,2,7,0.333778,0.333944,0.334111,0.334278,0.334444,0.334111,0.99776
2026-07-25T01:33:47+00:00,on-demand,L40,5,9,0.295185,0.297037,0.454074,0.575556,0.577778,0.575556,0.996654
2026-07-25T01:33:47+00:00,on-demand,L40S,14,47,0.400741,0.466898,0.801111,1.068287,2.442222,0.802222,0.99777
2026-07-25T01:33:47+00:00,on-demand,Q RTX 5000,2,5,0.067222,0.067639,0.068056,0.068472,0.068889,,0.981831
2026-07-25T01:33:47+00:00,on-demand,Q RTX 6000,1,1,0.187037,0.187037,0.187037,0.187037,0.187037,,0.962055
2026-07-25T01:33:47+00:00,on-demand,Q RTX 8000,4,8,0.253704,0.253981,0.254444,0.261333,0.280889,0.254444,0.998615
2026-07-25T01:33:47+00:00,on-demand,Quadro GV100,1,1,0.467407,0.467407,0.467407,0.467407,0.467407,,0.967699
2026-07-25T01:33:47+00:00,on-demand,Quadro P4000,4,6,0.054444,0.054444,0.055,0.058444,0.067111,0.060778,0.979495
2026-07-25T01:33:47+00:00,on-demand,Quadro P5000,1,1,0.068148,0.068148,0.068148,0.068148,0.068148,,0.985179
2026-07-25T01:33:47+00:00,on-demand,RTX 2060,1,1,0.415556,0.415556,0.415556,0.415556,0.415556,0.415556,0.994849
2026-07-25T01:33:47+00:00,on-demand,RTX 2070,1,2,0.081111,0.081111,0.081111,0.081111,0.081111,0.081111,0.977511
2026-07-25T01:33:47+00:00,on-demand,RTX 2070S,3,21,0.073498,0.073508,0.073519,0.073611,0.073704,,0.98731
2026-07-25T01:33:47+00:00,on-demand,RTX 2080 Ti,7,21,0.068889,0.080039,0.121111,0.128815,0.136148,0.121667,0.995351
2026-07-25T01:33:47+00:00,on-demand,RTX 3060,16,49,0.032889,0.055556,0.080324,0.301444,1.334815,0.080324,0.993868
2026-07-25T01:33:47+00:00,on-demand,RTX 3060 Ti,1,1,0.040889,0.040889,0.040889,0.040889,0.040889,,0.990982
2026-07-25T01:33:47+00:00,on-demand,RTX 3060 laptop,7,17,0.026685,0.041667,0.055556,0.067481,0.070963,0.067481,0.996644
2026-07-25T01:33:47+00:00,on-demand,RTX 3070,11,35,0.079549,0.103935,0.107222,0.16737,0.562222,0.135185,0.972011
2026-07-25T01:33:47+00:00,on-demand,RTX 3080,9,32,0.060222,0.076296,0.113556,0.250999,0.252326,0.182277,0.996807
2026-07-25T01:33:47+00:00,on-demand,RTX 3080 Ti,4,4,0.108889,0.137889,0.158222,0.200556,0.295556,0.147556,0.994306
2026-07-25T01:33:47+00:00,on-demand,RTX 3090,44,121,0.106944,0.134352,0.207537,0.334722,16.003704,0.247407,0.991057
2026-07-25T01:33:47+00:00,on-demand,RTX 4060,11,34,0.060741,0.062778,0.066864,0.06721,0.082222,0.062778,0.994498
2026-07-25T01:33:47+00:00,on-demand,RTX 4060 Ti,3,10,0.081111,0.0875,0.093889,0.100833,0.107778,0.093889,0.998415
2026-07-25T01:33:47+00:00,on-demand,RTX 4070,3,4,0.082222,0.086667,0.091111,0.093333,0.095556,0.093333,0.993604
2026-07-25T01:33:47+00:00,on-demand,RTX 4070 Ti,7,27,0.09037,0.106929,0.107222,0.174444,0.242222,0.107222,0.980941
2026-07-25T01:33:47+00:00,on-demand,RTX 4070S,6,18,0.081111,0.082593,0.08875,0.094838,0.098148,0.08875,0.99031
2026-07-25T01:33:47+00:00,on-demand,RTX 4070S Ti,9,28,0.093889,0.122222,0.201111,0.267222,0.268889,0.267083,0.998017
2026-07-25T01:33:47+00:00,on-demand,RTX 4080,9,17,0.121481,0.161037,0.267778,0.276333,0.293926,0.268889,0.991132
2026-07-25T01:33:47+00:00,on-demand,RTX 4080S,11,29,0.124444,0.161667,0.202222,0.21375,0.29237,0.214963,0.996677
2026-07-25T01:33:47+00:00,on-demand,RTX 4090,55,179,0.090741,0.322407,0.401111,0.605556,1.335185,0.601852,0.99478
2026-07-25T01:33:47+00:00,on-demand,RTX 4090D,4,8,0.328148,0.582454,0.6675,0.668056,0.668889,0.328148,0.967226
2026-07-25T01:33:47+00:00,on-demand,RTX 5000Ada,3,5,0.427778,0.428333,0.428889,0.435,0.441111,0.428889,0.996334
2026-07-25T01:33:47+00:00,on-demand,RTX 5060,4,4,0.070222,0.074222,0.112222,0.157222,0.182222,0.126222,0.973181
2026-07-25T01:33:47+00:00,on-demand,RTX 5060 Ti,18,66,0.071111,0.085417,0.12037,0.150463,0.227407,0.127593,0.991229
2026-07-25T01:33:47+00:00,on-demand,RTX 5070,6,9,0.094444,0.102593,0.104074,0.126667,0.204444,0.119259,0.989252
2026-07-25T01:33:47+00:00,on-demand,RTX 5070 Ti,4,8,0.107407,0.107685,0.121111,0.13463,0.135185,0.121481,0.994688
2026-07-25T01:33:47+00:00,on-demand,RTX 5080,9,21,0.162222,0.18963,0.195556,0.200741,0.468148,0.227315,0.99212
2026-07-25T01:33:47+00:00,on-demand,RTX 5090,49,162,0.212889,0.413111,0.537037,0.86837,13.334444,0.735741,0.993701
2026-07-25T01:33:47+00:00,on-demand,RTX 5880Ada,4,15,0.453593,0.453787,0.454111,0.45463,0.455407,0.454111,0.997793
2026-07-25T01:33:47+00:00,on-demand,RTX 6000Ada,6,11,0.224889,0.440694,0.441667,0.621389,0.685926,0.683519,0.962526
2026-07-25T01:33:47+00:00,on-demand,RTX A2000,4,5,0.034074,0.03563,0.036148,0.150481,0.493481,,0.99803
2026-07-25T01:33:47+00:00,on-demand,RTX A4000,6,51,0.080185,0.080208,0.080417,0.12024,0.133519,0.080185,0.97131
2026-07-25T01:33:47+00:00,on-demand,RTX A4500,1,1,1.274815,1.274815,1.274815,1.274815,1.274815,,0.997978
2026-07-25T01:33:47+00:00,on-demand,RTX A5000,2,11,0.230914,10.17337,20.115827,30.058284,40.000741,0.230914,0.984122
2026-07-25T01:33:47+00:00,on-demand,RTX A6000,7,16,0.373889,0.380833,0.387778,0.402222,0.454444,,0.987318
2026-07-25T01:33:47+00:00,on-demand,RTX PRO 4000,12,24,0.187778,0.218085,0.258741,0.324907,0.535556,0.292593,0.983957
2026-07-25T01:33:47+00:00,on-demand,RTX PRO 4500,2,2,0.282222,0.297593,0.312963,0.328333,0.343704,0.343704,0.995165
2026-07-25T01:33:47+00:00,on-demand,RTX PRO 5000,10,16,0.27,0.395741,0.620926,0.855093,0.978519,0.620926,0.991628
2026-07-25T01:33:47+00:00,on-demand,RTX PRO 6000 S,14,44,1.333611,1.514583,1.697165,1.73463,1.736296,1.565463,0.998206
2026-07-25T01:33:47+00:00,on-demand,RTX PRO 6000 WS,19,40,0.802407,0.941759,1.134444,1.560972,13.335556,1.335926,0.980636
2026-07-25T01:33:47+00:00,on-demand,Tesla P100,4,8,0.044296,0.071907,0.081296,0.111667,0.202222,0.081481,0.973318
2026-07-25T01:33:47+00:00,on-demand,Tesla P4,1,1,0.023259,0.023259,0.023259,0.023259,0.023259,,0.989585
2026-07-25T01:33:47+00:00,on-demand,Tesla P40,3,6,0.054815,0.074815,0.094815,0.113685,0.132556,0.113685,0.985578
2026-07-25T01:33:47+00:00,on-demand,Tesla T4,2,3,12.000741,12.000926,12.001111,12.001296,12.001481,,0.972394
2026-07-25T01:33:47+00:00,on-demand,Tesla V100,11,49,0.019778,0.025917,0.083037,0.137083,0.268889,0.212889,0.982857
2026-07-25T01:33:47+00:00,on-demand,Titan RTX,2,3,0.135185,0.141944,0.148704,0.155463,0.162222,0.162222,0.994773
2026-07-25T01:33:47+00:00,on-demand,Titan Xp,3,11,0.053889,0.054722,0.055556,0.057963,0.06037,0.055556,0.996031
2026-07-25T01:33:47+00:00,bid,A100 PCIE,15,22,0.133889,0.135,0.135556,0.135556,0.46963,0.135556,0.995152
2026-07-25T01:33:47+00:00,bid,A100 SXM4,31,55,0.135556,0.401111,0.68037,0.935333,1.035667,0.642778,0.99588
2026-07-25T01:33:47+00:00,bid,A40,1,2,0.234074,0.234074,0.234074,0.234074,0.234074,0.234074,0.984291
2026-07-25T01:33:47+00:00,bid,A800 PCIE,6,11,0.129889,0.130444,0.131,0.131556,0.131556,,0.994203
2026-07-25T01:33:47+00:00,bid,B200,17,60,3.750174,5.625521,5.627083,6.854861,8.759722,5.627083,0.995497
2026-07-25T01:33:47+00:00,bid,B300,2,12,5.625521,6.170269,6.715017,7.259766,7.804514,7.804514,0.990795
2026-07-25T01:33:47+00:00,bid,GTX 1050 Ti,1,1,0.021562,0.021562,0.021562,0.021562,0.021562,,0.957005
2026-07-25T01:33:47+00:00,bid,GTX 1060,1,1,0.068148,0.068148,0.068148,0.068148,0.068148,0.068148,0.999236
2026-07-25T01:33:47+00:00,bid,GTX 1070 Ti,1,6,0.04037,0.04037,0.04037,0.04037,0.04037,0.04037,0.984982
2026-07-25T01:33:47+00:00,bid,GTX 1080,4,10,0.014815,0.033981,0.040741,0.041389,0.042222,0.041111,0.996161
2026-07-25T01:33:47+00:00,bid,GTX 1080 Ti,9,31,0.039556,0.041111,0.053651,0.054074,0.055556,0.05377,0.996983
2026-07-25T01:33:47+00:00,bid,H100 NVL,6,8,0.934444,0.935667,0.936,1.435111,1.934815,1.768148,0.926049
2026-07-25T01:33:47+00:00,bid,H100 PCIE,1,1,1.068889,1.068889,1.068889,1.068889,1.068889,,0.967933
2026-07-25T01:33:47+00:00,bid,H100 SXM,12,37,1.131111,1.834056,2.003333,2.667245,2.67037,2.001333,0.959979
2026-07-25T01:33:47+00:00,bid,H200,10,37,3.816155,3.832086,3.91239,3.948465,4.079496,3.91239,0.998926
2026-07-25T01:33:47+00:00,bid,H200 NVL,10,14,1.001111,1.336555,1.603556,1.968889,2.934667,1.339629,0.988668
2026-07-25T01:33:47+00:00,bid,L4,8,18,0.134074,0.13537,0.269815,0.320472,0.321111,0.269815,0.998047
2026-07-25T01:33:47+00:00,bid,L40,4,8,0.267407,0.283241,0.378704,0.469444,0.471111,0.468889,0.9903
2026-07-25T01:33:47+00:00,bid,L40S,22,65,0.333519,0.334722,0.535185,0.539815,0.801852,0.537037,0.994416
2026-07-25T01:33:47+00:00,bid,Q RTX 5000,4,11,0.040556,0.040972,0.041667,0.045093,0.053704,,0.981831
2026-07-25T01:33:47+00:00,bid,Q RTX 6000,1,1,0.16037,0.16037,0.16037,0.16037,0.16037,,0.962055
2026-07-25T01:33:47+00:00,bid,Q RTX 8000,3,3,0.015556,0.057667,0.099778,0.125667,0.151556,0.099778,0.997799
2026-07-25T01:33:47+00:00,bid,Quadro GV100,1,1,0.134074,0.134074,0.134074,0.134074,0.134074,,0.967699
2026-07-25T01:33:47+00:00,bid,Quadro P4000,3,4,0.041111,0.041667,0.042222,0.048111,0.054,0.054,0.962277
2026-07-25T01:33:47+00:00,bid,Quadro P5000,1,1,0.041481,0.041481,0.041481,0.041481,0.041481,,0.985179
2026-07-25T01:33:47+00:00,bid,RTX 2060,1,1,0.335556,0.335556,0.335556,0.335556,0.335556,0.335556,0.994849
2026-07-25T01:33:47+00:00,bid,RTX 2070S,3,17,0.066831,0.066934,0.067037,0.067037,0.067037,,0.98731
2026-07-25T01:33:47+00:00,bid,RTX 2080 Ti,3,4,0.070074,0.088926,0.107778,0.11463,0.121481,0.107778,0.996167
2026-07-25T01:33:47+00:00,bid,RTX 3060,16,49,0.040741,0.045509,0.06125,0.102815,0.535556,0.060694,0.991449
2026-07-25T01:33:47+00:00,bid,RTX 3060 Ti,3,4,0.041852,0.08737,0.132889,0.334222,0.535556,0.288704,0.988058
2026-07-25T01:33:47+00:00,bid,RTX 3060 laptop,4,13,0.017019,0.033088,0.051963,0.065852,0.066963,0.066222,0.996399
2026-07-25T01:33:47+00:00,bid,RTX 3070,7,12,0.059149,0.072148,0.093889,0.222222,0.495556,0.128056,0.990412
2026-07-25T01:33:47+00:00,bid,RTX 3080,10,28,0.06037,0.067431,0.187944,0.240726,0.495556,0.240415,0.996771
2026-07-25T01:33:47+00:00,bid,RTX 3080 Ti,5,7,0.097037,0.135556,0.141111,0.142222,0.188889,0.141667,0.993719
2026-07-25T01:33:47+00:00,bid,RTX 3090,52,120,0.066981,0.107866,0.134815,0.163704,0.301481,0.134815,0.990867
2026-07-25T01:33:47+00:00,bid,RTX 4000Ada,1,2,0.054222,0.054222,0.054222,0.054222,0.054222,,0.976278
2026-07-25T01:33:47+00:00,bid,RTX 4060,2,4,0.031111,0.036852,0.042593,0.048333,0.054074,0.054074,0.981071
2026-07-25T01:33:47+00:00,bid,RTX 4060 Ti,3,7,0.041111,0.041667,0.042222,0.074667,0.107111,0.107111,0.997757
2026-07-25T01:33:47+00:00,bid,RTX 4070,1,2,0.060111,0.060111,0.060111,0.060111,0.060111,0.060111,0.998991
2026-07-25T01:33:47+00:00,bid,RTX 4070 Ti,7,27,0.09358,0.09375,0.094444,0.155,0.215556,0.094444,0.980941
2026-07-25T01:33:47+00:00,bid,RTX 4070S,5,16,0.06787,0.068148,0.069074,0.071481,0.076296,0.070278,0.99015
2026-07-25T01:33:47+00:00,bid,RTX 4070S Ti,10,26,0.068889,0.167014,0.1675,0.192778,0.202222,0.167778,0.999506
2026-07-25T01:33:47+00:00,bid,RTX 4080,7,15,0.133926,0.140463,0.147333,0.174778,0.254444,0.147333,0.991132
2026-07-25T01:33:47+00:00,bid,RTX 4080S,13,32,0.06716,0.134074,0.187778,0.201037,0.24037,0.201037,0.996289
2026-07-25T01:33:47+00:00,bid,RTX 4090,69,195,0.081481,0.240593,0.33363,0.537037,1.005037,0.337037,0.99478
2026-07-25T01:33:47+00:00,bid,RTX 4090D,4,8,0.604556,0.604972,0.605667,0.606222,0.606222,,0.967226
2026-07-25T01:33:47+00:00,bid,RTX 5000Ada,5,7,0.267778,0.268889,0.268889,0.321111,0.322222,0.268889,0.978003
2026-07-25T01:33:47+00:00,bid,RTX 5060,3,4,0.054444,0.075,0.095556,0.122222,0.148889,0.148889,0.981475
2026-07-25T01:33:47+00:00,bid,RTX 5060 Ti,27,86,0.053519,0.067093,0.080691,0.1075,0.147778,0.080691,0.995577
2026-07-25T01:33:47+00:00,bid,RTX 5070,6,8,0.054815,0.081389,0.084722,0.113472,0.162222,0.104722,0.991448
2026-07-25T01:33:47+00:00,bid,RTX 5070 Ti,12,22,0.090222,0.094306,0.108333,0.13837,0.268,0.134444,0.995367
2026-07-25T01:33:47+00:00,bid,RTX 5080,15,25,0.02963,0.160926,0.167778,0.200833,0.21363,0.200833,0.987203
2026-07-25T01:33:47+00:00,bid,RTX 5090,68,176,0.102222,0.272593,0.374074,0.523576,0.907222,0.375,0.995136
2026-07-25T01:33:47+00:00,bid,RTX 5880Ada,4,6,0.33437,0.33437,0.334889,0.335407,0.335407,0.334889,0.997369
2026-07-25T01:33:47+00:00,bid,RTX 6000Ada,9,16,0.178926,0.387222,0.388889,0.402222,0.775556,0.402222,0.985939
2026-07-25T01:33:47+00:00,bid,RTX A2000,2,2,0.028148,0.121148,0.214148,0.307148,0.400148,0.028148,0.991841
2026-07-25T01:33:47+00:00,bid,RTX A4000,8,51,0.024185,0.048903,0.068167,0.106814,0.107037,,0.981245
2026-07-25T01:33:47+00:00,bid,RTX A5000,6,19,0.020556,0.043426,0.142685,0.215958,0.334074,0.11037,0.994511
2026-07-25T01:33:47+00:00,bid,RTX A6000,6,17,0.302167,0.334259,0.373796,0.374306,0.375556,,0.987318
2026-07-25T01:33:47+00:00,bid,RTX PRO 2000,1,2,0.134074,0.134074,0.134074,0.134074,0.134074,,0.961914
2026-07-25T01:33:47+00:00,bid,RTX PRO 4000,10,23,0.067222,0.068556,0.180833,0.230815,0.241481,0.241111,0.99479
2026-07-25T01:33:47+00:00,bid,RTX PRO 4500,1,1,0.27037,0.27037,0.27037,0.27037,0.27037,0.27037,0.995472
2026-07-25T01:33:47+00:00,bid,RTX PRO 5000,13,18,0.138518,0.205185,0.296296,0.533704,0.803704,0.232593,0.991761
2026-07-25T01:33:47+00:00,bid,RTX PRO 6000 S,14,32,0.402222,0.851111,1.068889,1.168241,1.357022,1.035185,0.997355
2026-07-25T01:33:47+00:00,bid,RTX PRO 6000 WS,24,42,0.309222,0.468148,0.668889,1.049148,2.002222,0.915556,0.987838
2026-07-25T01:33:47+00:00,bid,Tesla P100,2,2,0.041481,0.065,0.088519,0.112037,0.135556,0.135556,0.984449
2026-07-25T01:33:47+00:00,bid,Tesla P4,1,1,0.011926,0.011926,0.011926,0.011926,0.011926,,0.989585
2026-07-25T01:33:47+00:00,bid,Tesla P40,3,6,0.041481,0.049481,0.057481,0.061685,0.065889,0.061685,0.985578
2026-07-25T01:33:47+00:00,bid,Tesla T4,3,4,3.400741,3.401111,3.401481,3.401481,3.401481,,0.972394
2026-07-25T01:33:47+00:00,bid,Tesla V100,12,51,0.013611,0.016097,0.080944,0.161389,0.202222,0.162222,0.995924
2026-07-25T01:33:47+00:00,bid,Titan RTX,2,3,0.128519,0.130278,0.132037,0.133796,0.135556,0.135556,0.994773
2026-07-25T01:33:47+00:00,bid,Titan Xp,3,11,0.04037,0.040463,0.040556,0.041389,0.042222,0.040556,0.994878
2026-07-25T01:38:47+00:00,on-demand,A100 PCIE,13,32,0.413611,0.415556,0.867037,1.002222,1.537739,0.931842,0.99115
2026-07-25T01:38:47+00:00,on-demand,A100 SXM4,22,55,0.401481,0.817593,1.068667,1.217472,1.457333,1.061407,0.994689
2026-07-25T01:38:47+00:00,on-demand,A800 PCIE,3,7,0.667222,0.6675,0.667778,0.668333,0.668889,,0.994203
2026-07-25T01:38:47+00:00,on-demand,B200,15,62,5.375174,6.151997,6.252083,7.126953,10.627431,6.252083,0.995497
2026-07-25T01:38:47+00:00,on-demand,B300,2,12,6.250521,6.875564,7.500608,8.125651,8.750694,8.750694,0.990795
2026-07-25T01:38:47+00:00,on-demand,GTX 1050 Ti,1,1,4.001481,4.001481,4.001481,4.001481,4.001481,,0.957005
2026-07-25T01:38:47+00:00,on-demand,GTX 1060,2,3,0.087778,0.08787,0.087963,0.088056,0.088148,0.087963,0.999266
2026-07-25T01:38:47+00:00,on-demand,GTX 1070 Ti,1,1,0.052889,0.052889,0.052889,0.052889,0.052889,0.052889,0.997134
2026-07-25T01:38:47+00:00,on-demand,GTX 1080,5,15,0.027778,0.05037,0.051037,0.051222,0.051778,0.051222,0.996161
2026-07-25T01:38:47+00:00,on-demand,GTX 1080 Ti,6,22,0.056,0.063056,0.07127,0.073829,0.080317,0.073651,0.997196
2026-07-25T01:38:47+00:00,on-demand,H100 NVL,6,9,1.334444,1.532037,2.128741,2.248667,2.401333,2.203852,0.926049
2026-07-25T01:38:47+00:00,on-demand,H100 PCIE,1,1,1.362222,1.362222,1.362222,1.362222,1.362222,,0.967933
2026-07-25T01:38:47+00:00,on-demand,H100 SXM,13,37,1.655556,2.521111,2.802222,3.060444,4.218889,3.001333,0.988494
2026-07-25T01:38:47+00:00,on-demand,H200,8,30,3.934576,3.93549,4.210938,4.231274,4.342654,4.210938,0.998342
2026-07-25T01:38:47+00:00,on-demand,H200 NVL,7,17,2.801111,3.002222,3.333611,3.501222,4.450222,3.668,0.979071
2026-07-25T01:38:47+00:00,on-demand,L4,2,7,0.333778,0.333944,0.334111,0.334278,0.334444,0.334111,0.998106
2026-07-25T01:38:47+00:00,on-demand,L40,5,8,0.295185,0.297037,0.454074,0.457037,0.577778,0.457037,0.996654
2026-07-25T01:38:47+00:00,on-demand,L40S,15,51,0.40037,0.466944,0.556296,0.934722,2.442222,0.801204,0.995294
2026-07-25T01:38:47+00:00,on-demand,Q RTX 5000,3,7,0.067222,0.0675,0.067778,0.068333,0.068889,,0.981831
2026-07-25T01:38:47+00:00,on-demand,Q RTX 6000,1,1,0.187037,0.187037,0.187037,0.187037,0.187037,,0.962055
2026-07-25T01:38:47+00:00,on-demand,Q RTX 8000,4,8,0.253111,0.253556,0.253889,0.260778,0.280889,0.253889,0.998615
2026-07-25T01:38:47+00:00,on-demand,Quadro GV100,1,1,0.467407,0.467407,0.467407,0.467407,0.467407,,0.967699
2026-07-25T01:38:47+00:00,on-demand,Quadro P4000,4,6,0.054444,0.054444,0.055,0.055556,0.055556,0.055,0.979495
2026-07-25T01:38:47+00:00,on-demand,Quadro P5000,1,1,0.068148,0.068148,0.068148,0.068148,0.068148,,0.985179
2026-07-25T01:38:47+00:00,on-demand,RTX 2060,1,1,0.415556,0.415556,0.415556,0.415556,0.415556,0.415556,0.994849
2026-07-25T01:38:47+00:00,on-demand,RTX 2070S,2,13,0.073498,0.073549,0.073601,0.073652,0.073704,,0.992053
2026-07-25T01:38:47+00:00,on-demand,RTX 2080 Ti,7,22,0.068889,0.080039,0.087802,0.128815,0.136148,0.105012,0.995351
2026-07-25T01:38:47+00:00,on-demand,RTX 3060,18,54,0.050852,0.059917,0.076898,0.36863,1.335556,0.14037,0.996334
2026-07-25T01:38:47+00:00,on-demand,RTX 3060 Ti,2,2,0.040889,0.364556,0.688222,1.011889,1.335556,,0.968227
2026-07-25T01:38:47+00:00,on-demand,RTX 3060 laptop,7,17,0.026685,0.041667,0.055556,0.066222,0.068148,0.066222,0.994259
2026-07-25T01:38:47+00:00,on-demand,RTX 3070,11,37,0.079549,0.106991,0.107222,0.136111,0.562222,0.135185,0.99141
2026-07-25T01:38:47+00:00,on-demand,RTX 3080,12,36,0.060222,0.075093,0.1135,0.163861,0.252326,0.113556,0.99066
2026-07-25T01:38:47+00:00,on-demand,RTX 3080 Ti,7,9,0.075556,0.108333,0.135185,0.158222,0.295556,0.135185,0.993719
2026-07-25T01:38:47+00:00,on-demand,RTX 3090,48,129,0.113889,0.134352,0.241296,0.485278,16.003704,0.244074,0.989378
2026-07-25T01:38:47+00:00,on-demand,RTX 4060,9,25,0.062222,0.064444,0.066963,0.067259,0.082222,0.065802,0.995945
2026-07-25T01:38:47+00:00,on-demand,RTX 4060 Ti,1,4,0.107593,0.107593,0.107593,0.107593,0.107593,0.107593,0.997837
2026-07-25T01:38:47+00:00,on-demand,RTX 4070,3,4,0.082222,0.088333,0.094444,0.095,0.095556,0.095,0.997856
2026-07-25T01:38:47+00:00,on-demand,RTX 4070 Ti,6,18,0.106944,0.107361,0.107963,0.128704,0.241111,0.107963,0.980941
2026-07-25T01:38:47+00:00,on-demand,RTX 4070S,5,14,0.081852,0.082222,0.094537,0.095185,0.102963,0.094537,0.99015
2026-07-25T01:38:47+00:00,on-demand,RTX 4070S Ti,8,25,0.114444,0.144306,0.224444,0.253403,0.267222,0.248889,0.998736
2026-07-25T01:38:47+00:00,on-demand,RTX 4080,7,14,0.161037,0.227519,0.268889,0.2765,0.293926,0.268889,0.991132
2026-07-25T01:38:47+00:00,on-demand,RTX 4080S,14,37,0.129827,0.160694,0.18463,0.210764,0.292741,0.201667,0.995188
2026-07-25T01:38:47+00:00,on-demand,RTX 4090,58,188,0.090741,0.306926,0.401667,0.603704,1.337037,0.603704,0.994886
2026-07-25T01:38:47+00:00,on-demand,RTX 4090D,4,8,0.322815,0.58112,0.6675,0.668056,0.668889,0.322815,0.967226
2026-07-25T01:38:47+00:00,on-demand,RTX 5000Ada,2,3,0.428889,0.431944,0.435,0.438056,0.441111,0.435,0.987169
2026-07-25T01:38:47+00:00,on-demand,RTX 5060,4,4,0.075556,0.094389,0.118111,0.147222,0.182222,0.141444,0.995772
2026-07-25T01:38:47+00:00,on-demand,RTX 5060 Ti,21,80,0.069926,0.086852,0.113704,0.155556,0.227407,0.12713,0.991754
2026-07-25T01:38:47+00:00,on-demand,RTX 5060 laptop,1,1,0.135556,0.135556,0.135556,0.135556,0.135556,,0.970425
2026-07-25T01:38:47+00:00,on-demand,RTX 5070,8,14,0.080926,0.098519,0.104074,0.151389,0.214815,0.134444,0.991304
2026-07-25T01:38:47+00:00,on-demand,RTX 5070 Ti,6,11,0.107407,0.124028,0.135,0.135556,0.401333,0.260944,0.996885
2026-07-25T01:38:47+00:00,on-demand,RTX 5080,14,35,0.162963,0.174722,0.197963,0.245806,0.468148,0.254259,0.992112
2026-07-25T01:38:47+00:00,on-demand,RTX 5090,55,198,0.212889,0.466926,0.600926,0.869222,13.334444,0.647667,0.9905
2026-07-25T01:38:47+00:00,on-demand,RTX 5880Ada,4,15,0.453593,0.453787,0.454111,0.45463,0.455407,0.454111,0.997793
2026-07-25T01:38:47+00:00,on-demand,RTX 6000Ada,7,14,0.224889,0.440833,0.442222,0.681667,0.787407,0.682222,0.985939
2026-07-25T01:38:47+00:00,on-demand,RTX A2000,3,4,0.034074,0.035111,0.036148,0.264815,0.493481,,0.995152
2026-07-25T01:38:47+00:00,on-demand,RTX A4000,4,39,0.080185,0.080185,0.080231,0.093575,0.133468,0.080185,0.981245
2026-07-25T01:38:47+00:00,on-demand,RTX A4500,1,1,1.274815,1.274815,1.274815,1.274815,1.274815,,0.997978
2026-07-25T01:38:47+00:00,on-demand,RTX A5000,5,22,0.230914,0.230944,0.283185,40.000741,40.001481,0.230944,0.996507
2026-07-25T01:38:47+00:00,on-demand,RTX A6000,7,21,0.307778,0.380463,0.387222,0.388333,0.454444,,0.987318
2026-07-25T01:38:47+00:00,on-demand,RTX PRO 4000,13,30,0.187778,0.238914,0.263704,0.335185,0.535556,0.292593,0.983766
2026-07-25T01:38:47+00:00,on-demand,RTX PRO 4500,1,1,0.282222,0.282222,0.282222,0.282222,0.282222,,0.994858
2026-07-25T01:38:47+00:00,on-demand,RTX PRO 5000,9,14,0.273333,0.468148,0.641111,0.815852,0.897037,0.641111,0.991495
2026-07-25T01:38:47+00:00,on-demand,RTX PRO 6000 S,15,48,1.267778,1.417778,1.69698,1.734444,1.736296,1.501481,0.997747
2026-07-25T01:38:47+00:00,on-demand,RTX PRO 6000 WS,16,39,0.802407,0.980833,1.334907,1.498449,26.66963,1.337222,0.988638
2026-07-25T01:38:47+00:00,on-demand,Tesla P100,4,8,0.044296,0.071907,0.081296,0.111667,0.202222,0.081481,0.973318
2026-07-25T01:38:47+00:00,on-demand,Tesla P4,1,1,0.023259,0.023259,0.023259,0.023259,0.023259,,0.989585
2026-07-25T01:38:47+00:00,on-demand,Tesla P40,3,6,0.054815,0.074815,0.094815,0.113685,0.132556,0.113685,0.985578
2026-07-25T01:38:47+00:00,on-demand,Tesla T4,2,3,12.000741,12.000926,12.001111,12.001296,12.001481,,0.972394
2026-07-25T01:38:47+00:00,on-demand,Tesla V100,14,63,0.019222,0.023014,0.025917,0.100968,0.268889,0.217917,0.991159
2026-07-25T01:38:47+00:00,on-demand,Titan RTX,3,4,0.135185,0.136111,0.137037,0.15,0.162963,0.162963,0.991147
2026-07-25T01:38:47+00:00,on-demand,Titan Xp,2,7,0.055556,0.056759,0.057963,0.059167,0.06037,0.057963,0.994872
2026-07-25T01:38:47+00:00,bid,A100 PCIE,12,19,0.133889,0.134444,0.135556,0.168611,0.46963,0.368704,0.994064
2026-07-25T01:38:47+00:00,bid,A100 SXM4,25,47,0.135556,0.401481,0.680741,0.934667,1.035667,0.503333,0.992304
2026-07-25T01:38:47+00:00,bid,A40,1,2,0.234074,0.234074,0.234074,0.234074,0.234074,0.234074,0.984291
2026-07-25T01:38:47+00:00,bid,A800 PCIE,6,11,0.129889,0.130444,0.131,0.131556,0.131556,,0.994203
2026-07-25T01:38:47+00:00,bid,B200,9,29,3.750174,5.627083,6.255208,6.854861,8.752431,6.255208,0.996928
2026-07-25T01:38:47+00:00,bid,B300,2,12,5.625521,6.170269,6.715017,7.259766,7.804514,7.804514,0.990795
2026-07-25T01:38:47+00:00,bid,GTX 1050 Ti,1,1,0.021562,0.021562,0.021562,0.021562,0.021562,,0.957005
2026-07-25T01:38:47+00:00,bid,GTX 1060,1,1,0.068148,0.068148,0.068148,0.068148,0.068148,0.068148,0.999236
2026-07-25T01:38:47+00:00,bid,GTX 1070 Ti,2,6,0.040556,0.040694,0.040833,0.040972,0.041111,0.040833,0.995143
2026-07-25T01:38:47+00:00,bid,GTX 1080,4,12,0.04037,0.040509,0.041389,0.042222,0.042222,0.040556,0.996413
2026-07-25T01:38:47+00:00,bid,GTX 1080 Ti,8,24,0.039556,0.040972,0.047937,0.053935,0.054444,0.053651,0.992075
2026-07-25T01:38:47+00:00,bid,H100 NVL,7,9,0.934444,0.935556,0.936,1.935555,1.936296,1.936296,0.939643
2026-07-25T01:38:47+00:00,bid,H100 PCIE,1,1,1.068889,1.068889,1.068889,1.068889,1.068889,,0.967933
2026-07-25T01:38:47+00:00,bid,H100 SXM,9,31,1.131111,2.001333,2.005333,2.534444,2.667593,2.005333,0.992167
2026-07-25T01:38:47+00:00,bid,H200,6,21,3.816155,3.816703,3.882584,3.948328,4.079496,3.882584,0.998142
2026-07-25T01:38:47+00:00,bid,H200 NVL,7,11,0.403778,1.218,1.461838,1.934815,3.077778,1.354475,0.975961
2026-07-25T01:38:47+00:00,bid,L4,5,11,0.134074,0.134444,0.268889,0.271852,0.320444,0.268889,0.997504
2026-07-25T01:38:47+00:00,bid,L40,5,9,0.267407,0.288519,0.401852,0.403704,0.471111,0.402778,0.994367
2026-07-25T01:38:47+00:00,bid,L40S,21,62,0.200185,0.335556,0.535185,0.540741,0.803704,0.537037,0.998273
2026-07-25T01:38:47+00:00,bid,Q RTX 5000,5,13,0.040556,0.042222,0.053704,0.054074,0.054074,,0.915121
2026-07-25T01:38:47+00:00,bid,Q RTX 6000,1,1,0.16037,0.16037,0.16037,0.16037,0.16037,,0.962055
2026-07-25T01:38:47+00:00,bid,Q RTX 8000,3,3,0.015556,0.057667,0.099778,0.125667,0.151556,0.099778,0.997799
2026-07-25T01:38:47+00:00,bid,Quadro GV100,1,1,0.134074,0.134074,0.134074,0.134074,0.134074,,0.967699
2026-07-25T01:38:47+00:00,bid,Quadro P4000,3,4,0.041111,0.041667,0.042222,0.049481,0.056741,0.056741,0.962277
2026-07-25T01:38:47+00:00,bid,Quadro P5000,1,1,0.041481,0.041481,0.041481,0.041481,0.041481,,0.985179
2026-07-25T01:38:47+00:00,bid,RTX 2060,1,1,0.335556,0.335556,0.335556,0.335556,0.335556,0.335556,0.994849
2026-07-25T01:38:47+00:00,bid,RTX 2070S,3,21,0.066831,0.066842,0.066852,0.066944,0.067037,,0.98731
2026-07-25T01:38:47+00:00,bid,RTX 2080 Ti,4,5,0.070074,0.09863,0.108519,0.110602,0.115741,0.108519,0.998217
2026-07-25T01:38:47+00:00,bid,RTX 3060,16,51,0.031407,0.045509,0.057565,0.108481,0.535556,0.066944,0.991449
2026-07-25T01:38:47+00:00,bid,RTX 3060 Ti,3,3,0.103704,0.118296,0.132889,0.334222,0.535556,0.31963,0.988058
2026-07-25T01:38:47+00:00,bid,RTX 3060 laptop,5,15,0.017019,0.038444,0.062815,0.065481,0.066963,0.065481,0.996153
2026-07-25T01:38:47+00:00,bid,RTX 3070,5,9,0.059149,0.068519,0.093889,0.282222,0.495556,0.188056,0.997367
2026-07-25T01:38:47+00:00,bid,RTX 3080,9,22,0.060741,0.066944,0.102222,0.24083,0.495556,0.240622,0.989518
2026-07-25T01:38:47+00:00,bid,RTX 3080 Ti,5,6,0.095556,0.097037,0.135556,0.142222,0.188889,0.142222,0.994513
2026-07-25T01:38:47+00:00,bid,RTX 3090,48,102,0.041111,0.108463,0.13463,0.162315,0.34963,0.134815,0.991048
2026-07-25T01:38:47+00:00,bid,RTX 4060,2,4,0.031111,0.036852,0.042593,0.048333,0.054074,0.054074,0.981071
2026-07-25T01:38:47+00:00,bid,RTX 4060 Ti,5,13,0.035556,0.041111,0.055778,0.101111,0.107111,0.101111,0.99721
2026-07-25T01:38:47+00:00,bid,RTX 4070,2,3,0.055556,0.056694,0.057833,0.058972,0.060111,0.057833,0.998991
2026-07-25T01:38:47+00:00,bid,RTX 4070 Ti,6,18,0.081481,0.093681,0.094167,0.184444,0.215556,0.094167,0.986849
2026-07-25T01:38:47+00:00,bid,RTX 4070S,5,17,0.054444,0.06787,0.069074,0.076296,0.084815,0.069074,0.979455
2026-07-25T01:38:47+00:00,bid,RTX 4070S Ti,7,22,0.166944,0.167222,0.167778,0.168333,0.202222,0.167778,0.999556
2026-07-25T01:38:47+00:00,bid,RTX 4080,7,15,0.133926,0.140463,0.147333,0.174778,0.254444,0.147333,0.991132
2026-07-25T01:38:47+00:00,bid,RTX 4080S,11,29,0.06716,0.175185,0.200556,0.201556,0.24037,0.201556,0.996677
2026-07-25T01:38:47+00:00,bid,RTX 4090,66,186,0.134074,0.24037,0.333704,0.406481,1.005037,0.388333,0.995448
2026-07-25T01:38:47+00:00,bid,RTX 4090D,4,8,0.604556,0.604972,0.605667,0.606222,0.606222,,0.967226
2026-07-25T01:38:47+00:00,bid,RTX 5000Ada,3,4,0.268889,0.268889,0.268889,0.295,0.321111,0.268889,0.978003
2026-07-25T01:38:47+00:00,bid,RTX 5060,3,4,0.054444,0.075,0.095556,0.122222,0.148889,0.148889,0.981475
2026-07-25T01:38:47+00:00,bid,RTX 5060 Ti,25,83,0.046815,0.067222,0.08163,0.107222,0.153889,0.08163,0.987726
2026-07-25T01:38:47+00:00,bid,RTX 5070,4,6,0.081111,0.085694,0.118426,0.152778,0.162222,0.14963,0.98876
2026-07-25T01:38:47+00:00,bid,RTX 5070 Ti,15,30,0.005741,0.094167,0.108889,0.142222,0.268,0.133926,0.99446
2026-07-25T01:38:47+00:00,bid,RTX 5080,17,27,0.02963,0.123704,0.175556,0.201111,0.338519,0.200556,0.987203
2026-07-25T01:38:47+00:00,bid,RTX 5090,65,196,0.102222,0.293889,0.399778,0.533704,0.907222,0.43162,0.995016
2026-07-25T01:38:47+00:00,bid,RTX 5880Ada,4,6,0.33437,0.33437,0.334889,0.335407,0.335407,0.334889,0.997369
2026-07-25T01:38:47+00:00,bid,RTX 6000Ada,10,18,0.178926,0.387778,0.388889,0.401944,0.747654,0.402222,0.962526
2026-07-25T01:38:47+00:00,bid,RTX A2000,2,2,0.03037,0.122815,0.215259,0.307704,0.400148,0.03037,0.996068
2026-07-25T01:38:47+00:00,bid,RTX A4000,7,49,0.024185,0.040694,0.079222,0.106827,0.107037,,0.97131
2026-07-25T01:38:47+00:00,bid,RTX A5000,6,26,0.021556,0.108981,0.169975,0.229603,0.334074,0.11037,0.996507
2026-07-25T01:38:47+00:00,bid,RTX A6000,7,16,0.202593,0.311639,0.373704,0.375,0.375556,,0.987318
2026-07-25T01:38:47+00:00,bid,RTX PRO 2000,1,2,0.134074,0.134074,0.134074,0.134074,0.134074,,0.961914
2026-07-25T01:38:47+00:00,bid,RTX PRO 4000,11,29,0.067222,0.068111,0.180556,0.228765,0.253081,0.240494,0.984149
2026-07-25T01:38:47+00:00,bid,RTX PRO 5000,12,18,0.135111,0.165185,0.294444,0.573881,0.803704,0.205185,0.993399
2026-07-25T01:38:47+00:00,bid,RTX PRO 6000 S,20,50,0.402222,1.067407,1.06963,1.188333,1.467222,1.06963,0.998217
2026-07-25T01:38:47+00:00,bid,RTX PRO 6000 WS,19,35,0.538519,0.668889,0.804444,1.050148,2.002222,1.031111,0.992578
2026-07-25T01:38:47+00:00,bid,Tesla P100,2,2,0.041481,0.065,0.088519,0.112037,0.135556,0.135556,0.984449
2026-07-25T01:38:47+00:00,bid,Tesla P4,1,1,0.011926,0.011926,0.011926,0.011926,0.011926,,0.989585
2026-07-25T01:38:47+00:00,bid,Tesla P40,3,6,0.041481,0.049481,0.057481,0.061685,0.065889,0.061685,0.985578
2026-07-25T01:38:47+00:00,bid,Tesla T4,2,3,3.400741,3.400926,3.401111,3.401296,3.401481,,0.972394
2026-07-25T01:38:47+00:00,bid,Tesla V100,14,67,0.013611,0.014722,0.018167,0.081231,0.242222,0.162222,0.993069
2026-07-25T01:38:47+00:00,bid,Titan RTX,2,3,0.128519,0.130278,0.132037,0.133796,0.135556,0.135556,0.994773
2026-07-25T01:38:47+00:00,bid,Titan Xp,3,11,0.04037,0.040463,0.040556,0.041389,0.042222,0.040556,0.994878
2026-07-25T01:43:46+00:00,on-demand,A100 PCIE,11,26,0.400278,0.414167,0.867037,0.999981,1.537739,0.932573,0.995152
2026-07-25T01:43:46+00:00,on-demand,A100 SXM4,25,67,0.40037,0.801111,1.042667,1.188,1.458667,1.042667,0.99588
2026-07-25T01:43:46+00:00,on-demand,A800 PCIE,3,7,0.667222,0.6675,0.667778,0.668333,0.668889,,0.994203
2026-07-25T01:43:46+00:00,on-demand,B200,11,34,5.375174,6.151997,6.492361,8.607292,10.629861,6.492361,0.996928
2026-07-25T01:43:46+00:00,on-demand,B300,2,12,6.250521,6.875564,7.500608,8.125651,8.750694,8.750694,0.990795
2026-07-25T01:43:46+00:00,on-demand,GTX 1050 Ti,1,1,4.001481,4.001481,4.001481,4.001481,4.001481,,0.957005
2026-07-25T01:43:46+00:00,on-demand,GTX 1060,2,3,0.087778,0.08787,0.087963,0.088056,0.088148,0.087963,0.999266
2026-07-25T01:43:46+00:00,on-demand,GTX 1070 Ti,1,2,0.051778,0.051778,0.051778,0.051778,0.051778,0.051778,0.993055
2026-07-25T01:43:46+00:00,on-demand,GTX 1080,4,10,0.027778,0.033056,0.042926,0.052167,0.055556,0.053296,0.992988
2026-07-25T01:43:46+00:00,on-demand,GTX 1080 Ti,6,17,0.056,0.063056,0.071667,0.078849,0.080556,0.074444,0.991094
2026-07-25T01:43:46+00:00,on-demand,GTX 1650,1,1,0.048741,0.048741,0.048741,0.048741,0.048741,,0.947994
2026-07-25T01:43:46+00:00,on-demand,H100 NVL,5,7,1.334444,1.335556,2.121481,2.402667,2.642222,2.381852,0.912456
2026-07-25T01:43:46+00:00,on-demand,H100 PCIE,1,1,1.362222,1.362222,1.362222,1.362222,1.362222,,0.967933
2026-07-25T01:43:46+00:00,on-demand,H100 SXM,13,37,1.491111,2.26963,2.801111,3.002667,4.218889,2.26963,0.988681
2026-07-25T01:43:46+00:00,on-demand,H200,6,21,3.934576,3.935124,4.073374,4.211486,4.342654,4.073374,0.997356
2026-07-25T01:43:46+00:00,on-demand,H200 NVL,7,18,2.800741,3.20125,3.334444,3.855,4.410222,3.855556,0.974521
2026-07-25T01:43:46+00:00,on-demand,L4,3,7,0.202222,0.268056,0.333889,0.334167,0.334444,0.334167,0.997504
2026-07-25T01:43:46+00:00,on-demand,L40,3,5,0.297037,0.375556,0.454074,0.515926,0.577778,0.515926,0.996654
2026-07-25T01:43:46+00:00,on-demand,L40S,13,48,0.40037,0.466852,0.615556,1.067593,2.442222,0.801204,0.997327
2026-07-25T01:43:46+00:00,on-demand,Q RTX 5000,3,7,0.067222,0.0675,0.067778,0.068333,0.068889,,0.981831
2026-07-25T01:43:46+00:00,on-demand,Q RTX 8000,4,8,0.253704,0.253981,0.262593,0.273556,0.280889,0.262593,0.998615
2026-07-25T01:43:46+00:00,on-demand,Quadro GV100,1,1,0.467407,0.467407,0.467407,0.467407,0.467407,,0.967699
2026-07-25T01:43:46+00:00,on-demand,Quadro P4000,4,6,0.054444,0.054444,0.055,0.058519,0.067407,0.060926,0.978104
2026-07-25T01:43:46+00:00,on-demand,Quadro P5000,1,1,0.068148,0.068148,0.068148,0.068148,0.068148,,0.985179
2026-07-25T01:43:46+00:00,on-demand,RTX 2060,1,1,0.415556,0.415556,0.415556,0.415556,0.415556,0.415556,0.994849
2026-07-25T01:43:46+00:00,on-demand,RTX 2070S,3,21,0.073498,0.073508,0.073519,0.073611,0.073704,,0.98731
2026-07-25T01:43:46+00:00,on-demand,RTX 2080 Ti,6,17,0.068889,0.080035,0.101139,0.132111,0.136148,0.122222,0.995028
2026-07-25T01:43:46+00:00,on-demand,RTX 3060,16,44,0.050852,0.055556,0.070638,0.468889,1.335556,0.174065,0.997219
2026-07-25T01:43:46+00:00,on-demand,RTX 3060 Ti,2,2,0.040889,0.364556,0.688222,1.011889,1.335556,,0.968227
2026-07-25T01:43:46+00:00,on-demand,RTX 3060 laptop,6,15,0.026685,0.041389,0.048889,0.061,0.06963,0.062815,0.996727
2026-07-25T01:43:46+00:00,on-demand,RTX 3070,11,37,0.079549,0.103935,0.107222,0.148704,0.562222,0.135556,0.99141
2026-07-25T01:43:46+00:00,on-demand,RTX 3080,10,33,0.060222,0.085583,0.116917,0.221953,0.252326,0.182277,0.99505
2026-07-25T01:43:46+00:00,on-demand,RTX 3080 Ti,5,6,0.13037,0.135556,0.137037,0.168889,0.295556,0.137037,0.994513
2026-07-25T01:43:46+00:00,on-demand,RTX 3090,45,126,0.106944,0.13537,0.201111,0.468889,16.003704,0.247407,0.991021
2026-07-25T01:43:46+00:00,on-demand,RTX 4060,5,16,0.066864,0.06716,0.067259,0.067852,0.082222,0.06716,0.964209
2026-07-25T01:43:46+00:00,on-demand,RTX 4060 Ti,3,7,0.067778,0.068333,0.068889,0.074907,0.080926,0.080926,0.99721
2026-07-25T01:43:46+00:00,on-demand,RTX 4070,3,11,0.082222,0.085556,0.088889,0.091389,0.093889,0.091389,0.993825
2026-07-25T01:43:46+00:00,on-demand,RTX 4070 Ti,6,19,0.09037,0.106991,0.1075,0.128611,0.241111,0.1075,0.980941
2026-07-25T01:43:46+00:00,on-demand,RTX 4070S,6,16,0.080617,0.081296,0.083148,0.0925,0.097037,0.081481,0.990471
2026-07-25T01:43:46+00:00,on-demand,RTX 4070S Ti,11,30,0.093889,0.115037,0.133889,0.257917,0.267778,0.257917,0.992706
2026-07-25T01:43:46+00:00,on-demand,RTX 4080,7,14,0.161037,0.227519,0.268889,0.2765,0.293926,0.268889,0.991132
2026-07-25T01:43:46+00:00,on-demand,RTX 4080S,10,29,0.160556,0.161944,0.178519,0.210764,0.29237,0.202222,0.996555
2026-07-25T01:43:46+00:00,on-demand,RTX 4090,55,178,0.09037,0.307852,0.400794,0.581852,1.337037,0.549444,0.994831
2026-07-25T01:43:46+00:00,on-demand,RTX 4090D,4,8,0.324148,0.581454,0.6675,0.668056,0.668889,0.324148,0.967226
2026-07-25T01:43:46+00:00,on-demand,RTX 5000Ada,3,5,0.427778,0.428333,0.428889,0.435,0.441111,0.428889,0.996334
2026-07-25T01:43:46+00:00,on-demand,RTX 5060,3,3,0.075556,0.105556,0.135556,0.158889,0.182222,0.182222,0.996427
2026-07-25T01:43:46+00:00,on-demand,RTX 5060 Ti,20,62,0.071111,0.086255,0.110648,0.160167,0.227407,0.13037,0.992754
2026-07-25T01:43:46+00:00,on-demand,RTX 5060 laptop,1,1,0.135556,0.135556,0.135556,0.135556,0.135556,,0.970425
2026-07-25T01:43:46+00:00,on-demand,RTX 5070,9,15,0.080926,0.102222,0.104444,0.135556,0.202222,0.127778,0.993479
2026-07-25T01:43:46+00:00,on-demand,RTX 5070 Ti,8,14,0.107407,0.112639,0.134815,0.135556,0.401333,0.124537,0.996568
2026-07-25T01:43:46+00:00,on-demand,RTX 5080,11,28,0.161481,0.174167,0.177778,0.2475,0.468148,0.267222,0.988659
2026-07-25T01:43:46+00:00,on-demand,RTX 5090,54,174,0.212889,0.467139,0.550523,0.827686,13.334444,0.664139,0.989825
2026-07-25T01:43:46+00:00,on-demand,RTX 5880Ada,4,15,0.453593,0.453787,0.454111,0.45463,0.455407,0.454111,0.997793
2026-07-25T01:43:46+00:00,on-demand,RTX 6000Ada,7,14,0.224889,0.440833,0.535556,0.734741,0.787778,0.787407,0.989785
2026-07-25T01:43:46+00:00,on-demand,RTX A2000,4,5,0.034074,0.03563,0.036148,0.150481,0.493481,,0.995152
2026-07-25T01:43:46+00:00,on-demand,RTX A4000,4,39,0.080185,0.080185,0.106827,0.133481,0.133519,0.080185,0.97131
2026-07-25T01:43:46+00:00,on-demand,RTX A4500,1,1,1.274815,1.274815,1.274815,1.274815,1.274815,,0.997978
2026-07-25T01:43:46+00:00,on-demand,RTX A5000,1,8,0.230944,0.230944,0.230944,0.230944,0.230944,0.230944,0.996507
2026-07-25T01:43:46+00:00,on-demand,RTX A6000,7,21,0.373889,0.380741,0.387222,0.388333,0.454444,,0.987318
2026-07-25T01:43:46+00:00,on-demand,RTX PRO 4000,12,25,0.188889,0.240611,0.307315,0.335648,0.535556,0.321481,0.984149
2026-07-25T01:43:46+00:00,on-demand,RTX PRO 4500,1,1,0.282222,0.282222,0.282222,0.282222,0.282222,,0.994858
2026-07-25T01:43:46+00:00,on-demand,RTX PRO 5000,9,15,0.27,0.468148,0.64037,0.895185,0.922519,0.656111,0.991495
2026-07-25T01:43:46+00:00,on-demand,RTX PRO 6000 S,16,49,1.268889,1.475741,1.696888,1.734259,1.736296,1.541852,0.997286
2026-07-25T01:43:46+00:00,on-demand,RTX PRO 6000 WS,17,37,0.802407,0.974222,1.134444,1.468889,13.335556,1.335926,0.987838
2026-07-25T01:43:46+00:00,on-demand,Tesla P100,4,8,0.044296,0.071907,0.081667,0.112222,0.202222,0.082222,0.963105
2026-07-25T01:43:46+00:00,on-demand,Tesla P4,1,1,0.023259,0.023259,0.023259,0.023259,0.023259,,0.989585
2026-07-25T01:43:46+00:00,on-demand,Tesla P40,3,6,0.054815,0.074815,0.094815,0.113685,0.132556,0.113685,0.985578
2026-07-25T01:43:46+00:00,on-demand,Tesla T4,2,3,12.000741,12.000926,12.001111,12.001296,12.001481,,0.972394
2026-07-25T01:43:46+00:00,on-demand,Tesla V100,16,59,0.019222,0.022819,0.079222,0.107014,0.268889,0.166944,0.991159
2026-07-25T01:43:46+00:00,on-demand,Titan RTX,3,4,0.135185,0.136111,0.137037,0.15,0.162963,0.162963,0.991147
2026-07-25T01:43:46+00:00,on-demand,Titan V,1,2,0.091778,0.091778,0.091778,0.091778,0.091778,0.091778,0.996311
2026-07-25T01:43:46+00:00,on-demand,Titan Xp,3,11,0.055556,0.057963,0.06037,0.060463,0.060556,0.06037,0.994878
2026-07-25T01:43:46+00:00,bid,A100 PCIE,14,20,0.133889,0.135556,0.135556,0.135556,0.46963,0.267778,0.995152
2026-07-25T01:43:46+00:00,bid,A100 SXM4,26,47,0.135556,0.401481,0.720741,0.901667,1.035667,0.680741,0.995148
2026-07-25T01:43:46+00:00,bid,A800 PCIE,5,10,0.129889,0.130444,0.130444,0.131556,0.131556,,0.994203
2026-07-25T01:43:46+00:00,bid,B200,9,29,3.750174,5.626042,6.251302,6.260417,6.859722,6.251302,0.995497
2026-07-25T01:43:46+00:00,bid,B300,2,12,5.625521,6.170269,6.715017,7.259766,7.804514,7.804514,0.990795
2026-07-25T01:43:46+00:00,bid,GTX 1050 Ti,1,1,0.021562,0.021562,0.021562,0.021562,0.021562,,0.957005
2026-07-25T01:43:46+00:00,bid,GTX 1060,1,1,0.068148,0.068148,0.068148,0.068148,0.068148,0.068148,0.999236
2026-07-25T01:43:46+00:00,bid,GTX 1070 Ti,3,9,0.04037,0.040741,0.041111,0.041667,0.042222,0.041111,0.993055
2026-07-25T01:43:46+00:00,bid,GTX 1080,3,9,0.014815,0.027685,0.040556,0.040556,0.040556,0.040556,0.991624
2026-07-25T01:43:46+00:00,bid,GTX 1080 Ti,10,31,0.039556,0.040694,0.047937,0.054028,0.054444,0.053651,0.995341
2026-07-25T01:43:46+00:00,bid,H100 NVL,8,12,0.934444,0.934667,0.935778,1.185704,1.936296,1.935555,0.939643
2026-07-25T01:43:46+00:00,bid,H100 PCIE,1,1,1.068889,1.068889,1.068889,1.068889,1.068889,,0.967933
2026-07-25T01:43:46+00:00,bid,H100 SXM,9,31,0.936296,1.335556,2.001333,2.534444,2.667593,2.001333,0.988494
2026-07-25T01:43:46+00:00,bid,H200,7,22,3.646807,3.816338,3.817251,3.948191,4.079496,3.817251,0.997759
2026-07-25T01:43:46+00:00,bid,H200 NVL,9,12,0.403778,1.335555,1.339704,1.868889,3.077778,2.137185,0.98493
2026-07-25T01:43:46+00:00,bid,L4,8,17,0.134074,0.134722,0.148889,0.231222,0.320556,0.148889,0.997906
2026-07-25T01:43:46+00:00,bid,L40,4,8,0.267407,0.283241,0.378704,0.469444,0.471111,0.468889,0.9903
2026-07-25T01:43:46+00:00,bid,L40S,24,71,0.20037,0.333704,0.534259,0.535648,0.615556,0.535,0.997327
2026-07-25T01:43:46+00:00,bid,Q RTX 5000,5,13,0.040556,0.041111,0.041111,0.042222,0.053704,,0.981831
2026-07-25T01:43:46+00:00,bid,Q RTX 6000,1,1,0.16037,0.16037,0.16037,0.16037,0.16037,,0.962055
2026-07-25T01:43:46+00:00,bid,Q RTX 8000,4,5,0.014444,0.015278,0.015556,0.036611,0.099778,0.015556,0.997799
2026-07-25T01:43:46+00:00,bid,Quadro GV100,1,1,0.134074,0.134074,0.134074,0.134074,0.134074,,0.967699
2026-07-25T01:43:46+00:00,bid,Quadro P4000,3,4,0.041111,0.041667,0.042222,0.044667,0.047111,0.047111,0.962277
2026-07-25T01:43:46+00:00,bid,Quadro P5000,1,1,0.041481,0.041481,0.041481,0.041481,0.041481,,0.985179
2026-07-25T01:43:46+00:00,bid,RTX 2060,1,1,0.335556,0.335556,0.335556,0.335556,0.335556,0.335556,0.994849
2026-07-25T01:43:46+00:00,bid,RTX 2070S,3,21,0.066831,0.066842,0.066852,0.066944,0.067037,,0.98731
2026-07-25T01:43:46+00:00,bid,RTX 2080 Ti,5,7,0.067778,0.070074,0.108889,0.108889,0.115741,0.108889,0.997292
2026-07-25T01:43:46+00:00,bid,RTX 3060,15,46,0.031407,0.051037,0.058074,0.118667,0.535556,0.100731,0.995872
2026-07-25T01:43:46+00:00,bid,RTX 3060 Ti,2,2,0.132889,0.233556,0.334222,0.434889,0.535556,0.535556,0.966765
2026-07-25T01:43:46+00:00,bid,RTX 3060 laptop,5,15,0.017019,0.038444,0.065481,0.066963,0.101111,0.066963,0.996644
2026-07-25T01:43:46+00:00,bid,RTX 3070,9,17,0.040556,0.068519,0.093889,0.162222,0.495556,0.094444,0.990412
2026-07-25T01:43:46+00:00,bid,RTX 3080,11,25,0.061481,0.083963,0.108148,0.240581,0.495556,0.184055,0.989518
2026-07-25T01:43:46+00:00,bid,RTX 3080 Ti,6,6,0.07037,0.090556,0.09963,0.127593,0.188889,0.103704,0.995568
2026-07-25T01:43:46+00:00,bid,RTX 3090,48,115,0.066981,0.107866,0.134259,0.155546,0.255556,0.134815,0.991057
2026-07-25T01:43:46+00:00,bid,RTX 4060,2,4,0.031111,0.036852,0.042593,0.048333,0.054074,0.054074,0.981071
2026-07-25T01:43:46+00:00,bid,RTX 4060 Ti,6,13,0.041111,0.041389,0.046852,0.093204,0.107778,0.107111,0.997483
2026-07-25T01:43:46+00:00,bid,RTX 4070,4,9,0.053889,0.054306,0.057278,0.082306,0.148889,0.057278,0.998991
2026-07-25T01:43:46+00:00,bid,RTX 4070 Ti,9,29,0.081481,0.093611,0.094444,0.214444,0.215556,0.094167,0.986326
2026-07-25T01:43:46+00:00,bid,RTX 4070S,5,10,0.069074,0.071481,0.071481,0.076296,0.076296,0.071481,0.99015
2026-07-25T01:43:46+00:00,bid,RTX 4070S Ti,10,26,0.068889,0.167014,0.1675,0.168611,0.202222,0.167778,0.999556
2026-07-25T01:43:46+00:00,bid,RTX 4080,7,15,0.133926,0.140463,0.147333,0.174778,0.254444,0.147333,0.991132
2026-07-25T01:43:46+00:00,bid,RTX 4080S,9,26,0.06716,0.121481,0.188889,0.200556,0.240741,0.24037,0.995244
2026-07-25T01:43:46+00:00,bid,RTX 4090,67,198,0.080741,0.230123,0.33363,0.502815,1.005037,0.336296,0.995448
2026-07-25T01:43:46+00:00,bid,RTX 4090D,4,8,0.604556,0.604972,0.605667,0.606222,0.606222,,0.967226
2026-07-25T01:43:46+00:00,bid,RTX 5000Ada,5,7,0.267778,0.268889,0.268889,0.321111,0.322222,0.268889,0.978003
2026-07-25T01:43:46+00:00,bid,RTX 5060,3,4,0.054444,0.075,0.095556,0.122222,0.148889,0.148889,0.996427
2026-07-25T01:43:46+00:00,bid,RTX 5060 Ti,30,95,0.046963,0.068287,0.092537,0.107963,0.154444,0.101296,0.991855
2026-07-25T01:43:46+00:00,bid,RTX 5070,7,9,0.081111,0.084722,0.101481,0.132222,0.162222,0.102222,0.989417
2026-07-25T01:43:46+00:00,bid,RTX 5070 Ti,12,19,0.093889,0.106389,0.108889,0.141037,0.268,0.134741,0.996342
2026-07-25T01:43:46+00:00,bid,RTX 5080,14,23,0.081111,0.135037,0.181667,0.201389,0.338519,0.201111,0.987704
2026-07-25T01:43:46+00:00,bid,RTX 5090,66,209,0.102222,0.298417,0.399093,0.530174,0.907222,0.39962,0.993701
2026-07-25T01:43:46+00:00,bid,RTX 5880Ada,3,4,0.33437,0.334889,0.335407,0.335407,0.335407,0.335407,0.997369
2026-07-25T01:43:46+00:00,bid,RTX 6000Ada,10,18,0.362222,0.388056,0.401667,0.677963,0.774444,0.608272,0.987862
2026-07-25T01:43:46+00:00,bid,RTX A2000,3,4,0.028519,0.029444,0.03037,0.215259,0.400148,0.029444,0.997957
2026-07-25T01:43:46+00:00,bid,RTX A4000,8,51,0.024185,0.048903,0.076648,0.106814,0.107037,,0.981245
2026-07-25T01:43:46+00:00,bid,RTX A5000,3,15,0.021556,0.065037,0.108519,0.169049,0.22958,0.108519,0.996507
2026-07-25T01:43:46+00:00,bid,RTX A6000,7,19,0.202593,0.311639,0.373704,0.374167,0.375556,,0.987318
2026-07-25T01:43:46+00:00,bid,RTX PRO 2000,2,3,0.134074,0.134259,0.134444,0.13463,0.134815,,0.961914
2026-07-25T01:43:46+00:00,bid,RTX PRO 4000,13,30,0.067222,0.068444,0.181111,0.240741,0.253081,0.241111,0.984149
2026-07-25T01:43:46+00:00,bid,RTX PRO 5000,12,17,0.135111,0.195185,0.343148,0.434722,0.803704,0.232593,0.995168
2026-07-25T01:43:46+00:00,bid,RTX PRO 6000 S,17,42,0.335556,0.801481,1.068148,1.06963,1.357022,1.067407,0.998104
2026-07-25T01:43:46+00:00,bid,RTX PRO 6000 WS,21,35,0.309222,0.667778,0.801481,1.02963,2.002222,0.804444,0.992578
2026-07-25T01:43:46+00:00,bid,Tesla P100,2,2,0.041481,0.065,0.088519,0.112037,0.135556,0.135556,0.984449
2026-07-25T01:43:46+00:00,bid,Tesla P4,1,1,0.011926,0.011926,0.011926,0.011926,0.011926,,0.989585
2026-07-25T01:43:46+00:00,bid,Tesla P40,4,8,0.041481,0.053481,0.061685,0.066028,0.066444,0.065889,0.988749
2026-07-25T01:43:46+00:00,bid,Tesla T4,2,3,3.400741,3.400926,3.401111,3.401296,3.401481,,0.972394
2026-07-25T01:43:46+00:00,bid,Tesla V100,14,57,0.013611,0.015611,0.018167,0.134514,0.242222,0.162222,0.99489
2026-07-25T01:43:46+00:00,bid,Titan RTX,2,3,0.128519,0.130278,0.132037,0.133796,0.135556,0.135556,0.994773
2026-07-25T01:43:46+00:00,bid,Titan Xp,4,15,0.04037,0.040509,0.040556,0.040972,0.042222,0.040556,0.995455
2026-07-25T01:48:45+00:00,on-demand,A100 PCIE,11,26,0.400278,0.415,0.698444,0.999981,1.537739,0.848647,0.994064
2026-07-25T01:48:45+00:00,on-demand,A100 SXM4,25,66,0.40037,0.800556,0.934815,1.175556,1.457333,0.934815,0.995409
2026-07-25T01:48:45+00:00,on-demand,A800 PCIE,3,7,0.667222,0.6675,0.667778,0.668333,0.668889,,0.994203
2026-07-25T01:48:45+00:00,on-demand,B200,14,58,5.375174,6.194835,6.251563,6.969206,8.609722,6.251563,0.995497
2026-07-25T01:48:45+00:00,on-demand,B300,2,12,6.250521,6.875564,7.500608,8.125651,8.750694,8.750694,0.990795
2026-07-25T01:48:45+00:00,on-demand,GTX 1050 Ti,1,1,4.001481,4.001481,4.001481,4.001481,4.001481,,0.957005
2026-07-25T01:48:45+00:00,on-demand,GTX 1060,2,3,0.087778,0.088056,0.088333,0.088611,0.088889,0.088333,0.999297
2026-07-25T01:48:45+00:00,on-demand,GTX 1080,5,12,0.027778,0.05037,0.051037,0.051778,0.052889,0.051778,0.995193
2026-07-25T01:48:45+00:00,on-demand,GTX 1080 Ti,7,21,0.056,0.060833,0.068889,0.073862,0.080741,0.07127,0.996983
2026-07-25T01:48:45+00:00,on-demand,GTX 1650,1,1,0.048741,0.048741,0.048741,0.048741,0.048741,,0.947994
2026-07-25T01:48:45+00:00,on-demand,H100 NVL,4,6,1.334444,2.107444,2.365667,2.375333,2.402667,2.365667,0.955259
2026-07-25T01:48:45+00:00,on-demand,H100 PCIE,1,1,1.362222,1.362222,1.362222,1.362222,1.362222,,0.967933
2026-07-25T01:48:45+00:00,on-demand,H100 SXM,13,37,1.655556,2.594444,2.802222,3.005333,4.218889,2.934444,0.991877
2026-07-25T01:48:45+00:00,on-demand,H200,6,21,3.934576,3.935124,4.073236,4.211006,4.211623,4.073236,0.998085
2026-07-25T01:48:45+00:00,on-demand,H200 NVL,7,17,2.801111,3.14,3.333611,3.594444,4.370222,3.854444,0.979071
2026-07-25T01:48:45+00:00,on-demand,L4,3,8,0.202222,0.268,0.333778,0.334111,0.334444,0.334111,0.996812
2026-07-25T01:48:45+00:00,on-demand,L40,3,5,0.297037,0.375556,0.454074,0.515926,0.577778,0.515926,0.996654
2026-07-25T01:48:45+00:00,on-demand,L40S,14,49,0.40037,0.466898,0.801019,1.00125,2.442222,0.801852,0.996311
2026-07-25T01:48:45+00:00,on-demand,Q RTX 5000,3,7,0.067778,0.068333,0.068889,0.07463,0.08037,,0.981831
2026-07-25T01:48:45+00:00,on-demand,Q RTX 8000,4,8,0.252556,0.253417,0.254259,0.261333,0.280889,0.254259,0.998615
2026-07-25T01:48:45+00:00,on-demand,Quadro GV100,1,1,0.467407,0.467407,0.467407,0.467407,0.467407,,0.967699
2026-07-25T01:48:45+00:00,on-demand,Quadro P4000,4,6,0.054444,0.054444,0.055,0.055556,0.055556,0.055,0.979495
2026-07-25T01:48:45+00:00,on-demand,Quadro P5000,1,1,0.068148,0.068148,0.068148,0.068148,0.068148,,0.985179
2026-07-25T01:48:45+00:00,on-demand,RTX 2060,1,1,0.415556,0.415556,0.415556,0.415556,0.415556,0.415556,0.994849
2026-07-25T01:48:45+00:00,on-demand,RTX 2070S,2,13,0.073498,0.073549,0.073601,0.073652,0.073704,,0.992053
2026-07-25T01:48:45+00:00,on-demand,RTX 2080 Ti,5,18,0.068889,0.080022,0.080056,0.121111,0.136148,0.100583,0.994706
2026-07-25T01:48:45+00:00,on-demand,RTX 3060,17,50,0.034444,0.054444,0.067778,0.402222,1.335556,0.07325,0.995872
2026-07-25T01:48:45+00:00,on-demand,RTX 3060 Ti,2,2,0.040889,0.364556,0.688222,1.011889,1.335556,,0.968227
2026-07-25T01:48:45+00:00,on-demand,RTX 3060 laptop,5,13,0.026685,0.041111,0.042222,0.055556,0.066963,0.061259,0.996424
2026-07-25T01:48:45+00:00,on-demand,RTX 3070,11,35,0.079549,0.09379,0.107037,0.134815,0.562222,0.130259,0.990412
2026-07-25T01:48:45+00:00,on-demand,RTX 3080,13,46,0.060222,0.094815,0.113444,0.134815,0.252326,0.113556,0.993292
2026-07-25T01:48:45+00:00,on-demand,RTX 3080 Ti,6,8,0.107778,0.135278,0.136296,0.160926,0.295556,0.136111,0.995885
2026-07-25T01:48:45+00:00,on-demand,RTX 3090,40,113,0.080001,0.135185,0.241852,0.568426,16.003704,0.245185,0.989378
2026-07-25T01:48:45+00:00,on-demand,RTX 4060,7,22,0.061111,0.065654,0.06716,0.067704,0.082222,0.06716,0.995945
2026-07-25T01:48:45+00:00,on-demand,RTX 4060 Ti,2,3,0.068889,0.078796,0.088704,0.098611,0.108519,0.108519,0.997797
2026-07-25T01:48:45+00:00,on-demand,RTX 4070,2,3,0.082222,0.085278,0.088333,0.091389,0.094444,0.094444,0.996843
2026-07-25T01:48:45+00:00,on-demand,RTX 4070 Ti,7,20,0.09037,0.107068,0.107778,0.188333,0.242222,0.107778,0.980941
2026-07-25T01:48:45+00:00,on-demand,RTX 4070S,7,17,0.080741,0.086667,0.094815,0.095463,0.097037,0.086667,0.994468
2026-07-25T01:48:45+00:00,on-demand,RTX 4070S Ti,12,32,0.093889,0.120074,0.138148,0.267014,0.268889,0.267083,0.994718
2026-07-25T01:48:45+00:00,on-demand,RTX 4080,7,14,0.121481,0.141444,0.268889,0.2765,0.293926,0.272611,0.991132
2026-07-25T01:48:45+00:00,on-demand,RTX 4080S,11,28,0.098222,0.155833,0.162222,0.185185,0.29237,0.176667,0.996588
2026-07-25T01:48:45+00:00,on-demand,RTX 4090,61,209,0.09037,0.306963,0.400241,0.601852,1.337037,0.561852,0.994567
2026-07-25T01:48:45+00:00,on-demand,RTX 4090D,4,8,0.329481,0.582787,0.6675,0.668056,0.668889,0.329481,0.967226
2026-07-25T01:48:45+00:00,on-demand,RTX 5000Ada,2,3,0.441111,0.441389,0.441667,0.441944,0.442222,0.441667,0.978003
2026-07-25T01:48:45+00:00,on-demand,RTX 5060,4,4,0.075556,0.094389,0.124778,0.157222,0.182222,0.141444,0.981108
2026-07-25T01:48:45+00:00,on-demand,RTX 5060 Ti,21,71,0.070963,0.090416,0.119963,0.155556,0.227407,0.135185,0.991948
2026-07-25T01:48:45+00:00,on-demand,RTX 5060 laptop,1,1,0.135556,0.135556,0.135556,0.135556,0.135556,,0.970425
2026-07-25T01:48:45+00:00,on-demand,RTX 5070,8,16,0.080926,0.092593,0.102778,0.133889,0.135556,0.11463,0.991304
2026-07-25T01:48:45+00:00,on-demand,RTX 5070 Ti,5,10,0.133889,0.134444,0.135556,0.135556,0.201481,0.133889,0.995309
2026-07-25T01:48:45+00:00,on-demand,RTX 5080,11,29,0.161481,0.175,0.187704,0.197593,0.468148,0.267222,0.988659
2026-07-25T01:48:45+00:00,on-demand,RTX 5090,57,203,0.212889,0.441111,0.600741,0.734074,13.334444,0.664139,0.993658
2026-07-25T01:48:45+00:00,on-demand,RTX 5880Ada,4,15,0.453593,0.453787,0.454111,0.45463,0.455407,0.454111,0.997793
2026-07-25T01:48:45+00:00,on-demand,RTX 6000Ada,7,14,0.224889,0.440833,0.535556,0.681667,0.787407,0.682222,0.985939
2026-07-25T01:48:45+00:00,on-demand,RTX A2000,4,5,0.034074,0.03563,0.036148,0.150481,0.493481,,0.995152
2026-07-25T01:48:45+00:00,on-demand,RTX A4000,6,48,0.072889,0.080185,0.080231,0.12017,0.133519,0.080185,0.981245
2026-07-25T01:48:45+00:00,on-demand,RTX A4500,1,1,1.274815,1.274815,1.274815,1.274815,1.274815,,0.997978
2026-07-25T01:48:45+00:00,on-demand,RTX A5000,3,13,0.230914,0.231346,0.231778,0.283481,0.335185,0.231778,0.996507
2026-07-25T01:48:45+00:00,on-demand,RTX A6000,5,16,0.373889,0.374444,0.387037,0.387778,0.454444,,0.988257
2026-07-25T01:48:45+00:00,on-demand,RTX PRO 4000,13,31,0.187222,0.201111,0.242222,0.321481,0.535556,0.294593,0.99491
2026-07-25T01:48:45+00:00,on-demand,RTX PRO 4500,2,2,0.282222,0.297593,0.312963,0.328333,0.343704,0.343704,0.995165
2026-07-25T01:48:45+00:00,on-demand,RTX PRO 5000,10,16,0.27,0.501296,0.623148,0.831944,0.897037,0.641111,0.990224
2026-07-25T01:48:45+00:00,on-demand,RTX PRO 6000 S,14,40,1.334074,1.514583,1.697165,1.73463,1.736296,1.565463,0.997188
2026-07-25T01:48:45+00:00,on-demand,RTX PRO 6000 WS,19,45,0.802407,0.961296,1.333889,1.528009,13.335556,1.33463,0.988514
2026-07-25T01:48:45+00:00,on-demand,Tesla P100,4,8,0.044296,0.071907,0.081296,0.111667,0.202222,0.081481,0.973318
2026-07-25T01:48:45+00:00,on-demand,Tesla P4,1,1,0.023259,0.023259,0.023259,0.023259,0.023259,,0.989585
2026-07-25T01:48:45+00:00,on-demand,Tesla P40,3,6,0.054815,0.074815,0.094815,0.113685,0.132556,0.113685,0.985578
2026-07-25T01:48:45+00:00,on-demand,Tesla T4,2,3,12.000741,12.000926,12.001111,12.001296,12.001481,,0.972394
2026-07-25T01:48:45+00:00,on-demand,Tesla V100,13,55,0.019222,0.021611,0.023778,0.083037,0.268889,0.217917,0.991159
2026-07-25T01:48:45+00:00,on-demand,Titan RTX,3,4,0.135185,0.136111,0.137037,0.14963,0.162222,0.162222,0.991147
2026-07-25T01:48:45+00:00,on-demand,Titan Xp,2,5,0.055556,0.056806,0.058056,0.059306,0.060556,0.058056,0.996407
2026-07-25T01:48:45+00:00,bid,A100 PCIE,13,20,0.133889,0.134444,0.135556,0.135556,0.46963,0.201667,0.995152
2026-07-25T01:48:45+00:00,bid,A100 SXM4,30,62,0.135556,0.401481,0.801,0.901667,1.035667,0.642963,0.994686
2026-07-25T01:48:45+00:00,bid,A800 PCIE,7,12,0.129889,0.130444,0.131556,0.131556,0.131556,,0.994203
2026-07-25T01:48:45+00:00,bid,B200,10,30,3.750174,5.627083,6.253082,6.70625,8.754861,6.253082,0.996059
2026-07-25T01:48:45+00:00,bid,B300,2,12,5.625521,6.170269,6.715017,7.259766,7.804514,7.804514,0.990795
2026-07-25T01:48:45+00:00,bid,GTX 1050 Ti,1,1,0.021562,0.021562,0.021562,0.021562,0.021562,,0.957005
2026-07-25T01:48:45+00:00,bid,GTX 1060,1,1,0.068148,0.068148,0.068148,0.068148,0.068148,0.068148,0.999236
2026-07-25T01:48:45+00:00,bid,GTX 1070 Ti,2,3,0.041111,0.041389,0.041667,0.041944,0.042222,0.041667,0.989019
2026-07-25T01:48:45+00:00,bid,GTX 1080,3,11,0.037037,0.038704,0.04037,0.040463,0.040556,0.040463,0.996665
2026-07-25T01:48:45+00:00,bid,GTX 1080 Ti,9,32,0.039556,0.041111,0.053651,0.053889,0.054074,0.053651,0.996983
2026-07-25T01:48:45+00:00,bid,H100 NVL,6,8,0.934444,0.935667,0.936,1.435111,1.934815,1.768148,0.926049
2026-07-25T01:48:45+00:00,bid,H100 PCIE,1,1,1.068889,1.068889,1.068889,1.068889,1.068889,,0.967933
2026-07-25T01:48:45+00:00,bid,H100 SXM,8,29,0.936296,1.782944,2.003333,2.567616,2.667593,2.003333,0.98339
2026-07-25T01:48:45+00:00,bid,H200,7,23,2.63231,3.816338,3.817251,3.948191,4.079496,3.817251,0.997244
2026-07-25T01:48:45+00:00,bid,H200 NVL,9,14,0.403778,1.188889,1.339704,1.867778,2.934667,1.293963,0.979071
2026-07-25T01:48:45+00:00,bid,L4,5,11,0.134444,0.267778,0.268148,0.268148,0.320444,0.268148,0.99783
2026-07-25T01:48:45+00:00,bid,L40,3,6,0.267407,0.277963,0.288519,0.379815,0.471111,0.369259,0.996654
2026-07-25T01:48:45+00:00,bid,L40S,22,65,0.20037,0.333704,0.534167,0.539815,0.773889,0.535185,0.997838
2026-07-25T01:48:45+00:00,bid,Q RTX 5000,4,9,0.041111,0.041944,0.047963,0.053796,0.054074,,0.948476
2026-07-25T01:48:45+00:00,bid,Q RTX 6000,1,1,0.16037,0.16037,0.16037,0.16037,0.16037,,0.962055
2026-07-25T01:48:45+00:00,bid,Q RTX 8000,5,7,0.014444,0.015556,0.015556,0.099222,0.099778,0.015556,0.997799
2026-07-25T01:48:45+00:00,bid,Quadro GV100,1,1,0.134074,0.134074,0.134074,0.134074,0.134074,,0.967699
2026-07-25T01:48:45+00:00,bid,Quadro P4000,3,4,0.041111,0.041667,0.042222,0.048111,0.054,0.054,0.962277
2026-07-25T01:48:45+00:00,bid,Quadro P5000,1,1,0.041481,0.041481,0.041481,0.041481,0.041481,,0.985179
2026-07-25T01:48:45+00:00,bid,RTX 2060,1,1,0.335556,0.335556,0.335556,0.335556,0.335556,0.335556,0.994849
2026-07-25T01:48:45+00:00,bid,RTX 2070S,3,17,0.066831,0.066934,0.067037,0.067037,0.067037,,0.98731
2026-07-25T01:48:45+00:00,bid,RTX 2080 Ti,4,6,0.070074,0.098352,0.107963,0.110046,0.115741,0.107963,0.998217
2026-07-25T01:48:45+00:00,bid,RTX 3060,19,54,0.040741,0.0455,0.062222,0.101593,0.535556,0.062222,0.99171
2026-07-25T01:48:45+00:00,bid,RTX 3060 Ti,2,2,0.132889,0.233556,0.334222,0.434889,0.535556,0.535556,0.966765
2026-07-25T01:48:45+00:00,bid,RTX 3060 laptop,3,12,0.017019,0.027731,0.038444,0.04863,0.058815,0.058815,0.991121
2026-07-25T01:48:45+00:00,bid,RTX 3070,11,22,0.040444,0.067611,0.093889,0.128333,0.495556,0.094444,0.990337
2026-07-25T01:48:45+00:00,bid,RTX 3080,10,23,0.061481,0.067153,0.118889,0.240726,0.495556,0.187985,0.99162
2026-07-25T01:48:45+00:00,bid,RTX 3080 Ti,4,4,0.086704,0.123343,0.138889,0.153889,0.188889,0.142222,0.993443
2026-07-25T01:48:45+00:00,bid,RTX 3090,47,92,0.050481,0.107963,0.134074,0.162778,0.34963,0.134074,0.989378
2026-07-25T01:48:45+00:00,bid,RTX 4060,2,4,0.031111,0.036852,0.042593,0.048333,0.054074,0.054074,0.981071
2026-07-25T01:48:45+00:00,bid,RTX 4060 Ti,4,11,0.041111,0.041944,0.071667,0.102611,0.107111,0.104111,0.998073
2026-07-25T01:48:45+00:00,bid,RTX 4070,1,1,0.064222,0.064222,0.064222,0.064222,0.064222,0.064222,0.995445
2026-07-25T01:48:45+00:00,bid,RTX 4070 Ti,7,21,0.09358,0.094167,0.094444,0.155,0.215556,0.094444,0.980941
2026-07-25T01:48:45+00:00,bid,RTX 4070S,5,17,0.054444,0.06787,0.069074,0.071481,0.076296,0.069074,0.99015
2026-07-25T01:48:45+00:00,bid,RTX 4070S Ti,10,30,0.099111,0.167222,0.167778,0.168889,0.201111,0.167778,0.999556
2026-07-25T01:48:45+00:00,bid,RTX 4080,6,13,0.133926,0.137194,0.147167,0.147333,0.255556,0.147333,0.991132
2026-07-25T01:48:45+00:00,bid,RTX 4080S,14,38,0.070494,0.141667,0.188333,0.200556,0.240741,0.188333,0.996433
2026-07-25T01:48:45+00:00,bid,RTX 4090,64,175,0.134074,0.230123,0.333833,0.537037,1.005037,0.402963,0.994697
2026-07-25T01:48:45+00:00,bid,RTX 4090D,3,7,0.604556,0.604833,0.605111,0.605667,0.606222,,0.967226
2026-07-25T01:48:45+00:00,bid,RTX 5000Ada,4,5,0.267778,0.268611,0.268889,0.282222,0.322222,0.268889,0.978003
2026-07-25T01:48:45+00:00,bid,RTX 5060,3,3,0.055556,0.075556,0.095556,0.122222,0.148889,0.148889,0.981475
2026-07-25T01:48:45+00:00,bid,RTX 5060 Ti,26,94,0.053519,0.068287,0.080889,0.107176,0.153889,0.101296,0.995303
2026-07-25T01:48:45+00:00,bid,RTX 5070,6,8,0.080222,0.082639,0.099167,0.137556,0.162222,0.128741,0.987974
2026-07-25T01:48:45+00:00,bid,RTX 5070 Ti,13,24,0.093889,0.094444,0.108889,0.135556,0.268,0.102222,0.995464
2026-07-25T01:48:45+00:00,bid,RTX 5080,14,22,0.109111,0.141944,0.171667,0.20042,0.202963,0.200285,0.987704
2026-07-25T01:48:45+00:00,bid,RTX 5090,64,190,0.102222,0.274778,0.399926,0.530779,0.907222,0.403704,0.993996
2026-07-25T01:48:45+00:00,bid,RTX 5880Ada,3,4,0.33437,0.334889,0.335407,0.335407,0.335407,0.335407,0.997369
2026-07-25T01:48:45+00:00,bid,RTX 6000Ada,10,17,0.178926,0.387361,0.388333,0.398889,0.747654,0.435556,0.962526
2026-07-25T01:48:45+00:00,bid,RTX A2000,1,1,0.400148,0.400148,0.400148,0.400148,0.400148,,0.994178
2026-07-25T01:48:45+00:00,bid,RTX A4000,10,56,0.024185,0.057389,0.076648,0.106839,0.107037,,0.981245
2026-07-25T01:48:45+00:00,bid,RTX A5000,5,19,0.021556,0.108519,0.11037,0.227222,0.229611,0.11037,0.998279
2026-07-25T01:48:45+00:00,bid,RTX A6000,5,13,0.202593,0.321111,0.373704,0.374444,0.375556,,0.987318
2026-07-25T01:48:45+00:00,bid,RTX PRO 2000,1,2,0.134074,0.134074,0.134074,0.134074,0.134074,,0.961914
2026-07-25T01:48:45+00:00,bid,RTX PRO 4000,9,23,0.067778,0.108889,0.201037,0.240741,0.241481,0.240741,0.997779
2026-07-25T01:48:45+00:00,bid,RTX PRO 4500,1,1,0.27037,0.27037,0.27037,0.27037,0.27037,0.27037,0.995472
2026-07-25T01:48:45+00:00,bid,RTX PRO 5000,11,16,0.135111,0.165185,0.294074,0.467593,0.803704,0.198889,0.995303
2026-07-25T01:48:45+00:00,bid,RTX PRO 6000 S,17,33,0.335556,1.067407,1.06963,1.175926,1.467222,1.068148,0.998697
2026-07-25T01:48:45+00:00,bid,RTX PRO 6000 WS,21,40,0.282222,0.46963,0.725704,1.202222,2.002222,0.73437,0.993407
2026-07-25T01:48:45+00:00,bid,Tesla P100,2,2,0.041481,0.065,0.088519,0.112037,0.135556,0.135556,0.984449
2026-07-25T01:48:45+00:00,bid,Tesla P4,1,1,0.011926,0.011926,0.011926,0.011926,0.011926,,0.989585
2026-07-25T01:48:45+00:00,bid,Tesla P40,4,8,0.041481,0.053481,0.061685,0.066028,0.066444,0.065889,0.988749
2026-07-25T01:48:45+00:00,bid,Tesla T4,3,4,3.400741,3.401111,3.401481,3.401481,3.401481,,0.972394
2026-07-25T01:48:45+00:00,bid,Tesla V100,16,70,0.013611,0.015278,0.018167,0.133912,0.242222,0.162222,0.993795
2026-07-25T01:48:45+00:00,bid,Titan RTX,2,3,0.128519,0.130278,0.132037,0.133796,0.135556,0.135556,0.994773
2026-07-25T01:48:45+00:00,bid,Titan Xp,3,11,0.04037,0.040463,0.040556,0.041389,0.042222,0.040556,0.996031
