scraped_at,rental_type,gpu_name,num_offers,total_gpus,dph_per_gpu_min,dph_per_gpu_p25,dph_per_gpu_median,dph_per_gpu_p75,dph_per_gpu_max,verified_median,median_reliability
2026-08-07T00:22:43+00:00,on-demand,A100 PCIE,15,46,0.266944,0.488426,1.001111,1.027917,1.507556,0.954333,0.99125
2026-08-07T00:22:43+00:00,on-demand,A100 SXM4,23,69,0.468889,0.800556,0.934074,1.127139,1.475556,0.934444,0.996616
2026-08-07T00:22:43+00:00,on-demand,A16,3,7,6.669259,6.670556,6.671852,6.674444,6.677037,6.671852,0.957915
2026-08-07T00:22:43+00:00,on-demand,A40,1,1,0.281481,0.281481,0.281481,0.281481,0.281481,0.281481,0.998369
2026-08-07T00:22:43+00:00,on-demand,A800 PCIE,2,5,0.667222,0.667639,0.668056,0.668472,0.668889,,0.994711
2026-08-07T00:22:43+00:00,on-demand,B200,11,37,5.001042,5.563238,5.875694,6.062587,7.752083,5.875694,0.9963
2026-08-07T00:22:43+00:00,on-demand,B300,5,26,8.125521,8.126042,8.75026,8.750694,8.751389,8.438368,0.963054
2026-08-07T00:22:43+00:00,on-demand,CMP 170HX,6,22,0.236833,0.238917,0.288185,0.334259,0.935556,0.935556,0.952153
2026-08-07T00:22:43+00:00,on-demand,GTX 1050 Ti,1,1,0.611111,0.611111,0.611111,0.611111,0.611111,,0.98837
2026-08-07T00:22:43+00:00,on-demand,GTX 1060,2,2,0.088148,0.152222,0.216296,0.28037,0.344444,0.088148,0.995526
2026-08-07T00:22:43+00:00,on-demand,GTX 1070,1,1,0.531111,0.531111,0.531111,0.531111,0.531111,0.531111,0.993345
2026-08-07T00:22:43+00:00,on-demand,GTX 1080,5,12,0.027778,0.049704,0.05037,0.051556,0.051778,0.051556,0.985484
2026-08-07T00:22:43+00:00,on-demand,GTX 1080 Ti,5,16,0.042222,0.066222,0.073651,0.073889,0.074074,0.07377,0.996488
2026-08-07T00:22:43+00:00,on-demand,GTX 1650 S,1,1,0.677778,0.677778,0.677778,0.677778,0.677778,,0.991735
2026-08-07T00:22:43+00:00,on-demand,GTX 1660,1,1,0.677778,0.677778,0.677778,0.677778,0.677778,0.677778,0.996463
2026-08-07T00:22:43+00:00,on-demand,GTX 1660 S,1,1,0.451111,0.451111,0.451111,0.451111,0.451111,,0.969676
2026-08-07T00:22:43+00:00,on-demand,GTX TITAN X,1,1,0.028889,0.028889,0.028889,0.028889,0.028889,,0.993143
2026-08-07T00:22:43+00:00,on-demand,H100 NVL,3,6,2.562222,2.615185,2.668148,2.867796,3.067444,2.814833,0.994519
2026-08-07T00:22:43+00:00,on-demand,H100 PCIE,4,15,1.733481,1.834204,1.868333,1.935139,2.133889,1.868333,0.988036
2026-08-07T00:22:43+00:00,on-demand,H100 SXM,11,37,1.601111,2.468111,3.029446,3.250778,3.528333,3.250778,0.993049
2026-08-07T00:22:43+00:00,on-demand,H200,11,41,2.632749,3.941795,4.145285,4.178728,7.434759,4.08114,0.997736
2026-08-07T00:22:43+00:00,on-demand,H200 NVL,9,23,2.401481,2.883333,2.934259,3.602222,3.766222,2.885,0.991703
2026-08-07T00:22:43+00:00,on-demand,L4,4,6,0.255556,0.314722,0.334444,0.334722,0.335556,0.334444,0.995054
2026-08-07T00:22:43+00:00,on-demand,L40,2,3,0.575556,0.576111,0.576667,0.577222,0.577778,0.576667,0.98847
2026-08-07T00:22:43+00:00,on-demand,L40S,14,53,0.401111,0.467037,0.633981,1.000579,1.074074,0.934213,0.995734
2026-08-07T00:22:43+00:00,on-demand,Q RTX 8000,4,6,0.252519,0.252907,0.253556,0.254259,0.254815,0.253556,0.998433
2026-08-07T00:22:43+00:00,on-demand,Quadro P4000,2,3,0.040741,0.045815,0.050889,0.055963,0.061037,,0.981004
2026-08-07T00:22:43+00:00,on-demand,RTX 2060,2,3,0.052593,0.143333,0.234074,0.324815,0.415556,0.415556,0.986952
2026-08-07T00:22:43+00:00,on-demand,RTX 2060S,1,4,0.066978,0.066978,0.066978,0.066978,0.066978,0.066978,0.994972
2026-08-07T00:22:43+00:00,on-demand,RTX 2070,1,2,0.054444,0.054444,0.054444,0.054444,0.054444,0.054444,0.988364
2026-08-07T00:22:43+00:00,on-demand,RTX 2070S,2,13,0.073498,0.073549,0.073601,0.073652,0.073704,,0.9877
2026-08-07T00:22:43+00:00,on-demand,RTX 2080 Ti,8,28,0.067778,0.068889,0.076817,0.093745,0.811111,0.076817,0.992834
2026-08-07T00:22:43+00:00,on-demand,RTX 2080S,1,1,0.744444,0.744444,0.744444,0.744444,0.744444,0.744444,0.972499
2026-08-07T00:22:43+00:00,on-demand,RTX 3050,1,1,1.322222,1.322222,1.322222,1.322222,1.322222,,0.976214
2026-08-07T00:22:43+00:00,on-demand,RTX 3060,12,46,0.022222,0.054213,0.0675,0.08186,1.334815,0.055556,0.993596
2026-08-07T00:22:43+00:00,on-demand,RTX 3060 Ti,2,2,0.399556,0.580222,0.760889,0.941556,1.122222,0.760889,0.996834
2026-08-07T00:22:43+00:00,on-demand,RTX 3060 laptop,4,13,0.026685,0.037505,0.041667,0.048037,0.065481,0.065481,0.994185
2026-08-07T00:22:43+00:00,on-demand,RTX 3070,9,31,0.041111,0.074444,0.080278,0.106944,0.137037,0.090602,0.997548
2026-08-07T00:22:43+00:00,on-demand,RTX 3070 Ti,1,2,0.061111,0.061111,0.061111,0.061111,0.061111,,0.997104
2026-08-07T00:22:43+00:00,on-demand,RTX 3080,14,45,0.048889,0.076412,0.111167,0.131181,0.268889,0.113556,0.992143
2026-08-07T00:22:43+00:00,on-demand,RTX 3080 Ti,2,2,0.135556,0.137222,0.138889,0.140556,0.142222,0.142222,0.994752
2026-08-07T00:22:43+00:00,on-demand,RTX 3090,36,115,0.084815,0.132778,0.173843,0.251898,2.001111,0.240741,0.993213
2026-08-07T00:22:43+00:00,on-demand,RTX 4060,5,15,0.053481,0.05363,0.062963,0.064444,2.677778,0.064444,0.985053
2026-08-07T00:22:43+00:00,on-demand,RTX 4060 Ti,6,15,0.080926,0.081296,0.082037,0.099944,0.141111,0.093852,0.99328
2026-08-07T00:22:43+00:00,on-demand,RTX 4070,2,3,0.091111,0.091944,0.092778,0.093611,0.094444,0.092778,0.996681
2026-08-07T00:22:43+00:00,on-demand,RTX 4070 Ti,5,10,0.091111,0.102222,0.154222,0.281889,0.282444,0.096667,0.992023
2026-08-07T00:22:43+00:00,on-demand,RTX 4070S,3,7,0.082407,0.083056,0.083704,0.084259,0.084815,0.083704,0.983828
2026-08-07T00:22:43+00:00,on-demand,RTX 4070S Ti,13,33,0.068889,0.122407,0.160222,0.247222,1.331111,0.160222,0.997296
2026-08-07T00:22:43+00:00,on-demand,RTX 4080,11,28,0.140667,0.160296,0.188519,0.255222,0.268889,0.254944,0.990352
2026-08-07T00:22:43+00:00,on-demand,RTX 4080S,12,31,0.098222,0.145093,0.161667,0.214565,0.803704,0.174444,0.992904
2026-08-07T00:22:43+00:00,on-demand,RTX 4090,43,165,0.135556,0.368889,0.442963,0.670741,1.280556,0.603704,0.995217
2026-08-07T00:22:43+00:00,on-demand,RTX 4090D,9,25,0.160185,0.160741,0.330074,0.667222,0.668889,,0.969168
2026-08-07T00:22:43+00:00,on-demand,RTX 5000Ada,1,1,0.442222,0.442222,0.442222,0.442222,0.442222,0.442222,0.998453
2026-08-07T00:22:43+00:00,on-demand,RTX 5060,4,5,0.05363,0.063963,0.068889,0.09,0.148889,0.07037,0.994129
2026-08-07T00:22:43+00:00,on-demand,RTX 5060 Ti,17,55,0.051111,0.092741,0.105481,0.176278,0.227407,0.136111,0.995086
2026-08-07T00:22:43+00:00,on-demand,RTX 5060 laptop,1,1,0.135556,0.135556,0.135556,0.135556,0.135556,,0.970983
2026-08-07T00:22:43+00:00,on-demand,RTX 5070,8,10,0.014815,0.096852,0.123926,0.141944,0.267111,0.147778,0.996489
2026-08-07T00:22:43+00:00,on-demand,RTX 5070 Ti,12,22,0.119556,0.134815,0.174167,0.200833,0.401333,0.174167,0.996666
2026-08-07T00:22:43+00:00,on-demand,RTX 5080,17,45,0.164444,0.195926,0.274074,0.400556,1.775556,0.225093,0.986527
2026-08-07T00:22:43+00:00,on-demand,RTX 5090,42,111,0.212889,0.41738,0.628056,0.801296,5.986944,0.697037,0.994973
2026-08-07T00:22:43+00:00,on-demand,RTX 5880Ada,3,7,0.600926,0.601389,0.601852,0.602778,0.603704,0.601852,0.995032
2026-08-07T00:22:43+00:00,on-demand,RTX 6000Ada,8,27,0.441111,0.601625,0.680833,0.685069,0.708889,0.680833,0.993548
2026-08-07T00:22:43+00:00,on-demand,RTX A2000,4,5,0.034074,0.03563,0.036148,0.150481,0.493481,,0.995214
2026-08-07T00:22:43+00:00,on-demand,RTX A4000,9,51,0.067037,0.071778,0.133519,0.133827,0.152278,,0.97131
2026-08-07T00:22:43+00:00,on-demand,RTX A4500,2,2,0.114519,0.404593,0.694667,0.984741,1.274815,,0.978425
2026-08-07T00:22:43+00:00,on-demand,RTX A5000,4,13,0.230984,0.231302,20.116074,40.000926,40.001481,0.231196,0.985003
2026-08-07T00:22:43+00:00,on-demand,RTX A6000,9,29,0.303704,0.400556,0.401111,1.200278,1.335556,,0.992913
2026-08-07T00:22:43+00:00,on-demand,RTX PRO 4000,9,15,0.202222,0.254444,0.269037,0.303704,0.534815,0.269037,0.989578
2026-08-07T00:22:43+00:00,on-demand,RTX PRO 4500,1,1,0.308148,0.308148,0.308148,0.308148,0.308148,,0.599993
2026-08-07T00:22:43+00:00,on-demand,RTX PRO 5000,8,20,0.615556,0.640903,0.702778,0.774259,0.943037,0.702778,0.995166
2026-08-07T00:22:43+00:00,on-demand,RTX PRO 6000 S,14,39,1.000741,1.285185,1.621589,1.733981,3.068889,1.660272,0.997265
2026-08-07T00:22:43+00:00,on-demand,RTX PRO 6000 WS,18,42,0.735556,1.051944,1.481481,1.651134,13.335556,1.535648,0.993448
2026-08-07T00:22:43+00:00,on-demand,Tesla P100,2,3,0.054815,0.061481,0.068148,0.074815,0.081481,0.081481,0.991295
2026-08-07T00:22:43+00:00,on-demand,Tesla P40,2,2,0.033334,0.075556,0.117778,0.16,0.202222,,0.973728
2026-08-07T00:22:43+00:00,on-demand,Tesla T4,2,3,12.000741,12.000926,12.001111,12.001296,12.001481,,0.972409
2026-08-07T00:22:43+00:00,on-demand,Tesla V100,13,31,0.027222,0.040556,0.135556,0.167778,0.335556,0.178463,0.992075
2026-08-07T00:22:43+00:00,on-demand,Titan RTX,5,10,0.135185,0.137037,0.161111,0.162222,0.200556,0.161667,0.994315
2026-08-07T00:22:43+00:00,on-demand,Titan Xp,4,10,0.055556,0.059306,0.060648,0.060833,0.061111,0.060648,0.994916
2026-08-07T00:22:43+00:00,bid,A100 PCIE,28,44,0.134444,0.135556,0.201481,0.587778,0.588889,0.137667,0.988591
2026-08-07T00:22:43+00:00,bid,A100 SXM4,50,99,0.130316,0.401481,0.666944,0.811778,0.986944,0.535556,0.988738
2026-08-07T00:22:43+00:00,bid,A800 PCIE,6,11,0.129889,0.130444,0.131,0.131556,0.131556,,0.994711
2026-08-07T00:22:43+00:00,bid,B200,9,44,4.375174,4.909028,5.002604,7.37526,7.377083,5.002604,0.983962
2026-08-07T00:22:43+00:00,bid,B300,4,22,3.75026,4.688086,5.001042,5.157552,5.626042,5.001389,0.963054
2026-08-07T00:22:43+00:00,bid,CMP 170HX,8,28,0.234167,0.23875,0.253796,0.254444,0.668889,0.668889,0.963572
2026-08-07T00:22:43+00:00,bid,GTX 1050 Ti,1,1,0.024444,0.024444,0.024444,0.024444,0.024444,,0.98837
2026-08-07T00:22:43+00:00,bid,GTX 1060,2,2,0.031111,0.04037,0.04963,0.058889,0.068148,0.068148,0.995526
2026-08-07T00:22:43+00:00,bid,GTX 1070,1,1,0.024444,0.024444,0.024444,0.024444,0.024444,0.024444,0.993345
2026-08-07T00:22:43+00:00,bid,GTX 1070 Ti,1,1,0.042222,0.042222,0.042222,0.042222,0.042222,0.042222,0.993949
2026-08-07T00:22:43+00:00,bid,GTX 1080,5,17,0.014815,0.04037,0.040556,0.040556,0.041111,0.040556,0.996213
2026-08-07T00:22:43+00:00,bid,GTX 1080 Ti,9,28,0.026222,0.040556,0.042222,0.053889,0.054444,0.047937,0.996488
2026-08-07T00:22:43+00:00,bid,GTX 1650 S,1,1,0.037778,0.037778,0.037778,0.037778,0.037778,,0.991735
2026-08-07T00:22:43+00:00,bid,GTX 1660,1,1,0.037778,0.037778,0.037778,0.037778,0.037778,0.037778,0.996463
2026-08-07T00:22:43+00:00,bid,GTX 1660 S,1,1,0.031111,0.031111,0.031111,0.031111,0.031111,,0.969676
2026-08-07T00:22:43+00:00,bid,GTX 1660 Ti,1,1,0.037778,0.037778,0.037778,0.037778,0.037778,0.037778,0.993798
2026-08-07T00:22:43+00:00,bid,H100 NVL,5,8,0.404889,0.404889,1.335556,1.402963,2.000778,1.402963,0.941917
2026-08-07T00:22:43+00:00,bid,H100 PCIE,8,23,0.358556,0.989889,1.268667,1.502194,1.602222,1.268667,0.991504
2026-08-07T00:22:43+00:00,bid,H100 SXM,21,47,0.400556,0.405926,2.002667,2.162222,4.002222,2.068,0.992395
2026-08-07T00:22:43+00:00,bid,H200,17,60,0.441064,0.441886,2.369591,3.684759,7.171601,3.585581,0.948256
2026-08-07T00:22:43+00:00,bid,H200 NVL,11,23,0.535556,0.802667,1.006667,1.2685,1.339556,1.003333,0.997084
2026-08-07T00:22:43+00:00,bid,L4,8,11,0.134444,0.186556,0.241667,0.281944,0.322222,0.268333,0.996532
2026-08-07T00:22:43+00:00,bid,L40,6,8,0.403704,0.437611,0.47,0.471111,0.471111,0.47,0.98847
2026-08-07T00:22:43+00:00,bid,L40S,34,93,0.200185,0.333889,0.534815,0.540741,0.933889,0.537037,0.998545
2026-08-07T00:22:43+00:00,bid,Q RTX 8000,3,4,0.015556,0.02163,0.027704,0.047444,0.067185,0.027704,0.998599
2026-08-07T00:22:43+00:00,bid,Quadro P4000,1,1,0.03437,0.03437,0.03437,0.03437,0.03437,,0.997757
2026-08-07T00:22:43+00:00,bid,RTX 2060,3,5,0.027259,0.029185,0.031111,0.036111,0.041111,0.036111,0.990617
2026-08-07T00:22:43+00:00,bid,RTX 2060S,3,7,0.046978,0.054044,0.061111,0.092407,0.123704,0.061111,0.990685
2026-08-07T00:22:43+00:00,bid,RTX 2070,1,2,0.041111,0.041111,0.041111,0.041111,0.041111,0.041111,0.988364
2026-08-07T00:22:43+00:00,bid,RTX 2070S,3,21,0.066831,0.066842,0.066852,0.066944,0.067037,,0.9877
2026-08-07T00:22:43+00:00,bid,RTX 2080 Ti,5,13,0.037778,0.041111,0.066944,0.070074,0.121481,0.068509,0.992834
2026-08-07T00:22:43+00:00,bid,RTX 2080S,1,1,0.037778,0.037778,0.037778,0.037778,0.037778,0.037778,0.972499
2026-08-07T00:22:43+00:00,bid,RTX 3050,1,1,1.068889,1.068889,1.068889,1.068889,1.068889,,0.976214
2026-08-07T00:22:43+00:00,bid,RTX 3060,15,57,0.025111,0.0455,0.053519,0.083843,0.13437,0.060231,0.993321
2026-08-07T00:22:43+00:00,bid,RTX 3060 Ti,3,3,0.108148,0.188519,0.268889,0.628889,0.988889,0.628889,0.994915
2026-08-07T00:22:43+00:00,bid,RTX 3060 laptop,6,17,0.013352,0.019722,0.05063,0.064444,0.066963,0.064988,0.993593
2026-08-07T00:22:43+00:00,bid,RTX 3070,8,23,0.038815,0.040486,0.054537,0.068981,0.135556,0.068519,0.990256
2026-08-07T00:22:43+00:00,bid,RTX 3080,17,46,0.036296,0.061481,0.06787,0.122222,0.240415,0.108889,0.990074
2026-08-07T00:22:43+00:00,bid,RTX 3080 Ti,5,6,0.081481,0.095556,0.100741,0.108889,0.154444,0.104815,0.995113
2026-08-07T00:22:43+00:00,bid,RTX 3090,58,147,0.014815,0.082833,0.133657,0.149259,0.336296,0.133889,0.992075
2026-08-07T00:22:43+00:00,bid,RTX 4060 Ti,8,17,0.042222,0.075639,0.079556,0.103472,0.107778,0.104722,0.996581
2026-08-07T00:22:43+00:00,bid,RTX 4070,6,11,0.042222,0.070472,0.0755,0.075778,0.162222,0.075778,0.997411
2026-08-07T00:22:43+00:00,bid,RTX 4070 Ti,5,9,0.055556,0.081481,0.095556,0.240556,0.241111,0.081481,0.992023
2026-08-07T00:22:43+00:00,bid,RTX 4070S,3,7,0.069074,0.070278,0.071481,0.156852,0.242222,0.070278,0.983828
2026-08-07T00:22:43+00:00,bid,RTX 4070S Ti,9,36,0.084889,0.106889,0.200222,0.200556,1.211111,0.200222,0.997424
2026-08-07T00:22:43+00:00,bid,RTX 4080,16,40,0.133593,0.135056,0.146944,0.147407,0.254444,0.147037,0.990352
2026-08-07T00:22:43+00:00,bid,RTX 4080S,9,13,0.092889,0.128889,0.161778,0.216,0.240519,0.203704,0.993348
2026-08-07T00:22:43+00:00,bid,RTX 4090,95,282,0.115395,0.254733,0.311852,0.443796,1.200556,0.401852,0.996752
2026-08-07T00:22:43+00:00,bid,RTX 4090D,13,34,0.064741,0.073741,0.074741,0.605111,0.606222,,0.969168
2026-08-07T00:22:43+00:00,bid,RTX 5000Ada,3,4,0.268889,0.295,0.321111,0.321667,0.322222,0.321111,0.997068
2026-08-07T00:22:43+00:00,bid,RTX 5060,3,3,0.040296,0.047407,0.054519,0.075037,0.095556,0.054519,0.994106
2026-08-07T00:22:43+00:00,bid,RTX 5060 Ti,31,95,0.044444,0.080623,0.134074,0.147222,0.218222,0.14162,0.995254
2026-08-07T00:22:43+00:00,bid,RTX 5070,6,10,0.043704,0.050574,0.090593,0.121389,0.122963,0.121481,0.993153
2026-08-07T00:22:43+00:00,bid,RTX 5070 Ti,9,12,0.094444,0.107778,0.108889,0.134667,0.162963,0.134667,0.995483
2026-08-07T00:22:43+00:00,bid,RTX 5080,20,37,0.042222,0.141815,0.148519,0.175,0.442222,0.17463,0.993063
2026-08-07T00:22:43+00:00,bid,RTX 5090,86,193,0.102222,0.271111,0.376574,0.471574,0.766445,0.37463,0.993048
2026-08-07T00:22:43+00:00,bid,RTX 5880Ada,10,17,0.267704,0.295185,0.296111,0.297037,0.297037,0.296111,0.995032
2026-08-07T00:22:43+00:00,bid,RTX 6000Ada,23,48,0.137778,0.263519,0.402222,0.468815,0.775556,0.402222,0.995648
2026-08-07T00:22:43+00:00,bid,RTX A2000,2,2,0.400148,0.407148,0.414148,0.421148,0.428148,0.428148,0.975484
2026-08-07T00:22:43+00:00,bid,RTX A4000,10,66,0.078074,0.106814,0.107037,0.126957,0.133611,,0.97131
2026-08-07T00:22:43+00:00,bid,RTX A4500,1,1,0.081185,0.081185,0.081185,0.081185,0.081185,,0.95875
2026-08-07T00:22:43+00:00,bid,RTX A5000,8,24,0.032556,0.192841,0.227196,0.334259,0.334815,0.220332,0.988189
2026-08-07T00:22:43+00:00,bid,RTX A6000,11,25,0.138519,0.174444,0.333651,0.334259,0.335556,,0.992913
2026-08-07T00:22:43+00:00,bid,RTX PRO 4000,15,32,0.067778,0.215,0.240494,0.241481,0.370815,0.240494,0.989578
2026-08-07T00:22:43+00:00,bid,RTX PRO 4500,2,2,0.214815,0.228704,0.242593,0.256481,0.27037,0.27037,0.798395
2026-08-07T00:22:43+00:00,bid,RTX PRO 5000,28,55,0.135111,0.268778,0.401481,0.533889,0.603704,0.401481,0.993034
2026-08-07T00:22:43+00:00,bid,RTX PRO 6000 S,27,52,0.361,0.534,0.802963,1.067407,2.935556,1.001667,0.997116
2026-08-07T00:22:43+00:00,bid,RTX PRO 6000 WS,26,45,0.335556,0.685278,0.801852,1.049222,1.337037,0.868593,0.993251
2026-08-07T00:22:43+00:00,bid,Tesla P100,1,1,0.041481,0.041481,0.041481,0.041481,0.041481,,0.987798
2026-08-07T00:22:43+00:00,bid,Tesla T4,2,3,3.400741,3.400926,3.401111,3.401296,3.401481,,0.972409
2026-08-07T00:22:43+00:00,bid,Tesla V100,15,30,0.027222,0.091389,0.095778,0.134259,0.202222,0.134815,0.994667
2026-08-07T00:22:43+00:00,bid,Titan RTX,6,15,0.107222,0.108056,0.118704,0.129546,0.134444,0.108889,0.996345
2026-08-07T00:22:43+00:00,bid,Titan Xp,4,10,0.040556,0.040694,0.040926,0.041389,0.042222,0.040926,0.994916
2026-08-07T00:27:39+00:00,on-demand,A100 PCIE,15,48,0.266944,0.488056,1.000556,1.027917,1.507556,0.868148,0.985933
2026-08-07T00:27:39+00:00,on-demand,A100 SXM4,23,69,0.468889,0.817778,0.934815,1.187667,1.475556,0.968741,0.995277
2026-08-07T00:27:39+00:00,on-demand,A16,3,7,6.669259,6.670556,6.671852,6.674444,6.677037,6.671852,0.957915
2026-08-07T00:27:39+00:00,on-demand,A40,1,1,0.281481,0.281481,0.281481,0.281481,0.281481,0.281481,0.998369
2026-08-07T00:27:39+00:00,on-demand,A800 PCIE,2,5,0.667222,0.667639,0.668056,0.668472,0.668889,,0.994711
2026-08-07T00:27:39+00:00,on-demand,B200,11,37,5.00026,5.626649,5.880208,6.240885,7.752083,5.880208,0.9963
2026-08-07T00:27:39+00:00,on-demand,B300,5,26,8.125521,8.126042,8.75026,8.750694,8.751389,8.438368,0.963054
2026-08-07T00:27:39+00:00,on-demand,CMP 170HX,6,26,0.236833,0.238083,0.286519,0.333843,0.334444,,0.952153
2026-08-07T00:27:39+00:00,on-demand,GTX 1050 Ti,1,1,0.611111,0.611111,0.611111,0.611111,0.611111,,0.98837
2026-08-07T00:27:39+00:00,on-demand,GTX 1060,2,2,0.088148,0.152222,0.216296,0.28037,0.344444,0.088148,0.995526
2026-08-07T00:27:39+00:00,on-demand,GTX 1070,1,1,0.531111,0.531111,0.531111,0.531111,0.531111,0.531111,0.993345
2026-08-07T00:27:39+00:00,on-demand,GTX 1080,5,12,0.027778,0.049704,0.05037,0.051556,0.051778,0.051556,0.985484
2026-08-07T00:27:39+00:00,on-demand,GTX 1080 Ti,6,17,0.042222,0.060694,0.063667,0.071794,0.074444,0.066222,0.996488
2026-08-07T00:27:39+00:00,on-demand,GTX 1650 S,1,1,0.677778,0.677778,0.677778,0.677778,0.677778,,0.991735
2026-08-07T00:27:39+00:00,on-demand,GTX 1660,1,1,0.677778,0.677778,0.677778,0.677778,0.677778,0.677778,0.996463
2026-08-07T00:27:39+00:00,on-demand,GTX 1660 S,1,1,0.451111,0.451111,0.451111,0.451111,0.451111,,0.969676
2026-08-07T00:27:39+00:00,on-demand,GTX 1660 Ti,1,1,0.611111,0.611111,0.611111,0.611111,0.611111,0.611111,0.993798
2026-08-07T00:27:39+00:00,on-demand,GTX TITAN X,1,1,0.028889,0.028889,0.028889,0.028889,0.028889,,0.994834
2026-08-07T00:27:39+00:00,on-demand,H100 NVL,6,10,1.336296,2.534722,2.588889,2.661667,3.067444,2.642222,0.938712
2026-08-07T00:27:39+00:00,on-demand,H100 PCIE,4,15,1.733481,1.934204,2.0675,2.134306,2.135556,2.0675,0.991504
2026-08-07T00:27:39+00:00,on-demand,H100 SXM,13,37,1.605926,2.402667,3.029446,3.068,3.462222,3.001222,0.994804
2026-08-07T00:27:39+00:00,on-demand,H200,11,41,2.632749,4.007584,4.145285,4.178728,7.434759,4.08114,0.997736
2026-08-07T00:27:39+00:00,on-demand,H200 NVL,8,22,2.785778,2.900486,3.267593,3.632111,3.724889,2.926778,0.985887
2026-08-07T00:27:39+00:00,on-demand,L4,4,6,0.255556,0.314722,0.334444,0.334722,0.335556,0.334444,0.996532
2026-08-07T00:27:39+00:00,on-demand,L40,3,5,0.453852,0.514704,0.575556,0.576667,0.577778,0.575556,0.98847
2026-08-07T00:27:39+00:00,on-demand,L40S,16,56,0.401111,0.466991,0.565185,0.868009,1.074074,0.768333,0.997805
2026-08-07T00:27:39+00:00,on-demand,Q RTX 8000,4,6,0.252519,0.252907,0.253556,0.258333,0.271111,0.253556,0.998599
2026-08-07T00:27:39+00:00,on-demand,Quadro P4000,3,4,0.040741,0.041111,0.041481,0.054407,0.067333,0.067333,0.964251
2026-08-07T00:27:39+00:00,on-demand,RTX 2060,2,3,0.052593,0.143333,0.234074,0.324815,0.415556,0.415556,0.986952
2026-08-07T00:27:39+00:00,on-demand,RTX 2070,1,2,0.054444,0.054444,0.054444,0.054444,0.054444,0.054444,0.988364
2026-08-07T00:27:39+00:00,on-demand,RTX 2070S,2,13,0.073498,0.073549,0.073601,0.073652,0.073704,,0.9877
2026-08-07T00:27:39+00:00,on-demand,RTX 2080 Ti,8,28,0.068889,0.078419,0.080083,0.101593,0.811111,0.080083,0.99608
2026-08-07T00:27:39+00:00,on-demand,RTX 2080S,1,1,0.744444,0.744444,0.744444,0.744444,0.744444,0.744444,0.972499
2026-08-07T00:27:39+00:00,on-demand,RTX 3050,1,1,1.322222,1.322222,1.322222,1.322222,1.322222,,0.976214
2026-08-07T00:27:39+00:00,on-demand,RTX 3060,13,48,0.022222,0.053611,0.067222,0.106944,1.335556,0.106944,0.996157
2026-08-07T00:27:39+00:00,on-demand,RTX 3060 Ti,1,1,1.122222,1.122222,1.122222,1.122222,1.122222,1.122222,0.998754
2026-08-07T00:27:39+00:00,on-demand,RTX 3060 laptop,5,14,0.026685,0.041111,0.042222,0.064148,0.068889,0.068889,0.997168
2026-08-07T00:27:39+00:00,on-demand,RTX 3070,7,26,0.042222,0.0675,0.080278,0.121065,0.137037,0.080278,0.992403
2026-08-07T00:27:39+00:00,on-demand,RTX 3080,13,35,0.048889,0.074074,0.113444,0.134815,0.268889,0.127889,0.991781
2026-08-07T00:27:39+00:00,on-demand,RTX 3080 Ti,3,3,0.108148,0.118519,0.128889,0.132963,0.137037,0.137037,0.99424
2026-08-07T00:27:39+00:00,on-demand,RTX 3090,37,111,0.08037,0.135556,0.174074,0.257037,2.001111,0.241296,0.993121
2026-08-07T00:27:39+00:00,on-demand,RTX 4060,5,16,0.053481,0.05363,0.062222,0.064444,2.677778,0.063333,0.985053
2026-08-07T00:27:39+00:00,on-demand,RTX 4060 Ti,5,10,0.081111,0.081852,0.082222,0.108889,0.140556,0.108889,0.99328
2026-08-07T00:27:39+00:00,on-demand,RTX 4070,3,7,0.081111,0.081667,0.082222,0.083333,0.084444,0.082222,0.993167
2026-08-07T00:27:39+00:00,on-demand,RTX 4070 Ti,6,11,0.091111,0.103889,0.131556,0.249972,0.282444,0.096667,0.991867
2026-08-07T00:27:39+00:00,on-demand,RTX 4070S,4,8,0.087037,0.087315,0.088519,0.137778,0.282222,0.087407,0.984178
2026-08-07T00:27:39+00:00,on-demand,RTX 4070S Ti,7,21,0.122407,0.133185,0.246944,0.248056,1.331111,0.246944,0.997296
2026-08-07T00:27:39+00:00,on-demand,RTX 4080,14,34,0.120926,0.145889,0.184519,0.247935,0.268889,0.203852,0.989243
2026-08-07T00:27:39+00:00,on-demand,RTX 4080S,8,23,0.160556,0.161944,0.209685,0.273611,0.803704,0.292037,0.994807
2026-08-07T00:27:39+00:00,on-demand,RTX 4090,48,167,0.135556,0.361389,0.460324,0.677148,1.337037,0.607407,0.996955
2026-08-07T00:27:39+00:00,on-demand,RTX 4090D,9,25,0.160185,0.160741,0.330074,0.667222,0.668889,,0.969168
2026-08-07T00:27:39+00:00,on-demand,RTX 5000Ada,2,3,0.427778,0.428056,0.428333,0.428611,0.428889,0.428333,0.997068
2026-08-07T00:27:39+00:00,on-demand,RTX 5060,2,2,0.097778,0.110556,0.123333,0.136111,0.148889,0.097778,0.995078
2026-08-07T00:27:39+00:00,on-demand,RTX 5060 Ti,18,56,0.066944,0.086852,0.1025,0.136574,0.177111,0.134722,0.991766
2026-08-07T00:27:39+00:00,on-demand,RTX 5060 laptop,1,1,0.135556,0.135556,0.135556,0.135556,0.135556,,0.970983
2026-08-07T00:27:39+00:00,on-demand,RTX 5070,8,14,0.07037,0.091204,0.095926,0.108056,0.162222,0.097037,0.996949
2026-08-07T00:27:39+00:00,on-demand,RTX 5070 Ti,9,20,0.119556,0.135556,0.147407,0.200556,0.202222,0.141481,0.996476
2026-08-07T00:27:39+00:00,on-demand,RTX 5080,19,49,0.160593,0.214648,0.257037,0.400833,1.775556,0.254722,0.97955
2026-08-07T00:27:39+00:00,on-demand,RTX 5090,38,123,0.212889,0.41738,0.520435,0.803426,5.986944,0.782593,0.994956
2026-08-07T00:27:39+00:00,on-demand,RTX 5880Ada,3,7,0.600926,0.601389,0.601852,0.602778,0.603704,0.601852,0.995032
2026-08-07T00:27:39+00:00,on-demand,RTX 6000Ada,9,29,0.441111,0.602074,0.681111,0.693611,0.787778,0.681111,0.993548
2026-08-07T00:27:39+00:00,on-demand,RTX A2000,4,5,0.034074,0.03563,0.036148,0.150481,0.493481,,0.995214
2026-08-07T00:27:39+00:00,on-demand,RTX A4000,8,49,0.067037,0.117138,0.133611,0.137759,0.152278,,0.97131
2026-08-07T00:27:39+00:00,on-demand,RTX A4500,2,2,0.114519,0.404593,0.694667,0.984741,1.274815,,0.978425
2026-08-07T00:27:39+00:00,on-demand,RTX A5000,5,17,0.230984,0.231222,0.231407,40.000741,40.001481,0.231222,0.998149
2026-08-07T00:27:39+00:00,on-demand,RTX A6000,9,29,0.400317,0.400741,0.402222,1.200278,1.335556,,0.992913
2026-08-07T00:27:39+00:00,on-demand,RTX PRO 4000,9,13,0.202222,0.254815,0.301852,0.321481,0.534815,0.301852,0.98948
2026-08-07T00:27:39+00:00,on-demand,RTX PRO 4500,2,2,0.308148,0.317037,0.325926,0.334815,0.343704,0.343704,0.798395
2026-08-07T00:27:39+00:00,on-demand,RTX PRO 5000,9,24,0.601111,0.640556,0.685185,0.733889,0.944148,0.678148,0.993034
2026-08-07T00:27:39+00:00,on-demand,RTX PRO 6000 S,13,36,0.6284,1.334074,1.602222,1.734074,3.068889,1.696988,0.997116
2026-08-07T00:27:39+00:00,on-demand,RTX PRO 6000 WS,18,41,0.735556,1.171778,1.461852,1.603893,13.335556,1.463148,0.995012
2026-08-07T00:27:39+00:00,on-demand,Tesla P100,2,3,0.054815,0.061481,0.068148,0.074815,0.081481,0.081481,0.991295
2026-08-07T00:27:39+00:00,on-demand,Tesla P40,2,2,0.033334,0.075556,0.117778,0.16,0.202222,,0.973728
2026-08-07T00:27:39+00:00,on-demand,Tesla T4,2,3,12.000741,12.000926,12.001111,12.001296,12.001481,,0.972409
2026-08-07T00:27:39+00:00,on-demand,Tesla V100,12,27,0.027222,0.037639,0.06063,0.167639,0.268889,0.210222,0.993099
2026-08-07T00:27:39+00:00,on-demand,Titan RTX,5,10,0.135185,0.137037,0.161111,0.162222,0.200556,0.161667,0.994315
2026-08-07T00:27:39+00:00,on-demand,Titan Xp,4,10,0.055556,0.059306,0.060648,0.060833,0.061111,0.060648,0.994916
2026-08-07T00:27:39+00:00,bid,A100 PCIE,27,44,0.133889,0.135556,0.200741,0.587778,0.588889,0.135556,0.99125
2026-08-07T00:27:39+00:00,bid,A100 SXM4,45,99,0.131556,0.468889,0.601296,0.812889,0.986944,0.535556,0.988738
2026-08-07T00:27:39+00:00,bid,A800 PCIE,6,11,0.129889,0.130444,0.131,0.131556,0.131556,,0.994711
2026-08-07T00:27:39+00:00,bid,B200,12,52,4.375174,4.907899,5.001953,6.063607,7.377083,5.001953,0.986536
2026-08-07T00:27:39+00:00,bid,B300,5,26,3.75026,5.000694,5.001389,5.625521,5.626042,5.313455,0.963054
2026-08-07T00:27:39+00:00,bid,CMP 170HX,7,26,0.234167,0.2375,0.253704,0.254167,0.668889,0.668889,0.963572
2026-08-07T00:27:39+00:00,bid,GTX 1050 Ti,1,1,0.024444,0.024444,0.024444,0.024444,0.024444,,0.98837
2026-08-07T00:27:39+00:00,bid,GTX 1060,2,2,0.031111,0.04037,0.04963,0.058889,0.068148,0.068148,0.995526
2026-08-07T00:27:39+00:00,bid,GTX 1070,1,1,0.024444,0.024444,0.024444,0.024444,0.024444,0.024444,0.993345
2026-08-07T00:27:39+00:00,bid,GTX 1080,4,10,0.014815,0.033981,0.040741,0.041389,0.042222,0.041111,0.996425
2026-08-07T00:27:39+00:00,bid,GTX 1080 Ti,8,24,0.026222,0.040972,0.041667,0.05371,0.054074,0.042222,0.996257
2026-08-07T00:27:39+00:00,bid,GTX 1650 S,1,1,0.037778,0.037778,0.037778,0.037778,0.037778,,0.991735
2026-08-07T00:27:39+00:00,bid,GTX 1660,1,1,0.037778,0.037778,0.037778,0.037778,0.037778,0.037778,0.996463
2026-08-07T00:27:39+00:00,bid,GTX 1660 S,1,1,0.031111,0.031111,0.031111,0.031111,0.031111,,0.969676
2026-08-07T00:27:39+00:00,bid,GTX 1660 Ti,1,1,0.037778,0.037778,0.037778,0.037778,0.037778,0.037778,0.993798
2026-08-07T00:27:39+00:00,bid,H100 NVL,5,9,0.934444,0.935556,0.935556,1.335556,2.000778,1.668167,0.907313
2026-08-07T00:27:39+00:00,bid,H100 PCIE,6,18,0.359111,1.30025,1.600833,1.601944,1.602222,1.600833,0.991504
2026-08-07T00:27:39+00:00,bid,H100 SXM,21,50,0.401481,0.405926,2.002667,2.164444,4.001111,2.070667,0.99136
2026-08-07T00:27:39+00:00,bid,H200,16,50,0.441338,0.441886,2.927997,3.849918,7.171601,3.81652,0.992932
2026-08-07T00:27:39+00:00,bid,H200 NVL,16,30,0.535556,1.003278,1.200417,1.339555,3.202222,1.006667,0.994394
2026-08-07T00:27:39+00:00,bid,L4,9,11,0.081481,0.135556,0.203556,0.267778,0.322222,0.201667,0.995054
2026-08-07T00:27:39+00:00,bid,L40,4,6,0.427185,0.458463,0.47,0.471111,0.471111,0.47,0.98847
2026-08-07T00:27:39+00:00,bid,L40S,35,105,0.200185,0.334074,0.533704,0.538889,0.775556,0.535185,0.997441
2026-08-07T00:27:39+00:00,bid,Q RTX 8000,4,6,0.015556,0.024556,0.04737,0.067315,0.067704,0.04737,0.998599
2026-08-07T00:27:39+00:00,bid,Quadro P4000,2,2,0.03437,0.037611,0.040852,0.044093,0.047333,0.047333,0.997021
2026-08-07T00:27:39+00:00,bid,RTX 2060,4,6,0.027259,0.030148,0.036111,0.114722,0.335556,0.041111,0.992762
2026-08-07T00:27:39+00:00,bid,RTX 2060S,3,5,0.047289,0.0542,0.061111,0.092407,0.123704,0.061111,0.990685
2026-08-07T00:27:39+00:00,bid,RTX 2070,1,2,0.041111,0.041111,0.041111,0.041111,0.041111,0.041111,0.988364
2026-08-07T00:27:39+00:00,bid,RTX 2070S,4,22,0.054,0.063623,0.066842,0.066898,0.067037,0.054,0.9877
2026-08-07T00:27:39+00:00,bid,RTX 2080 Ti,3,10,0.037778,0.052361,0.066944,0.094213,0.121481,0.094213,0.992152
2026-08-07T00:27:39+00:00,bid,RTX 2080S,1,1,0.037778,0.037778,0.037778,0.037778,0.037778,0.037778,0.972499
2026-08-07T00:27:39+00:00,bid,RTX 3050,1,1,1.068889,1.068889,1.068889,1.068889,1.068889,,0.976214
2026-08-07T00:27:39+00:00,bid,RTX 3060,14,50,0.026222,0.043037,0.051037,0.064727,0.13437,0.062509,0.990593
2026-08-07T00:27:39+00:00,bid,RTX 3060 Ti,4,4,0.108148,0.228704,0.486296,0.775,0.988889,0.703704,0.979429
2026-08-07T00:27:39+00:00,bid,RTX 3060 laptop,5,14,0.013352,0.013481,0.038444,0.061481,0.066963,0.066963,0.996495
2026-08-07T00:27:39+00:00,bid,RTX 3070,7,22,0.040278,0.040556,0.067778,0.070704,0.135556,0.067778,0.992803
2026-08-07T00:27:39+00:00,bid,RTX 3070 Ti,1,1,0.055556,0.055556,0.055556,0.055556,0.055556,,0.997104
2026-08-07T00:27:39+00:00,bid,RTX 3080,14,39,0.041481,0.067153,0.067824,0.103611,0.240332,0.108889,0.988243
2026-08-07T00:27:39+00:00,bid,RTX 3080 Ti,5,8,0.055556,0.088889,0.100741,0.108889,0.153889,0.108889,0.995113
2026-08-07T00:27:39+00:00,bid,RTX 3090,58,152,0.014815,0.095556,0.133704,0.174988,0.367407,0.134074,0.992194
2026-08-07T00:27:39+00:00,bid,RTX 4060 Ti,9,19,0.042222,0.075778,0.08037,0.100519,0.107778,0.100519,0.996873
2026-08-07T00:27:39+00:00,bid,RTX 4070,4,6,0.054444,0.070444,0.076333,0.098222,0.162222,0.076333,0.998196
2026-08-07T00:27:39+00:00,bid,RTX 4070 Ti,6,11,0.055556,0.085,0.168056,0.240972,0.241111,0.081481,0.992023
2026-08-07T00:27:39+00:00,bid,RTX 4070S,3,4,0.071481,0.073889,0.076296,0.159259,0.242222,0.073889,0.983828
2026-08-07T00:27:39+00:00,bid,RTX 4070S Ti,12,43,0.093889,0.11088,0.20025,0.201111,1.211111,0.20025,0.997424
2026-08-07T00:27:39+00:00,bid,RTX 4080,19,43,0.133593,0.134926,0.146852,0.157296,0.255556,0.147037,0.990352
2026-08-07T00:27:39+00:00,bid,RTX 4080S,9,15,0.050222,0.104444,0.161778,0.240259,0.240519,0.187704,0.993141
2026-08-07T00:27:39+00:00,bid,RTX 4090,76,233,0.115395,0.260944,0.320963,0.422778,1.200556,0.400889,0.996288
2026-08-07T00:27:39+00:00,bid,RTX 4090D,10,30,0.054074,0.073574,0.074556,0.472287,0.606222,,0.969168
2026-08-07T00:27:39+00:00,bid,RTX 5000Ada,2,3,0.268889,0.281944,0.295,0.308056,0.321111,0.295,0.99776
2026-08-07T00:27:39+00:00,bid,RTX 5060,2,2,0.057778,0.067222,0.076667,0.086111,0.095556,0.057778,0.995078
2026-08-07T00:27:39+00:00,bid,RTX 5060 Ti,28,78,0.040741,0.068463,0.092,0.147014,0.218222,0.10237,0.994318
2026-08-07T00:27:39+00:00,bid,RTX 5070,6,9,0.043704,0.050593,0.073963,0.112778,0.121481,0.121111,0.993153
2026-08-07T00:27:39+00:00,bid,RTX 5070 Ti,9,12,0.081481,0.095556,0.108889,0.135556,0.268,0.095556,0.997435
2026-08-07T00:27:39+00:00,bid,RTX 5080,17,32,0.042222,0.121111,0.147407,0.174148,0.442222,0.129074,0.984948
2026-08-07T00:27:39+00:00,bid,RTX 5090,84,200,0.095556,0.272407,0.378519,0.429028,2.666944,0.375741,0.993877
2026-08-07T00:27:39+00:00,bid,RTX 5880Ada,10,17,0.294259,0.295185,0.297037,0.297037,0.33437,0.297037,0.995032
2026-08-07T00:27:39+00:00,bid,RTX 6000Ada,18,40,0.137778,0.388056,0.434407,0.468889,0.775556,0.467778,0.997369
2026-08-07T00:27:39+00:00,bid,RTX A2000,3,3,0.03037,0.215259,0.400148,0.414148,0.428148,0.229259,0.994385
2026-08-07T00:27:39+00:00,bid,RTX A4000,10,70,0.093704,0.106814,0.107037,0.126957,0.133611,,0.971119
2026-08-07T00:27:39+00:00,bid,RTX A4500,2,2,0.081185,0.081185,0.081185,0.081185,0.081185,,0.958748
2026-08-07T00:27:39+00:00,bid,RTX A5000,9,25,0.11037,0.220415,0.227407,0.334815,0.335556,0.223699,0.998149
2026-08-07T00:27:39+00:00,bid,RTX A6000,11,24,0.138519,0.192963,0.308889,0.333981,0.335556,,0.992913
2026-08-07T00:27:39+00:00,bid,RTX PRO 4000,15,32,0.067778,0.169074,0.240494,0.241481,0.370815,0.240494,0.992601
2026-08-07T00:27:39+00:00,bid,RTX PRO 4500,2,2,0.214815,0.228704,0.242593,0.256481,0.27037,0.27037,0.798395
2026-08-07T00:27:39+00:00,bid,RTX PRO 5000,24,49,0.135111,0.268611,0.400741,0.418333,0.534444,0.400741,0.993034
2026-08-07T00:27:39+00:00,bid,RTX PRO 6000 S,26,45,0.361,0.533889,0.802222,1.067963,2.935556,0.902037,0.99745
2026-08-07T00:27:39+00:00,bid,RTX PRO 6000 WS,27,51,0.375111,0.668148,0.800741,1.066333,2.668148,0.801481,0.995743
2026-08-07T00:27:39+00:00,bid,Tesla P100,1,1,0.041481,0.041481,0.041481,0.041481,0.041481,,0.987798
2026-08-07T00:27:39+00:00,bid,Tesla T4,3,4,3.400741,3.401111,3.401481,3.401481,3.401481,,0.972409
2026-08-07T00:27:39+00:00,bid,Tesla V100,12,26,0.027222,0.073889,0.0955,0.139972,0.202222,0.147389,0.994667
2026-08-07T00:27:39+00:00,bid,Titan RTX,6,15,0.094444,0.112546,0.129204,0.133306,0.135556,0.134444,0.990973
2026-08-07T00:27:39+00:00,bid,Titan Xp,5,12,0.040556,0.040741,0.041111,0.041111,0.042222,0.041111,0.996182
2026-08-07T00:32:36+00:00,on-demand,A100 PCIE,14,45,0.266944,0.709907,1.000833,1.040764,1.507556,0.74637,0.995661
2026-08-07T00:32:36+00:00,on-demand,A100 SXM4,25,72,0.468889,0.800741,0.934815,1.187333,1.475556,0.968741,0.996937
2026-08-07T00:32:36+00:00,on-demand,A16,3,7,6.669259,6.670556,6.671852,6.674444,6.677037,6.671852,0.957915
2026-08-07T00:32:36+00:00,on-demand,A40,1,1,0.281481,0.281481,0.281481,0.281481,0.281481,0.281481,0.998369
2026-08-07T00:32:36+00:00,on-demand,A800 PCIE,2,5,0.667222,0.667639,0.668056,0.668472,0.668889,,0.994711
2026-08-07T00:32:36+00:00,on-demand,B200,11,37,5.001042,5.563889,5.880208,6.240885,7.752083,5.880208,0.9963
2026-08-07T00:32:36+00:00,on-demand,B300,5,26,8.125521,8.126042,8.75026,8.750694,8.751389,8.438368,0.962735
2026-08-07T00:32:36+00:00,on-demand,CMP 170HX,7,24,0.236833,0.2385,0.242667,0.334074,0.935556,0.935556,0.940734
2026-08-07T00:32:36+00:00,on-demand,GTX 1050 Ti,1,1,0.611111,0.611111,0.611111,0.611111,0.611111,,0.98837
2026-08-07T00:32:36+00:00,on-demand,GTX 1060,1,1,0.344444,0.344444,0.344444,0.344444,0.344444,,0.991871
2026-08-07T00:32:36+00:00,on-demand,GTX 1070,1,1,0.531111,0.531111,0.531111,0.531111,0.531111,0.531111,0.993345
2026-08-07T00:32:36+00:00,on-demand,GTX 1070 Ti,1,2,0.049111,0.049111,0.049111,0.049111,0.049111,0.049111,0.993949
2026-08-07T00:32:36+00:00,on-demand,GTX 1080,4,10,0.027778,0.028611,0.039296,0.050167,0.051556,0.05063,0.96696
2026-08-07T00:32:36+00:00,on-demand,GTX 1080 Ti,7,21,0.042222,0.060833,0.066222,0.07377,0.074444,0.069937,0.996488
2026-08-07T00:32:36+00:00,on-demand,GTX 1650 S,1,1,0.677778,0.677778,0.677778,0.677778,0.677778,,0.991735
2026-08-07T00:32:36+00:00,on-demand,GTX 1660,1,1,0.677778,0.677778,0.677778,0.677778,0.677778,0.677778,0.996463
2026-08-07T00:32:36+00:00,on-demand,GTX 1660 S,2,5,0.047222,0.148194,0.249167,0.350139,0.451111,0.047222,0.983153
2026-08-07T00:32:36+00:00,on-demand,GTX 1660 Ti,1,1,0.611111,0.611111,0.611111,0.611111,0.611111,0.611111,0.993798
2026-08-07T00:32:36+00:00,on-demand,GTX TITAN X,1,1,0.028889,0.028889,0.028889,0.028889,0.028889,,0.987969
2026-08-07T00:32:36+00:00,on-demand,H100 NVL,5,9,1.336296,2.534444,2.562222,2.668148,3.067444,2.562222,0.980677
2026-08-07T00:32:36+00:00,on-demand,H100 PCIE,4,15,1.733481,1.835037,2.001389,2.134028,2.134444,2.001389,0.990521
2026-08-07T00:32:36+00:00,on-demand,H100 SXM,12,35,1.601111,2.135889,3.029168,3.164389,3.528333,3.068,0.994315
2026-08-07T00:32:36+00:00,on-demand,H200,11,41,2.773392,3.941795,4.145285,4.211349,7.23739,4.014529,0.997736
2026-08-07T00:32:36+00:00,on-demand,H200 NVL,9,23,2.401481,2.800556,2.886667,3.468889,3.684889,2.885,0.991703
2026-08-07T00:32:36+00:00,on-demand,L4,4,6,0.322222,0.331389,0.334444,0.334722,0.335556,0.334444,0.996532
2026-08-07T00:32:36+00:00,on-demand,L40,3,5,0.453852,0.514704,0.575556,0.576667,0.577778,0.575556,0.98847
2026-08-07T00:32:36+00:00,on-demand,L40S,15,51,0.401111,0.466944,0.534815,0.933981,1.074074,0.800741,0.997303
2026-08-07T00:32:36+00:00,on-demand,Q RTX 8000,4,6,0.252519,0.253685,0.254444,0.261333,0.280889,0.254444,0.998268
2026-08-07T00:32:36+00:00,on-demand,Quadro P4000,3,4,0.040741,0.041111,0.041481,0.054481,0.067481,0.067481,0.964251
2026-08-07T00:32:36+00:00,on-demand,RTX 2060,2,3,0.052593,0.143333,0.234074,0.324815,0.415556,0.415556,0.986952
2026-08-07T00:32:36+00:00,on-demand,RTX 2060S,1,4,0.066978,0.066978,0.066978,0.066978,0.066978,0.066978,0.994972
2026-08-07T00:32:36+00:00,on-demand,RTX 2070,1,2,0.054444,0.054444,0.054444,0.054444,0.054444,0.054444,0.988364
2026-08-07T00:32:36+00:00,on-demand,RTX 2070S,3,21,0.073498,0.073508,0.073519,0.073611,0.073704,,0.9877
2026-08-07T00:32:36+00:00,on-demand,RTX 2080 Ti,7,27,0.068889,0.076456,0.080028,0.080083,0.811111,0.080028,0.988701
2026-08-07T00:32:36+00:00,on-demand,RTX 2080S,1,1,0.744444,0.744444,0.744444,0.744444,0.744444,0.744444,0.972499
2026-08-07T00:32:36+00:00,on-demand,RTX 3050,1,1,1.322222,1.322222,1.322222,1.322222,1.322222,,0.976214
2026-08-07T00:32:36+00:00,on-demand,RTX 3060,10,42,0.022222,0.054028,0.070638,0.535069,1.335556,0.106944,0.993596
2026-08-07T00:32:36+00:00,on-demand,RTX 3060 Ti,2,2,0.399556,0.580222,0.760889,0.941556,1.122222,0.760889,0.996834
2026-08-07T00:32:36+00:00,on-demand,RTX 3060 laptop,3,11,0.026685,0.033898,0.041111,0.041667,0.042222,,0.99877
2026-08-07T00:32:36+00:00,on-demand,RTX 3070,9,29,0.041111,0.075556,0.075556,0.100926,0.166222,0.080278,0.993544
2026-08-07T00:32:36+00:00,on-demand,RTX 3080,11,34,0.047778,0.060417,0.108889,0.116917,0.250999,0.113556,0.990566
2026-08-07T00:32:36+00:00,on-demand,RTX 3080 Ti,3,3,0.068889,0.114889,0.160889,0.162296,0.163704,0.160889,0.951614
2026-08-07T00:32:36+00:00,on-demand,RTX 3090,37,109,0.08963,0.147556,0.21363,0.251496,2.001111,0.242593,0.993518
2026-08-07T00:32:36+00:00,on-demand,RTX 4060,6,17,0.053481,0.055667,0.062,0.063889,2.677778,0.062,0.990216
2026-08-07T00:32:36+00:00,on-demand,RTX 4060 Ti,6,15,0.081111,0.081944,0.094037,0.13188,0.141111,0.123204,0.995805
2026-08-07T00:32:36+00:00,on-demand,RTX 4070,3,7,0.081111,0.082778,0.084444,0.089444,0.094444,0.084444,0.989633
2026-08-07T00:32:36+00:00,on-demand,RTX 4070 Ti,7,12,0.091111,0.102037,0.154222,0.222056,0.282444,0.095185,0.992023
2026-08-07T00:32:36+00:00,on-demand,RTX 4070S,2,6,0.082407,0.083009,0.083611,0.084213,0.084815,0.083611,0.983828
2026-08-07T00:32:36+00:00,on-demand,RTX 4070S Ti,8,25,0.068889,0.1585,0.224,0.247361,1.331111,0.247056,0.997424
2026-08-07T00:32:36+00:00,on-demand,RTX 4080,14,36,0.120926,0.132667,0.184519,0.247935,0.295556,0.203852,0.989243
2026-08-07T00:32:36+00:00,on-demand,RTX 4080S,10,30,0.094259,0.160972,0.188056,0.201944,0.255185,0.201111,0.98913
2026-08-07T00:32:36+00:00,on-demand,RTX 4090,47,169,0.265556,0.347204,0.493889,0.66963,1.337037,0.57037,0.996355
2026-08-07T00:32:36+00:00,on-demand,RTX 4090D,9,25,0.160185,0.160741,0.330074,0.667222,0.668889,,0.969168
2026-08-07T00:32:36+00:00,on-demand,RTX 4500Ada,1,1,1.268889,1.268889,1.268889,1.268889,1.268889,,0.94875
2026-08-07T00:32:36+00:00,on-demand,RTX 5000Ada,3,4,0.335556,0.381667,0.427778,0.435,0.442222,0.427778,0.997068
2026-08-07T00:32:36+00:00,on-demand,RTX 5060,3,3,0.068148,0.071852,0.075556,0.112222,0.148889,0.075556,0.994106
2026-08-07T00:32:36+00:00,on-demand,RTX 5060 Ti,16,53,0.051111,0.086037,0.099315,0.144102,0.176278,0.120142,0.994662
2026-08-07T00:32:36+00:00,on-demand,RTX 5070,7,12,0.074074,0.095,0.096296,0.105222,0.162222,0.096296,0.99656
2026-08-07T00:32:36+00:00,on-demand,RTX 5070 Ti,10,21,0.122222,0.141389,0.162222,0.193889,0.202222,0.161667,0.996284
2026-08-07T00:32:36+00:00,on-demand,RTX 5080,17,46,0.164444,0.227074,0.282222,0.401111,1.775556,0.254722,0.97955
2026-08-07T00:32:36+00:00,on-demand,RTX 5090,43,129,0.212889,0.445641,0.563704,0.806111,5.986944,0.802593,0.993771
2026-08-07T00:32:36+00:00,on-demand,RTX 5880Ada,4,8,0.413852,0.425019,0.515296,0.602315,0.603704,0.515296,0.996363
2026-08-07T00:32:36+00:00,on-demand,RTX 6000Ada,9,28,0.441111,0.600278,0.680556,0.682222,0.708889,0.680833,0.993548
2026-08-07T00:32:36+00:00,on-demand,RTX A2000,4,5,0.034074,0.03563,0.036148,0.150481,0.493481,,0.995214
2026-08-07T00:32:36+00:00,on-demand,RTX A4000,8,41,0.067407,0.07087,0.133586,0.137093,0.146944,,0.97131
2026-08-07T00:32:36+00:00,on-demand,RTX A4500,2,2,0.121185,0.409593,0.698,0.986407,1.274815,,0.978426
2026-08-07T00:32:36+00:00,on-demand,RTX A5000,5,14,0.230984,0.231407,0.301037,40.000741,40.001481,0.231407,0.998149
2026-08-07T00:32:36+00:00,on-demand,RTX A6000,10,31,0.298519,0.400377,0.400926,1.017431,1.335556,,0.992913
2026-08-07T00:32:36+00:00,on-demand,RTX PRO 4000,7,11,0.201111,0.254444,0.301852,0.418889,0.534815,0.301852,0.982391
2026-08-07T00:32:36+00:00,on-demand,RTX PRO 4500,1,1,0.308148,0.308148,0.308148,0.308148,0.308148,,0.599993
2026-08-07T00:32:36+00:00,on-demand,RTX PRO 5000,9,25,0.640278,0.640556,0.658519,0.88037,0.944148,0.658519,0.996517
2026-08-07T00:32:36+00:00,on-demand,RTX PRO 6000 S,12,35,1.000741,1.335926,1.630414,1.734259,3.068889,1.696988,0.997265
2026-08-07T00:32:36+00:00,on-demand,RTX PRO 6000 WS,18,41,0.735556,1.117986,1.376481,1.65132,13.335556,1.376481,0.99417
2026-08-07T00:32:36+00:00,on-demand,Tesla P100,2,3,0.054815,0.061481,0.068148,0.074815,0.081481,0.081481,0.991295
2026-08-07T00:32:36+00:00,on-demand,Tesla P40,2,2,0.033334,0.075556,0.117778,0.16,0.202222,,0.973728
2026-08-07T00:32:36+00:00,on-demand,Tesla T4,2,3,12.000741,12.000926,12.001111,12.001296,12.001481,,0.972409
2026-08-07T00:32:36+00:00,on-demand,Tesla V100,13,32,0.027222,0.040556,0.14837,0.167778,0.335556,0.178648,0.994122
2026-08-07T00:32:36+00:00,on-demand,Titan RTX,3,7,0.161111,0.161667,0.162222,0.181389,0.200556,0.161667,0.998376
2026-08-07T00:32:36+00:00,on-demand,Titan Xp,3,7,0.060556,0.060833,0.061111,0.061667,0.062222,0.061111,0.996182
2026-08-07T00:32:36+00:00,bid,A100 PCIE,29,48,0.133889,0.135556,0.135556,0.587778,0.588889,0.135556,0.99125
2026-08-07T00:32:36+00:00,bid,A100 SXM4,40,86,0.130686,0.468611,0.634167,0.812056,0.936,0.535556,0.988738
2026-08-07T00:32:36+00:00,bid,A800 PCIE,6,11,0.129889,0.130444,0.131,0.131556,0.131556,,0.994711
2026-08-07T00:32:36+00:00,bid,B200,13,74,4.375174,5.000347,5.001302,5.005208,7.377083,5.001302,0.983962
2026-08-07T00:32:36+00:00,bid,B300,4,22,3.75026,4.688086,5.001042,5.157552,5.626042,5.001389,0.963054
2026-08-07T00:32:36+00:00,bid,CMP 170HX,9,30,0.234167,0.24,0.253889,0.254444,0.668889,0.668889,0.963572
2026-08-07T00:32:36+00:00,bid,GTX 1050 Ti,1,1,0.024444,0.024444,0.024444,0.024444,0.024444,,0.98837
2026-08-07T00:32:36+00:00,bid,GTX 1060,1,1,0.031111,0.031111,0.031111,0.031111,0.031111,,0.991871
2026-08-07T00:32:36+00:00,bid,GTX 1070,1,1,0.024444,0.024444,0.024444,0.024444,0.024444,0.024444,0.993345
2026-08-07T00:32:36+00:00,bid,GTX 1070 Ti,1,2,0.041111,0.041111,0.041111,0.041111,0.041111,0.041111,0.993949
2026-08-07T00:32:36+00:00,bid,GTX 1080,4,12,0.014815,0.033981,0.040463,0.040972,0.042222,0.040556,0.995274
2026-08-07T00:32:36+00:00,bid,GTX 1080 Ti,8,24,0.026222,0.040972,0.041667,0.05371,0.054074,0.042222,0.996488
2026-08-07T00:32:36+00:00,bid,GTX 1650 S,1,1,0.037778,0.037778,0.037778,0.037778,0.037778,,0.991735
2026-08-07T00:32:36+00:00,bid,GTX 1660,1,1,0.037778,0.037778,0.037778,0.037778,0.037778,0.037778,0.996463
2026-08-07T00:32:36+00:00,bid,GTX 1660 S,2,5,0.031111,0.033472,0.035833,0.038194,0.040556,0.040556,0.983153
2026-08-07T00:32:36+00:00,bid,GTX 1660 Ti,2,3,0.037778,0.042222,0.046667,0.051111,0.055556,0.046667,0.99564
2026-08-07T00:32:36+00:00,bid,H100 NVL,6,10,0.934444,0.935556,1.135556,1.386111,2.000778,1.402963,0.907313
2026-08-07T00:32:36+00:00,bid,H100 PCIE,10,26,0.347778,0.520259,1.268593,1.469222,1.601111,1.268593,0.994745
2026-08-07T00:32:36+00:00,bid,H100 SXM,17,35,0.401481,0.405926,1.501111,2.162222,4.002222,2.002667,0.993049
2026-08-07T00:32:36+00:00,bid,H200,16,52,0.441338,0.441886,3.485855,3.816703,6.974232,3.585581,0.997115
2026-08-07T00:32:36+00:00,bid,H200 NVL,14,25,0.535556,1.003167,1.103472,1.338778,2.268148,1.005,0.997474
2026-08-07T00:32:36+00:00,bid,L4,7,10,0.134444,0.169556,0.215556,0.268333,0.321111,0.267778,0.995054
2026-08-07T00:32:36+00:00,bid,L40,4,6,0.403704,0.421315,0.448037,0.469444,0.471111,0.448037,0.991496
2026-08-07T00:32:36+00:00,bid,L40S,38,102,0.200185,0.333704,0.534167,0.539815,0.933889,0.535,0.99848
2026-08-07T00:32:36+00:00,bid,Q RTX 8000,4,5,0.027222,0.027472,0.027667,0.037759,0.067704,0.027667,0.998767
2026-08-07T00:32:36+00:00,bid,Quadro P4000,1,1,0.03437,0.03437,0.03437,0.03437,0.03437,,0.997757
2026-08-07T00:32:36+00:00,bid,RTX 2060,3,5,0.027259,0.029185,0.031111,0.036111,0.041111,0.036111,0.990617
2026-08-07T00:32:36+00:00,bid,RTX 2060S,4,9,0.046978,0.047211,0.0542,0.076759,0.123704,0.0542,0.993054
2026-08-07T00:32:36+00:00,bid,RTX 2070,1,2,0.041111,0.041111,0.041111,0.041111,0.041111,0.041111,0.988364
2026-08-07T00:32:36+00:00,bid,RTX 2070S,3,17,0.066831,0.066934,0.067037,0.067037,0.067037,,0.9877
2026-08-07T00:32:36+00:00,bid,RTX 2080 Ti,5,12,0.037778,0.066944,0.070074,0.108148,0.121481,0.089111,0.99771
2026-08-07T00:32:36+00:00,bid,RTX 2080S,1,1,0.037778,0.037778,0.037778,0.037778,0.037778,0.037778,0.972499
2026-08-07T00:32:36+00:00,bid,RTX 3050,1,1,1.068889,1.068889,1.068889,1.068889,1.068889,,0.976214
2026-08-07T00:32:36+00:00,bid,RTX 3060,16,53,0.025111,0.047509,0.054444,0.075394,0.13437,0.066944,0.994258
2026-08-07T00:32:36+00:00,bid,RTX 3060 Ti,4,4,0.07037,0.098704,0.188519,0.448889,0.988889,0.268889,0.991224
2026-08-07T00:32:36+00:00,bid,RTX 3060 laptop,4,13,0.013352,0.013449,0.025963,0.045204,0.065481,0.065481,0.993075
2026-08-07T00:32:36+00:00,bid,RTX 3070,7,22,0.040278,0.040556,0.068519,0.068704,0.135556,0.068519,0.997026
2026-08-07T00:32:36+00:00,bid,RTX 3070 Ti,1,1,0.055556,0.055556,0.055556,0.055556,0.055556,,0.997104
2026-08-07T00:32:36+00:00,bid,RTX 3080,14,42,0.045481,0.067801,0.074815,0.127639,0.240415,0.121389,0.990856
2026-08-07T00:32:36+00:00,bid,RTX 3080 Ti,5,6,0.014815,0.083704,0.095556,0.154444,0.155556,0.154444,0.993568
2026-08-07T00:32:36+00:00,bid,RTX 3090,60,149,0.014815,0.095556,0.134074,0.174543,0.298222,0.134741,0.991974
2026-08-07T00:32:36+00:00,bid,RTX 4060,1,1,0.031111,0.031111,0.031111,0.031111,0.031111,,0.995378
2026-08-07T00:32:36+00:00,bid,RTX 4060 Ti,6,12,0.039778,0.050611,0.076333,0.099639,0.107778,0.107222,0.997606
2026-08-07T00:32:36+00:00,bid,RTX 4070,9,20,0.054444,0.054444,0.067778,0.075778,0.162222,0.075222,0.997411
2026-08-07T00:32:36+00:00,bid,RTX 4070 Ti,7,12,0.055556,0.088519,0.108889,0.240833,0.241111,0.095185,0.992023
2026-08-07T00:32:36+00:00,bid,RTX 4070S,4,8,0.071481,0.075093,0.079667,0.122833,0.242222,0.076296,0.983828
2026-08-07T00:32:36+00:00,bid,RTX 4070S Ti,14,48,0.093889,0.107111,0.13,0.200486,1.211111,0.13,0.997424
2026-08-07T00:32:36+00:00,bid,RTX 4080,18,41,0.068148,0.135926,0.147037,0.162241,0.255556,0.147407,0.993625
2026-08-07T00:32:36+00:00,bid,RTX 4080S,7,12,0.102963,0.145333,0.216,0.240389,0.240519,0.240259,0.98966
2026-08-07T00:32:36+00:00,bid,RTX 4090,87,263,0.115395,0.236519,0.306944,0.443796,1.200556,0.401889,0.996752
2026-08-07T00:32:36+00:00,bid,RTX 4090D,12,32,0.054074,0.065481,0.073963,0.604694,0.606222,,0.969168
2026-08-07T00:32:36+00:00,bid,RTX 4500Ada,1,1,0.468889,0.468889,0.468889,0.468889,0.468889,,0.94875
2026-08-07T00:32:36+00:00,bid,RTX 5000Ada,3,4,0.268889,0.268889,0.268889,0.295,0.321111,0.268889,0.997068
2026-08-07T00:32:36+00:00,bid,RTX 5060,4,5,0.027407,0.027963,0.041333,0.064778,0.095556,0.054519,0.983818
2026-08-07T00:32:36+00:00,bid,RTX 5060 Ti,33,109,0.040741,0.07037,0.134074,0.147222,0.218222,0.146944,0.995088
2026-08-07T00:32:36+00:00,bid,RTX 5070,11,16,0.043704,0.060111,0.094815,0.121296,0.147111,0.121481,0.993153
2026-08-07T00:32:36+00:00,bid,RTX 5070 Ti,10,12,0.095556,0.108889,0.135111,0.155,0.268,0.135556,0.997418
2026-08-07T00:32:36+00:00,bid,RTX 5080,19,34,0.042222,0.120833,0.147407,0.173944,0.442222,0.148889,0.992732
2026-08-07T00:32:36+00:00,bid,RTX 5090,88,210,0.096222,0.267778,0.337593,0.402222,2.666944,0.335926,0.993896
2026-08-07T00:32:36+00:00,bid,RTX 5880Ada,9,18,0.267185,0.295185,0.295185,0.297037,0.297037,0.295185,0.995032
2026-08-07T00:32:36+00:00,bid,RTX 6000Ada,25,54,0.137778,0.139259,0.400556,0.468741,0.774444,0.401111,0.996877
2026-08-07T00:32:36+00:00,bid,RTX A2000,2,2,0.400148,0.407148,0.414148,0.421148,0.428148,0.428148,0.975484
2026-08-07T00:32:36+00:00,bid,RTX A4000,12,76,0.057111,0.093843,0.106944,0.113759,0.133611,,0.971119
2026-08-07T00:32:36+00:00,bid,RTX A4500,1,1,0.081185,0.081185,0.081185,0.081185,0.081185,,0.95875
2026-08-07T00:32:36+00:00,bid,RTX A5000,10,22,0.11037,0.207857,0.227315,0.33463,0.335556,0.226984,0.998043
2026-08-07T00:32:36+00:00,bid,RTX A6000,12,26,0.138519,0.18787,0.306222,0.333935,0.335556,,0.992913
2026-08-07T00:32:36+00:00,bid,RTX PRO 4000,16,33,0.067778,0.098889,0.228815,0.241481,0.370815,0.228741,0.99109
2026-08-07T00:32:36+00:00,bid,RTX PRO 4500,1,1,0.214815,0.214815,0.214815,0.214815,0.214815,,0.599993
2026-08-07T00:32:36+00:00,bid,RTX PRO 5000,24,48,0.135111,0.268139,0.400556,0.533681,0.602222,0.400741,0.992513
2026-08-07T00:32:36+00:00,bid,RTX PRO 6000 S,25,44,0.361,0.404222,0.802963,1.068148,2.935556,1.034815,0.997116
2026-08-07T00:32:36+00:00,bid,RTX PRO 6000 WS,25,42,0.335556,0.668889,0.801481,1.064889,1.337037,0.802222,0.994339
2026-08-07T00:32:36+00:00,bid,Tesla P100,1,1,0.041481,0.041481,0.041481,0.041481,0.041481,,0.987798
2026-08-07T00:32:36+00:00,bid,Tesla T4,2,3,3.400741,3.400926,3.401111,3.401296,3.401481,,0.972409
2026-08-07T00:32:36+00:00,bid,Tesla V100,15,30,0.027222,0.091389,0.095778,0.13263,0.162222,0.133704,0.994667
2026-08-07T00:32:36+00:00,bid,Titan RTX,7,17,0.094444,0.1075,0.108889,0.129204,0.134444,0.108333,0.994315
2026-08-07T00:32:36+00:00,bid,Titan Xp,4,9,0.040556,0.040972,0.041111,0.041389,0.042222,0.041111,0.996182
2026-08-07T00:37:34+00:00,on-demand,A100 PCIE,18,53,0.266944,0.709907,1.000833,1.040764,1.507556,0.780889,0.995328
2026-08-07T00:37:34+00:00,on-demand,A100 SXM4,25,75,0.468889,0.800741,0.934815,1.187333,1.601296,0.988074,0.995277
2026-08-07T00:37:34+00:00,on-demand,A16,3,7,6.669259,6.670556,6.671852,6.674444,6.677037,6.671852,0.957915
2026-08-07T00:37:34+00:00,on-demand,A40,1,1,0.281481,0.281481,0.281481,0.281481,0.281481,0.281481,0.998369
2026-08-07T00:37:34+00:00,on-demand,A800 PCIE,2,5,0.667222,0.667639,0.668056,0.668472,0.668889,,0.994711
2026-08-07T00:37:34+00:00,on-demand,B200,11,37,5.001042,5.625738,5.875694,6.240885,7.752083,5.875694,0.995002
2026-08-07T00:37:34+00:00,on-demand,B300,5,26,8.125521,8.126042,8.75026,8.750694,8.751389,8.438368,0.963054
2026-08-07T00:37:34+00:00,on-demand,CMP 170HX,8,28,0.236833,0.238917,0.288185,0.334028,0.935556,0.935556,0.952153
2026-08-07T00:37:34+00:00,on-demand,GTX 1050 Ti,1,1,0.611111,0.611111,0.611111,0.611111,0.611111,,0.98837
2026-08-07T00:37:34+00:00,on-demand,GTX 1060,2,2,0.088889,0.152778,0.216667,0.280556,0.344444,0.088889,0.995595
2026-08-07T00:37:34+00:00,on-demand,GTX 1070,1,1,0.531111,0.531111,0.531111,0.531111,0.531111,0.531111,0.993345
2026-08-07T00:37:34+00:00,on-demand,GTX 1080,6,16,0.027778,0.033583,0.050167,0.050889,0.055556,0.050741,0.989395
2026-08-07T00:37:34+00:00,on-demand,GTX 1080 Ti,7,21,0.042222,0.060833,0.066222,0.07377,0.074444,0.069937,0.996488
2026-08-07T00:37:34+00:00,on-demand,GTX 1650 S,1,1,0.677778,0.677778,0.677778,0.677778,0.677778,,0.991735
2026-08-07T00:37:34+00:00,on-demand,GTX 1660,1,1,0.677778,0.677778,0.677778,0.677778,0.677778,0.677778,0.996463
2026-08-07T00:37:34+00:00,on-demand,GTX 1660 S,2,5,0.047222,0.148194,0.249167,0.350139,0.451111,0.047222,0.983153
2026-08-07T00:37:34+00:00,on-demand,GTX TITAN X,1,1,0.028889,0.028889,0.028889,0.028889,0.028889,,0.992542
2026-08-07T00:37:34+00:00,on-demand,H100 NVL,4,8,2.534444,2.555278,2.615185,2.767972,3.067444,2.814833,0.987598
2026-08-07T00:37:34+00:00,on-demand,H100 PCIE,4,15,1.733481,1.934204,2.0675,2.134306,2.135556,2.0675,0.991504
2026-08-07T00:37:34+00:00,on-demand,H100 SXM,12,38,1.601481,1.702315,2.848166,3.142069,3.433778,3.216139,0.99347
2026-08-07T00:37:34+00:00,on-demand,H200,11,41,2.773392,3.935307,4.145285,4.344846,7.23739,3.941795,0.991313
2026-08-07T00:37:34+00:00,on-demand,H200 NVL,8,22,2.800278,2.862639,3.177037,3.612111,3.644889,2.885,0.994783
2026-08-07T00:37:34+00:00,on-demand,L4,5,7,0.322222,0.334444,0.334444,0.335556,0.335556,0.335,0.998009
2026-08-07T00:37:34+00:00,on-demand,L40,2,3,0.575556,0.576111,0.576667,0.577222,0.577778,0.576667,0.98847
2026-08-07T00:37:34+00:00,on-demand,L40S,15,54,0.401111,0.466944,0.52963,0.935648,1.074074,0.803704,0.997428
2026-08-07T00:37:34+00:00,on-demand,Q RTX 8000,4,6,0.252519,0.253685,0.254444,0.261333,0.280889,0.254444,0.998268
2026-08-07T00:37:34+00:00,on-demand,Quadro P4000,2,3,0.040741,0.040926,0.041111,0.041296,0.041481,,0.964251
2026-08-07T00:37:34+00:00,on-demand,RTX 2060,2,3,0.052593,0.142222,0.231852,0.321481,0.411111,0.411111,0.986601
2026-08-07T00:37:34+00:00,on-demand,RTX 2070,1,2,0.054444,0.054444,0.054444,0.054444,0.054444,0.054444,0.988364
2026-08-07T00:37:34+00:00,on-demand,RTX 2070S,3,21,0.073498,0.073508,0.073519,0.073611,0.073704,,0.9877
2026-08-07T00:37:34+00:00,on-demand,RTX 2080 Ti,7,25,0.068889,0.07325,0.080028,0.080083,0.811111,0.080028,0.99608
2026-08-07T00:37:34+00:00,on-demand,RTX 2080S,1,1,0.744444,0.744444,0.744444,0.744444,0.744444,0.744444,0.972499
2026-08-07T00:37:34+00:00,on-demand,RTX 3050,1,1,1.322222,1.322222,1.322222,1.322222,1.322222,,0.976214
2026-08-07T00:37:34+00:00,on-demand,RTX 3060,10,51,0.022222,0.050991,0.064537,0.098583,1.334815,0.083565,0.991278
2026-08-07T00:37:34+00:00,on-demand,RTX 3060 Ti,2,2,0.399556,0.580222,0.760889,0.941556,1.122222,0.760889,0.996834
2026-08-07T00:37:34+00:00,on-demand,RTX 3060 laptop,5,14,0.026685,0.041111,0.042222,0.069481,0.06963,0.069556,0.9974
2026-08-07T00:37:34+00:00,on-demand,RTX 3070,7,24,0.041111,0.06125,0.081852,0.134398,0.166222,0.161852,0.988542
2026-08-07T00:37:34+00:00,on-demand,RTX 3080,12,42,0.060278,0.071111,0.085417,0.115236,0.250999,0.1135,0.994035
2026-08-07T00:37:34+00:00,on-demand,RTX 3080 Ti,3,3,0.068889,0.114889,0.160889,0.162296,0.163704,0.160889,0.951614
2026-08-07T00:37:34+00:00,on-demand,RTX 3090,38,122,0.107963,0.147153,0.174259,0.245463,2.001111,0.227444,0.993633
2026-08-07T00:37:34+00:00,on-demand,RTX 4060,6,17,0.053481,0.055667,0.06237,0.064852,2.677778,0.06363,0.984415
2026-08-07T00:37:34+00:00,on-demand,RTX 4060 Ti,4,9,0.081111,0.081944,0.111389,0.140694,0.141111,0.140833,0.991593
2026-08-07T00:37:34+00:00,on-demand,RTX 4070,3,7,0.081111,0.084815,0.088519,0.092037,0.095556,0.088519,0.996374
2026-08-07T00:37:34+00:00,on-demand,RTX 4070 Ti,7,12,0.088889,0.102963,0.154222,0.222056,0.282444,0.097037,0.992023
2026-08-07T00:37:34+00:00,on-demand,RTX 4070S,3,6,0.081852,0.085741,0.08963,0.091852,0.094074,0.085741,0.994417
2026-08-07T00:37:34+00:00,on-demand,RTX 4070S Ti,10,28,0.068889,0.12162,0.16137,0.235444,1.331111,0.16137,0.996582
2026-08-07T00:37:34+00:00,on-demand,RTX 4080,12,32,0.120926,0.150593,0.189444,0.234491,0.255407,0.227185,0.990352
2026-08-07T00:37:34+00:00,on-demand,RTX 4080S,13,37,0.094259,0.160556,0.164444,0.200556,0.309333,0.195407,0.98966
2026-08-07T00:37:34+00:00,on-demand,RTX 4090,43,147,0.292741,0.360556,0.495556,0.670741,1.337037,0.638889,0.996752
2026-08-07T00:37:34+00:00,on-demand,RTX 4090D,9,25,0.160185,0.160741,0.330074,0.667222,0.668889,,0.969168
2026-08-07T00:37:34+00:00,on-demand,RTX 4500Ada,1,1,1.268889,1.268889,1.268889,1.268889,1.268889,,0.94875
2026-08-07T00:37:34+00:00,on-demand,RTX 5000Ada,2,3,0.427778,0.431389,0.435,0.438611,0.442222,0.435,0.99776
2026-08-07T00:37:34+00:00,on-demand,RTX 5060,2,2,0.07037,0.09,0.10963,0.129259,0.148889,0.07037,0.994129
2026-08-07T00:37:34+00:00,on-demand,RTX 5060 Ti,18,58,0.066944,0.087352,0.105111,0.17569,0.228148,0.134259,0.991895
2026-08-07T00:37:34+00:00,on-demand,RTX 5070,8,14,0.094444,0.097407,0.105185,0.1175,0.148889,0.102222,0.996891
2026-08-07T00:37:34+00:00,on-demand,RTX 5070 Ti,11,23,0.119556,0.147315,0.162222,0.194722,0.202222,0.161389,0.996091
2026-08-07T00:37:34+00:00,on-demand,RTX 5080,19,52,0.134815,0.174167,0.255185,0.400417,1.775556,0.254259,0.993468
2026-08-07T00:37:34+00:00,on-demand,RTX 5090,42,134,0.212889,0.427667,0.560926,0.801574,5.986944,0.695185,0.995421
2026-08-07T00:37:34+00:00,on-demand,RTX 5880Ada,3,7,0.428741,0.514833,0.600926,0.601389,0.601852,0.600926,0.995177
2026-08-07T00:37:34+00:00,on-demand,RTX 6000Ada,11,34,0.441111,0.589769,0.601037,0.680833,0.697778,0.630148,0.996479
2026-08-07T00:37:34+00:00,on-demand,RTX A2000,4,5,0.034074,0.03563,0.036148,0.150481,0.493481,,0.995214
2026-08-07T00:37:34+00:00,on-demand,RTX A4000,7,42,0.071778,0.127012,0.133519,0.133765,0.153556,,0.97131
2026-08-07T00:37:34+00:00,on-demand,RTX A4500,2,2,0.114519,0.404593,0.694667,0.984741,1.274815,,0.978425
2026-08-07T00:37:34+00:00,on-demand,RTX A5000,6,15,0.230984,0.248481,0.384296,30.117778,40.001481,0.265556,0.998043
2026-08-07T00:37:34+00:00,on-demand,RTX A6000,10,31,0.298519,0.400377,0.400926,1.017431,1.335556,,0.992913
2026-08-07T00:37:34+00:00,on-demand,RTX PRO 4000,8,13,0.201111,0.263741,0.302778,0.37463,0.534815,0.302778,0.989092
2026-08-07T00:37:34+00:00,on-demand,RTX PRO 4500,1,1,0.308148,0.308148,0.308148,0.308148,0.308148,,0.599993
2026-08-07T00:37:34+00:00,on-demand,RTX PRO 5000,6,11,0.602222,0.664306,0.734722,0.891444,0.944148,0.734722,0.99068
2026-08-07T00:37:34+00:00,on-demand,RTX PRO 6000 S,12,35,0.6284,1.352037,1.630692,1.734259,3.068889,1.733704,0.996719
2026-08-07T00:37:34+00:00,on-demand,RTX PRO 6000 WS,16,37,0.735556,1.146074,1.437037,1.71706,13.335556,1.602224,0.995012
2026-08-07T00:37:34+00:00,on-demand,Tesla P100,2,3,0.054815,0.061481,0.068148,0.074815,0.081481,0.081481,0.991295
2026-08-07T00:37:34+00:00,on-demand,Tesla P40,2,2,0.033334,0.075556,0.117778,0.16,0.202222,,0.973728
2026-08-07T00:37:34+00:00,on-demand,Tesla T4,2,3,12.000741,12.000926,12.001111,12.001296,12.001481,,0.972409
2026-08-07T00:37:34+00:00,on-demand,Tesla V100,11,23,0.027222,0.034722,0.042222,0.1675,0.335556,0.242519,0.992075
2026-08-07T00:37:34+00:00,on-demand,Titan RTX,3,7,0.161111,0.161667,0.162222,0.181389,0.200556,0.161667,0.998376
2026-08-07T00:37:34+00:00,on-demand,Titan Xp,3,7,0.054444,0.055,0.055556,0.058056,0.060556,0.055556,0.996204
2026-08-07T00:37:34+00:00,bid,A100 PCIE,29,50,0.133889,0.135556,0.200741,0.587778,0.588889,0.138889,0.99125
2026-08-07T00:37:34+00:00,bid,A100 SXM4,45,89,0.130686,0.468889,0.601296,0.812889,0.986944,0.517963,0.988738
2026-08-07T00:37:34+00:00,bid,A16,1,4,0.20037,0.20037,0.20037,0.20037,0.20037,0.20037,0.958084
2026-08-07T00:37:34+00:00,bid,A800 PCIE,6,11,0.129889,0.130444,0.131,0.131556,0.131556,,0.994711
2026-08-07T00:37:34+00:00,bid,B200,15,84,4.375174,5.000347,5.001302,7.37526,7.377083,5.001302,0.983962
2026-08-07T00:37:34+00:00,bid,B300,6,30,3.75026,5.000868,5.001389,5.469488,5.626042,5.001389,0.963054
2026-08-07T00:37:34+00:00,bid,CMP 170HX,9,30,0.135556,0.235,0.253889,0.254444,0.668889,0.668889,0.963572
2026-08-07T00:37:34+00:00,bid,GTX 1050 Ti,1,1,0.024444,0.024444,0.024444,0.024444,0.024444,,0.98837
2026-08-07T00:37:34+00:00,bid,GTX 1060,1,1,0.031111,0.031111,0.031111,0.031111,0.031111,,0.991871
2026-08-07T00:37:34+00:00,bid,GTX 1070,1,1,0.024444,0.024444,0.024444,0.024444,0.024444,0.024444,0.993345
2026-08-07T00:37:34+00:00,bid,GTX 1080,5,14,0.037037,0.04037,0.040556,0.041111,0.042222,0.040833,0.996637
2026-08-07T00:37:34+00:00,bid,GTX 1080 Ti,7,20,0.026222,0.041111,0.042222,0.05377,0.054074,0.047937,0.996488
2026-08-07T00:37:34+00:00,bid,GTX 1650 S,1,1,0.037778,0.037778,0.037778,0.037778,0.037778,,0.991735
2026-08-07T00:37:34+00:00,bid,GTX 1660,1,1,0.037778,0.037778,0.037778,0.037778,0.037778,0.037778,0.996463
2026-08-07T00:37:34+00:00,bid,GTX 1660 S,2,5,0.031111,0.033472,0.035833,0.038194,0.040556,0.040556,0.983153
2026-08-07T00:37:34+00:00,bid,GTX 1660 Ti,1,1,0.037778,0.037778,0.037778,0.037778,0.037778,0.037778,0.993798
2026-08-07T00:37:34+00:00,bid,H100 NVL,6,10,0.404889,0.934722,0.935556,1.235556,2.000778,1.668167,0.920199
2026-08-07T00:37:34+00:00,bid,H100 PCIE,7,22,0.347778,0.68113,1.200148,1.534889,1.601111,1.200148,0.991504
2026-08-07T00:37:34+00:00,bid,H100 SXM,23,49,0.401111,0.405926,2.002667,2.161389,4.002222,2.068667,0.993049
2026-08-07T00:37:34+00:00,bid,H200,16,69,0.441064,1.10159,3.48739,3.816703,6.974232,3.684759,0.994546
2026-08-07T00:37:34+00:00,bid,H200 NVL,15,28,0.535556,1.003222,1.200278,1.338,3.202222,1.005,0.997864
2026-08-07T00:37:34+00:00,bid,L4,8,10,0.081481,0.135278,0.235667,0.268889,0.322222,0.268333,0.996532
2026-08-07T00:37:34+00:00,bid,L40,4,6,0.427185,0.458463,0.47,0.471111,0.471111,0.47,0.98847
2026-08-07T00:37:34+00:00,bid,L40S,34,95,0.20037,0.333889,0.502222,0.539815,0.933889,0.536111,0.998142
2026-08-07T00:37:34+00:00,bid,Q RTX 8000,4,6,0.027222,0.027472,0.027667,0.03763,0.067185,0.027667,0.998767
2026-08-07T00:37:34+00:00,bid,Quadro P4000,1,1,0.03437,0.03437,0.03437,0.03437,0.03437,,0.997757
2026-08-07T00:37:34+00:00,bid,RTX 2060,4,6,0.027259,0.030148,0.036111,0.114722,0.335556,0.041111,0.992762
2026-08-07T00:37:34+00:00,bid,RTX 2060S,3,7,0.046978,0.054044,0.061111,0.092407,0.123704,0.061111,0.990685
2026-08-07T00:37:34+00:00,bid,RTX 2070,1,2,0.041111,0.041111,0.041111,0.041111,0.041111,0.041111,0.988364
2026-08-07T00:37:34+00:00,bid,RTX 2070S,3,21,0.066831,0.066842,0.066852,0.066944,0.067037,,0.9877
2026-08-07T00:37:34+00:00,bid,RTX 2080 Ti,5,13,0.037778,0.055556,0.066944,0.067778,0.108148,0.067361,0.997975
2026-08-07T00:37:34+00:00,bid,RTX 2080S,1,1,0.037778,0.037778,0.037778,0.037778,0.037778,0.037778,0.972499
2026-08-07T00:37:34+00:00,bid,RTX 3050,1,1,1.068889,1.068889,1.068889,1.068889,1.068889,,0.976214
2026-08-07T00:37:34+00:00,bid,RTX 3060,12,53,0.037778,0.045509,0.053704,0.075912,0.13437,0.060231,0.991957
2026-08-07T00:37:34+00:00,bid,RTX 3060 Ti,4,4,0.07037,0.098704,0.188519,0.448889,0.988889,0.268889,0.991224
2026-08-07T00:37:34+00:00,bid,RTX 3060 laptop,6,17,0.013352,0.019722,0.051716,0.065358,0.066963,0.065481,0.997463
2026-08-07T00:37:34+00:00,bid,RTX 3070,6,21,0.040278,0.040556,0.050056,0.066278,0.135556,0.040556,0.959591
2026-08-07T00:37:34+00:00,bid,RTX 3080,15,44,0.041481,0.064213,0.082222,0.108519,0.240415,0.108889,0.991781
2026-08-07T00:37:34+00:00,bid,RTX 3080 Ti,4,4,0.088889,0.088889,0.088889,0.105556,0.155556,0.122222,0.993854
2026-08-07T00:37:34+00:00,bid,RTX 3090,55,140,0.014815,0.0875,0.133704,0.176667,0.298222,0.134259,0.992125
2026-08-07T00:37:34+00:00,bid,RTX 4060,1,1,0.031111,0.031111,0.031111,0.031111,0.031111,,0.995378
2026-08-07T00:37:34+00:00,bid,RTX 4060 Ti,6,12,0.042222,0.076056,0.07863,0.09587,0.107222,0.101037,0.996995
2026-08-07T00:37:34+00:00,bid,RTX 4070,5,8,0.054444,0.062444,0.067778,0.076889,0.162222,0.069667,0.997411
2026-08-07T00:37:34+00:00,bid,RTX 4070 Ti,6,10,0.055556,0.085,0.102222,0.207639,0.241111,0.095185,0.992023
2026-08-07T00:37:34+00:00,bid,RTX 4070S,3,7,0.071481,0.077259,0.083037,0.16263,0.242222,0.077259,0.983828
2026-08-07T00:37:34+00:00,bid,RTX 4070S Ti,14,45,0.068148,0.108037,0.20025,0.200972,1.211111,0.200278,0.997424
2026-08-07T00:37:34+00:00,bid,RTX 4080,17,40,0.068148,0.134667,0.137037,0.147407,0.255556,0.147037,0.990352
2026-08-07T00:37:34+00:00,bid,RTX 4080S,8,13,0.102963,0.122778,0.174741,0.222065,0.240519,0.216,0.98966
2026-08-07T00:37:34+00:00,bid,RTX 4090,84,248,0.122222,0.266963,0.316914,0.493657,1.200556,0.40137,0.996718
2026-08-07T00:37:34+00:00,bid,RTX 4090D,14,35,0.054741,0.073574,0.075111,0.605111,0.606222,,0.969168
2026-08-07T00:37:34+00:00,bid,RTX 4500Ada,1,1,0.468889,0.468889,0.468889,0.468889,0.468889,,0.94875
2026-08-07T00:37:34+00:00,bid,RTX 5000Ada,2,3,0.268889,0.281944,0.295,0.308056,0.321111,0.295,0.99776
2026-08-07T00:37:34+00:00,bid,RTX 5060,3,4,0.027407,0.040963,0.054519,0.075037,0.095556,0.054519,0.983818
2026-08-07T00:37:34+00:00,bid,RTX 5060 Ti,29,88,0.048296,0.08037,0.134815,0.147222,0.218222,0.14088,0.995088
2026-08-07T00:37:34+00:00,bid,RTX 5070,6,9,0.043704,0.050574,0.064481,0.108333,0.122222,0.121481,0.994233
2026-08-07T00:37:34+00:00,bid,RTX 5070 Ti,12,19,0.095556,0.107778,0.108889,0.134889,0.268,0.108889,0.997208
2026-08-07T00:37:34+00:00,bid,RTX 5080,19,34,0.042222,0.121389,0.173741,0.188704,0.442222,0.17537,0.992732
2026-08-07T00:37:34+00:00,bid,RTX 5090,92,217,0.093611,0.271111,0.387574,0.473519,2.666944,0.34,0.995711
2026-08-07T00:37:34+00:00,bid,RTX 5880Ada,12,19,0.294259,0.295185,0.297037,0.297037,0.335407,0.297037,0.995032
2026-08-07T00:37:34+00:00,bid,RTX 6000Ada,26,56,0.137778,0.391736,0.402222,0.468852,0.680889,0.434722,0.99668
2026-08-07T00:37:34+00:00,bid,RTX A2000,3,3,0.028148,0.214148,0.400148,0.414148,0.428148,0.228148,0.994385
2026-08-07T00:37:34+00:00,bid,RTX A4000,12,71,0.057111,0.093843,0.106944,0.113759,0.133611,,0.97131
2026-08-07T00:37:34+00:00,bid,RTX A4500,1,1,0.081185,0.081185,0.081185,0.081185,0.081185,,0.95875
2026-08-07T00:37:34+00:00,bid,RTX A5000,9,22,0.11037,0.220332,0.227407,0.334815,0.335556,0.223658,0.997937
2026-08-07T00:37:34+00:00,bid,RTX A6000,10,23,0.138519,0.214444,0.318603,0.334028,0.335556,,0.992913
2026-08-07T00:37:34+00:00,bid,RTX PRO 4000,15,32,0.067778,0.10963,0.240494,0.241481,0.370815,0.234617,0.992601
2026-08-07T00:37:34+00:00,bid,RTX PRO 4500,1,1,0.214815,0.214815,0.214815,0.214815,0.214815,,0.599993
2026-08-07T00:37:34+00:00,bid,RTX PRO 5000,23,39,0.135111,0.268667,0.401481,0.534167,0.642222,0.401481,0.993034
2026-08-07T00:37:34+00:00,bid,RTX PRO 6000 S,24,42,0.352667,0.402037,0.802963,1.068519,2.935556,1.067407,0.997414
2026-08-07T00:37:34+00:00,bid,RTX PRO 6000 WS,27,46,0.335556,0.601333,0.800259,1.067481,1.320926,0.801481,0.995012
2026-08-07T00:37:34+00:00,bid,Tesla P100,1,1,0.041481,0.041481,0.041481,0.041481,0.041481,,0.987798
2026-08-07T00:37:34+00:00,bid,Tesla T4,3,4,3.400741,3.401111,3.401481,3.401481,3.401481,,0.972409
2026-08-07T00:37:34+00:00,bid,Tesla V100,15,30,0.027222,0.091389,0.095778,0.13263,0.202222,0.133704,0.994667
2026-08-07T00:37:34+00:00,bid,Titan RTX,6,14,0.107222,0.108056,0.108889,0.123611,0.129889,0.108889,0.996345
2026-08-07T00:37:34+00:00,bid,Titan Xp,4,9,0.040556,0.040972,0.041111,0.041389,0.042222,0.041111,0.996182
2026-08-07T00:42:38+00:00,on-demand,A100 PCIE,17,54,0.266944,0.707963,1.000556,1.002222,1.507556,0.867037,0.994995
2026-08-07T00:42:38+00:00,on-demand,A100 SXM4,24,71,0.468889,0.800741,0.933889,1.1875,1.473611,0.934815,0.996107
2026-08-07T00:42:38+00:00,on-demand,A16,1,4,0.267037,0.267037,0.267037,0.267037,0.267037,0.267037,0.958084
2026-08-07T00:42:38+00:00,on-demand,A40,1,1,0.281481,0.281481,0.281481,0.281481,0.281481,0.281481,0.998369
2026-08-07T00:42:38+00:00,on-demand,A800 PCIE,2,6,0.667222,0.667361,0.6675,0.667639,0.667778,,0.994711
2026-08-07T00:42:38+00:00,on-demand,B200,11,38,5.001042,5.625434,5.627604,6.062587,6.246528,5.627604,0.995127
2026-08-07T00:42:38+00:00,on-demand,B300,5,26,8.125521,8.126042,8.75026,8.750694,8.751389,8.438368,0.963054
2026-08-07T00:42:38+00:00,on-demand,CMP 170HX,7,24,0.236833,0.2385,0.242667,0.334074,0.935556,0.935556,0.940734
2026-08-07T00:42:38+00:00,on-demand,GTX 1050 Ti,1,1,0.611111,0.611111,0.611111,0.611111,0.611111,,0.98837
2026-08-07T00:42:38+00:00,on-demand,GTX 1060,2,2,0.088889,0.152778,0.216667,0.280556,0.344444,0.088889,0.995595
2026-08-07T00:42:38+00:00,on-demand,GTX 1070,1,1,0.531111,0.531111,0.531111,0.531111,0.531111,0.531111,0.993345
2026-08-07T00:42:38+00:00,on-demand,GTX 1070 Ti,1,2,0.049111,0.049111,0.049111,0.049111,0.049111,0.049111,0.993949
2026-08-07T00:42:38+00:00,on-demand,GTX 1080,5,14,0.027778,0.041067,0.049889,0.050222,0.051037,0.050222,0.996213
2026-08-07T00:42:38+00:00,on-demand,GTX 1080 Ti,5,13,0.042222,0.061111,0.066222,0.073651,0.074444,0.069937,0.996488
2026-08-07T00:42:38+00:00,on-demand,GTX 1660 S,2,5,0.047222,0.148194,0.249167,0.350139,0.451111,0.047222,0.983153
2026-08-07T00:42:38+00:00,on-demand,GTX 1660 Ti,1,1,0.611111,0.611111,0.611111,0.611111,0.611111,0.611111,0.993798
2026-08-07T00:42:38+00:00,on-demand,GTX TITAN X,1,1,0.028889,0.028889,0.028889,0.028889,0.028889,,0.993143
2026-08-07T00:42:38+00:00,on-demand,H100 NVL,5,9,1.336296,2.534444,2.562222,2.668148,3.067444,2.562222,0.980677
2026-08-07T00:42:38+00:00,on-demand,H100 PCIE,4,15,1.733481,1.834204,1.868333,1.935139,2.133889,1.868333,0.988036
2026-08-07T00:42:38+00:00,on-demand,H100 SXM,14,41,1.602963,2.557139,2.860833,3.459278,4.673185,3.453778,0.995192
2026-08-07T00:42:38+00:00,on-demand,H200,11,41,2.773392,3.941795,4.145285,4.211349,7.23739,4.014529,0.997736
2026-08-07T00:42:38+00:00,on-demand,H200 NVL,8,20,2.800278,2.862639,3.177778,3.601889,3.604889,2.886667,0.994783
2026-08-07T00:42:38+00:00,on-demand,L4,3,4,0.322222,0.328333,0.334444,0.335,0.335556,0.335,0.998009
2026-08-07T00:42:38+00:00,on-demand,L40,2,3,0.575556,0.576111,0.576667,0.577222,0.577778,0.576667,0.98847
2026-08-07T00:42:38+00:00,on-demand,L40S,14,50,0.401111,0.466898,0.498333,0.736296,1.07037,0.735556,0.997621
2026-08-07T00:42:38+00:00,on-demand,Q RTX 8000,3,5,0.240556,0.247315,0.254074,0.267481,0.280889,0.254074,0.998268
2026-08-07T00:42:38+00:00,on-demand,Quadro P4000,2,3,0.040741,0.040926,0.041111,0.041296,0.041481,,0.964251
2026-08-07T00:42:38+00:00,on-demand,RTX 2060,2,3,0.052593,0.143333,0.234074,0.324815,0.415556,0.415556,0.986952
2026-08-07T00:42:38+00:00,on-demand,RTX 2060S,1,4,0.066978,0.066978,0.066978,0.066978,0.066978,0.066978,0.994972
2026-08-07T00:42:38+00:00,on-demand,RTX 2070,1,2,0.054444,0.054444,0.054444,0.054444,0.054444,0.054444,0.988364
2026-08-07T00:42:38+00:00,on-demand,RTX 2070S,2,12,0.073519,0.073565,0.073611,0.073657,0.073704,,0.992456
2026-08-07T00:42:38+00:00,on-demand,RTX 2080 Ti,6,19,0.068889,0.073839,0.080039,0.080181,0.811111,0.080039,0.984919
2026-08-07T00:42:38+00:00,on-demand,RTX 2080S,1,1,0.744444,0.744444,0.744444,0.744444,0.744444,0.744444,0.972499
2026-08-07T00:42:38+00:00,on-demand,RTX 3050,1,1,1.322222,1.322222,1.322222,1.322222,1.322222,,0.976214
2026-08-07T00:42:38+00:00,on-demand,RTX 3060,11,45,0.022222,0.050833,0.055556,0.123843,1.335556,0.123843,0.989234
2026-08-07T00:42:38+00:00,on-demand,RTX 3060 Ti,3,3,0.042222,0.220889,0.399556,0.760889,1.122222,0.760889,0.994915
2026-08-07T00:42:38+00:00,on-demand,RTX 3060 laptop,3,11,0.026685,0.033898,0.041111,0.041667,0.042222,,0.99877
2026-08-07T00:42:38+00:00,on-demand,RTX 3070,9,29,0.041111,0.067222,0.075556,0.106944,0.166222,0.077917,0.992403
2026-08-07T00:42:38+00:00,on-demand,RTX 3080,9,33,0.060278,0.074815,0.113556,0.142222,0.251081,0.142222,0.995059
2026-08-07T00:42:38+00:00,on-demand,RTX 3080 Ti,2,2,0.108889,0.121889,0.134889,0.147889,0.160889,0.160889,0.986012
2026-08-07T00:42:38+00:00,on-demand,RTX 3090,35,112,0.08037,0.144213,0.174815,0.247593,2.001111,0.240741,0.993518
2026-08-07T00:42:38+00:00,on-demand,RTX 4060,6,17,0.053481,0.055111,0.061259,0.068519,2.677778,0.064963,0.989243
2026-08-07T00:42:38+00:00,on-demand,RTX 4060 Ti,5,11,0.081111,0.082222,0.085111,0.120556,0.141111,0.120556,0.996262
2026-08-07T00:42:38+00:00,on-demand,RTX 4070,2,3,0.089111,0.090722,0.092333,0.093944,0.095556,0.092333,0.995365
2026-08-07T00:42:38+00:00,on-demand,RTX 4070 Ti,7,13,0.095185,0.119444,0.154222,0.222056,0.282444,0.104444,0.992023
2026-08-07T00:42:38+00:00,on-demand,RTX 4070S,2,3,0.083704,0.085,0.086296,0.087593,0.088889,0.086296,0.989628
2026-08-07T00:42:38+00:00,on-demand,RTX 4070S Ti,9,24,0.10963,0.122222,0.201111,0.247222,1.331111,0.246944,0.997296
2026-08-07T00:42:38+00:00,on-demand,RTX 4080,11,21,0.120926,0.132519,0.180259,0.189444,0.295556,0.160796,0.988135
2026-08-07T00:42:38+00:00,on-demand,RTX 4080S,7,22,0.160556,0.161667,0.164444,0.255056,0.309333,0.255185,0.994807
2026-08-07T00:42:38+00:00,on-demand,RTX 4090,42,178,0.292741,0.368787,0.494722,0.729815,1.337037,0.65463,0.996715
2026-08-07T00:42:38+00:00,on-demand,RTX 4090D,9,25,0.160185,0.160741,0.330074,0.667222,0.668889,,0.969168
2026-08-07T00:42:38+00:00,on-demand,RTX 4500Ada,1,1,1.268889,1.268889,1.268889,1.268889,1.268889,,0.94875
2026-08-07T00:42:38+00:00,on-demand,RTX 5000Ada,1,2,0.427778,0.427778,0.427778,0.427778,0.427778,0.427778,0.997068
2026-08-07T00:42:38+00:00,on-demand,RTX 5060,2,2,0.068148,0.088333,0.108519,0.128704,0.148889,,0.988962
2026-08-07T00:42:38+00:00,on-demand,RTX 5060 Ti,17,50,0.051111,0.08163,0.105481,0.173926,0.278222,0.154093,0.990854
2026-08-07T00:42:38+00:00,on-demand,RTX 5070,9,16,0.094444,0.095556,0.108148,0.122222,0.147778,0.097037,0.99553
2026-08-07T00:42:38+00:00,on-demand,RTX 5070 Ti,10,20,0.095556,0.137593,0.161667,0.200972,0.401333,0.155185,0.996284
2026-08-07T00:42:38+00:00,on-demand,RTX 5080,18,51,0.134815,0.187037,0.261667,0.400486,1.775556,0.207407,0.975174
2026-08-07T00:42:38+00:00,on-demand,RTX 5090,43,134,0.212889,0.423889,0.561852,0.802963,5.986944,0.667028,0.992575
2026-08-07T00:42:38+00:00,on-demand,RTX 5880Ada,5,10,0.427704,0.428741,0.600926,0.601852,0.603704,0.600926,0.995032
2026-08-07T00:42:38+00:00,on-demand,RTX 6000Ada,8,27,0.441111,0.600847,0.6215,0.685069,0.697778,0.6215,0.995361
2026-08-07T00:42:38+00:00,on-demand,RTX A2000,4,5,0.034074,0.03563,0.264815,0.704,1.335556,,0.9948
2026-08-07T00:42:38+00:00,on-demand,RTX A4000,7,40,0.067037,0.102623,0.133519,0.133765,0.146944,,0.97131
2026-08-07T00:42:38+00:00,on-demand,RTX A4500,2,2,0.114519,0.404593,0.694667,0.984741,1.274815,,0.978425
2026-08-07T00:42:38+00:00,on-demand,RTX A5000,6,15,0.230984,0.247815,0.382963,30.117778,40.001481,0.264222,0.998043
2026-08-07T00:42:38+00:00,on-demand,RTX A6000,9,29,0.303704,0.400741,0.468889,1.200556,1.335556,,0.987229
2026-08-07T00:42:38+00:00,on-demand,RTX PRO 4000,9,14,0.201111,0.254444,0.269037,0.303704,0.534815,0.269037,0.988704
2026-08-07T00:42:38+00:00,on-demand,RTX PRO 4500,1,1,0.308148,0.308148,0.308148,0.308148,0.308148,,0.599993
2026-08-07T00:42:38+00:00,on-demand,RTX PRO 5000,8,24,0.602593,0.631505,0.640833,0.771759,0.880741,0.640833,0.993034
2026-08-07T00:42:38+00:00,on-demand,RTX PRO 6000 S,12,35,1.001481,1.517361,1.650614,1.733796,1.736296,1.700661,0.996857
2026-08-07T00:42:38+00:00,on-demand,RTX PRO 6000 WS,17,47,0.802222,1.134815,1.362593,1.666944,13.335556,1.403704,0.994339
2026-08-07T00:42:38+00:00,on-demand,Tesla P100,2,3,0.054815,0.061481,0.068148,0.074815,0.081481,0.081481,0.991295
2026-08-07T00:42:38+00:00,on-demand,Tesla P40,2,2,0.033334,0.075556,0.117778,0.16,0.202222,,0.973728
2026-08-07T00:42:38+00:00,on-demand,Tesla T4,2,3,12.000741,12.000926,12.001111,12.001296,12.001481,,0.972409
2026-08-07T00:42:38+00:00,on-demand,Tesla V100,11,20,0.027222,0.034722,0.042222,0.168333,0.335556,0.226222,0.992075
2026-08-07T00:42:38+00:00,on-demand,Titan RTX,3,7,0.161111,0.161667,0.162222,0.181389,0.200556,0.161667,0.998376
2026-08-07T00:42:38+00:00,on-demand,Titan Xp,3,7,0.060556,0.060833,0.061111,0.061667,0.062222,0.061111,0.99365
2026-08-07T00:42:38+00:00,bid,A100 PCIE,27,48,0.133889,0.135556,0.135556,0.394583,0.588889,0.135556,0.993256
2026-08-07T00:42:38+00:00,bid,A100 SXM4,48,93,0.131556,0.4925,0.666944,0.826611,0.936,0.535556,0.986601
2026-08-07T00:42:38+00:00,bid,A16,1,4,0.20037,0.20037,0.20037,0.20037,0.20037,0.20037,0.958084
2026-08-07T00:42:38+00:00,bid,A800 PCIE,7,12,0.129889,0.130444,0.131556,0.131556,0.131556,,0.994711
2026-08-07T00:42:38+00:00,bid,B200,15,84,4.375174,5.000347,5.001302,7.37526,7.377083,5.001302,0.983962
2026-08-07T00:42:38+00:00,bid,B300,6,30,3.75026,5.000868,5.001389,5.469488,5.626042,5.001389,0.963054
2026-08-07T00:42:38+00:00,bid,CMP 170HX,9,30,0.234167,0.24,0.253889,0.254444,0.668889,0.668889,0.963572
2026-08-07T00:42:38+00:00,bid,GTX 1050 Ti,1,1,0.024444,0.024444,0.024444,0.024444,0.024444,,0.98837
2026-08-07T00:42:38+00:00,bid,GTX 1060,1,1,0.031111,0.031111,0.031111,0.031111,0.031111,,0.991871
2026-08-07T00:42:38+00:00,bid,GTX 1070,1,1,0.024444,0.024444,0.024444,0.024444,0.024444,0.024444,0.993345
2026-08-07T00:42:38+00:00,bid,GTX 1080,6,18,0.0144,0.040417,0.040556,0.040972,0.042222,0.040556,0.996476
2026-08-07T00:42:38+00:00,bid,GTX 1080 Ti,8,24,0.026222,0.040972,0.047937,0.053935,0.054444,0.053651,0.996488
2026-08-07T00:42:38+00:00,bid,GTX 1650 S,1,1,0.037778,0.037778,0.037778,0.037778,0.037778,,0.991735
2026-08-07T00:42:38+00:00,bid,GTX 1660,1,1,0.037778,0.037778,0.037778,0.037778,0.037778,0.037778,0.996463
2026-08-07T00:42:38+00:00,bid,GTX 1660 S,2,5,0.031111,0.033472,0.035833,0.038194,0.040556,0.040556,0.983153
2026-08-07T00:42:38+00:00,bid,GTX 1660 Ti,1,1,0.037778,0.037778,0.037778,0.037778,0.037778,0.037778,0.993798
2026-08-07T00:42:38+00:00,bid,H100 NVL,5,9,0.934444,0.935556,0.935556,1.335556,2.000778,1.668167,0.907313
2026-08-07T00:42:38+00:00,bid,H100 PCIE,9,25,0.358556,1.200148,1.600556,1.601111,1.602222,1.600556,0.991504
2026-08-07T00:42:38+00:00,bid,H100 SXM,22,52,0.401111,0.405926,1.253815,2.161944,4.002222,2.035333,0.993961
2026-08-07T00:42:38+00:00,bid,H200,19,69,0.441064,0.441886,3.290022,3.816886,6.974232,3.750548,0.988128
2026-08-07T00:42:38+00:00,bid,H200 NVL,12,24,0.535556,0.903056,1.103472,1.337222,1.339556,1.006667,0.997864
2026-08-07T00:42:38+00:00,bid,L4,10,13,0.081481,0.135556,0.235667,0.268889,0.322222,0.268333,0.996532
2026-08-07T00:42:38+00:00,bid,L40,4,5,0.468889,0.470556,0.471111,0.471111,0.471111,0.471111,0.98847
2026-08-07T00:42:38+00:00,bid,L40S,32,92,0.200185,0.333704,0.533889,0.537963,0.933889,0.535926,0.99848
2026-08-07T00:42:38+00:00,bid,Q RTX 8000,4,6,0.027222,0.027472,0.027667,0.03763,0.067185,0.027667,0.998767
2026-08-07T00:42:38+00:00,bid,Quadro P4000,1,1,0.03437,0.03437,0.03437,0.03437,0.03437,,0.997757
2026-08-07T00:42:38+00:00,bid,RTX 2060,4,6,0.027259,0.030148,0.036111,0.114722,0.335556,0.041111,0.992762
2026-08-07T00:42:38+00:00,bid,RTX 2060S,2,5,0.046978,0.066159,0.085341,0.104522,0.123704,0.085341,0.980788
2026-08-07T00:42:38+00:00,bid,RTX 2070,1,2,0.041111,0.041111,0.041111,0.041111,0.041111,0.041111,0.988364
2026-08-07T00:42:38+00:00,bid,RTX 2070S,3,21,0.066831,0.066842,0.066852,0.066944,0.067037,,0.9877
2026-08-07T00:42:38+00:00,bid,RTX 2080 Ti,5,13,0.037778,0.042222,0.066944,0.067778,0.108148,0.067361,0.997975
2026-08-07T00:42:38+00:00,bid,RTX 2080S,1,1,0.037778,0.037778,0.037778,0.037778,0.037778,0.037778,0.972499
2026-08-07T00:42:38+00:00,bid,RTX 3050,1,1,1.068889,1.068889,1.068889,1.068889,1.068889,,0.976214
2026-08-07T00:42:38+00:00,bid,RTX 3060,14,51,0.025111,0.045491,0.054167,0.061944,0.102815,0.060231,0.993321
2026-08-07T00:42:38+00:00,bid,RTX 3060 Ti,3,3,0.108148,0.188519,0.268889,0.628889,0.988889,0.628889,0.994915
2026-08-07T00:42:38+00:00,bid,RTX 3060 laptop,5,15,0.013352,0.013481,0.038444,0.064988,0.066963,0.065975,0.996033
2026-08-07T00:42:38+00:00,bid,RTX 3070,7,22,0.040278,0.040556,0.067778,0.069444,0.135556,0.067778,0.997026
2026-08-07T00:42:38+00:00,bid,RTX 3080,17,39,0.041111,0.060741,0.067778,0.108148,0.240332,0.108889,0.990074
2026-08-07T00:42:38+00:00,bid,RTX 3080 Ti,5,6,0.088889,0.095556,0.110222,0.154444,0.155556,0.154444,0.993568
2026-08-07T00:42:38+00:00,bid,RTX 3090,57,137,0.016296,0.094444,0.134074,0.17521,0.367407,0.134815,0.992125
2026-08-07T00:42:38+00:00,bid,RTX 4060,2,3,0.031111,0.039037,0.046963,0.054889,0.062815,0.062815,0.987088
2026-08-07T00:42:38+00:00,bid,RTX 4060 Ti,7,16,0.039778,0.058333,0.075778,0.088704,0.107222,0.087481,0.997116
2026-08-07T00:42:38+00:00,bid,RTX 4070,4,6,0.067778,0.073778,0.076333,0.098222,0.162222,0.076889,0.997411
2026-08-07T00:42:38+00:00,bid,RTX 4070 Ti,7,13,0.033111,0.068519,0.108889,0.240833,0.241111,0.095185,0.992023
2026-08-07T00:42:38+00:00,bid,RTX 4070S,2,2,0.102222,0.137222,0.172222,0.207222,0.242222,0.102222,0.981341
2026-08-07T00:42:38+00:00,bid,RTX 4070S Ti,16,46,0.054815,0.097222,0.149444,0.200694,1.211111,0.15037,0.996582
2026-08-07T00:42:38+00:00,bid,RTX 4080,13,23,0.133593,0.134,0.135556,0.167704,0.255556,0.134667,0.994796
2026-08-07T00:42:38+00:00,bid,RTX 4080S,6,10,0.102963,0.137111,0.175333,0.227417,0.240519,0.214574,0.991504
2026-08-07T00:42:38+00:00,bid,RTX 4090,76,246,0.090963,0.26725,0.34213,0.534815,1.200556,0.403704,0.996752
2026-08-07T00:42:38+00:00,bid,RTX 4090D,11,30,0.054741,0.060111,0.074185,0.604833,0.606222,,0.969168
2026-08-07T00:42:38+00:00,bid,RTX 4500Ada,1,1,0.468889,0.468889,0.468889,0.468889,0.468889,,0.94875
2026-08-07T00:42:38+00:00,bid,RTX 5000Ada,3,4,0.268889,0.295,0.321111,0.321667,0.322222,0.321111,0.997068
2026-08-07T00:42:38+00:00,bid,RTX 5060,3,3,0.057778,0.076667,0.095556,0.095556,0.095556,0.057778,0.995201
2026-08-07T00:42:38+00:00,bid,RTX 5060 Ti,33,92,0.040741,0.080741,0.107037,0.147222,0.218222,0.134074,0.995088
2026-08-07T00:42:38+00:00,bid,RTX 5070,8,12,0.043704,0.056907,0.093611,0.121667,0.135556,0.121481,0.995447
2026-08-07T00:42:38+00:00,bid,RTX 5070 Ti,12,19,0.094444,0.104306,0.107778,0.108889,0.268,0.107778,0.996014
2026-08-07T00:42:38+00:00,bid,RTX 5080,19,33,0.042222,0.128074,0.162593,0.189259,0.442222,0.169074,0.994158
2026-08-07T00:42:38+00:00,bid,RTX 5090,77,193,0.096222,0.266944,0.373498,0.402222,2.666944,0.342111,0.995421
2026-08-07T00:42:38+00:00,bid,RTX 5880Ada,8,16,0.267185,0.294954,0.296111,0.297037,0.297037,0.296111,0.995032
2026-08-07T00:42:38+00:00,bid,RTX 6000Ada,19,47,0.137778,0.328333,0.400741,0.468259,0.666944,0.401111,0.998922
2026-08-07T00:42:38+00:00,bid,RTX A2000,3,3,0.03037,0.215259,0.400148,0.414148,0.428148,0.229259,0.994385
2026-08-07T00:42:38+00:00,bid,RTX A4000,11,63,0.067852,0.093889,0.106852,0.107099,0.133611,,0.97131
2026-08-07T00:42:38+00:00,bid,RTX A4500,1,1,0.081185,0.081185,0.081185,0.081185,0.081185,,0.95875
2026-08-07T00:42:38+00:00,bid,RTX A5000,7,16,0.11037,0.227196,0.334074,0.334815,0.335556,0.227196,0.997937
2026-08-07T00:42:38+00:00,bid,RTX A6000,10,24,0.138519,0.183667,0.33377,0.334352,0.335556,,0.992913
2026-08-07T00:42:38+00:00,bid,RTX PRO 4000,14,30,0.067778,0.109259,0.228815,0.241296,0.370815,0.228741,0.99109
2026-08-07T00:42:38+00:00,bid,RTX PRO 4500,1,1,0.214815,0.214815,0.214815,0.214815,0.214815,,0.599993
2026-08-07T00:42:38+00:00,bid,RTX PRO 5000,22,44,0.135111,0.267944,0.401111,0.533843,0.642222,0.401481,0.993034
2026-08-07T00:42:38+00:00,bid,RTX PRO 6000 S,26,45,0.352667,0.402222,0.801852,1.067963,2.935556,1.067037,0.997116
2026-08-07T00:42:38+00:00,bid,RTX PRO 6000 WS,27,45,0.335556,0.537222,0.737778,0.901296,1.337037,0.800444,0.995292
2026-08-07T00:42:38+00:00,bid,Tesla P100,1,1,0.041481,0.041481,0.041481,0.041481,0.041481,,0.987798
2026-08-07T00:42:38+00:00,bid,Tesla T4,2,3,3.400741,3.400926,3.401111,3.401296,3.401481,,0.972409
2026-08-07T00:42:38+00:00,bid,Tesla V100,13,24,0.027222,0.088889,0.095222,0.134815,0.170222,0.134815,0.994667
2026-08-07T00:42:38+00:00,bid,Titan RTX,7,16,0.107222,0.108333,0.128519,0.132167,0.135556,0.121667,0.998376
2026-08-07T00:42:38+00:00,bid,Titan Xp,3,7,0.040556,0.040833,0.041111,0.041667,0.042222,0.041111,0.996182
2026-08-07T00:47:35+00:00,on-demand,A100 PCIE,16,47,0.266944,0.598009,0.844222,1.015069,1.507556,0.780889,0.995328
2026-08-07T00:47:35+00:00,on-demand,A100 SXM4,26,76,0.468889,0.800926,0.942815,1.189,1.475556,1.041333,0.99696
2026-08-07T00:47:35+00:00,on-demand,A16,1,4,0.267037,0.267037,0.267037,0.267037,0.267037,0.267037,0.958084
2026-08-07T00:47:35+00:00,on-demand,A40,1,1,0.281481,0.281481,0.281481,0.281481,0.281481,0.281481,0.998369
2026-08-07T00:47:35+00:00,on-demand,A800 PCIE,3,7,0.667222,0.6675,0.667778,0.668333,0.668889,,0.994711
2026-08-07T00:47:35+00:00,on-demand,B200,16,63,5.001042,5.612956,5.880556,6.243142,7.752083,5.880556,0.993874
2026-08-07T00:47:35+00:00,on-demand,B300,5,26,8.125521,8.126042,8.75026,8.750694,8.751389,8.438368,0.962735
2026-08-07T00:47:35+00:00,on-demand,CMP 170HX,7,24,0.236833,0.2385,0.242667,0.334074,0.935556,0.935556,0.940734
2026-08-07T00:47:35+00:00,on-demand,GTX 1050 Ti,1,1,0.611111,0.611111,0.611111,0.611111,0.611111,,0.98837
2026-08-07T00:47:35+00:00,on-demand,GTX 1060,1,1,0.344444,0.344444,0.344444,0.344444,0.344444,,0.991871
2026-08-07T00:47:35+00:00,on-demand,GTX 1070,1,1,0.531111,0.531111,0.531111,0.531111,0.531111,0.531111,0.993345
2026-08-07T00:47:35+00:00,on-demand,GTX 1070 Ti,1,1,0.050222,0.050222,0.050222,0.050222,0.050222,0.050222,0.993949
2026-08-07T00:47:35+00:00,on-demand,GTX 1080,5,15,0.027778,0.049704,0.05037,0.051222,0.051778,0.051222,0.985484
2026-08-07T00:47:35+00:00,on-demand,GTX 1080 Ti,4,11,0.042222,0.065794,0.074048,0.074722,0.075556,0.074444,0.996488
2026-08-07T00:47:35+00:00,on-demand,GTX 1650 S,1,1,0.677778,0.677778,0.677778,0.677778,0.677778,,0.991735
2026-08-07T00:47:35+00:00,on-demand,GTX 1660,1,1,0.677778,0.677778,0.677778,0.677778,0.677778,0.677778,0.996463
2026-08-07T00:47:35+00:00,on-demand,GTX 1660 S,2,5,0.047222,0.148194,0.249167,0.350139,0.451111,0.047222,0.983153
2026-08-07T00:47:35+00:00,on-demand,GTX 1660 Ti,1,1,0.611111,0.611111,0.611111,0.611111,0.611111,0.611111,0.993798
2026-08-07T00:47:35+00:00,on-demand,GTX TITAN X,1,1,0.028889,0.028889,0.028889,0.028889,0.028889,,0.987653
2026-08-07T00:47:35+00:00,on-demand,H100 NVL,4,8,2.534444,2.535278,2.735556,2.968528,3.067444,3.0015,0.920199
2026-08-07T00:47:35+00:00,on-demand,H100 PCIE,4,15,1.733481,2.033787,2.134167,2.134722,2.135556,2.134167,0.991504
2026-08-07T00:47:35+00:00,on-demand,H100 SXM,12,35,1.600556,1.703148,2.653055,2.968833,3.461111,2.934444,0.993927
2026-08-07T00:47:35+00:00,on-demand,H200,11,41,2.773392,3.941795,4.08114,4.145559,7.105811,4.01398,0.997736
2026-08-07T00:47:35+00:00,on-demand,H200 NVL,10,25,2.401481,2.82125,2.977222,3.538185,3.602222,2.886667,0.985887
2026-08-07T00:47:35+00:00,on-demand,L4,4,6,0.322222,0.331389,0.334444,0.334722,0.335556,0.334444,0.996532
2026-08-07T00:47:35+00:00,on-demand,L40,2,3,0.575556,0.576111,0.576667,0.577222,0.577778,0.576667,0.98847
2026-08-07T00:47:35+00:00,on-demand,L40S,15,54,0.401111,0.466944,0.52963,0.901991,1.074074,0.737037,0.997815
2026-08-07T00:47:35+00:00,on-demand,Q RTX 6000,1,1,0.134815,0.134815,0.134815,0.134815,0.134815,0.134815,0.998339
2026-08-07T00:47:35+00:00,on-demand,Q RTX 8000,4,6,0.252519,0.253685,0.254444,0.261333,0.280889,0.254444,0.998268
2026-08-07T00:47:35+00:00,on-demand,Quadro P4000,3,4,0.040741,0.041111,0.041481,0.054407,0.067333,0.067333,0.964251
2026-08-07T00:47:35+00:00,on-demand,RTX 2060,2,3,0.052593,0.142222,0.231852,0.321481,0.411111,0.411111,0.986601
2026-08-07T00:47:35+00:00,on-demand,RTX 2060S,1,4,0.066978,0.066978,0.066978,0.066978,0.066978,0.066978,0.994972
2026-08-07T00:47:35+00:00,on-demand,RTX 2070,1,2,0.054444,0.054444,0.054444,0.054444,0.054444,0.054444,0.988364
2026-08-07T00:47:35+00:00,on-demand,RTX 2070S,3,21,0.073498,0.073508,0.073519,0.073611,0.073704,,0.9877
2026-08-07T00:47:35+00:00,on-demand,RTX 2080 Ti,7,27,0.068889,0.080025,0.080056,0.085093,0.811111,0.080056,0.99608
2026-08-07T00:47:35+00:00,on-demand,RTX 2080S,1,1,0.744444,0.744444,0.744444,0.744444,0.744444,0.744444,0.972499
2026-08-07T00:47:35+00:00,on-demand,RTX 3060,13,62,0.022222,0.053519,0.055556,0.073498,1.334815,0.05787,0.994646
2026-08-07T00:47:35+00:00,on-demand,RTX 3060 Ti,2,2,0.399556,0.580222,0.760889,0.941556,1.122222,0.760889,0.996834
2026-08-07T00:47:35+00:00,on-demand,RTX 3060 laptop,3,11,0.026685,0.033898,0.041111,0.041667,0.042222,,0.99877
2026-08-07T00:47:35+00:00,on-demand,RTX 3070,8,26,0.041111,0.077431,0.088519,0.120671,0.166222,0.095185,0.994371
2026-08-07T00:47:35+00:00,on-demand,RTX 3080,9,32,0.060222,0.062222,0.082222,0.120278,0.250999,0.127889,0.996107
2026-08-07T00:47:35+00:00,on-demand,RTX 3080 Ti,2,2,0.160889,0.161593,0.162296,0.163,0.163704,0.160889,0.930358
2026-08-07T00:47:35+00:00,on-demand,RTX 3090,36,113,0.08963,0.145278,0.174259,0.24713,2.001111,0.24037,0.993518
2026-08-07T00:47:35+00:00,on-demand,RTX 4060,6,17,0.053481,0.055778,0.063333,0.064444,2.677778,0.063333,0.990216
2026-08-07T00:47:35+00:00,on-demand,RTX 4060 Ti,6,15,0.080926,0.081389,0.091481,0.130602,0.141111,0.120648,0.994359
2026-08-07T00:47:35+00:00,on-demand,RTX 4070,3,4,0.084444,0.089444,0.094444,0.133667,0.172889,0.094444,0.997411
2026-08-07T00:47:35+00:00,on-demand,RTX 4070 Ti,7,12,0.088889,0.102963,0.154222,0.222056,0.282444,0.097037,0.992023
2026-08-07T00:47:35+00:00,on-demand,RTX 4070S,4,8,0.087037,0.087315,0.088519,0.137778,0.282222,0.087407,0.984178
2026-08-07T00:47:35+00:00,on-demand,RTX 4070S Ti,10,36,0.068889,0.120602,0.224,0.247153,1.331111,0.246944,0.99736
2026-08-07T00:47:35+00:00,on-demand,RTX 4080,13,33,0.120926,0.186926,0.19037,0.255037,0.295556,0.241278,0.994091
2026-08-07T00:47:35+00:00,on-demand,RTX 4080S,11,31,0.094259,0.154722,0.164444,0.225167,0.328889,0.194889,0.991481
2026-08-07T00:47:35+00:00,on-demand,RTX 4090,44,183,0.257444,0.360648,0.494167,0.669259,1.280556,0.572222,0.99664
2026-08-07T00:47:35+00:00,on-demand,RTX 4090D,9,25,0.160185,0.160741,0.330074,0.667222,0.668889,,0.969168
2026-08-07T00:47:35+00:00,on-demand,RTX 4500Ada,1,1,1.268889,1.268889,1.268889,1.268889,1.268889,,0.94875
2026-08-07T00:47:35+00:00,on-demand,RTX 5000Ada,2,3,0.427778,0.431389,0.435,0.438611,0.442222,0.435,0.99776
2026-08-07T00:47:35+00:00,on-demand,RTX 5060,3,4,0.067407,0.068889,0.07037,0.10963,0.148889,0.07037,0.994106
2026-08-07T00:47:35+00:00,on-demand,RTX 5060 Ti,18,60,0.066944,0.085153,0.099593,0.165773,0.227407,0.120142,0.994662
2026-08-07T00:47:35+00:00,on-demand,RTX 5070,7,12,0.081481,0.09463,0.104444,0.135,0.162222,0.126111,0.997338
2026-08-07T00:47:35+00:00,on-demand,RTX 5070 Ti,8,19,0.122222,0.154352,0.181389,0.200694,0.202222,0.162222,0.994928
2026-08-07T00:47:35+00:00,on-demand,RTX 5080,19,57,0.161111,0.182222,0.255185,0.400417,1.775556,0.214907,0.993468
2026-08-07T00:47:35+00:00,on-demand,RTX 5090,45,132,0.212889,0.45156,0.600823,0.800741,5.986944,0.667778,0.995789
2026-08-07T00:47:35+00:00,on-demand,RTX 5880Ada,4,9,0.413852,0.424241,0.514778,0.602315,0.603704,0.514778,0.996363
2026-08-07T00:47:35+00:00,on-demand,RTX 6000Ada,9,28,0.441111,0.600278,0.680556,0.682222,0.708889,0.680833,0.998313
2026-08-07T00:47:35+00:00,on-demand,RTX A2000,3,4,0.034074,0.035111,0.036148,0.264815,0.493481,,0.995214
2026-08-07T00:47:35+00:00,on-demand,RTX A4000,11,59,0.067037,0.07663,0.133468,0.133765,0.150889,,0.97131
2026-08-07T00:47:35+00:00,on-demand,RTX A4500,2,2,0.114519,0.404593,0.694667,0.984741,1.274815,,0.978425
2026-08-07T00:47:35+00:00,on-demand,RTX A5000,3,11,0.230984,0.231196,0.231407,0.263556,0.295704,0.231407,0.998149
2026-08-07T00:47:35+00:00,on-demand,RTX A6000,9,27,0.298519,0.400317,0.401111,1.200278,1.335556,,0.992913
2026-08-07T00:47:35+00:00,on-demand,RTX PRO 4000,9,16,0.202222,0.254074,0.303704,0.321481,0.534815,0.303704,0.98948
2026-08-07T00:47:35+00:00,on-demand,RTX PRO 4500,1,1,0.308148,0.308148,0.308148,0.308148,0.308148,,0.599993
2026-08-07T00:47:35+00:00,on-demand,RTX PRO 5000,9,24,0.640278,0.641111,0.720444,0.845185,0.944148,0.702407,0.993034
2026-08-07T00:47:35+00:00,on-demand,RTX PRO 6000 S,14,41,1.200444,1.334259,1.621589,1.733981,3.068889,1.660272,0.996857
2026-08-07T00:47:35+00:00,on-demand,RTX PRO 6000 WS,19,46,0.868889,1.140222,1.480741,1.767176,13.335556,1.587593,0.993383
2026-08-07T00:47:35+00:00,on-demand,Tesla P100,2,3,0.054815,0.061481,0.068148,0.074815,0.081481,0.081481,0.991295
2026-08-07T00:47:35+00:00,on-demand,Tesla P40,2,2,0.033334,0.075556,0.117778,0.16,0.202222,,0.973728
2026-08-07T00:47:35+00:00,on-demand,Tesla T4,2,3,12.000741,12.000926,12.001111,12.001296,12.001481,,0.972409
2026-08-07T00:47:35+00:00,on-demand,Tesla V100,10,21,0.027222,0.031806,0.041667,0.168472,0.335556,0.302222,0.993371
2026-08-07T00:47:35+00:00,on-demand,Titan RTX,3,7,0.161111,0.161667,0.162222,0.181389,0.200556,0.161667,0.998376
2026-08-07T00:47:35+00:00,on-demand,Titan Xp,3,7,0.060556,0.060833,0.061111,0.061667,0.062222,0.061111,0.99365
2026-08-07T00:47:35+00:00,bid,A100 PCIE,28,43,0.134444,0.135556,0.187981,0.588056,0.601111,0.175222,0.985933
2026-08-07T00:47:35+00:00,bid,A100 SXM4,41,98,0.130316,0.468889,0.535556,0.811222,0.936,0.517963,0.988738
2026-08-07T00:47:35+00:00,bid,A16,1,4,0.20037,0.20037,0.20037,0.20037,0.20037,0.20037,0.958084
2026-08-07T00:47:35+00:00,bid,A800 PCIE,7,12,0.129889,0.130444,0.131556,0.131556,0.131556,,0.994711
2026-08-07T00:47:35+00:00,bid,B200,23,113,4.375174,5.000347,5.001302,5.003993,7.377083,5.001302,0.983413
2026-08-07T00:47:35+00:00,bid,B300,6,30,3.75026,5.000868,5.001389,5.469488,5.626042,5.001389,0.963054
2026-08-07T00:47:35+00:00,bid,CMP 170HX,10,31,0.135556,0.23625,0.253796,0.254444,0.668889,0.668889,0.963572
2026-08-07T00:47:35+00:00,bid,GTX 1050 Ti,1,1,0.024444,0.024444,0.024444,0.024444,0.024444,,0.98837
2026-08-07T00:47:35+00:00,bid,GTX 1060,1,1,0.031111,0.031111,0.031111,0.031111,0.031111,,0.991871
2026-08-07T00:47:35+00:00,bid,GTX 1070,1,1,0.024444,0.024444,0.024444,0.024444,0.024444,0.024444,0.993345
2026-08-07T00:47:35+00:00,bid,GTX 1080,5,14,0.014815,0.04037,0.040556,0.041111,0.042222,0.040833,0.994171
2026-08-07T00:47:35+00:00,bid,GTX 1080 Ti,7,20,0.026222,0.041667,0.053651,0.053981,0.054444,0.05377,0.996488
2026-08-07T00:47:35+00:00,bid,GTX 1650 S,1,1,0.037778,0.037778,0.037778,0.037778,0.037778,,0.991735
2026-08-07T00:47:35+00:00,bid,GTX 1660,1,1,0.037778,0.037778,0.037778,0.037778,0.037778,0.037778,0.996463
2026-08-07T00:47:35+00:00,bid,GTX 1660 S,2,5,0.031111,0.033472,0.035833,0.038194,0.040556,0.040556,0.983153
2026-08-07T00:47:35+00:00,bid,GTX 1660 Ti,1,1,0.037778,0.037778,0.037778,0.037778,0.037778,0.037778,0.993798
2026-08-07T00:47:35+00:00,bid,H100 NVL,5,9,0.934444,0.935556,0.935556,1.335556,2.000778,1.668167,0.907313
2026-08-07T00:47:35+00:00,bid,H100 PCIE,6,18,0.347778,0.56937,1.268593,1.436176,1.600556,1.268593,0.994824
2026-08-07T00:47:35+00:00,bid,H100 SXM,26,70,0.400556,0.422222,1.584,2.161806,4.002222,2.035333,0.993961
2026-08-07T00:47:35+00:00,bid,H200,16,65,0.441064,0.441886,2.156981,3.767224,6.842654,3.684759,0.968192
2026-08-07T00:47:35+00:00,bid,H200 NVL,17,33,0.535556,1.006667,1.336445,2.267407,3.201111,1.006667,0.988058
2026-08-07T00:47:35+00:00,bid,L4,10,13,0.081481,0.135556,0.209556,0.268611,0.322222,0.267778,0.995054
2026-08-07T00:47:35+00:00,bid,L40,4,5,0.403704,0.452593,0.47,0.471111,0.471111,0.47,0.98847
2026-08-07T00:47:35+00:00,bid,L40S,25,79,0.200185,0.333704,0.47037,0.537037,0.933889,0.535926,0.998491
2026-08-07T00:47:35+00:00,bid,Q RTX 8000,5,7,0.027222,0.027556,0.027778,0.067185,0.067704,0.027778,0.998599
2026-08-07T00:47:35+00:00,bid,Quadro P4000,2,2,0.03437,0.039278,0.044185,0.049093,0.054,0.054,0.997493
2026-08-07T00:47:35+00:00,bid,RTX 2060,3,5,0.027259,0.029185,0.031111,0.036111,0.041111,0.036111,0.990617
2026-08-07T00:47:35+00:00,bid,RTX 2060S,2,5,0.046978,0.066159,0.085341,0.104522,0.123704,0.085341,0.980788
2026-08-07T00:47:35+00:00,bid,RTX 2070,1,2,0.041111,0.041111,0.041111,0.041111,0.041111,0.041111,0.988364
2026-08-07T00:47:35+00:00,bid,RTX 2070S,3,21,0.066831,0.066842,0.066852,0.066944,0.067037,,0.9877
2026-08-07T00:47:35+00:00,bid,RTX 2080 Ti,5,13,0.037778,0.066944,0.067778,0.070074,0.108148,0.068926,0.997975
2026-08-07T00:47:35+00:00,bid,RTX 2080S,1,1,0.037778,0.037778,0.037778,0.037778,0.037778,0.037778,0.972499
2026-08-07T00:47:35+00:00,bid,RTX 3060,11,46,0.037778,0.0455,0.053889,0.06088,0.102815,0.060231,0.993871
2026-08-07T00:47:35+00:00,bid,RTX 3060 Ti,4,4,0.108148,0.228704,0.486296,0.775,0.988889,0.703704,0.979429
2026-08-07T00:47:35+00:00,bid,RTX 3060 laptop,4,14,0.013352,0.013449,0.025963,0.04508,0.064988,0.064988,0.994185
2026-08-07T00:47:35+00:00,bid,RTX 3070,9,25,0.040278,0.040556,0.068519,0.07037,0.135556,0.068519,0.997026
2026-08-07T00:47:35+00:00,bid,RTX 3080,11,26,0.041481,0.053111,0.066944,0.108519,0.240332,0.108889,0.990074
2026-08-07T00:47:35+00:00,bid,RTX 3080 Ti,7,11,0.055556,0.078296,0.135556,0.154167,0.155556,0.153889,0.993568
2026-08-07T00:47:35+00:00,bid,RTX 3090,59,146,0.014815,0.097333,0.124074,0.141481,0.367407,0.134074,0.993518
2026-08-07T00:47:35+00:00,bid,RTX 4060,2,3,0.031111,0.039037,0.046963,0.054889,0.062815,0.062815,0.987088
2026-08-07T00:47:35+00:00,bid,RTX 4060 Ti,8,17,0.074444,0.076611,0.09137,0.103361,0.107778,0.102074,0.997336
2026-08-07T00:47:35+00:00,bid,RTX 4070,5,10,0.064889,0.067222,0.067778,0.075778,0.162222,0.075778,0.993318
2026-08-07T00:47:35+00:00,bid,RTX 4070 Ti,8,15,0.038111,0.051194,0.102222,0.240694,0.241111,0.108889,0.991867
2026-08-07T00:47:35+00:00,bid,RTX 4070S,4,8,0.071481,0.075093,0.079667,0.122833,0.242222,0.076296,0.983828
2026-08-07T00:47:35+00:00,bid,RTX 4070S Ti,13,41,0.095741,0.106889,0.200278,0.202222,1.211111,0.200278,0.997424
2026-08-07T00:47:35+00:00,bid,RTX 4080,17,43,0.068148,0.135185,0.147037,0.147407,0.255556,0.147222,0.993159
2026-08-07T00:47:35+00:00,bid,RTX 4080S,7,12,0.102963,0.116667,0.161778,0.213981,0.240519,0.213981,0.98966
2026-08-07T00:47:35+00:00,bid,RTX 4090,83,249,0.122222,0.241185,0.294,0.404,1.200556,0.37537,0.996368
2026-08-07T00:47:35+00:00,bid,RTX 4090D,12,32,0.054074,0.065296,0.074278,0.20775,0.606222,,0.969168
2026-08-07T00:47:35+00:00,bid,RTX 4500Ada,1,1,0.468889,0.468889,0.468889,0.468889,0.468889,,0.94875
2026-08-07T00:47:35+00:00,bid,RTX 5000Ada,3,4,0.268889,0.295,0.321111,0.321667,0.322222,0.321111,0.997068
2026-08-07T00:47:35+00:00,bid,RTX 5060,3,4,0.027407,0.040963,0.054519,0.075037,0.095556,0.054519,0.983818
2026-08-07T00:47:35+00:00,bid,RTX 5060 Ti,28,80,0.040741,0.0675,0.081556,0.147014,0.218222,0.120741,0.994478
2026-08-07T00:47:35+00:00,bid,RTX 5070,8,11,0.060074,0.066148,0.077685,0.121574,0.200444,0.121111,0.99641
2026-08-07T00:47:35+00:00,bid,RTX 5070 Ti,10,16,0.095556,0.108056,0.108889,0.108889,0.134667,0.108889,0.994431
2026-08-07T00:47:35+00:00,bid,RTX 5080,15,25,0.042222,0.133796,0.148148,0.188704,0.442222,0.17537,0.993394
2026-08-07T00:47:35+00:00,bid,RTX 5090,80,208,0.102222,0.271667,0.375926,0.473431,2.666944,0.375926,0.994061
2026-08-07T00:47:35+00:00,bid,RTX 5880Ada,7,13,0.294259,0.295185,0.297037,0.297037,0.33437,0.297037,0.995032
2026-08-07T00:47:35+00:00,bid,RTX 6000Ada,18,41,0.137778,0.201417,0.400833,0.450972,0.680889,0.401111,0.996063
2026-08-07T00:47:35+00:00,bid,RTX A2000,3,3,0.028148,0.214148,0.400148,0.414148,0.428148,0.228148,0.994385
2026-08-07T00:47:35+00:00,bid,RTX A4000,9,53,0.058222,0.106801,0.107037,0.10716,0.133611,,0.97131
2026-08-07T00:47:35+00:00,bid,RTX A4500,1,1,0.081185,0.081185,0.081185,0.081185,0.081185,,0.95875
2026-08-07T00:47:35+00:00,bid,RTX A5000,6,21,0.11037,0.222057,0.227196,0.230101,0.335556,0.227196,0.998149
2026-08-07T00:47:35+00:00,bid,RTX A6000,11,25,0.138519,0.192963,0.333651,0.334259,0.335556,,0.992913
2026-08-07T00:47:35+00:00,bid,RTX PRO 4000,14,25,0.067778,0.135926,0.234691,0.241481,0.370815,0.228765,0.989578
2026-08-07T00:47:35+00:00,bid,RTX PRO 4500,1,1,0.214815,0.214815,0.214815,0.214815,0.214815,,0.599993
2026-08-07T00:47:35+00:00,bid,RTX PRO 5000,19,36,0.135111,0.33463,0.401481,0.534167,0.602222,0.43463,0.993034
2026-08-07T00:47:35+00:00,bid,RTX PRO 6000 S,22,44,0.352667,0.533889,0.902037,1.068148,2.935556,1.067407,0.997265
2026-08-07T00:47:35+00:00,bid,RTX PRO 6000 WS,25,44,0.375111,0.668889,0.801481,1.065778,1.337037,0.801852,0.994339
2026-08-07T00:47:35+00:00,bid,Tesla P100,1,1,0.041481,0.041481,0.041481,0.041481,0.041481,,0.987798
2026-08-07T00:47:35+00:00,bid,Tesla T4,3,4,3.400741,3.401111,3.401481,3.401481,3.401481,,0.972409
2026-08-07T00:47:35+00:00,bid,Tesla V100,17,32,0.027222,0.093889,0.096889,0.134815,0.202222,0.134259,0.994667
2026-08-07T00:47:35+00:00,bid,Titan RTX,8,18,0.094444,0.107639,0.108889,0.128861,0.134444,0.108889,0.996345
2026-08-07T00:47:35+00:00,bid,Titan Xp,4,9,0.040556,0.040972,0.041111,0.041389,0.042222,0.041111,0.994916
2026-08-07T00:52:37+00:00,on-demand,A100 PCIE,16,47,0.266944,0.598194,0.824519,1.015069,1.507556,0.780889,0.995328
2026-08-07T00:52:37+00:00,on-demand,A100 SXM4,25,74,0.468889,0.800741,0.934815,1.187333,1.475556,0.934815,0.996937
2026-08-07T00:52:37+00:00,on-demand,A16,1,4,0.267037,0.267037,0.267037,0.267037,0.267037,0.267037,0.958084
2026-08-07T00:52:37+00:00,on-demand,A40,1,1,0.281481,0.281481,0.281481,0.281481,0.281481,0.281481,0.998369
2026-08-07T00:52:37+00:00,on-demand,A800 PCIE,2,5,0.667222,0.667639,0.668056,0.668472,0.668889,,0.994711
2026-08-07T00:52:37+00:00,on-demand,B200,11,37,5.001042,5.625434,5.880208,6.240885,7.752083,5.880208,0.9963
2026-08-07T00:52:37+00:00,on-demand,B300,5,26,8.125521,8.126042,8.75026,8.750694,8.751389,8.438368,0.962735
2026-08-07T00:52:37+00:00,on-demand,CMP 170HX,7,24,0.215556,0.23725,0.239333,0.334074,0.935556,0.935556,0.947967
2026-08-07T00:52:37+00:00,on-demand,GTX 1060,1,1,0.344444,0.344444,0.344444,0.344444,0.344444,,0.991871
2026-08-07T00:52:37+00:00,on-demand,GTX 1070,1,1,0.531111,0.531111,0.531111,0.531111,0.531111,0.531111,0.993345
2026-08-07T00:52:37+00:00,on-demand,GTX 1080,5,12,0.027778,0.044889,0.049704,0.050222,0.051778,0.050222,0.985484
2026-08-07T00:52:37+00:00,on-demand,GTX 1080 Ti,6,18,0.042222,0.062389,0.069937,0.073829,0.074074,0.073651,0.996488
2026-08-07T00:52:37+00:00,on-demand,GTX 1650 S,1,1,0.677778,0.677778,0.677778,0.677778,0.677778,,0.991735
2026-08-07T00:52:37+00:00,on-demand,GTX 1660,1,1,0.677778,0.677778,0.677778,0.677778,0.677778,0.677778,0.996463
2026-08-07T00:52:37+00:00,on-demand,GTX 1660 S,2,5,0.047222,0.148194,0.249167,0.350139,0.451111,0.047222,0.983153
2026-08-07T00:52:37+00:00,on-demand,GTX 1660 Ti,1,2,0.068889,0.068889,0.068889,0.068889,0.068889,0.068889,0.997481
2026-08-07T00:52:37+00:00,on-demand,GTX TITAN X,1,1,0.028889,0.028889,0.028889,0.028889,0.028889,,0.987653
2026-08-07T00:52:37+00:00,on-demand,H100 NVL,4,8,2.534444,2.615278,2.655185,2.767972,3.067444,2.854833,0.984041
2026-08-07T00:52:37+00:00,on-demand,H100 PCIE,4,15,1.733481,1.835037,2.001389,2.134028,2.134444,2.001389,0.990521
2026-08-07T00:52:37+00:00,on-demand,H100 SXM,12,36,1.602963,2.135611,2.787776,3.164389,3.528333,3.068,0.994315
2026-08-07T00:52:37+00:00,on-demand,H200,11,41,3.03655,3.935307,4.08114,4.178728,7.105811,3.941795,0.996494
2026-08-07T00:52:37+00:00,on-demand,H200 NVL,9,23,2.401481,2.800556,3.467407,3.524889,3.602222,3.335,0.972786
2026-08-07T00:52:37+00:00,on-demand,L4,4,6,0.255556,0.314722,0.334444,0.334722,0.335556,0.334444,0.995054
2026-08-07T00:52:37+00:00,on-demand,L40,2,3,0.575556,0.576111,0.576667,0.577222,0.577778,0.576667,0.98847
2026-08-07T00:52:37+00:00,on-demand,L40S,16,56,0.401111,0.466991,0.565185,0.867917,1.074074,0.801111,0.997805
2026-08-07T00:52:37+00:00,on-demand,Q RTX 8000,4,6,0.240556,0.249917,0.253556,0.258333,0.271111,0.253556,0.998726
2026-08-07T00:52:37+00:00,on-demand,Quadro P4000,3,4,0.040741,0.041111,0.041481,0.049259,0.057037,0.057037,0.964251
2026-08-07T00:52:37+00:00,on-demand,RTX 2060,2,3,0.052593,0.142222,0.231852,0.321481,0.411111,0.411111,0.986601
2026-08-07T00:52:37+00:00,on-demand,RTX 2060S,1,4,0.066978,0.066978,0.066978,0.066978,0.066978,0.066978,0.994972
2026-08-07T00:52:37+00:00,on-demand,RTX 2070S,3,21,0.073498,0.073508,0.073519,0.073611,0.073704,,0.9877
2026-08-07T00:52:37+00:00,on-demand,RTX 2080 Ti,7,18,0.068889,0.072333,0.080028,0.107435,0.811111,0.080028,0.992152
2026-08-07T00:52:37+00:00,on-demand,RTX 2080S,1,1,0.744444,0.744444,0.744444,0.744444,0.744444,0.744444,0.972499
2026-08-07T00:52:37+00:00,on-demand,RTX 3060,11,47,0.022222,0.054028,0.067222,0.090221,1.334815,0.080278,0.996157
2026-08-07T00:52:37+00:00,on-demand,RTX 3060 Ti,2,2,0.399556,0.580222,0.760889,0.941556,1.122222,0.760889,0.996834
2026-08-07T00:52:37+00:00,on-demand,RTX 3060 laptop,5,14,0.026685,0.041111,0.042222,0.069481,0.06963,0.069556,0.99655
2026-08-07T00:52:37+00:00,on-demand,RTX 3070,6,24,0.044889,0.054639,0.07375,0.100278,0.135556,0.080278,0.990448
2026-08-07T00:52:37+00:00,on-demand,RTX 3080,13,33,0.047778,0.074074,0.113481,0.134815,0.251081,0.113556,0.995059
2026-08-07T00:52:37+00:00,on-demand,RTX 3080 Ti,3,3,0.068889,0.102222,0.135556,0.136296,0.137037,0.137037,0.995526
2026-08-07T00:52:37+00:00,on-demand,RTX 3090,39,123,0.08963,0.141667,0.174074,0.244815,2.001111,0.240556,0.992194
2026-08-07T00:52:37+00:00,on-demand,RTX 4060,7,19,0.053481,0.057556,0.062963,0.064963,2.677778,0.064963,0.985053
2026-08-07T00:52:37+00:00,on-demand,RTX 4060 Ti,4,11,0.080926,0.081065,0.081667,0.096806,0.140556,0.110741,0.989068
2026-08-07T00:52:37+00:00,on-demand,RTX 4070,5,17,0.080556,0.081111,0.087778,0.088519,0.091556,0.088148,0.993318
2026-08-07T00:52:37+00:00,on-demand,RTX 4070 Ti,7,13,0.088889,0.112407,0.154222,0.222056,0.282444,0.09037,0.992023
2026-08-07T00:52:37+00:00,on-demand,RTX 4070S,1,1,0.09037,0.09037,0.09037,0.09037,0.09037,0.09037,0.996203
2026-08-07T00:52:37+00:00,on-demand,RTX 4070S Ti,11,30,0.068889,0.160556,0.201111,0.2475,1.331111,0.246944,0.997424
2026-08-07T00:52:37+00:00,on-demand,RTX 4080,9,18,0.120926,0.159556,0.187185,0.19037,0.295556,0.187056,0.994796
2026-08-07T00:52:37+00:00,on-demand,RTX 4080S,12,34,0.094259,0.158194,0.168889,0.214148,0.309333,0.197981,0.990571
2026-08-07T00:52:37+00:00,on-demand,RTX 4090,41,152,0.228148,0.365037,0.493889,0.671111,1.280556,0.603704,0.996355
2026-08-07T00:52:37+00:00,on-demand,RTX 4090D,8,23,0.160185,0.160648,0.245778,0.414917,0.668889,,0.969168
2026-08-07T00:52:37+00:00,on-demand,RTX 4500Ada,1,1,1.268889,1.268889,1.268889,1.268889,1.268889,,0.94875
2026-08-07T00:52:37+00:00,on-demand,RTX 5000Ada,2,3,0.427778,0.431389,0.435,0.438611,0.442222,0.435,0.99776
2026-08-07T00:52:37+00:00,on-demand,RTX 5060,3,3,0.075556,0.105556,0.135556,0.145556,0.155556,0.155556,0.995201
2026-08-07T00:52:37+00:00,on-demand,RTX 5060 Ti,18,56,0.066944,0.093889,0.11987,0.175616,0.227407,0.155333,0.995903
2026-08-07T00:52:37+00:00,on-demand,RTX 5060 laptop,1,1,0.135556,0.135556,0.135556,0.135556,0.135556,,0.970983
2026-08-07T00:52:37+00:00,on-demand,RTX 5070,8,14,0.07037,0.091204,0.095556,0.112037,0.136296,0.11963,0.997348
2026-08-07T00:52:37+00:00,on-demand,RTX 5070 Ti,11,24,0.119556,0.141481,0.163704,0.200648,0.202222,0.162519,0.996717
2026-08-07T00:52:37+00:00,on-demand,RTX 5080,19,55,0.134444,0.19037,0.254259,0.400417,1.775556,0.241111,0.986556
2026-08-07T00:52:37+00:00,on-demand,RTX 5090,47,153,0.212889,0.433769,0.628889,0.820556,5.986944,0.667222,0.995634
2026-08-07T00:52:37+00:00,on-demand,RTX 5880Ada,3,7,0.413852,0.507852,0.601852,0.602778,0.603704,0.601852,0.995177
2026-08-07T00:52:37+00:00,on-demand,RTX 6000Ada,11,34,0.441111,0.595694,0.601037,0.680833,0.708889,0.622741,0.997334
2026-08-07T00:52:37+00:00,on-demand,RTX A2000,3,4,0.034074,0.035111,0.036148,0.264815,0.493481,,0.995214
2026-08-07T00:52:37+00:00,on-demand,RTX A4000,7,41,0.067037,0.103178,0.133704,0.141052,0.152222,,0.97131
2026-08-07T00:52:37+00:00,on-demand,RTX A4500,2,2,0.121185,0.409593,0.698,0.986407,1.274815,,0.978426
2026-08-07T00:52:37+00:00,on-demand,RTX A5000,2,10,0.230984,0.23109,0.231196,0.231302,0.231407,0.231196,0.998149
2026-08-07T00:52:37+00:00,on-demand,RTX A6000,8,28,0.303704,0.400496,0.400926,0.601736,1.334444,,0.992913
2026-08-07T00:52:37+00:00,on-demand,RTX PRO 4000,10,17,0.202222,0.254259,0.282778,0.317037,0.534815,0.282778,0.990797
2026-08-07T00:52:37+00:00,on-demand,RTX PRO 4500,1,1,0.308148,0.308148,0.308148,0.308148,0.308148,,0.599993
2026-08-07T00:52:37+00:00,on-demand,RTX PRO 5000,7,22,0.640278,0.640463,0.720444,0.774907,0.881481,0.687222,0.993034
2026-08-07T00:52:37+00:00,on-demand,RTX PRO 6000 S,11,31,0.6284,1.468519,1.660272,1.734444,3.068889,1.733889,0.996847
2026-08-07T00:52:37+00:00,on-demand,RTX PRO 6000 WS,15,36,0.868889,1.051176,1.309259,1.482963,13.335556,1.337037,0.993779
2026-08-07T00:52:37+00:00,on-demand,Tesla P100,4,6,0.054815,0.074815,0.141296,0.201389,0.202222,0.201111,0.992774
2026-08-07T00:52:37+00:00,on-demand,Tesla P40,2,2,0.033334,0.075556,0.117778,0.16,0.202222,,0.973728
2026-08-07T00:52:37+00:00,on-demand,Tesla T4,2,3,12.000741,12.000926,12.001111,12.001296,12.001481,,0.972409
2026-08-07T00:52:37+00:00,on-demand,Tesla V100,13,26,0.027222,0.040556,0.079037,0.167222,0.268889,0.149481,0.992075
2026-08-07T00:52:37+00:00,on-demand,Titan RTX,5,10,0.135185,0.137037,0.161111,0.162222,0.200556,0.161667,0.994315
2026-08-07T00:52:37+00:00,on-demand,Titan Xp,3,7,0.055556,0.058056,0.060556,0.060833,0.061111,0.060556,0.996182
2026-08-07T00:52:37+00:00,bid,A100 PCIE,31,56,0.133889,0.135556,0.174111,0.56162,0.588889,0.157333,0.99125
2026-08-07T00:52:37+00:00,bid,A100 SXM4,43,96,0.130316,0.501111,0.667407,0.868889,0.986944,0.600648,0.978976
2026-08-07T00:52:37+00:00,bid,A16,1,4,0.20037,0.20037,0.20037,0.20037,0.20037,0.20037,0.958084
2026-08-07T00:52:37+00:00,bid,A800 PCIE,7,12,0.129889,0.130444,0.131556,0.131556,0.131556,,0.994711
2026-08-07T00:52:37+00:00,bid,B200,25,118,4.375174,5.000347,5.001302,5.625694,7.377083,5.001302,0.983149
2026-08-07T00:52:37+00:00,bid,B300,6,28,3.75026,5.000868,5.313455,5.625911,5.626042,5.625521,0.967229
2026-08-07T00:52:37+00:00,bid,CMP 170HX,8,28,0.234167,0.23875,0.253796,0.254444,0.668889,0.668889,0.963572
2026-08-07T00:52:37+00:00,bid,GTX 1050 Ti,1,1,0.024444,0.024444,0.024444,0.024444,0.024444,,0.98837
2026-08-07T00:52:37+00:00,bid,GTX 1060,1,1,0.031111,0.031111,0.031111,0.031111,0.031111,,0.991871
2026-08-07T00:52:37+00:00,bid,GTX 1070,1,1,0.024444,0.024444,0.024444,0.024444,0.024444,0.024444,0.993345
2026-08-07T00:52:37+00:00,bid,GTX 1080,5,16,0.014815,0.04037,0.04037,0.041111,0.042222,0.040741,0.994171
2026-08-07T00:52:37+00:00,bid,GTX 1080 Ti,7,22,0.026222,0.040833,0.042222,0.05377,0.054074,0.047937,0.996488
2026-08-07T00:52:37+00:00,bid,GTX 1650 S,1,1,0.037778,0.037778,0.037778,0.037778,0.037778,,0.991735
2026-08-07T00:52:37+00:00,bid,GTX 1660,1,1,0.037778,0.037778,0.037778,0.037778,0.037778,0.037778,0.996463
2026-08-07T00:52:37+00:00,bid,GTX 1660 S,1,1,0.031111,0.031111,0.031111,0.031111,0.031111,,0.969676
2026-08-07T00:52:37+00:00,bid,GTX 1660 Ti,2,3,0.037778,0.042222,0.046667,0.051111,0.055556,0.046667,0.99564
2026-08-07T00:52:37+00:00,bid,H100 NVL,6,10,0.404889,0.934722,0.935556,1.235556,2.000778,1.668167,0.920199
2026-08-07T00:52:37+00:00,bid,H100 PCIE,5,17,1.200148,1.468111,1.600556,1.601111,1.602222,1.600556,0.991504
2026-08-07T00:52:37+00:00,bid,H100 SXM,19,60,0.401481,0.405926,2.069333,2.349444,4.002222,2.601667,0.99136
2026-08-07T00:52:37+00:00,bid,H200,17,69,0.441064,0.441886,3.486404,3.817251,6.842654,3.75064,0.991313
2026-08-07T00:52:37+00:00,bid,H200 NVL,12,22,0.535556,0.903056,1.103472,1.337222,2.402222,1.006667,0.997864
2026-08-07T00:52:37+00:00,bid,L4,9,12,0.081481,0.135556,0.203556,0.267778,0.322222,0.235,0.995054
2026-08-07T00:52:37+00:00,bid,L40,4,5,0.468889,0.470556,0.471111,0.471111,0.471111,0.471111,0.98847
2026-08-07T00:52:37+00:00,bid,L40S,30,94,0.200185,0.333704,0.502037,0.537037,0.933611,0.536111,0.998112
2026-08-07T00:52:37+00:00,bid,Q RTX 8000,4,6,0.027222,0.027472,0.04737,0.067315,0.067704,0.04737,0.998599
2026-08-07T00:52:37+00:00,bid,Quadro P4000,2,2,0.03437,0.035981,0.037593,0.039204,0.040815,0.040815,0.996134
2026-08-07T00:52:37+00:00,bid,RTX 2060,3,5,0.027259,0.029185,0.031111,0.036111,0.041111,0.036111,0.990617
2026-08-07T00:52:37+00:00,bid,RTX 2060S,3,7,0.046978,0.054044,0.061111,0.092407,0.123704,0.061111,0.991136
2026-08-07T00:52:37+00:00,bid,RTX 2070,1,2,0.041111,0.041111,0.041111,0.041111,0.041111,0.041111,0.988364
2026-08-07T00:52:37+00:00,bid,RTX 2070S,3,21,0.066831,0.066842,0.066852,0.066944,0.067037,,0.9877
2026-08-07T00:52:37+00:00,bid,RTX 2080 Ti,5,13,0.037778,0.066944,0.067778,0.070074,0.108148,0.068926,0.997975
2026-08-07T00:52:37+00:00,bid,RTX 2080S,1,1,0.037778,0.037778,0.037778,0.037778,0.037778,0.037778,0.972499
2026-08-07T00:52:37+00:00,bid,RTX 3060,15,57,0.026222,0.046852,0.054444,0.084444,0.134519,0.066944,0.993871
2026-08-07T00:52:37+00:00,bid,RTX 3060 Ti,4,4,0.07037,0.098704,0.188519,0.448889,0.988889,0.268889,0.991224
2026-08-07T00:52:37+00:00,bid,RTX 3060 laptop,5,14,0.013352,0.013481,0.038444,0.061481,0.066963,0.064222,0.9896
2026-08-07T00:52:37+00:00,bid,RTX 3070,9,25,0.038815,0.040556,0.067778,0.068519,0.135556,0.068148,0.992803
2026-08-07T00:52:37+00:00,bid,RTX 3070 Ti,1,2,0.054444,0.054444,0.054444,0.054444,0.054444,,0.997104
2026-08-07T00:52:37+00:00,bid,RTX 3080,13,33,0.060741,0.067778,0.082222,0.133889,0.240415,0.134722,0.990074
2026-08-07T00:52:37+00:00,bid,RTX 3080 Ti,4,7,0.083704,0.087593,0.121389,0.154306,0.155556,0.153889,0.993807
2026-08-07T00:52:37+00:00,bid,RTX 3090,57,151,0.014815,0.09537,0.133889,0.14963,0.367407,0.134741,0.991823
2026-08-07T00:52:37+00:00,bid,RTX 4060 Ti,10,23,0.042222,0.075361,0.07863,0.096333,0.107222,0.09163,0.996567
2026-08-07T00:52:37+00:00,bid,RTX 4070,5,7,0.054444,0.067778,0.068889,0.084444,0.162222,0.084444,0.995951
2026-08-07T00:52:37+00:00,bid,RTX 4070 Ti,10,17,0.043111,0.047056,0.088519,0.207639,0.241111,0.095185,0.991867
2026-08-07T00:52:37+00:00,bid,RTX 4070S,3,7,0.071481,0.077259,0.083037,0.16263,0.242222,0.077259,0.983828
2026-08-07T00:52:37+00:00,bid,RTX 4070S Ti,18,46,0.054074,0.103944,0.175296,0.201111,1.211111,0.175296,0.99736
2026-08-07T00:52:37+00:00,bid,RTX 4080,10,21,0.133593,0.133852,0.13537,0.159648,0.255556,0.133852,0.994796
2026-08-07T00:52:37+00:00,bid,RTX 4080S,6,11,0.102963,0.137111,0.201019,0.240454,0.240519,0.240389,0.98966
2026-08-07T00:52:37+00:00,bid,RTX 4090,79,252,0.122222,0.254741,0.310123,0.50713,1.200556,0.40137,0.996307
2026-08-07T00:52:37+00:00,bid,RTX 4090D,13,33,0.054074,0.054815,0.074185,0.604556,0.606222,,0.969168
2026-08-07T00:52:37+00:00,bid,RTX 4500Ada,1,1,0.468889,0.468889,0.468889,0.468889,0.468889,,0.94875
2026-08-07T00:52:37+00:00,bid,RTX 5000Ada,3,4,0.268889,0.268889,0.268889,0.295,0.321111,0.268889,0.997068
2026-08-07T00:52:37+00:00,bid,RTX 5060,2,2,0.05363,0.064111,0.074593,0.085074,0.095556,0.05363,0.986673
2026-08-07T00:52:37+00:00,bid,RTX 5060 Ti,33,104,0.049704,0.068519,0.083704,0.146944,0.158444,0.103963,0.995088
2026-08-07T00:52:37+00:00,bid,RTX 5070,7,10,0.043704,0.057778,0.094815,0.128519,0.147111,0.128519,0.993153
2026-08-07T00:52:37+00:00,bid,RTX 5070 Ti,10,17,0.095556,0.107778,0.108889,0.128222,0.161481,0.121222,0.996981
2026-08-07T00:52:37+00:00,bid,RTX 5080,18,32,0.042222,0.125556,0.155741,0.194907,0.442222,0.149074,0.993431
2026-08-07T00:52:37+00:00,bid,RTX 5090,83,204,0.102222,0.271481,0.374074,0.404741,2.666944,0.358648,0.994225
2026-08-07T00:52:37+00:00,bid,RTX 5880Ada,10,17,0.267704,0.295185,0.296111,0.297037,0.297037,0.296111,0.995032
2026-08-07T00:52:37+00:00,bid,RTX 6000Ada,20,45,0.137778,0.388611,0.401667,0.468778,0.775556,0.434722,0.996541
2026-08-07T00:52:37+00:00,bid,RTX A2000,2,2,0.400148,0.407148,0.414148,0.421148,0.428148,0.428148,0.975484
2026-08-07T00:52:37+00:00,bid,RTX A4000,10,53,0.057111,0.082028,0.106827,0.10713,0.133611,,0.97131
2026-08-07T00:52:37+00:00,bid,RTX A4500,1,1,0.081185,0.081185,0.081185,0.081185,0.081185,,0.958747
2026-08-07T00:52:37+00:00,bid,RTX A5000,4,16,0.226984,0.227302,0.229203,0.257138,0.335556,0.229203,0.998043
2026-08-07T00:52:37+00:00,bid,RTX A6000,9,19,0.143704,0.303556,0.333651,0.334444,0.335556,,0.992913
2026-08-07T00:52:37+00:00,bid,RTX PRO 4000,13,24,0.067778,0.20237,0.228889,0.241481,0.370815,0.228741,0.989578
2026-08-07T00:52:37+00:00,bid,RTX PRO 4500,1,1,0.214815,0.214815,0.214815,0.214815,0.214815,,0.599993
2026-08-07T00:52:37+00:00,bid,RTX PRO 5000,14,28,0.135111,0.400463,0.440556,0.534236,0.592222,0.47963,0.992513
2026-08-07T00:52:37+00:00,bid,RTX PRO 6000 S,22,42,0.352667,0.402287,0.803352,1.067963,2.935556,1.033981,0.996978
2026-08-07T00:52:37+00:00,bid,RTX PRO 6000 WS,24,48,0.335556,0.668519,0.801111,1.067444,1.337037,0.801111,0.995152
2026-08-07T00:52:37+00:00,bid,Tesla P100,4,5,0.041481,0.111204,0.135,0.135556,0.135556,0.135556,0.992774
2026-08-07T00:52:37+00:00,bid,Tesla T4,2,3,3.400741,3.400926,3.401111,3.401296,3.401481,,0.972409
2026-08-07T00:52:37+00:00,bid,Tesla V100,14,28,0.027222,0.088889,0.0955,0.122889,0.202222,0.131556,0.994667
2026-08-07T00:52:37+00:00,bid,Titan RTX,7,16,0.094444,0.1075,0.108889,0.129204,0.135556,0.108333,0.994315
2026-08-07T00:52:37+00:00,bid,Titan Xp,3,7,0.040556,0.040833,0.041111,0.041667,0.042222,0.041111,0.996182
2026-08-07T00:57:36+00:00,on-demand,A100 PCIE,14,38,0.267222,0.708287,0.93463,1.040764,1.507556,0.79,0.995661
2026-08-07T00:57:36+00:00,on-demand,A100 SXM4,25,74,0.468889,0.800741,0.934815,1.189333,1.601296,0.988074,0.996986
2026-08-07T00:57:36+00:00,on-demand,A16,1,4,0.267037,0.267037,0.267037,0.267037,0.267037,0.267037,0.958084
2026-08-07T00:57:36+00:00,on-demand,A40,1,1,0.281481,0.281481,0.281481,0.281481,0.281481,0.281481,0.998369
2026-08-07T00:57:36+00:00,on-demand,A800 PCIE,2,5,0.667222,0.667639,0.668056,0.668472,0.668889,,0.994711
2026-08-07T00:57:36+00:00,on-demand,B200,20,95,5.001042,5.557878,5.750521,6.240321,7.752083,5.750521,0.992278
2026-08-07T00:57:36+00:00,on-demand,B300,5,26,8.125521,8.126042,8.75026,8.750694,8.751389,8.438368,0.963054
2026-08-07T00:57:36+00:00,on-demand,CMP 170HX,6,26,0.236833,0.238083,0.286519,0.333843,0.334444,,0.952153
2026-08-07T00:57:36+00:00,on-demand,GTX 1050 Ti,1,1,0.611111,0.611111,0.611111,0.611111,0.611111,,0.98837
2026-08-07T00:57:36+00:00,on-demand,GTX 1060,2,2,0.088889,0.152778,0.216667,0.280556,0.344444,0.088889,0.995595
2026-08-07T00:57:36+00:00,on-demand,GTX 1070,1,1,0.531111,0.531111,0.531111,0.531111,0.531111,0.531111,0.993345
2026-08-07T00:57:36+00:00,on-demand,GTX 1080,6,16,0.027778,0.033583,0.050056,0.050833,0.051778,0.05063,0.994759
2026-08-07T00:57:36+00:00,on-demand,GTX 1080 Ti,5,13,0.042222,0.061111,0.073651,0.074444,0.075556,0.074048,0.996488
2026-08-07T00:57:36+00:00,on-demand,GTX 1650 S,1,1,0.677778,0.677778,0.677778,0.677778,0.677778,,0.991735
2026-08-07T00:57:36+00:00,on-demand,GTX 1660,1,1,0.677778,0.677778,0.677778,0.677778,0.677778,0.677778,0.996463
2026-08-07T00:57:36+00:00,on-demand,GTX 1660 S,2,5,0.047222,0.148194,0.249167,0.350139,0.451111,0.047222,0.983153
2026-08-07T00:57:36+00:00,on-demand,GTX 1660 Ti,1,1,0.611111,0.611111,0.611111,0.611111,0.611111,0.611111,0.993798
2026-08-07T00:57:36+00:00,on-demand,GTX TITAN X,1,1,0.028889,0.028889,0.028889,0.028889,0.028889,,0.986089
2026-08-07T00:57:36+00:00,on-demand,H100 NVL,5,9,1.336296,2.534444,2.535556,2.642222,3.067444,2.642222,0.907313
2026-08-07T00:57:36+00:00,on-demand,H100 PCIE,4,15,1.733481,1.834204,2.000833,2.134306,2.135556,2.000833,0.990521
2026-08-07T00:57:36+00:00,on-demand,H100 SXM,12,35,1.600556,1.905815,2.660119,3.068333,3.528333,3.068,0.994315
2026-08-07T00:57:36+00:00,on-demand,H200,11,41,3.03655,3.941795,4.145285,4.211349,7.105811,4.014529,0.997736
2026-08-07T00:57:36+00:00,on-demand,H200 NVL,11,27,2.400741,2.800417,2.886667,3.443333,3.602222,2.886667,0.978284
2026-08-07T00:57:36+00:00,on-demand,L4,3,4,0.255556,0.295,0.334444,0.335,0.335556,0.335,0.995054
2026-08-07T00:57:36+00:00,on-demand,L40,2,3,0.575556,0.576111,0.576667,0.577222,0.577778,0.576667,0.98847
2026-08-07T00:57:36+00:00,on-demand,L40S,16,56,0.401111,0.467037,0.601111,0.868194,1.074074,0.769444,0.997805
2026-08-07T00:57:36+00:00,on-demand,Q RTX 6000,1,1,0.134815,0.134815,0.134815,0.134815,0.134815,0.134815,0.998339
2026-08-07T00:57:36+00:00,on-demand,Q RTX 8000,4,6,0.240556,0.250694,0.254444,0.261333,0.280889,0.254444,0.998268
2026-08-07T00:57:36+00:00,on-demand,Quadro P4000,3,4,0.040741,0.041111,0.041481,0.054407,0.067333,0.067333,0.964251
2026-08-07T00:57:36+00:00,on-demand,RTX 2060,2,3,0.052593,0.143333,0.234074,0.324815,0.415556,0.415556,0.986952
2026-08-07T00:57:36+00:00,on-demand,RTX 2060S,1,4,0.066978,0.066978,0.066978,0.066978,0.066978,0.066978,0.994972
2026-08-07T00:57:36+00:00,on-demand,RTX 2070S,3,21,0.073498,0.073508,0.073519,0.073611,0.073704,,0.9877
2026-08-07T00:57:36+00:00,on-demand,RTX 2080 Ti,8,28,0.068889,0.078239,0.080042,0.09412,0.811111,0.080042,0.99608
2026-08-07T00:57:36+00:00,on-demand,RTX 2080S,1,1,0.744444,0.744444,0.744444,0.744444,0.744444,0.744444,0.972499
2026-08-07T00:57:36+00:00,on-demand,RTX 3060,10,45,0.022222,0.056713,0.0675,0.098583,1.335556,0.106944,0.995401
2026-08-07T00:57:36+00:00,on-demand,RTX 3060 Ti,1,1,1.122222,1.122222,1.122222,1.122222,1.122222,1.122222,0.998754
2026-08-07T00:57:36+00:00,on-demand,RTX 3060 laptop,3,11,0.026685,0.033898,0.041111,0.041667,0.042222,,0.99877
2026-08-07T00:57:36+00:00,on-demand,RTX 3070,9,27,0.042222,0.067778,0.077778,0.106944,0.137037,0.080278,0.992403
2026-08-07T00:57:36+00:00,on-demand,RTX 3080,13,34,0.028889,0.060222,0.113444,0.134815,0.268889,0.124556,0.991302
2026-08-07T00:57:36+00:00,on-demand,RTX 3080 Ti,3,3,0.068889,0.102222,0.135556,0.148222,0.160889,0.160889,0.993568
2026-08-07T00:57:36+00:00,on-demand,RTX 3090,37,118,0.111852,0.146944,0.21363,0.254259,128.001481,0.227444,0.992125
2026-08-07T00:57:36+00:00,on-demand,RTX 4060,7,19,0.053481,0.057556,0.062222,0.063704,2.677778,0.063333,0.98956
2026-08-07T00:57:36+00:00,on-demand,RTX 4060 Ti,4,12,0.080926,0.081065,0.093481,0.105981,0.10637,0.105852,0.996124
2026-08-07T00:57:36+00:00,on-demand,RTX 4070,6,20,0.080556,0.082639,0.09,0.093194,0.172889,0.091111,0.993415
2026-08-07T00:57:36+00:00,on-demand,RTX 4070 Ti,8,14,0.095185,0.107778,0.144333,0.192139,0.282444,0.104444,0.992023
2026-08-07T00:57:36+00:00,on-demand,RTX 4070S,2,3,0.081852,0.081944,0.082037,0.08213,0.082222,0.082037,0.995201
2026-08-07T00:57:36+00:00,on-demand,RTX 4070S Ti,11,35,0.068889,0.136296,0.246889,0.2475,1.331111,0.246917,0.997296
2026-08-07T00:57:36+00:00,on-demand,RTX 4080,12,32,0.120926,0.160667,0.187852,0.25513,0.268889,0.254852,0.990834
2026-08-07T00:57:36+00:00,on-demand,RTX 4080S,10,29,0.095185,0.160694,0.178037,0.240046,0.328889,0.225167,0.98966
2026-08-07T00:57:36+00:00,on-demand,RTX 4090,49,181,0.135556,0.347654,0.443704,0.668889,1.337037,0.603704,0.996603
2026-08-07T00:57:36+00:00,on-demand,RTX 4090D,9,25,0.160185,0.160741,0.330074,0.667222,0.668889,,0.969168
2026-08-07T00:57:36+00:00,on-demand,RTX 4500Ada,1,1,1.268889,1.268889,1.268889,1.268889,1.268889,,0.94875
2026-08-07T00:57:36+00:00,on-demand,RTX 5000Ada,2,3,0.427778,0.431389,0.435,0.438611,0.442222,0.435,0.99776
2026-08-07T00:57:36+00:00,on-demand,RTX 5060,4,4,0.075556,0.075556,0.112222,0.150556,0.155556,0.115556,0.994272
2026-08-07T00:57:36+00:00,on-demand,RTX 5060 Ti,14,46,0.066944,0.094723,0.105111,0.166005,0.184556,0.135185,0.994782
2026-08-07T00:57:36+00:00,on-demand,RTX 5060 laptop,1,1,0.135556,0.135556,0.135556,0.135556,0.135556,,0.970983
2026-08-07T00:57:36+00:00,on-demand,RTX 5070,7,13,0.074074,0.095741,0.102222,0.123963,0.134815,0.102222,0.99553
2026-08-07T00:57:36+00:00,on-demand,RTX 5070 Ti,11,23,0.122222,0.134444,0.136296,0.1875,0.202222,0.154722,0.996476
2026-08-07T00:57:36+00:00,on-demand,RTX 5080,19,61,0.134815,0.188704,0.255185,0.400417,1.775556,0.221944,0.97955
2026-08-07T00:57:36+00:00,on-demand,RTX 5090,43,139,0.212889,0.445641,0.666944,0.803889,5.986944,0.801296,0.991376
2026-08-07T00:57:36+00:00,on-demand,RTX 5880Ada,2,3,0.428741,0.472019,0.515296,0.558574,0.601852,0.515296,0.996291
2026-08-07T00:57:36+00:00,on-demand,RTX 6000Ada,8,30,0.441111,0.600458,0.680833,0.685069,0.697778,0.680833,0.995013
2026-08-07T00:57:36+00:00,on-demand,RTX A2000,3,4,0.034074,0.035111,0.036148,0.264815,0.493481,,0.995214
2026-08-07T00:57:36+00:00,on-demand,RTX A4000,10,57,0.067037,0.081204,0.133493,0.133796,0.146944,,0.97131
2026-08-07T00:57:36+00:00,on-demand,RTX A4500,2,2,0.114519,0.404593,0.694667,0.984741,1.274815,,0.978425
2026-08-07T00:57:36+00:00,on-demand,RTX A5000,3,12,0.230984,0.231196,0.231407,0.231593,0.231778,0.231407,0.998149
2026-08-07T00:57:36+00:00,on-demand,RTX A6000,9,29,0.303704,0.400556,0.401111,1.200278,1.335556,,0.992913
2026-08-07T00:57:36+00:00,on-demand,RTX PRO 4000,8,11,0.202222,0.25463,0.286111,0.361296,0.534815,0.286111,0.985935
2026-08-07T00:57:36+00:00,on-demand,RTX PRO 4500,1,1,0.308148,0.308148,0.308148,0.308148,0.308148,,0.599993
2026-08-07T00:57:36+00:00,on-demand,RTX PRO 5000,8,23,0.640278,0.640972,0.702222,0.827704,0.944148,0.702222,0.995166
2026-08-07T00:57:36+00:00,on-demand,RTX PRO 6000 S,15,42,0.6284,1.268333,1.600556,1.733889,3.068889,1.660272,0.996633
2026-08-07T00:57:36+00:00,on-demand,RTX PRO 6000 WS,17,41,0.868889,1.002222,1.333481,1.483704,13.335556,1.337037,0.994002
2026-08-07T00:57:36+00:00,on-demand,Tesla P100,4,6,0.054815,0.074815,0.141296,0.201389,0.202222,0.201111,0.992774
2026-08-07T00:57:36+00:00,on-demand,Tesla P40,2,2,0.033334,0.075556,0.117778,0.16,0.202222,,0.973728
2026-08-07T00:57:36+00:00,on-demand,Tesla T4,2,3,12.000741,12.000926,12.001111,12.001296,12.001481,,0.972409
2026-08-07T00:57:36+00:00,on-demand,Tesla V100,10,21,0.027222,0.031806,0.041667,0.168472,0.268889,0.247556,0.993371
2026-08-07T00:57:36+00:00,on-demand,Titan RTX,5,10,0.135185,0.137037,0.161111,0.162222,0.200556,0.161667,0.994315
2026-08-07T00:57:36+00:00,on-demand,Titan Xp,3,7,0.055556,0.058056,0.060556,0.060833,0.061111,0.060556,0.996182
2026-08-07T00:57:36+00:00,bid,A100 PCIE,29,51,0.133889,0.135556,0.175222,0.587778,0.588889,0.157333,0.99125
2026-08-07T00:57:36+00:00,bid,A100 SXM4,49,109,0.130316,0.468889,0.535556,0.812889,0.986944,0.531111,0.988738
2026-08-07T00:57:36+00:00,bid,A16,1,4,0.20037,0.20037,0.20037,0.20037,0.20037,0.20037,0.958084
2026-08-07T00:57:36+00:00,bid,A800 PCIE,7,12,0.129889,0.130444,0.131556,0.131556,0.131556,,0.994711
2026-08-07T00:57:36+00:00,bid,B200,27,122,4.375174,5.000521,5.001302,5.003906,7.377083,5.001302,0.983413
2026-08-07T00:57:36+00:00,bid,B300,5,26,3.75026,5.000694,5.001389,5.625521,5.626042,5.313455,0.963054
2026-08-07T00:57:36+00:00,bid,CMP 170HX,9,30,0.234167,0.24,0.253889,0.254444,0.668889,0.668889,0.963572
2026-08-07T00:57:36+00:00,bid,GTX 1050 Ti,1,1,0.024444,0.024444,0.024444,0.024444,0.024444,,0.98837
2026-08-07T00:57:36+00:00,bid,GTX 1060,1,1,0.031111,0.031111,0.031111,0.031111,0.031111,,0.991871
2026-08-07T00:57:36+00:00,bid,GTX 1070,1,1,0.024444,0.024444,0.024444,0.024444,0.024444,0.024444,0.993345
2026-08-07T00:57:36+00:00,bid,GTX 1080,5,16,0.037037,0.04037,0.04037,0.041111,0.042222,0.040741,0.996213
2026-08-07T00:57:36+00:00,bid,GTX 1080 Ti,8,24,0.026222,0.040972,0.041667,0.05371,0.054074,0.042222,0.996257
2026-08-07T00:57:36+00:00,bid,GTX 1650 S,1,1,0.037778,0.037778,0.037778,0.037778,0.037778,,0.991735
2026-08-07T00:57:36+00:00,bid,GTX 1660,1,1,0.037778,0.037778,0.037778,0.037778,0.037778,0.037778,0.996463
2026-08-07T00:57:36+00:00,bid,GTX 1660 S,2,5,0.031111,0.033472,0.035833,0.038194,0.040556,0.040556,0.983153
2026-08-07T00:57:36+00:00,bid,GTX 1660 Ti,1,1,0.037778,0.037778,0.037778,0.037778,0.037778,0.037778,0.993798
2026-08-07T00:57:36+00:00,bid,H100 NVL,6,10,0.404889,0.934722,0.935556,1.235556,2.000778,1.668167,0.920199
2026-08-07T00:57:36+00:00,bid,H100 PCIE,6,19,0.347778,1.30025,1.600833,1.601111,1.602222,1.600833,0.991504
2026-08-07T00:57:36+00:00,bid,H100 SXM,16,46,0.401481,0.405926,1.834778,2.187611,4.002222,2.072,0.993961
2026-08-07T00:57:36+00:00,bid,H200,19,72,0.441064,0.441886,2.641813,3.751005,6.842654,3.684759,0.988129
2026-08-07T00:57:36+00:00,bid,H200 NVL,16,31,0.535556,1.005833,1.2685,1.339555,3.202222,1.006667,0.994783
2026-08-07T00:57:36+00:00,bid,L4,8,11,0.081481,0.135278,0.169556,0.228611,0.321111,0.135556,0.995054
2026-08-07T00:57:36+00:00,bid,L40,2,3,0.468889,0.469444,0.47,0.470556,0.471111,0.47,0.98847
2026-08-07T00:57:36+00:00,bid,L40S,33,100,0.200185,0.333704,0.47037,0.537037,0.933889,0.534815,0.997815
2026-08-07T00:57:36+00:00,bid,Q RTX 8000,4,6,0.027222,0.027472,0.02763,0.037574,0.067185,0.02763,0.998767
2026-08-07T00:57:36+00:00,bid,Quadro P4000,2,2,0.03437,0.039278,0.044185,0.049093,0.054,0.054,0.997493
2026-08-07T00:57:36+00:00,bid,RTX 2060,4,6,0.027259,0.030148,0.036111,0.114722,0.335556,0.041111,0.992762
2026-08-07T00:57:36+00:00,bid,RTX 2060S,1,4,0.046978,0.046978,0.046978,0.046978,0.046978,0.046978,0.994972
2026-08-07T00:57:36+00:00,bid,RTX 2070,1,2,0.041111,0.041111,0.041111,0.041111,0.041111,0.041111,0.988364
2026-08-07T00:57:36+00:00,bid,RTX 2070S,4,25,0.066831,0.066847,0.066944,0.067037,0.067037,,0.9877
2026-08-07T00:57:36+00:00,bid,RTX 2080 Ti,4,11,0.037778,0.059653,0.068509,0.079593,0.108148,0.070074,0.997843
2026-08-07T00:57:36+00:00,bid,RTX 2080S,1,1,0.037778,0.037778,0.037778,0.037778,0.037778,0.037778,0.972499
2026-08-07T00:57:36+00:00,bid,RTX 3060,13,49,0.025111,0.045481,0.053889,0.066944,0.134519,0.066944,0.990593
2026-08-07T00:57:36+00:00,bid,RTX 3060 Ti,4,4,0.108148,0.228704,0.486296,0.775,0.988889,0.703704,0.979429
2026-08-07T00:57:36+00:00,bid,RTX 3060 laptop,4,12,0.013352,0.013449,0.025963,0.045574,0.066963,0.066963,0.993075
2026-08-07T00:57:36+00:00,bid,RTX 3070,7,20,0.040278,0.040833,0.067778,0.070704,0.135556,0.067778,0.992803
2026-08-07T00:57:36+00:00,bid,RTX 3080,13,32,0.041481,0.057148,0.066944,0.108889,0.240415,0.121389,0.990074
2026-08-07T00:57:36+00:00,bid,RTX 3080 Ti,6,7,0.014815,0.075,0.098889,0.143056,0.155556,0.131667,0.994009
2026-08-07T00:57:36+00:00,bid,RTX 3090,61,153,0.016296,0.107222,0.134074,0.162222,0.367407,0.134074,0.990412
2026-08-07T00:57:36+00:00,bid,RTX 4060,1,2,0.062815,0.062815,0.062815,0.062815,0.062815,0.062815,0.978797
2026-08-07T00:57:36+00:00,bid,RTX 4060 Ti,10,23,0.042222,0.074639,0.076333,0.100907,0.107778,0.100778,0.997103
2026-08-07T00:57:36+00:00,bid,RTX 4070,6,10,0.054444,0.056444,0.065111,0.074611,0.162222,0.062444,0.998196
2026-08-07T00:57:36+00:00,bid,RTX 4070 Ti,7,13,0.042111,0.069389,0.108889,0.240833,0.241111,0.108889,0.992023
2026-08-07T00:57:36+00:00,bid,RTX 4070S,3,6,0.068889,0.075963,0.083037,0.16263,0.242222,0.075963,0.984529
2026-08-07T00:57:36+00:00,bid,RTX 4070S Ti,14,47,0.068148,0.100333,0.156889,0.200972,1.211111,0.200222,0.997424
2026-08-07T00:57:36+00:00,bid,RTX 4080,18,45,0.068148,0.134185,0.141944,0.147407,0.167704,0.147037,0.991756
2026-08-07T00:57:36+00:00,bid,RTX 4080S,8,17,0.104444,0.153556,0.187444,0.200843,0.240519,0.187704,0.98966
2026-08-07T00:57:36+00:00,bid,RTX 4090,80,249,0.134815,0.266922,0.328704,0.407407,1.200556,0.401185,0.996542
2026-08-07T00:57:36+00:00,bid,RTX 4090D,12,32,0.054074,0.071213,0.074556,0.604694,0.606222,,0.969168
2026-08-07T00:57:36+00:00,bid,RTX 4500Ada,1,1,0.468889,0.468889,0.468889,0.468889,0.468889,,0.94875
2026-08-07T00:57:36+00:00,bid,RTX 5000Ada,3,4,0.321111,0.321667,0.322222,0.322222,0.322222,0.322222,0.997068
2026-08-07T00:57:36+00:00,bid,RTX 5060,3,3,0.028148,0.040889,0.05363,0.074593,0.095556,0.05363,0.983818
2026-08-07T00:57:36+00:00,bid,RTX 5060 Ti,29,94,0.037185,0.069926,0.107778,0.147222,0.218222,0.146944,0.995088
2026-08-07T00:57:36+00:00,bid,RTX 5070,8,12,0.043704,0.056907,0.064148,0.121204,0.122963,0.121296,0.99477
2026-08-07T00:57:36+00:00,bid,RTX 5070 Ti,9,16,0.093889,0.095556,0.108889,0.161481,0.268,0.107222,0.994585
2026-08-07T00:57:36+00:00,bid,RTX 5080,19,34,0.042222,0.134222,0.162593,0.187778,0.442222,0.162593,0.991032
2026-08-07T00:57:36+00:00,bid,RTX 5090,95,226,0.102222,0.271852,0.374074,0.429074,2.666944,0.341056,0.995634
2026-08-07T00:57:36+00:00,bid,RTX 5880Ada,12,21,0.267185,0.295185,0.297037,0.297037,0.297037,0.297037,0.995032
2026-08-07T00:57:36+00:00,bid,RTX 6000Ada,20,42,0.137778,0.335565,0.401667,0.468019,0.680889,0.402222,0.996824
2026-08-07T00:57:36+00:00,bid,RTX A2000,3,3,0.03037,0.215259,0.400148,0.414148,0.428148,0.229259,0.994385
2026-08-07T00:57:36+00:00,bid,RTX A4000,7,43,0.058222,0.100253,0.106852,0.107099,0.133556,,0.97131
2026-08-07T00:57:36+00:00,bid,RTX A4500,2,2,0.081185,0.081185,0.081185,0.081185,0.081185,,0.958748
2026-08-07T00:57:36+00:00,bid,RTX A5000,7,23,0.108519,0.155926,0.226984,0.227315,0.230999,0.226984,0.998149
2026-08-07T00:57:36+00:00,bid,RTX A6000,9,20,0.138519,0.143704,0.333651,0.334444,0.335556,,0.992913
2026-08-07T00:57:36+00:00,bid,RTX PRO 4000,13,25,0.067778,0.108889,0.228741,0.241481,0.370815,0.228741,0.992601
2026-08-07T00:57:36+00:00,bid,RTX PRO 4500,1,1,0.214815,0.214815,0.214815,0.214815,0.214815,,0.599993
2026-08-07T00:57:36+00:00,bid,RTX PRO 5000,31,56,0.135111,0.400556,0.442593,0.534259,0.801852,0.443889,0.993034
2026-08-07T00:57:36+00:00,bid,RTX PRO 6000 S,25,53,0.352667,0.402481,0.802963,1.067037,2.935556,1.002222,0.997116
2026-08-07T00:57:36+00:00,bid,RTX PRO 6000 WS,29,54,0.335556,0.668889,0.801481,1.065778,1.337037,0.802963,0.995012
2026-08-07T00:57:36+00:00,bid,Tesla P100,3,4,0.041481,0.087963,0.134444,0.135,0.135556,0.135,0.992774
2026-08-07T00:57:36+00:00,bid,Tesla T4,3,4,3.400741,3.401111,3.401481,3.401481,3.401481,,0.972409
2026-08-07T00:57:36+00:00,bid,Tesla V100,14,29,0.027778,0.090139,0.096333,0.12713,0.162222,0.120556,0.994749
2026-08-07T00:57:36+00:00,bid,Titan RTX,5,13,0.107222,0.107778,0.128519,0.129889,0.135556,0.121667,0.994315
2026-08-07T00:57:36+00:00,bid,Titan Xp,4,9,0.040556,0.040972,0.041111,0.041389,0.042222,0.041111,0.996193
2026-08-07T01:02:38+00:00,on-demand,A100 PCIE,16,49,0.266944,0.598194,0.934352,1.015069,1.507556,0.824519,0.995328
2026-08-07T01:02:38+00:00,on-demand,A100 SXM4,26,76,0.468889,0.800741,0.942815,1.189,1.601296,1.041333,0.996984
2026-08-07T01:02:38+00:00,on-demand,A16,1,4,0.267037,0.267037,0.267037,0.267037,0.267037,0.267037,0.958084
2026-08-07T01:02:38+00:00,on-demand,A40,1,1,0.281481,0.281481,0.281481,0.281481,0.281481,0.281481,0.998369
2026-08-07T01:02:38+00:00,on-demand,A800 PCIE,2,5,0.667222,0.667639,0.668056,0.668472,0.668889,,0.994711
2026-08-07T01:02:38+00:00,on-demand,B200,14,54,5.501302,5.625868,5.921875,6.245399,7.752083,5.921875,0.992278
2026-08-07T01:02:38+00:00,on-demand,B300,5,26,8.125521,8.126042,8.75026,8.750694,8.751389,8.438368,0.963054
2026-08-07T01:02:38+00:00,on-demand,CMP 170HX,6,22,0.236833,0.238917,0.288185,0.334259,0.935556,0.935556,0.952153
2026-08-07T01:02:38+00:00,on-demand,GTX 1060,3,3,0.018222,0.053556,0.088889,0.216667,0.344444,0.088889,0.991871
2026-08-07T01:02:38+00:00,on-demand,GTX 1070,1,1,0.531111,0.531111,0.531111,0.531111,0.531111,0.531111,0.993345
2026-08-07T01:02:38+00:00,on-demand,GTX 1080,5,12,0.027778,0.028889,0.050444,0.051037,0.052889,0.051037,0.985484
2026-08-07T01:02:38+00:00,on-demand,GTX 1080 Ti,6,19,0.061111,0.068079,0.07377,0.074028,0.074444,0.07377,0.996488
2026-08-07T01:02:38+00:00,on-demand,GTX 1650 S,1,1,0.677778,0.677778,0.677778,0.677778,0.677778,,0.991735
2026-08-07T01:02:38+00:00,on-demand,GTX 1660,1,1,0.677778,0.677778,0.677778,0.677778,0.677778,0.677778,0.996463
2026-08-07T01:02:38+00:00,on-demand,GTX 1660 S,2,5,0.047222,0.148194,0.249167,0.350139,0.451111,0.047222,0.983153
2026-08-07T01:02:38+00:00,on-demand,GTX 1660 Ti,1,2,0.068889,0.068889,0.068889,0.068889,0.068889,0.068889,0.99456
2026-08-07T01:02:38+00:00,on-demand,GTX TITAN X,1,1,0.028889,0.028889,0.028889,0.028889,0.028889,,0.993143
2026-08-07T01:02:38+00:00,on-demand,H100 NVL,4,8,2.534444,2.615278,2.655185,2.767972,3.067444,2.854833,0.984477
2026-08-07T01:02:38+00:00,on-demand,H100 PCIE,4,15,1.733481,2.033787,2.134167,2.134722,2.135556,2.134167,0.991504
2026-08-07T01:02:38+00:00,on-demand,H100 SXM,12,35,1.600556,1.703148,2.660119,3.159444,3.528333,3.068,0.993927
2026-08-07T01:02:38+00:00,on-demand,H200,11,41,3.03655,4.046875,4.145285,4.178454,6.974232,4.080592,0.997736
2026-08-07T01:02:38+00:00,on-demand,H200 NVL,9,22,2.401481,2.800556,3.067778,3.404889,3.602222,2.977222,0.978284
2026-08-07T01:02:38+00:00,on-demand,L4,4,6,0.255556,0.314722,0.334444,0.334722,0.335556,0.334444,0.996532
2026-08-07T01:02:38+00:00,on-demand,L40,2,3,0.575556,0.576111,0.576667,0.577222,0.577778,0.576667,0.98847
2026-08-07T01:02:38+00:00,on-demand,L40S,15,54,0.401111,0.467037,0.601481,0.933796,1.074074,0.80037,0.997303
2026-08-07T01:02:38+00:00,on-demand,Q RTX 8000,4,6,0.241037,0.249648,0.253296,0.254259,0.254815,0.253296,0.998433
2026-08-07T01:02:38+00:00,on-demand,Quadro P4000,2,3,0.040741,0.040926,0.041111,0.041296,0.041481,,0.964251
2026-08-07T01:02:38+00:00,on-demand,RTX 2060,2,3,0.052593,0.142222,0.231852,0.321481,0.411111,0.411111,0.986601
2026-08-07T01:02:38+00:00,on-demand,RTX 2060S,1,4,0.066978,0.066978,0.066978,0.066978,0.066978,0.066978,0.994972
2026-08-07T01:02:38+00:00,on-demand,RTX 2070S,2,13,0.073498,0.073549,0.073601,0.073652,0.073704,,0.9877
2026-08-07T01:02:38+00:00,on-demand,RTX 2080 Ti,7,20,0.068889,0.080039,0.080111,0.108519,0.811111,0.080111,0.988701
2026-08-07T01:02:38+00:00,on-demand,RTX 2080S,1,1,0.744444,0.744444,0.744444,0.744444,0.744444,0.744444,0.972499
2026-08-07T01:02:38+00:00,on-demand,RTX 3060,12,46,0.022222,0.054236,0.0675,0.138838,1.334815,0.106944,0.995014
2026-08-07T01:02:38+00:00,on-demand,RTX 3060 Ti,3,3,0.055556,0.227556,0.399556,0.760889,1.122222,0.399556,0.99734
2026-08-07T01:02:38+00:00,on-demand,RTX 3060 laptop,4,12,0.026685,0.037505,0.041667,0.048074,0.06563,0.06563,0.994185
2026-08-07T01:02:38+00:00,on-demand,RTX 3070,9,30,0.044889,0.074444,0.075556,0.106944,0.166222,0.080278,0.992746
2026-08-07T01:02:38+00:00,on-demand,RTX 3080,13,38,0.047778,0.060556,0.113556,0.135556,0.268889,0.142222,0.993011
2026-08-07T01:02:38+00:00,on-demand,RTX 3080 Ti,3,3,0.068889,0.102222,0.135556,0.136296,0.137037,0.137037,0.995526
2026-08-07T01:02:38+00:00,on-demand,RTX 3090,39,127,0.084815,0.141065,0.200741,0.252593,128.001481,0.244259,0.991053
2026-08-07T01:02:38+00:00,on-demand,RTX 4060,7,19,0.053481,0.057556,0.062963,0.064963,2.677778,0.064963,0.985053
2026-08-07T01:02:38+00:00,on-demand,RTX 4060 Ti,6,14,0.062963,0.080065,0.081019,0.081944,0.107778,0.080352,0.992246
2026-08-07T01:02:38+00:00,on-demand,RTX 4070,3,11,0.080556,0.081389,0.082222,0.083333,0.084444,0.082222,0.989633
2026-08-07T01:02:38+00:00,on-demand,RTX 4070 Ti,8,14,0.088889,0.106111,0.144333,0.192139,0.282444,0.097778,0.992023
2026-08-07T01:02:38+00:00,on-demand,RTX 4070S,3,7,0.081852,0.08213,0.082407,0.082685,0.082963,0.082407,0.995339
2026-08-07T01:02:38+00:00,on-demand,RTX 4070S Ti,12,41,0.067778,0.150306,0.224,0.247361,1.331111,0.246944,0.997424
2026-08-07T01:02:38+00:00,on-demand,RTX 4080,12,28,0.122963,0.155,0.183722,0.234491,0.255407,0.207315,0.990352
2026-08-07T01:02:38+00:00,on-demand,RTX 4080S,9,28,0.160556,0.162222,0.19437,0.201111,0.309333,0.201111,0.98966
2026-08-07T01:02:38+00:00,on-demand,RTX 4090,44,176,0.135556,0.360509,0.480833,0.669259,1.280556,0.538889,0.99651
2026-08-07T01:02:38+00:00,on-demand,RTX 4090D,8,23,0.160185,0.160648,0.245778,0.414917,0.668889,,0.969168
2026-08-07T01:02:38+00:00,on-demand,RTX 4500Ada,1,1,1.268889,1.268889,1.268889,1.268889,1.268889,,0.94875
2026-08-07T01:02:38+00:00,on-demand,RTX 5000Ada,2,3,0.427778,0.434722,0.441667,0.448611,0.455556,0.441667,0.993703
2026-08-07T01:02:38+00:00,on-demand,RTX 5060,4,4,0.068148,0.069815,0.10963,0.150556,0.155556,0.112963,0.994129
2026-08-07T01:02:38+00:00,on-demand,RTX 5060 Ti,14,50,0.051111,0.088819,0.106593,0.134954,0.227407,0.134722,0.993782
2026-08-07T01:02:38+00:00,on-demand,RTX 5060 laptop,1,1,0.135556,0.135556,0.135556,0.135556,0.135556,,0.970983
2026-08-07T01:02:38+00:00,on-demand,RTX 5070,9,13,0.014815,0.096296,0.104444,0.113407,0.142222,0.104444,0.99692
2026-08-07T01:02:38+00:00,on-demand,RTX 5070 Ti,12,27,0.122222,0.135185,0.142222,0.180972,0.201111,0.153889,0.996765
2026-08-07T01:02:38+00:00,on-demand,RTX 5080,20,63,0.134444,0.174028,0.242685,0.400347,1.775556,0.214352,0.987435
2026-08-07T01:02:38+00:00,on-demand,RTX 5090,43,142,0.212889,0.453187,0.666944,0.823462,5.986944,0.733889,0.995491
2026-08-07T01:02:38+00:00,on-demand,RTX 5880Ada,2,3,0.601852,0.602315,0.602778,0.603241,0.603704,0.602778,0.995104
2026-08-07T01:02:38+00:00,on-demand,RTX 6000Ada,8,27,0.441111,0.560764,0.680833,0.685069,0.708889,0.681111,0.988872
2026-08-07T01:02:38+00:00,on-demand,RTX A2000,3,4,0.034074,0.035111,0.036148,0.264815,0.493481,,0.995214
2026-08-07T01:02:38+00:00,on-demand,RTX A4000,7,39,0.072889,0.10703,0.133519,0.133765,0.152222,,0.97131
2026-08-07T01:02:38+00:00,on-demand,RTX A4500,2,2,0.114519,0.404593,0.694667,0.984741,1.274815,,0.978425
2026-08-07T01:02:38+00:00,on-demand,RTX A5000,2,10,0.230984,0.23109,0.231196,0.231302,0.231407,0.231196,0.998149
2026-08-07T01:02:38+00:00,on-demand,RTX A6000,9,30,0.298519,0.400317,0.400741,0.402222,1.334444,,0.992913
2026-08-07T01:02:38+00:00,on-demand,RTX PRO 4000,9,13,0.202222,0.254074,0.27037,0.321481,0.534815,0.27037,0.986371
2026-08-07T01:02:38+00:00,on-demand,RTX PRO 4500,1,1,0.308148,0.308148,0.308148,0.308148,0.308148,,0.599993
2026-08-07T01:02:38+00:00,on-demand,RTX PRO 5000,8,23,0.640278,0.640972,0.702222,0.880926,0.943037,0.702222,0.993034
2026-08-07T01:02:38+00:00,on-demand,RTX PRO 6000 S,14,40,0.6284,1.285185,1.534722,1.733981,3.068889,1.660272,0.996981
2026-08-07T01:02:38+00:00,on-demand,RTX PRO 6000 WS,17,42,0.868889,1.10013,1.469259,1.604446,13.335556,1.469259,0.994002
2026-08-07T01:02:38+00:00,on-demand,Tesla P100,4,6,0.054815,0.074815,0.141296,0.201389,0.202222,0.201111,0.992774
2026-08-07T01:02:38+00:00,on-demand,Tesla P40,2,2,0.033334,0.075556,0.117778,0.16,0.202222,,0.973728
2026-08-07T01:02:38+00:00,on-demand,Tesla T4,2,3,12.000741,12.000926,12.001111,12.001296,12.001481,,0.972409
2026-08-07T01:02:38+00:00,on-demand,Tesla V100,10,21,0.027222,0.031806,0.041667,0.159306,0.226222,0.180889,0.992075
2026-08-07T01:02:38+00:00,on-demand,Titan RTX,5,10,0.135185,0.137037,0.161111,0.162222,0.200556,0.161667,0.994315
2026-08-07T01:02:38+00:00,on-demand,Titan Xp,4,10,0.060556,0.060694,0.060926,0.061389,0.062222,0.060926,0.994916
2026-08-07T01:02:38+00:00,bid,A100 PCIE,27,45,0.133889,0.135556,0.174111,0.394583,0.588889,0.154833,0.994995
2026-08-07T01:02:38+00:00,bid,A100 SXM4,47,111,0.130316,0.468333,0.666852,0.812333,0.986944,0.568102,0.988738
2026-08-07T01:02:38+00:00,bid,A16,1,4,0.20037,0.20037,0.20037,0.20037,0.20037,0.20037,0.958084
2026-08-07T01:02:38+00:00,bid,A800 PCIE,6,10,0.129889,0.130722,0.131556,0.131556,0.131556,,0.994711
2026-08-07T01:02:38+00:00,bid,B200,19,94,4.375174,5.000347,5.001302,5.002691,7.377083,5.001302,0.983413
2026-08-07T01:02:38+00:00,bid,B300,5,26,3.75026,5.000694,5.001389,5.625521,5.626042,5.313455,0.963054
2026-08-07T01:02:38+00:00,bid,CMP 170HX,9,30,0.234167,0.24,0.253889,0.254444,0.668889,0.668889,0.963572
2026-08-07T01:02:38+00:00,bid,GTX 1050 Ti,1,1,0.024444,0.024444,0.024444,0.024444,0.024444,,0.98837
2026-08-07T01:02:38+00:00,bid,GTX 1060,1,1,0.031111,0.031111,0.031111,0.031111,0.031111,,0.991871
2026-08-07T01:02:38+00:00,bid,GTX 1070,1,1,0.024444,0.024444,0.024444,0.024444,0.024444,0.024444,0.993345
2026-08-07T01:02:38+00:00,bid,GTX 1080,4,10,0.037037,0.039537,0.040741,0.041389,0.042222,0.041111,0.996425
2026-08-07T01:02:38+00:00,bid,GTX 1080 Ti,9,26,0.026222,0.041111,0.042222,0.053889,0.054444,0.047937,0.996488
2026-08-07T01:02:38+00:00,bid,GTX 1650 S,1,1,0.037778,0.037778,0.037778,0.037778,0.037778,,0.991735
2026-08-07T01:02:38+00:00,bid,GTX 1660,1,1,0.037778,0.037778,0.037778,0.037778,0.037778,0.037778,0.996463
2026-08-07T01:02:38+00:00,bid,GTX 1660 S,2,5,0.031111,0.033472,0.035833,0.038194,0.040556,0.040556,0.983153
2026-08-07T01:02:38+00:00,bid,GTX 1660 Ti,2,3,0.037778,0.042222,0.046667,0.051111,0.055556,0.046667,0.994179
2026-08-07T01:02:38+00:00,bid,H100 NVL,6,10,0.404889,0.934722,0.935556,1.235556,2.000778,1.668167,0.920199
2026-08-07T01:02:38+00:00,bid,H100 PCIE,8,24,0.347778,0.355861,0.77963,1.402917,1.602222,0.77963,0.998566
2026-08-07T01:02:38+00:00,bid,H100 SXM,18,46,0.401481,0.422222,1.169056,2.069333,2.999,2.069333,0.991878
2026-08-07T01:02:38+00:00,bid,H200,16,52,0.441338,0.441886,2.637061,3.535992,6.711075,3.485307,0.968193
2026-08-07T01:02:38+00:00,bid,H200 NVL,16,35,0.535556,1.005833,1.200556,1.339555,3.200741,1.006667,0.989881
2026-08-07T01:02:38+00:00,bid,L4,10,13,0.081481,0.152556,0.241667,0.308056,0.322222,0.268889,0.996532
2026-08-07T01:02:38+00:00,bid,L40,4,6,0.427185,0.458463,0.47,0.471111,0.471111,0.47,0.98847
2026-08-07T01:02:38+00:00,bid,L40S,29,91,0.200185,0.333704,0.534074,0.537037,0.933889,0.534815,0.99847
2026-08-07T01:02:38+00:00,bid,Q RTX 8000,4,6,0.027222,0.027472,0.04737,0.067315,0.067704,0.04737,0.998599
2026-08-07T01:02:38+00:00,bid,Quadro P4000,1,1,0.03437,0.03437,0.03437,0.03437,0.03437,,0.997757
2026-08-07T01:02:38+00:00,bid,RTX 2060,4,6,0.027259,0.030148,0.036111,0.114722,0.335556,0.041111,0.992762
2026-08-07T01:02:38+00:00,bid,RTX 2060S,2,5,0.046978,0.066159,0.085341,0.104522,0.123704,0.085341,0.980788
2026-08-07T01:02:38+00:00,bid,RTX 2070,1,2,0.041111,0.041111,0.041111,0.041111,0.041111,0.041111,0.988364
2026-08-07T01:02:38+00:00,bid,RTX 2070S,2,13,0.066831,0.066883,0.066934,0.066986,0.067037,,0.9877
2026-08-07T01:02:38+00:00,bid,RTX 2080 Ti,5,12,0.037778,0.066944,0.070074,0.108148,0.121481,0.089111,0.99771
2026-08-07T01:02:38+00:00,bid,RTX 2080S,1,1,0.037778,0.037778,0.037778,0.037778,0.037778,0.037778,0.972499
2026-08-07T01:02:38+00:00,bid,RTX 3060,13,49,0.037778,0.048185,0.054444,0.066944,0.134519,0.066944,0.993871
2026-08-07T01:02:38+00:00,bid,RTX 3060 Ti,4,4,0.108148,0.228704,0.486296,0.775,0.988889,0.703704,0.979429
2026-08-07T01:02:38+00:00,bid,RTX 3060 laptop,4,12,0.013352,0.013449,0.025963,0.045574,0.066963,0.066963,0.9935
2026-08-07T01:02:38+00:00,bid,RTX 3070,9,26,0.040278,0.040556,0.067778,0.068519,0.135556,0.067778,0.997026
2026-08-07T01:02:38+00:00,bid,RTX 3080,16,41,0.041481,0.067153,0.080926,0.094537,0.240332,0.082222,0.991712
2026-08-07T01:02:38+00:00,bid,RTX 3080 Ti,4,5,0.055556,0.080556,0.121667,0.154722,0.155556,0.155,0.993568
2026-08-07T01:02:38+00:00,bid,RTX 3090,68,166,0.016296,0.107222,0.133889,0.154583,0.367407,0.134074,0.992856
2026-08-07T01:02:38+00:00,bid,RTX 4060,1,2,0.062815,0.062815,0.062815,0.062815,0.062815,0.062815,0.978797
2026-08-07T01:02:38+00:00,bid,RTX 4060 Ti,10,21,0.039778,0.076056,0.081296,0.101796,0.107778,0.100519,0.997337
2026-08-07T01:02:38+00:00,bid,RTX 4070,6,12,0.054444,0.069639,0.0755,0.076611,0.162222,0.075778,0.997411
2026-08-07T01:02:38+00:00,bid,RTX 4070 Ti,8,15,0.042111,0.052194,0.095185,0.240694,0.241111,0.095185,0.992023
2026-08-07T01:02:38+00:00,bid,RTX 4070S,4,8,0.069074,0.07088,0.073889,0.117778,0.242222,0.071481,0.983828
2026-08-07T01:02:38+00:00,bid,RTX 4070S Ti,15,44,0.095741,0.110333,0.200222,0.201111,1.211111,0.200222,0.997424
2026-08-07T01:02:38+00:00,bid,RTX 4080,19,47,0.133593,0.134259,0.137037,0.147407,0.255556,0.147037,0.990352
2026-08-07T01:02:38+00:00,bid,RTX 4080S,8,14,0.104444,0.153556,0.213981,0.240519,0.242667,0.240389,0.98966
2026-08-07T01:02:38+00:00,bid,RTX 4090,80,241,0.115395,0.202222,0.294667,0.398037,1.200556,0.361,0.996288
2026-08-07T01:02:38+00:00,bid,RTX 4090D,11,31,0.054741,0.073778,0.074741,0.604833,0.606222,,0.969168
2026-08-07T01:02:38+00:00,bid,RTX 4500Ada,1,1,0.468889,0.468889,0.468889,0.468889,0.468889,,0.94875
2026-08-07T01:02:38+00:00,bid,RTX 5000Ada,3,4,0.268889,0.295,0.321111,0.321667,0.322222,0.321111,0.997068
2026-08-07T01:02:38+00:00,bid,RTX 5060,2,2,0.054519,0.064778,0.075037,0.085296,0.095556,0.054519,0.988287
2026-08-07T01:02:38+00:00,bid,RTX 5060 Ti,25,69,0.037185,0.068519,0.081481,0.147222,0.218222,0.10237,0.994478
2026-08-07T01:02:38+00:00,bid,RTX 5070,8,11,0.043704,0.053519,0.064481,0.096157,0.144889,0.105093,0.992975
2026-08-07T01:02:38+00:00,bid,RTX 5070 Ti,14,24,0.066963,0.095556,0.1075,0.108889,0.161481,0.101389,0.9941
2026-08-07T01:02:38+00:00,bid,RTX 5080,17,28,0.042222,0.122222,0.147407,0.176296,0.442222,0.176296,0.992732
2026-08-07T01:02:38+00:00,bid,RTX 5090,88,212,0.102222,0.271667,0.35837,0.406389,2.666944,0.34,0.995711
2026-08-07T01:02:38+00:00,bid,RTX 5880Ada,10,19,0.267185,0.294491,0.295185,0.297037,0.297037,0.295185,0.995104
2026-08-07T01:02:38+00:00,bid,RTX 6000Ada,19,40,0.137778,0.159093,0.401111,0.468259,0.775556,0.402222,0.996877
2026-08-07T01:02:38+00:00,bid,RTX A2000,3,3,0.028148,0.214148,0.400148,0.414148,0.428148,0.228148,0.994385
2026-08-07T01:02:38+00:00,bid,RTX A4000,13,65,0.057111,0.067259,0.106801,0.107037,0.133611,,0.97131
2026-08-07T01:02:38+00:00,bid,RTX A4500,2,2,0.081185,0.081185,0.081185,0.081185,0.081185,,0.958748
2026-08-07T01:02:38+00:00,bid,RTX A5000,5,16,0.11037,0.226984,0.227222,0.227407,0.335556,0.227222,0.998149
2026-08-07T01:02:38+00:00,bid,RTX A6000,10,22,0.138519,0.203241,0.306222,0.333968,0.334444,,0.992913
2026-08-07T01:02:38+00:00,bid,RTX PRO 4000,16,32,0.067778,0.11,0.228889,0.241481,0.370815,0.228741,0.989578
2026-08-07T01:02:38+00:00,bid,RTX PRO 4500,1,1,0.214815,0.214815,0.214815,0.214815,0.214815,,0.599993
2026-08-07T01:02:38+00:00,bid,RTX PRO 5000,26,43,0.135111,0.268889,0.401111,0.533958,0.642222,0.401481,0.992513
2026-08-07T01:02:38+00:00,bid,RTX PRO 6000 S,22,44,0.361,0.436722,0.903352,1.069259,2.935556,1.067407,0.99674
2026-08-07T01:02:38+00:00,bid,RTX PRO 6000 WS,24,43,0.335556,0.680593,0.801481,1.068056,1.337037,0.999296,0.995401
2026-08-07T01:02:38+00:00,bid,Tesla P100,4,5,0.041481,0.111204,0.135,0.135556,0.135556,0.135556,0.992774
2026-08-07T01:02:38+00:00,bid,Tesla T4,3,4,3.400741,3.401111,3.401481,3.401481,3.401481,,0.972409
2026-08-07T01:02:38+00:00,bid,Tesla V100,16,31,0.027222,0.092639,0.096333,0.160972,0.162222,0.161389,0.994667
2026-08-07T01:02:38+00:00,bid,Titan RTX,6,14,0.107222,0.108056,0.118704,0.129546,0.135556,0.108889,0.996345
2026-08-07T01:02:38+00:00,bid,Titan Xp,4,10,0.040556,0.040694,0.040926,0.041389,0.042222,0.040926,0.996182
2026-08-07T01:07:32+00:00,on-demand,A100 PCIE,15,47,0.266944,0.708611,1.000556,1.027917,1.507556,0.844222,0.995661
2026-08-07T01:07:32+00:00,on-demand,A100 SXM4,20,58,0.468889,0.800741,0.933889,1.1875,1.474444,0.934444,0.995947
2026-08-07T01:07:32+00:00,on-demand,A16,1,4,0.267037,0.267037,0.267037,0.267037,0.267037,0.267037,0.958084
2026-08-07T01:07:32+00:00,on-demand,A40,1,1,0.281481,0.281481,0.281481,0.281481,0.281481,0.281481,0.998369
2026-08-07T01:07:32+00:00,on-demand,A800 PCIE,3,7,0.667222,0.6675,0.667778,0.668333,0.668889,,0.994711
2026-08-07T01:07:32+00:00,on-demand,B200,8,30,5.501302,5.594661,5.757812,6.240321,6.246528,5.757812,0.990131
2026-08-07T01:07:32+00:00,on-demand,B300,3,14,8.126042,8.438151,8.75026,8.750825,8.751389,8.438715,0.962735
2026-08-07T01:07:32+00:00,on-demand,CMP 170HX,7,22,0.236833,0.2385,0.242667,0.334167,0.935556,0.935556,0.940734
2026-08-07T01:07:32+00:00,on-demand,GTX 1050 Ti,1,1,0.611111,0.611111,0.611111,0.611111,0.611111,,0.98837
2026-08-07T01:07:32+00:00,on-demand,GTX 1060,2,2,0.088148,0.152222,0.216296,0.28037,0.344444,0.088148,0.995526
2026-08-07T01:07:32+00:00,on-demand,GTX 1070,1,1,0.531111,0.531111,0.531111,0.531111,0.531111,0.531111,0.993345
2026-08-07T01:07:32+00:00,on-demand,GTX 1070 Ti,1,1,0.050222,0.050222,0.050222,0.050222,0.050222,0.050222,0.993949
2026-08-07T01:07:32+00:00,on-demand,GTX 1080,5,15,0.027778,0.05037,0.051037,0.051222,0.051778,0.051222,0.996637
2026-08-07T01:07:32+00:00,on-demand,GTX 1080 Ti,6,17,0.042222,0.062389,0.069937,0.073829,0.074444,0.073651,0.996488
2026-08-07T01:07:32+00:00,on-demand,GTX 1650 S,1,1,0.677778,0.677778,0.677778,0.677778,0.677778,,0.991735
2026-08-07T01:07:32+00:00,on-demand,GTX 1660 S,3,9,0.033889,0.040556,0.047222,0.249167,0.451111,0.047222,0.969676
2026-08-07T01:07:32+00:00,on-demand,GTX 1660 Ti,2,3,0.068889,0.204444,0.34,0.475556,0.611111,0.34,0.994179
2026-08-07T01:07:32+00:00,on-demand,GTX TITAN X,1,1,0.028889,0.028889,0.028889,0.028889,0.028889,,0.993143
2026-08-07T01:07:32+00:00,on-demand,H100 NVL,4,8,2.534444,2.565278,2.621852,2.767972,3.067444,2.8215,0.993356
2026-08-07T01:07:32+00:00,on-demand,H100 PCIE,5,16,1.733481,1.867778,1.868889,2.133889,2.135556,1.868889,0.989539
2026-08-07T01:07:32+00:00,on-demand,H100 SXM,13,31,1.600556,1.734444,2.653341,2.934444,3.461111,2.908333,0.993049
2026-08-07T01:07:32+00:00,on-demand,H200,11,41,3.03655,4.047423,4.145833,4.211349,6.974232,4.113487,0.997778
2026-08-07T01:07:32+00:00,on-demand,H200 NVL,6,15,2.800278,2.884167,3.124222,3.364111,3.602222,2.885,0.997864
2026-08-07T01:07:32+00:00,on-demand,L4,4,6,0.255556,0.314722,0.334444,0.334722,0.335556,0.334444,0.996532
2026-08-07T01:07:32+00:00,on-demand,L40,3,4,0.453852,0.454111,0.45437,0.516074,0.577778,0.45437,0.994522
2026-08-07T01:07:32+00:00,on-demand,L40S,16,58,0.401111,0.466991,0.531667,0.867292,1.074074,0.800741,0.997805
2026-08-07T01:07:32+00:00,on-demand,Q RTX 6000,1,2,0.134074,0.134074,0.134074,0.134074,0.134074,0.134074,0.998339
2026-08-07T01:07:32+00:00,on-demand,Q RTX 8000,3,4,0.241111,0.247593,0.254074,0.254444,0.254815,0.254074,0.998268
2026-08-07T01:07:32+00:00,on-demand,Quadro P4000,2,3,0.040741,0.040926,0.041111,0.041296,0.041481,,0.964251
2026-08-07T01:07:32+00:00,on-demand,RTX 2060,2,3,0.052593,0.142222,0.231852,0.321481,0.411111,0.411111,0.986601
2026-08-07T01:07:32+00:00,on-demand,RTX 2070S,2,13,0.073498,0.073549,0.073601,0.073652,0.073704,,0.9877
2026-08-07T01:07:32+00:00,on-demand,RTX 2080 Ti,6,14,0.068889,0.075236,0.085093,0.114185,0.136148,0.090074,0.996957
2026-08-07T01:07:32+00:00,on-demand,RTX 2080S,1,1,0.744444,0.744444,0.744444,0.744444,0.744444,0.744444,0.972499
2026-08-07T01:07:32+00:00,on-demand,RTX 3060,14,48,0.028889,0.054722,0.0675,0.202625,1.335556,0.106944,0.996685
2026-08-07T01:07:32+00:00,on-demand,RTX 3060 Ti,2,2,0.399556,0.580222,0.760889,0.941556,1.122222,0.760889,0.996834
2026-08-07T01:07:32+00:00,on-demand,RTX 3060 laptop,3,11,0.026685,0.033898,0.041111,0.041667,0.042222,,0.99877
2026-08-07T01:07:32+00:00,on-demand,RTX 3070,10,35,0.042222,0.069306,0.079028,0.105363,0.137037,0.080278,0.99629
2026-08-07T01:07:32+00:00,on-demand,RTX 3080,14,41,0.048889,0.072315,0.1135,0.13912,0.268889,0.127056,0.992396
2026-08-07T01:07:32+00:00,on-demand,RTX 3080 Ti,2,2,0.128889,0.130926,0.132963,0.135,0.137037,0.137037,0.995769
2026-08-07T01:07:32+00:00,on-demand,RTX 3090,34,95,0.077556,0.147778,0.213648,0.264704,2.001111,0.26,0.99166
2026-08-07T01:07:32+00:00,on-demand,RTX 4060,8,23,0.053481,0.059241,0.062222,0.064704,2.677778,0.064444,0.990917
2026-08-07T01:07:32+00:00,on-demand,RTX 4060 Ti,7,19,0.079222,0.081481,0.082222,0.120833,0.140556,0.120556,0.997267
2026-08-07T01:07:32+00:00,on-demand,RTX 4070,4,8,0.074963,0.079574,0.085111,0.110056,0.172889,0.085111,0.990872
2026-08-07T01:07:32+00:00,on-demand,RTX 4070 Ti,8,14,0.088889,0.106111,0.144333,0.192139,0.282444,0.097778,0.992023
2026-08-07T01:07:32+00:00,on-demand,RTX 4070S,3,7,0.081852,0.084444,0.087037,0.088333,0.08963,0.087037,0.984529
2026-08-07T01:07:32+00:00,on-demand,RTX 4070S Ti,10,28,0.068889,0.126685,0.224,0.247639,1.331111,0.247056,0.99736
2026-08-07T01:07:32+00:00,on-demand,RTX 4080,13,33,0.120926,0.141333,0.180259,0.254852,0.295556,0.187185,0.990352
2026-08-07T01:07:32+00:00,on-demand,RTX 4080S,7,18,0.094259,0.148704,0.162222,0.224648,0.328889,0.224648,0.98966
2026-08-07T01:07:32+00:00,on-demand,RTX 4090,47,193,0.253444,0.342434,0.400556,0.616296,1.337037,0.55037,0.996355
2026-08-07T01:07:32+00:00,on-demand,RTX 4090D,9,25,0.160185,0.160741,0.330074,0.667222,0.668889,,0.969168
2026-08-07T01:07:32+00:00,on-demand,RTX 4500Ada,1,1,1.268889,1.268889,1.268889,1.268889,1.268889,,0.94875
2026-08-07T01:07:32+00:00,on-demand,RTX 5000Ada,2,3,0.427778,0.428056,0.428333,0.428611,0.428889,0.428333,0.997068
2026-08-07T01:07:32+00:00,on-demand,RTX 5060,4,4,0.075556,0.075556,0.105556,0.140556,0.155556,0.115556,0.994819
2026-08-07T01:07:32+00:00,on-demand,RTX 5060 Ti,17,55,0.051111,0.094444,0.105481,0.176278,0.27037,0.174519,0.995086
2026-08-07T01:07:32+00:00,on-demand,RTX 5060 laptop,1,1,0.135556,0.135556,0.135556,0.135556,0.135556,,0.970983
2026-08-07T01:07:32+00:00,on-demand,RTX 5070,10,18,0.07037,0.094907,0.1,0.131852,0.161111,0.102222,0.99674
2026-08-07T01:07:32+00:00,on-demand,RTX 5070 Ti,12,22,0.119556,0.135093,0.141481,0.201111,0.401333,0.141481,0.997387
2026-08-07T01:07:32+00:00,on-demand,RTX 5080,19,55,0.134444,0.17537,0.240889,0.400417,1.775556,0.187778,0.987435
2026-08-07T01:07:32+00:00,on-demand,RTX 5090,42,115,0.212889,0.424741,0.555185,0.689167,2.268889,0.600823,0.994956
2026-08-07T01:07:32+00:00,on-demand,RTX 5880Ada,3,7,0.600926,0.601389,0.601852,0.602778,0.603704,0.601852,0.995032
2026-08-07T01:07:32+00:00,on-demand,RTX 6000Ada,9,29,0.388148,0.600278,0.601037,0.682222,0.708889,0.641074,0.993548
2026-08-07T01:07:32+00:00,on-demand,RTX A2000,4,5,0.034074,0.03563,0.264815,0.704,1.335556,,0.9948
2026-08-07T01:07:32+00:00,on-demand,RTX A4000,7,41,0.067037,0.100808,0.133704,0.140358,0.149611,,0.97131
2026-08-07T01:07:32+00:00,on-demand,RTX A4500,2,2,0.121185,0.409593,0.698,0.986407,1.274815,,0.978426
2026-08-07T01:07:32+00:00,on-demand,RTX A5000,4,15,0.230984,0.231163,0.2315,0.24463,0.283185,0.2315,0.998149
2026-08-07T01:07:32+00:00,on-demand,RTX A6000,9,29,0.298519,0.400317,0.400741,1.200278,1.335556,,0.992913
2026-08-07T01:07:32+00:00,on-demand,RTX PRO 4000,11,19,0.202222,0.254444,0.263704,0.312593,0.534815,0.263704,0.989578
2026-08-07T01:07:32+00:00,on-demand,RTX PRO 4500,1,1,0.308148,0.308148,0.308148,0.308148,0.308148,,0.599993
2026-08-07T01:07:32+00:00,on-demand,RTX PRO 5000,7,21,0.602222,0.640417,0.709259,0.796667,0.943037,0.709259,0.993034
2026-08-07T01:07:32+00:00,on-demand,RTX PRO 6000 S,12,35,1.000741,1.317778,1.630692,1.734259,3.068889,1.696988,0.996719
2026-08-07T01:07:32+00:00,on-demand,RTX PRO 6000 WS,16,40,0.855556,1.125898,1.391667,1.607431,13.335556,1.391667,0.993891
2026-08-07T01:07:32+00:00,on-demand,Tesla P100,4,6,0.054815,0.074815,0.141296,0.201389,0.202222,0.201111,0.992774
2026-08-07T01:07:32+00:00,on-demand,Tesla P40,2,2,0.033334,0.075556,0.117778,0.16,0.202222,,0.973728
2026-08-07T01:07:32+00:00,on-demand,Tesla T4,2,3,12.000741,12.000926,12.001111,12.001296,12.001481,,0.972409
2026-08-07T01:07:32+00:00,on-demand,Tesla V100,12,27,0.027222,0.037639,0.088889,0.168056,0.268889,0.208556,0.992075
2026-08-07T01:07:32+00:00,on-demand,Titan RTX,4,6,0.135185,0.136574,0.149074,0.161389,0.162222,0.161667,0.996345
2026-08-07T01:07:32+00:00,on-demand,Titan Xp,4,10,0.054444,0.055278,0.058056,0.060602,0.060741,0.058056,0.996193
2026-08-07T01:07:32+00:00,bid,A100 PCIE,26,44,0.133889,0.135556,0.139056,0.202037,0.588889,0.142556,0.988591
2026-08-07T01:07:32+00:00,bid,A100 SXM4,39,85,0.130316,0.48463,0.535556,0.807222,0.936,0.516296,0.988738
2026-08-07T01:07:32+00:00,bid,A16,1,4,0.20037,0.20037,0.20037,0.20037,0.20037,0.20037,0.958084
2026-08-07T01:07:32+00:00,bid,A800 PCIE,7,12,0.129889,0.130444,0.131556,0.131556,0.131556,,0.994711
2026-08-07T01:07:32+00:00,bid,B200,17,94,4.375174,5.000347,5.001302,7.37526,7.377083,5.001302,0.983962
2026-08-07T01:07:32+00:00,bid,B300,5,26,3.75026,5.000694,5.001389,5.625521,5.626042,5.313455,0.963054
2026-08-07T01:07:32+00:00,bid,CMP 170HX,9,30,0.234167,0.24,0.253889,0.254444,0.668889,0.668889,0.963572
2026-08-07T01:07:32+00:00,bid,GTX 1050 Ti,1,1,0.024444,0.024444,0.024444,0.024444,0.024444,,0.98837
2026-08-07T01:07:32+00:00,bid,GTX 1060,2,2,0.031111,0.04037,0.04963,0.058889,0.068148,0.068148,0.995526
2026-08-07T01:07:32+00:00,bid,GTX 1070,1,1,0.024444,0.024444,0.024444,0.024444,0.024444,0.024444,0.993345
2026-08-07T01:07:32+00:00,bid,GTX 1080,6,20,0.014815,0.04037,0.040463,0.040972,0.042222,0.040556,0.994759
2026-08-07T01:07:32+00:00,bid,GTX 1080 Ti,9,26,0.026222,0.041111,0.042222,0.053889,0.054444,0.047937,0.996488
2026-08-07T01:07:32+00:00,bid,GTX 1650 S,1,1,0.037778,0.037778,0.037778,0.037778,0.037778,,0.991735
2026-08-07T01:07:32+00:00,bid,GTX 1660,1,1,0.037778,0.037778,0.037778,0.037778,0.037778,0.037778,0.996463
2026-08-07T01:07:32+00:00,bid,GTX 1660 S,2,5,0.031111,0.033472,0.035833,0.038194,0.040556,0.040556,0.983153
2026-08-07T01:07:32+00:00,bid,GTX 1660 Ti,2,3,0.037778,0.042222,0.046667,0.051111,0.055556,0.046667,0.994179
2026-08-07T01:07:32+00:00,bid,H100 NVL,6,10,0.404889,0.934722,0.935556,1.235556,2.000778,1.668167,0.920199
2026-08-07T01:07:32+00:00,bid,H100 PCIE,8,21,0.347778,0.98975,1.469222,1.601111,1.602222,1.469222,0.991504
2026-08-07T01:07:32+00:00,bid,H100 SXM,15,39,0.401481,0.405926,1.666889,2.301889,4.002222,2.301889,0.99136
2026-08-07T01:07:32+00:00,bid,H200,20,77,0.441064,0.441886,3.06356,3.701206,6.711075,3.585581,0.992933
2026-08-07T01:07:32+00:00,bid,H200 NVL,14,25,0.535556,1.004167,1.268361,1.339555,2.934444,1.006667,0.994989
2026-08-07T01:07:32+00:00,bid,L4,11,14,0.081481,0.135556,0.215556,0.268889,0.322222,0.268333,0.995054
2026-08-07T01:07:32+00:00,bid,L40,5,7,0.427185,0.468889,0.471111,0.471111,0.471111,0.471111,0.98847
2026-08-07T01:07:32+00:00,bid,L40S,30,92,0.200185,0.333704,0.468981,0.539815,0.933889,0.537037,0.998545
2026-08-07T01:07:32+00:00,bid,Q RTX 8000,7,9,0.027222,0.027667,0.028111,0.067444,0.067704,0.028111,0.998934
2026-08-07T01:07:32+00:00,bid,Quadro P4000,1,1,0.03437,0.03437,0.03437,0.03437,0.03437,,0.997757
2026-08-07T01:07:32+00:00,bid,RTX 2060,4,6,0.027259,0.030148,0.036111,0.114722,0.335556,0.041111,0.992762
2026-08-07T01:07:32+00:00,bid,RTX 2060S,2,5,0.046978,0.066159,0.085341,0.104522,0.123704,0.085341,0.980788
2026-08-07T01:07:32+00:00,bid,RTX 2070S,3,17,0.066831,0.066934,0.067037,0.067037,0.067037,,0.9877
2026-08-07T01:07:32+00:00,bid,RTX 2080 Ti,4,11,0.037778,0.059653,0.068509,0.079778,0.108889,0.070074,0.995021
2026-08-07T01:07:32+00:00,bid,RTX 2080S,1,1,0.037778,0.037778,0.037778,0.037778,0.037778,0.037778,0.972499
2026-08-07T01:07:32+00:00,bid,RTX 3060,14,50,0.025111,0.044926,0.053704,0.067847,0.134519,0.060231,0.992232
2026-08-07T01:07:32+00:00,bid,RTX 3060 Ti,3,3,0.108148,0.188519,0.268889,0.628889,0.988889,0.628889,0.994915
2026-08-07T01:07:32+00:00,bid,RTX 3060 laptop,5,14,0.013352,0.013481,0.038444,0.065481,0.06563,0.065556,0.992235
2026-08-07T01:07:32+00:00,bid,RTX 3070,7,23,0.040278,0.040556,0.067778,0.068519,0.135556,0.067778,0.997026
2026-08-07T01:07:32+00:00,bid,RTX 3080,15,36,0.054222,0.067083,0.068889,0.121389,0.240332,0.134167,0.990074
2026-08-07T01:07:32+00:00,bid,RTX 3080 Ti,6,10,0.088889,0.090556,0.124722,0.154306,0.155556,0.154167,0.993854
2026-08-07T01:07:32+00:00,bid,RTX 3090,70,154,0.014815,0.083056,0.133704,0.151852,0.301481,0.134074,0.99216
2026-08-07T01:07:32+00:00,bid,RTX 4060,1,2,0.062815,0.062815,0.062815,0.062815,0.062815,0.062815,0.978797
2026-08-07T01:07:32+00:00,bid,RTX 4060 Ti,13,28,0.039222,0.075778,0.082222,0.107222,0.495556,0.09137,0.997267
2026-08-07T01:07:32+00:00,bid,RTX 4070,6,12,0.054444,0.057056,0.066333,0.073361,0.162222,0.064889,0.998196
2026-08-07T01:07:32+00:00,bid,RTX 4070 Ti,8,14,0.042111,0.052194,0.102222,0.141806,0.241111,0.108889,0.991867
2026-08-07T01:07:32+00:00,bid,RTX 4070S,3,6,0.069074,0.072685,0.076296,0.159259,0.242222,0.072685,0.983828
2026-08-07T01:07:32+00:00,bid,RTX 4070S Ti,14,46,0.095741,0.106944,0.17437,0.200972,1.211111,0.17437,0.997424
2026-08-07T01:07:32+00:00,bid,RTX 4080,18,45,0.068148,0.133852,0.146944,0.147407,0.255556,0.147037,0.990352
2026-08-07T01:07:32+00:00,bid,RTX 4080S,8,13,0.102963,0.153556,0.188296,0.240324,0.242667,0.214574,0.98966
2026-08-07T01:07:32+00:00,bid,RTX 4090,80,252,0.115444,0.224444,0.295852,0.401944,1.200556,0.387259,0.996312
2026-08-07T01:07:32+00:00,bid,RTX 4090D,14,35,0.054074,0.065481,0.073963,0.472102,0.606222,,0.969168
2026-08-07T01:07:32+00:00,bid,RTX 4500Ada,1,1,0.468889,0.468889,0.468889,0.468889,0.468889,,0.94875
2026-08-07T01:07:32+00:00,bid,RTX 5000Ada,3,4,0.268889,0.268889,0.268889,0.295,0.321111,0.268889,0.997068
2026-08-07T01:07:32+00:00,bid,RTX 5060,4,4,0.028148,0.047926,0.075037,0.095556,0.095556,0.054519,0.988962
2026-08-07T01:07:32+00:00,bid,RTX 5060 Ti,29,94,0.060556,0.068519,0.081481,0.146944,0.218222,0.082778,0.994478
2026-08-07T01:07:32+00:00,bid,RTX 5070,9,15,0.060074,0.060148,0.087222,0.107407,0.144889,0.104352,0.989998
2026-08-07T01:07:32+00:00,bid,RTX 5070 Ti,14,21,0.066963,0.107361,0.108333,0.138333,0.268,0.107778,0.993379
2026-08-07T01:07:32+00:00,bid,RTX 5080,15,25,0.042222,0.134074,0.148889,0.201667,0.442222,0.176296,0.993394
2026-08-07T01:07:32+00:00,bid,RTX 5090,84,196,0.102222,0.27037,0.357805,0.455759,2.666944,0.34,0.994823
2026-08-07T01:07:32+00:00,bid,RTX 5880Ada,9,18,0.267185,0.295185,0.295185,0.297037,0.297037,0.295185,0.995032
2026-08-07T01:07:32+00:00,bid,RTX 6000Ada,24,50,0.137778,0.169009,0.400926,0.468778,0.774444,0.401111,0.997052
2026-08-07T01:07:32+00:00,bid,RTX A2000,3,3,0.028148,0.214148,0.400148,0.414148,0.428148,0.228148,0.994385
2026-08-07T01:07:32+00:00,bid,RTX A4000,9,51,0.058222,0.093889,0.106852,0.10716,0.133611,,0.97131
2026-08-07T01:07:32+00:00,bid,RTX A4500,1,1,0.081185,0.081185,0.081185,0.081185,0.081185,,0.958747
2026-08-07T01:07:32+00:00,bid,RTX A5000,6,19,0.108519,0.11037,0.165351,0.225321,0.227407,0.165351,0.999358
2026-08-07T01:07:32+00:00,bid,RTX A6000,11,26,0.138519,0.173148,0.333651,0.334259,0.335556,,0.992913
2026-08-07T01:07:32+00:00,bid,RTX PRO 4000,16,27,0.067778,0.11,0.228815,0.241481,0.370815,0.217037,0.989578
2026-08-07T01:07:32+00:00,bid,RTX PRO 4500,1,1,0.214815,0.214815,0.214815,0.214815,0.214815,,0.599993
2026-08-07T01:07:32+00:00,bid,RTX PRO 5000,23,34,0.135111,0.268667,0.400741,0.501296,0.603704,0.400741,0.991992
2026-08-07T01:07:32+00:00,bid,RTX PRO 6000 S,24,45,0.352667,0.403787,0.902519,1.067593,2.935556,1.03463,0.997116
2026-08-07T01:07:32+00:00,bid,RTX PRO 6000 WS,24,43,0.335556,0.67,0.80087,1.065111,1.337037,0.801481,0.995012
2026-08-07T01:07:32+00:00,bid,Tesla P100,4,5,0.041481,0.111204,0.135,0.135556,0.135556,0.135556,0.992774
2026-08-07T01:07:32+00:00,bid,Tesla T4,3,4,3.400741,3.401111,3.401481,3.401481,3.401481,,0.972409
2026-08-07T01:07:32+00:00,bid,Tesla V100,18,34,0.027222,0.090139,0.096889,0.161944,0.202222,0.161111,0.994749
2026-08-07T01:07:32+00:00,bid,Titan RTX,7,16,0.107222,0.108333,0.128519,0.132167,0.135556,0.121667,0.998376
2026-08-07T01:07:32+00:00,bid,Titan Xp,5,12,0.040556,0.040741,0.041111,0.041111,0.042222,0.041111,0.996182
2026-08-07T01:12:37+00:00,on-demand,A100 PCIE,14,44,0.266944,0.378657,0.93463,1.040764,1.507556,0.868148,0.989774
2026-08-07T01:12:37+00:00,on-demand,A100 SXM4,22,68,0.468889,0.800926,0.934444,1.189,1.475556,0.988074,0.996132
2026-08-07T01:12:37+00:00,on-demand,A16,1,4,0.267037,0.267037,0.267037,0.267037,0.267037,0.267037,0.958084
2026-08-07T01:12:37+00:00,on-demand,A40,1,1,0.281481,0.281481,0.281481,0.281481,0.281481,0.281481,0.998369
2026-08-07T01:12:37+00:00,on-demand,A800 PCIE,3,7,0.667222,0.6675,0.667778,0.668333,0.668889,,0.994711
2026-08-07T01:12:37+00:00,on-demand,B200,11,37,5.001042,5.539453,5.625694,6.062587,7.752083,5.625694,0.995127
2026-08-07T01:12:37+00:00,on-demand,B300,5,26,8.125521,8.126042,8.75026,8.750694,8.751389,8.438368,0.963054
2026-08-07T01:12:37+00:00,on-demand,CMP 170HX,7,27,0.236833,0.2385,0.333704,0.334167,0.935556,0.935556,0.963572
2026-08-07T01:12:37+00:00,on-demand,GTX 1050 Ti,1,1,0.611111,0.611111,0.611111,0.611111,0.611111,,0.98837
2026-08-07T01:12:37+00:00,on-demand,GTX 1060,1,1,0.344444,0.344444,0.344444,0.344444,0.344444,,0.991871
2026-08-07T01:12:37+00:00,on-demand,GTX 1070,1,1,0.531111,0.531111,0.531111,0.531111,0.531111,0.531111,0.993345
2026-08-07T01:12:37+00:00,on-demand,GTX 1080,6,16,0.027778,0.043944,0.049407,0.050204,0.051222,0.049407,0.990848
2026-08-07T01:12:37+00:00,on-demand,GTX 1080 Ti,5,13,0.042222,0.061111,0.066222,0.073651,0.074444,0.069937,0.996488
2026-08-07T01:12:37+00:00,on-demand,GTX 1650 S,1,1,0.677778,0.677778,0.677778,0.677778,0.677778,,0.991735
2026-08-07T01:12:37+00:00,on-demand,GTX 1660,1,1,0.677778,0.677778,0.677778,0.677778,0.677778,0.677778,0.996463
2026-08-07T01:12:37+00:00,on-demand,GTX 1660 S,3,9,0.033889,0.040556,0.047222,0.249167,0.451111,0.047222,0.969676
2026-08-07T01:12:37+00:00,on-demand,GTX 1660 Ti,1,1,0.611111,0.611111,0.611111,0.611111,0.611111,0.611111,0.993798
2026-08-07T01:12:37+00:00,on-demand,GTX TITAN X,1,1,0.028889,0.028889,0.028889,0.028889,0.028889,,0.987653
2026-08-07T01:12:37+00:00,on-demand,H100 NVL,6,10,2.534444,2.545556,2.621852,2.868704,3.067444,2.935556,0.96264
2026-08-07T01:12:37+00:00,on-demand,H100 PCIE,4,15,1.733481,2.033787,2.134167,2.134722,2.135556,2.134167,0.991504
2026-08-07T01:12:37+00:00,on-demand,H100 SXM,13,39,1.600556,1.735556,2.653348,3.068,3.528333,3.068,0.993049
2026-08-07T01:12:37+00:00,on-demand,H200,12,45,3.03655,3.905245,4.046875,4.145422,6.974232,3.935673,0.996908
2026-08-07T01:12:37+00:00,on-demand,H200 NVL,8,21,2.800278,2.862639,3.104222,3.360611,3.602222,2.885,0.994783
2026-08-07T01:12:37+00:00,on-demand,L4,3,5,0.255556,0.295,0.334444,0.334444,0.334444,0.334444,0.998009
2026-08-07T01:12:37+00:00,on-demand,L40,2,3,0.575556,0.576111,0.576667,0.577222,0.577778,0.576667,0.98847
2026-08-07T01:12:37+00:00,on-demand,L40S,15,54,0.401111,0.467037,0.534815,0.934398,1.074074,0.801852,0.994165
2026-08-07T01:12:37+00:00,on-demand,Q RTX 8000,4,6,0.240556,0.249917,0.253556,0.258333,0.271111,0.253556,0.998726
2026-08-07T01:12:37+00:00,on-demand,Quadro P4000,3,4,0.040741,0.041111,0.041481,0.048519,0.055556,0.055556,0.964251
2026-08-07T01:12:37+00:00,on-demand,RTX 2060,2,3,0.052593,0.143333,0.234074,0.324815,0.415556,0.415556,0.986952
2026-08-07T01:12:37+00:00,on-demand,RTX 2060S,1,4,0.066978,0.066978,0.066978,0.066978,0.066978,0.066978,0.994972
2026-08-07T01:12:37+00:00,on-demand,RTX 2070S,3,21,0.073498,0.073508,0.073519,0.073611,0.073704,,0.9877
2026-08-07T01:12:37+00:00,on-demand,RTX 2080 Ti,6,14,0.068889,0.073069,0.077731,0.121574,0.811111,0.077731,0.99416
2026-08-07T01:12:37+00:00,on-demand,RTX 2080S,1,1,0.744444,0.744444,0.744444,0.744444,0.744444,0.744444,0.972499
2026-08-07T01:12:37+00:00,on-demand,RTX 3050,1,1,1.322222,1.322222,1.322222,1.322222,1.322222,,0.976214
2026-08-07T01:12:37+00:00,on-demand,RTX 3060,13,50,0.022222,0.053519,0.067222,0.106944,1.335556,0.106944,0.996157
2026-08-07T01:12:37+00:00,on-demand,RTX 3060 Ti,1,1,1.122222,1.122222,1.122222,1.122222,1.122222,1.122222,0.998754
2026-08-07T01:12:37+00:00,on-demand,RTX 3060 laptop,3,11,0.026685,0.033898,0.041111,0.041667,0.042222,,0.99877
2026-08-07T01:12:37+00:00,on-demand,RTX 3070,9,29,0.042222,0.067778,0.080278,0.106944,0.161852,0.087917,0.993544
2026-08-07T01:12:37+00:00,on-demand,RTX 3080,10,31,0.048889,0.090028,0.116917,0.14037,0.268889,0.127889,0.994035
2026-08-07T01:12:37+00:00,on-demand,RTX 3080 Ti,3,3,0.068889,0.105556,0.142222,0.152963,0.163704,0.142222,0.951614
2026-08-07T01:12:37+00:00,on-demand,RTX 3090,34,98,0.109259,0.147014,0.175926,0.247963,2.001111,0.243889,0.99207
2026-08-07T01:12:37+00:00,on-demand,RTX 4060,7,19,0.053481,0.057556,0.062222,0.063704,2.677778,0.063333,0.99678
2026-08-07T01:12:37+00:00,on-demand,RTX 4060 Ti,7,16,0.062963,0.080167,0.081852,0.094037,0.141111,0.081852,0.99328
2026-08-07T01:12:37+00:00,on-demand,RTX 4070,4,8,0.082222,0.083889,0.089167,0.113639,0.172889,0.089167,0.99538
2026-08-07T01:12:37+00:00,on-demand,RTX 4070 Ti,8,14,0.088889,0.107778,0.135,0.186139,0.282444,0.104444,0.991867
2026-08-07T01:12:37+00:00,on-demand,RTX 4070S,3,7,0.084815,0.085926,0.087037,0.088333,0.08963,0.087037,0.983828
2026-08-07T01:12:37+00:00,on-demand,RTX 4070S Ti,8,23,0.122407,0.131926,0.247083,0.248056,1.331111,0.247083,0.99736
2026-08-07T01:12:37+00:00,on-demand,RTX 4080,12,32,0.120926,0.175083,0.189444,0.254898,0.268889,0.227185,0.990352
2026-08-07T01:12:37+00:00,on-demand,RTX 4080S,7,20,0.068519,0.161389,0.164444,0.255056,0.328889,0.255056,0.994807
2026-08-07T01:12:37+00:00,on-demand,RTX 4090,43,153,0.241481,0.342556,0.495556,0.668889,1.337037,0.605556,0.995681
2026-08-07T01:12:37+00:00,on-demand,RTX 4090D,10,26,0.160185,0.160926,0.330444,0.600787,0.668889,0.401481,0.969168
2026-08-07T01:12:37+00:00,on-demand,RTX 4500Ada,1,1,1.268889,1.268889,1.268889,1.268889,1.268889,,0.94875
2026-08-07T01:12:37+00:00,on-demand,RTX 5000Ada,2,3,0.427778,0.428056,0.428333,0.428611,0.428889,0.428333,0.997068
2026-08-07T01:12:37+00:00,on-demand,RTX 5060,4,4,0.07037,0.074259,0.105556,0.140556,0.155556,0.112963,0.981863
2026-08-07T01:12:37+00:00,on-demand,RTX 5060 Ti,18,57,0.051111,0.09125,0.105111,0.136574,0.184556,0.134722,0.992298
2026-08-07T01:12:37+00:00,on-demand,RTX 5060 laptop,1,1,0.135556,0.135556,0.135556,0.135556,0.135556,,0.970983
2026-08-07T01:12:37+00:00,on-demand,RTX 5070,7,10,0.07037,0.085185,0.102222,0.11963,0.148889,0.11963,0.993153
2026-08-07T01:12:37+00:00,on-demand,RTX 5070 Ti,12,26,0.108889,0.131111,0.135556,0.180556,0.202222,0.135556,0.996476
2026-08-07T01:12:37+00:00,on-demand,RTX 5080,18,54,0.134815,0.197602,0.256111,0.400486,1.775556,0.221019,0.979339
2026-08-07T01:12:37+00:00,on-demand,RTX 5090,47,152,0.212889,0.436806,0.627222,0.801019,5.986944,0.705185,0.993856
2026-08-07T01:12:37+00:00,on-demand,RTX 5880Ada,3,7,0.600926,0.601389,0.601852,0.602778,0.603704,0.601852,0.995032
2026-08-07T01:12:37+00:00,on-demand,RTX 6000Ada,10,33,0.441111,0.600907,0.661204,0.690764,0.787778,0.661204,0.997396
2026-08-07T01:12:37+00:00,on-demand,RTX A2000,3,4,0.034074,0.035111,0.036148,0.264815,0.493481,,0.995214
2026-08-07T01:12:37+00:00,on-demand,RTX A4000,8,49,0.067037,0.117138,0.133611,0.138426,0.153611,,0.97131
2026-08-07T01:12:37+00:00,on-demand,RTX A4500,2,2,0.121185,0.409593,0.698,0.986407,1.274815,,0.978426
2026-08-07T01:12:37+00:00,on-demand,RTX A5000,4,19,0.230984,0.231163,0.231315,0.233639,0.240332,0.231315,0.998032
2026-08-07T01:12:37+00:00,on-demand,RTX A6000,9,29,0.308889,0.400556,0.401111,1.200278,1.335556,,0.987229
2026-08-07T01:12:37+00:00,on-demand,RTX PRO 4000,8,11,0.202222,0.254722,0.282778,0.361296,0.534815,0.282778,0.989529
2026-08-07T01:12:37+00:00,on-demand,RTX PRO 4500,1,1,0.308148,0.308148,0.308148,0.308148,0.308148,,0.599993
2026-08-07T01:12:37+00:00,on-demand,RTX PRO 5000,9,26,0.640278,0.640556,0.682593,0.733889,0.812874,0.682593,0.993034
2026-08-07T01:12:37+00:00,on-demand,RTX PRO 6000 S,12,36,1.001481,1.534352,1.650614,1.734259,3.068889,1.733704,0.997116
2026-08-07T01:12:37+00:00,on-demand,RTX PRO 6000 WS,16,37,0.855556,1.146074,1.375,1.602779,13.335556,1.449815,0.994675
2026-08-07T01:12:37+00:00,on-demand,Tesla P100,3,4,0.054815,0.068148,0.081481,0.141852,0.202222,0.141852,0.992774
2026-08-07T01:12:37+00:00,on-demand,Tesla P40,2,2,0.033334,0.075556,0.117778,0.16,0.202222,,0.973728
2026-08-07T01:12:37+00:00,on-demand,Tesla T4,2,3,12.000741,12.000926,12.001111,12.001296,12.001481,,0.972409
2026-08-07T01:12:37+00:00,on-demand,Tesla V100,12,27,0.027222,0.037639,0.104722,0.173472,0.335556,0.226222,0.993371
2026-08-07T01:12:37+00:00,on-demand,Titan RTX,5,10,0.135185,0.137037,0.161111,0.162222,0.200556,0.161667,0.994315
2026-08-07T01:12:37+00:00,on-demand,Titan Xp,3,7,0.054444,0.055,0.055556,0.058056,0.060556,0.055556,0.996204
2026-08-07T01:12:37+00:00,bid,A100 PCIE,25,46,0.133889,0.135556,0.175222,0.587778,0.588889,0.142556,0.993256
2026-08-07T01:12:37+00:00,bid,A100 SXM4,39,92,0.130316,0.500556,0.601296,0.868333,0.936,0.535556,0.988738
2026-08-07T01:12:37+00:00,bid,A16,1,4,0.20037,0.20037,0.20037,0.20037,0.20037,0.20037,0.958084
2026-08-07T01:12:37+00:00,bid,A800 PCIE,6,10,0.129889,0.130722,0.131556,0.131556,0.131556,,0.994711
2026-08-07T01:12:37+00:00,bid,B200,12,52,4.902257,4.977517,5.001345,5.597721,7.377083,5.001345,0.983413
2026-08-07T01:12:37+00:00,bid,B300,5,26,3.75026,5.000694,5.001389,5.625521,5.626042,5.313455,0.963054
2026-08-07T01:12:37+00:00,bid,CMP 170HX,8,28,0.234167,0.23875,0.253796,0.254444,0.668889,0.668889,0.963572
2026-08-07T01:12:37+00:00,bid,GTX 1050 Ti,1,1,0.024444,0.024444,0.024444,0.024444,0.024444,,0.98837
2026-08-07T01:12:37+00:00,bid,GTX 1060,1,1,0.031111,0.031111,0.031111,0.031111,0.031111,,0.991871
2026-08-07T01:12:37+00:00,bid,GTX 1070,1,1,0.024444,0.024444,0.024444,0.024444,0.024444,0.024444,0.993345
2026-08-07T01:12:37+00:00,bid,GTX 1080,6,20,0.037037,0.04037,0.040463,0.040972,0.054074,0.040556,0.985484
2026-08-07T01:12:37+00:00,bid,GTX 1080 Ti,7,22,0.026222,0.040833,0.042222,0.05377,0.054074,0.047937,0.996488
2026-08-07T01:12:37+00:00,bid,GTX 1650 S,1,1,0.037778,0.037778,0.037778,0.037778,0.037778,,0.991735
2026-08-07T01:12:37+00:00,bid,GTX 1660,1,1,0.037778,0.037778,0.037778,0.037778,0.037778,0.037778,0.996463
2026-08-07T01:12:37+00:00,bid,GTX 1660 S,2,5,0.031111,0.033472,0.035833,0.038194,0.040556,0.040556,0.983153
2026-08-07T01:12:37+00:00,bid,GTX 1660 Ti,1,1,0.037778,0.037778,0.037778,0.037778,0.037778,0.037778,0.993798
2026-08-07T01:12:37+00:00,bid,H100 NVL,6,10,0.934444,0.935556,1.135556,1.386111,2.000778,1.402963,0.907313
2026-08-07T01:12:37+00:00,bid,H100 PCIE,6,18,0.347778,1.267139,1.468667,1.567722,1.602222,1.468667,0.990521
2026-08-07T01:12:37+00:00,bid,H100 SXM,16,40,0.402963,0.405926,1.834778,2.187611,4.002222,2.072,0.993961
2026-08-07T01:12:37+00:00,bid,H200,14,49,0.441338,0.815241,3.06356,3.784128,6.711075,3.486404,0.996908
2026-08-07T01:12:37+00:00,bid,H200 NVL,15,31,0.535556,1.005,1.200556,1.664222,3.201111,1.006667,0.991703
2026-08-07T01:12:37+00:00,bid,L4,6,8,0.081481,0.134722,0.169556,0.212556,0.321111,0.135556,0.992608
2026-08-07T01:12:37+00:00,bid,L40,3,4,0.468889,0.47,0.471111,0.471111,0.471111,0.471111,0.98847
2026-08-07T01:12:37+00:00,bid,L40S,30,86,0.200185,0.333889,0.534444,0.540741,0.933889,0.537037,0.99848
2026-08-07T01:12:37+00:00,bid,Q RTX 8000,5,7,0.027222,0.027556,0.028111,0.067185,0.067704,0.028111,0.998599
2026-08-07T01:12:37+00:00,bid,Quadro P4000,1,1,0.03437,0.03437,0.03437,0.03437,0.03437,,0.997757
2026-08-07T01:12:37+00:00,bid,RTX 2060,4,6,0.027259,0.030148,0.036111,0.114722,0.335556,0.041111,0.992762
2026-08-07T01:12:37+00:00,bid,RTX 2060S,3,7,0.046978,0.047133,0.047289,0.085496,0.123704,0.047289,0.994972
2026-08-07T01:12:37+00:00,bid,RTX 2070S,2,13,0.066831,0.066883,0.066934,0.066986,0.067037,,0.9877
2026-08-07T01:12:37+00:00,bid,RTX 2080 Ti,5,13,0.037778,0.066944,0.067778,0.070074,0.121481,0.068926,0.99771
2026-08-07T01:12:37+00:00,bid,RTX 2080S,1,1,0.037778,0.037778,0.037778,0.037778,0.037778,0.037778,0.972499
2026-08-07T01:12:37+00:00,bid,RTX 3050,1,1,1.068889,1.068889,1.068889,1.068889,1.068889,,0.976214
2026-08-07T01:12:37+00:00,bid,RTX 3060,10,37,0.037778,0.053611,0.061667,0.093847,0.134519,0.066944,0.993596
2026-08-07T01:12:37+00:00,bid,RTX 3060 Ti,3,3,0.108148,0.188519,0.268889,0.628889,0.988889,0.628889,0.994915
2026-08-07T01:12:37+00:00,bid,RTX 3060 laptop,6,17,0.013352,0.019722,0.051716,0.065358,0.066963,0.065481,0.99681
2026-08-07T01:12:37+00:00,bid,RTX 3070,6,20,0.040278,0.040556,0.054537,0.069907,0.135556,0.054537,0.962816
2026-08-07T01:12:37+00:00,bid,RTX 3080,14,36,0.041481,0.067014,0.095185,0.130972,0.240415,0.133889,0.990928
2026-08-07T01:12:37+00:00,bid,RTX 3080 Ti,5,5,0.088889,0.088889,0.095556,0.108889,0.155556,0.108889,0.994139
2026-08-07T01:12:37+00:00,bid,RTX 3090,46,116,0.016296,0.095556,0.133981,0.184963,0.336296,0.134074,0.993518
2026-08-07T01:12:37+00:00,bid,RTX 4060,1,2,0.062815,0.062815,0.062815,0.062815,0.062815,0.062815,0.978797
2026-08-07T01:12:37+00:00,bid,RTX 4060 Ti,9,19,0.039222,0.074444,0.08037,0.107222,0.495556,0.082222,0.996873
2026-08-07T01:12:37+00:00,bid,RTX 4070,5,8,0.067778,0.075778,0.075778,0.076889,0.162222,0.076333,0.997411
2026-08-07T01:12:37+00:00,bid,RTX 4070 Ti,8,14,0.042111,0.075,0.102222,0.240694,0.241111,0.095185,0.992023
2026-08-07T01:12:37+00:00,bid,RTX 4070S,3,6,0.068889,0.068981,0.069074,0.155648,0.242222,0.068981,0.983828
2026-08-07T01:12:37+00:00,bid,RTX 4070S Ti,15,38,0.068148,0.110222,0.200278,0.201111,1.211111,0.200417,0.997424
2026-08-07T01:12:37+00:00,bid,RTX 4080,15,40,0.133593,0.134259,0.147037,0.147407,0.255556,0.147037,0.990352
2026-08-07T01:12:37+00:00,bid,RTX 4080S,9,18,0.102963,0.161778,0.187704,0.240519,0.242667,0.240259,0.98966
2026-08-07T01:12:37+00:00,bid,RTX 4090,68,220,0.115395,0.202778,0.321407,0.405074,1.200556,0.400926,0.996288
2026-08-07T01:12:37+00:00,bid,RTX 4090D,12,32,0.054074,0.073648,0.074426,0.35225,0.606222,0.268148,0.969168
2026-08-07T01:12:37+00:00,bid,RTX 4500Ada,1,1,0.468889,0.468889,0.468889,0.468889,0.468889,,0.94875
2026-08-07T01:12:37+00:00,bid,RTX 5000Ada,2,3,0.268889,0.281944,0.295,0.308056,0.321111,0.295,0.99776
2026-08-07T01:12:37+00:00,bid,RTX 5060,2,2,0.057778,0.067222,0.076667,0.086111,0.095556,0.057778,0.995078
2026-08-07T01:12:37+00:00,bid,RTX 5060 Ti,29,90,0.049704,0.08037,0.08163,0.146963,0.218222,0.107407,0.995147
2026-08-07T01:12:37+00:00,bid,RTX 5070,6,9,0.043704,0.050574,0.067296,0.109741,0.122963,0.121481,0.993153
2026-08-07T01:12:37+00:00,bid,RTX 5070 Ti,10,16,0.107222,0.108056,0.108889,0.148333,0.268,0.108889,0.994585
2026-08-07T01:12:37+00:00,bid,RTX 5080,16,30,0.042222,0.117824,0.140481,0.201389,0.442222,0.121111,0.993834
2026-08-07T01:12:37+00:00,bid,RTX 5090,80,207,0.102222,0.271111,0.374167,0.436574,2.666944,0.343222,0.9949
2026-08-07T01:12:37+00:00,bid,RTX 5880Ada,9,18,0.267185,0.295185,0.295185,0.297037,0.297037,0.295185,0.995032
2026-08-07T01:12:37+00:00,bid,RTX 6000Ada,18,42,0.137778,0.390903,0.401667,0.468481,0.775556,0.402222,0.996063
2026-08-07T01:12:37+00:00,bid,RTX A2000,3,3,0.03037,0.215259,0.400148,0.414148,0.428148,0.229259,0.994385
2026-08-07T01:12:37+00:00,bid,RTX A4000,10,53,0.057111,0.077145,0.106944,0.10713,0.133611,,0.97131
2026-08-07T01:12:37+00:00,bid,RTX A4500,1,1,0.081185,0.081185,0.081185,0.081185,0.081185,,0.958747
2026-08-07T01:12:37+00:00,bid,RTX A5000,5,17,0.11037,0.22083,0.226984,0.227407,0.231081,0.226984,0.99815
2026-08-07T01:12:37+00:00,bid,RTX A6000,11,25,0.138519,0.192963,0.333651,0.334259,0.335556,,0.992913
2026-08-07T01:12:37+00:00,bid,RTX PRO 4000,13,26,0.067778,0.11037,0.228889,0.241481,0.370815,0.228741,0.989578
2026-08-07T01:12:37+00:00,bid,RTX PRO 4500,1,1,0.214815,0.214815,0.214815,0.214815,0.214815,,0.599993
2026-08-07T01:12:37+00:00,bid,RTX PRO 5000,19,39,0.135111,0.216481,0.40037,0.468333,0.588856,0.400556,0.993034
2026-08-07T01:12:37+00:00,bid,RTX PRO 6000 S,25,45,0.335556,0.482222,0.801481,1.068148,2.935556,1.03463,0.997116
2026-08-07T01:12:37+00:00,bid,RTX PRO 6000 WS,22,45,0.335556,0.669259,0.8005,0.868889,1.320463,0.801111,0.993861
2026-08-07T01:12:37+00:00,bid,Tesla P100,3,4,0.041481,0.087963,0.134444,0.135,0.135556,0.135,0.992774
2026-08-07T01:12:37+00:00,bid,Tesla T4,3,4,3.400741,3.401111,3.401481,3.401481,3.401481,,0.972409
2026-08-07T01:12:37+00:00,bid,Tesla V100,18,38,0.027222,0.090139,0.102148,0.161806,0.202222,0.147685,0.995779
2026-08-07T01:12:37+00:00,bid,Titan RTX,5,13,0.107222,0.107778,0.108889,0.128519,0.129889,0.108333,0.994315
2026-08-07T01:12:37+00:00,bid,Titan Xp,3,7,0.040556,0.040833,0.041111,0.041667,0.042222,0.041111,0.996182
2026-08-07T03:25:56+00:00,on-demand,A100 PCIE,17,54,0.266944,0.707963,1.000556,1.053611,1.507556,0.77,0.995667
2026-08-07T03:25:56+00:00,on-demand,A100 SXM4,19,53,0.468889,0.823843,0.934074,1.067083,1.601296,0.934815,0.99695
2026-08-07T03:25:56+00:00,on-demand,A16,1,4,0.20037,0.20037,0.20037,0.20037,0.20037,0.20037,0.95903
2026-08-07T03:25:56+00:00,on-demand,A800 PCIE,4,8,0.468148,0.617454,0.6675,0.668056,0.668889,,0.994711
2026-08-07T03:25:56+00:00,on-demand,B200,14,84,5.002083,5.58852,5.625347,5.87704,7.750521,5.625347,0.993014
2026-08-07T03:25:56+00:00,on-demand,B300,7,29,8.125521,8.438151,10.000694,10.002083,10.005556,8.125781,0.965472
2026-08-07T03:25:56+00:00,on-demand,CMP 170HX,6,22,0.236833,0.238917,0.288185,0.334259,0.935556,0.935556,0.954406
2026-08-07T03:25:56+00:00,on-demand,GTX 1050 Ti,1,1,0.611111,0.611111,0.611111,0.611111,0.611111,,0.988419
2026-08-07T03:25:56+00:00,on-demand,GTX 1060,1,1,0.344444,0.344444,0.344444,0.344444,0.344444,,0.99439
2026-08-07T03:25:56+00:00,on-demand,GTX 1070,1,1,0.531111,0.531111,0.531111,0.531111,0.531111,0.531111,0.993387
2026-08-07T03:25:56+00:00,on-demand,GTX 1070 Ti,1,2,0.049111,0.049111,0.049111,0.049111,0.049111,0.049111,0.993989
2026-08-07T03:25:56+00:00,on-demand,GTX 1080,5,14,0.027778,0.028148,0.049889,0.050222,0.051037,0.050222,0.993318
2026-08-07T03:25:56+00:00,on-demand,GTX 1080 Ti,7,21,0.042222,0.060833,0.073651,0.074167,0.075556,0.07377,0.997494
2026-08-07T03:25:56+00:00,on-demand,GTX 1650 S,1,1,0.677778,0.677778,0.677778,0.677778,0.677778,,0.991775
2026-08-07T03:25:56+00:00,on-demand,GTX 1660,1,1,0.677778,0.677778,0.677778,0.677778,0.677778,0.677778,0.99648
2026-08-07T03:25:56+00:00,on-demand,GTX 1660 S,2,7,0.033704,0.138056,0.242407,0.346759,0.451111,,0.963535
2026-08-07T03:25:56+00:00,on-demand,GTX TITAN X,1,1,0.028889,0.028889,0.028889,0.028889,0.028889,,0.995672
2026-08-07T03:25:56+00:00,on-demand,H100 NVL,4,8,2.642222,2.661111,2.667778,2.767972,3.067444,2.854833,0.996591
2026-08-07T03:25:56+00:00,on-demand,H100 PCIE,4,15,1.733481,1.833787,1.934167,2.034722,2.135556,1.934167,0.991197
2026-08-07T03:25:56+00:00,on-demand,H100 SXM,12,36,1.734444,1.935279,2.653344,3.373944,4.775556,3.380778,0.982246
2026-08-07T03:25:56+00:00,on-demand,H200,14,68,3.816155,4.079633,4.145148,4.194764,5.790022,4.080592,0.99774
2026-08-07T03:25:56+00:00,on-demand,H200 NVL,8,22,2.595111,2.800486,3.042556,3.501111,4.021778,2.883333,0.994427
2026-08-07T03:25:56+00:00,on-demand,L4,5,7,0.03363,0.255556,0.334444,0.334444,0.335556,0.334444,0.996385
2026-08-07T03:25:56+00:00,on-demand,L40,3,7,0.453852,0.514148,0.574444,0.576111,0.577778,0.574444,0.988491
2026-08-07T03:25:56+00:00,on-demand,L40S,13,49,0.401111,0.467037,0.533704,0.801481,1.074074,0.934537,0.997307
2026-08-07T03:25:56+00:00,on-demand,Q RTX 6000,3,7,0.133704,0.133889,0.134074,0.134444,0.134815,0.134074,0.999262
2026-08-07T03:25:56+00:00,on-demand,Q RTX 8000,4,6,0.240556,0.249917,0.253556,0.254259,0.254815,0.253556,0.998453
2026-08-07T03:25:56+00:00,on-demand,Quadro P4000,2,3,0.040741,0.040926,0.041111,0.041296,0.041481,,0.964347
2026-08-07T03:25:56+00:00,on-demand,RTX 2060,2,3,0.052593,0.142222,0.231852,0.321481,0.411111,0.411111,0.986638
2026-08-07T03:25:56+00:00,on-demand,RTX 2060S,2,6,0.066978,0.067056,0.067133,0.067211,0.067289,0.067133,0.995009
2026-08-07T03:25:56+00:00,on-demand,RTX 2070,2,11,0.054444,0.057541,0.060638,0.063735,0.066831,0.054444,0.992841
2026-08-07T03:25:56+00:00,on-demand,RTX 2070S,2,17,0.066831,0.066836,0.066842,0.066847,0.066852,,0.987703
2026-08-07T03:25:56+00:00,on-demand,RTX 2080 Ti,5,13,0.068889,0.071778,0.072889,0.073611,0.122222,0.07325,0.99856
2026-08-07T03:25:56+00:00,on-demand,RTX 2080S,1,1,0.744444,0.744444,0.744444,0.744444,0.744444,0.744444,0.973217
2026-08-07T03:25:56+00:00,on-demand,RTX 3050,1,1,1.322222,1.322222,1.322222,1.322222,1.322222,,0.976395
2026-08-07T03:25:56+00:00,on-demand,RTX 3060,12,31,0.022222,0.063819,0.104815,0.298,1.335556,0.140741,0.990832
2026-08-07T03:25:56+00:00,on-demand,RTX 3060 Ti,1,1,0.961037,0.961037,0.961037,0.961037,0.961037,0.961037,0.849634
2026-08-07T03:25:56+00:00,on-demand,RTX 3060 laptop,3,11,0.026685,0.033898,0.041111,0.041667,0.042222,,0.99877
2026-08-07T03:25:56+00:00,on-demand,RTX 3070,12,43,0.051556,0.077222,0.091235,0.107014,0.166222,0.090448,0.997731
2026-08-07T03:25:56+00:00,on-demand,RTX 3080,14,54,0.060222,0.062801,0.094889,0.118597,0.268889,0.130852,0.995072
2026-08-07T03:25:56+00:00,on-demand,RTX 3080 Ti,2,2,0.108148,0.121333,0.134519,0.147704,0.160889,0.160889,0.991456
2026-08-07T03:25:56+00:00,on-demand,RTX 3090,34,98,0.102963,0.144167,0.173981,0.269185,2.001111,0.214519,0.991328
2026-08-07T03:25:56+00:00,on-demand,RTX 4060,3,6,0.05363,0.059037,0.064444,1.371111,2.677778,0.064444,0.985053
2026-08-07T03:25:56+00:00,on-demand,RTX 4060 Ti,7,16,0.080556,0.081667,0.083704,0.10463,0.141111,0.10463,0.99545
2026-08-07T03:25:56+00:00,on-demand,RTX 4070,3,7,0.080556,0.081389,0.082222,0.083333,0.084444,0.083333,0.993248
2026-08-07T03:25:56+00:00,on-demand,RTX 4070 Ti,9,16,0.088519,0.094444,0.134444,0.162222,0.282444,0.091111,0.98286
2026-08-07T03:25:56+00:00,on-demand,RTX 4070S,2,3,0.088519,0.088796,0.089074,0.089352,0.08963,0.089074,0.990122
2026-08-07T03:25:56+00:00,on-demand,RTX 4070S Ti,11,37,0.092889,0.125963,0.246889,0.2475,1.331111,0.246917,0.998448
2026-08-07T03:25:56+00:00,on-demand,RTX 4080,13,33,0.121852,0.159556,0.187593,0.254852,0.268889,0.207185,0.990363
2026-08-07T03:25:56+00:00,on-demand,RTX 4080S,14,45,0.067593,0.147113,0.155833,0.163889,0.255185,0.150541,0.992298
2026-08-07T03:25:56+00:00,on-demand,RTX 4090,55,225,0.253444,0.336463,0.404444,0.604815,1.337037,0.506944,0.995249
2026-08-07T03:25:56+00:00,on-demand,RTX 4090D,9,25,0.160185,0.160741,0.330074,0.667222,0.668889,,0.970312
2026-08-07T03:25:56+00:00,on-demand,RTX 4500Ada,1,1,1.268889,1.268889,1.268889,1.268889,1.268889,,0.924801
2026-08-07T03:25:56+00:00,on-demand,RTX 5000Ada,2,3,0.427778,0.428056,0.428333,0.428611,0.428889,0.428333,0.997071
2026-08-07T03:25:56+00:00,on-demand,RTX 5060,4,4,0.05363,0.066185,0.10963,0.177222,0.262222,0.166296,0.994788
2026-08-07T03:25:56+00:00,on-demand,RTX 5060 Ti,15,52,0.051111,0.086889,0.094444,0.155731,0.227407,0.135185,0.993834
2026-08-07T03:25:56+00:00,on-demand,RTX 5070,8,11,0.081481,0.097222,0.127815,0.187611,0.382222,0.151667,0.996952
2026-08-07T03:25:56+00:00,on-demand,RTX 5070 Ti,14,29,0.122222,0.141296,0.168056,0.200972,0.401333,0.173889,0.996481
2026-08-07T03:25:56+00:00,on-demand,RTX 5080,19,62,0.173889,0.177037,0.255185,0.400417,1.775556,0.254259,0.992671
2026-08-07T03:25:56+00:00,on-demand,RTX 5090,48,163,0.212889,0.413944,0.615093,0.800926,5.986944,0.667222,0.992893
2026-08-07T03:25:56+00:00,on-demand,RTX 5880Ada,3,7,0.600926,0.601389,0.601852,0.602778,0.603704,0.601852,0.995198
2026-08-07T03:25:56+00:00,on-demand,RTX 6000Ada,8,28,0.441111,0.600458,0.601556,0.684236,0.708889,0.601556,0.998316
2026-08-07T03:25:56+00:00,on-demand,RTX A2000,4,5,0.034074,0.03563,0.264815,0.704,1.335556,,0.994801
2026-08-07T03:25:56+00:00,on-demand,RTX A4000,9,45,0.067037,0.071778,0.133468,0.133827,0.153556,,0.97131
2026-08-07T03:25:56+00:00,on-demand,RTX A4500,2,2,0.121185,0.409593,0.698,0.986407,1.274815,,0.978557
2026-08-07T03:25:56+00:00,on-demand,RTX A5000,4,13,0.230984,0.231302,20.116074,40.000926,40.001481,0.231196,0.985004
2026-08-07T03:25:56+00:00,on-demand,RTX A6000,9,29,0.308889,0.400741,0.402222,1.200556,1.335556,,0.987447
2026-08-07T03:25:56+00:00,on-demand,RTX PRO 4000,10,17,0.242963,0.254537,0.285444,0.317037,0.534815,0.301852,0.990906
2026-08-07T03:25:56+00:00,on-demand,RTX PRO 4500,4,5,0.308148,0.32787,0.335,0.337593,0.343704,0.343704,0.997602
2026-08-07T03:25:56+00:00,on-demand,RTX PRO 5000,6,11,0.641111,0.683241,0.743704,0.860833,0.881481,0.685185,0.992544
2026-08-07T03:25:56+00:00,on-demand,RTX PRO 6000 S,10,32,1.200889,1.402292,1.66713,1.73463,3.068889,1.733704,0.997484
2026-08-07T03:25:56+00:00,on-demand,RTX PRO 6000 WS,14,28,0.802222,1.076699,1.267593,1.483333,13.335556,1.267593,0.99509
2026-08-07T03:25:56+00:00,on-demand,Tesla P100,4,6,0.054815,0.074815,0.141296,0.201389,0.202222,0.201111,0.992807
2026-08-07T03:25:56+00:00,on-demand,Tesla P40,2,2,0.033334,0.075556,0.117778,0.16,0.202222,,0.974011
2026-08-07T03:25:56+00:00,on-demand,Tesla T4,2,3,12.000741,12.000926,12.001111,12.001296,12.001481,,0.972409
2026-08-07T03:25:56+00:00,on-demand,Tesla V100,11,27,0.027778,0.040833,0.128889,0.168056,0.268889,0.200694,0.992083
2026-08-07T03:25:56+00:00,on-demand,Titan RTX,4,9,0.135185,0.15463,0.161667,0.171806,0.200556,0.161667,0.996353
2026-08-07T03:25:56+00:00,on-demand,Titan Xp,3,7,0.060556,0.060833,0.061111,0.061667,0.062222,0.061111,0.996264
2026-08-07T03:25:56+00:00,bid,A100 PCIE,44,73,0.133889,0.135556,0.200926,0.587361,0.601111,0.135556,0.987887
2026-08-07T03:25:56+00:00,bid,A100 SXM4,49,89,0.130316,0.401481,0.501481,0.667963,0.987222,0.501481,0.988874
2026-08-07T03:25:56+00:00,bid,A16,1,4,0.147037,0.147037,0.147037,0.147037,0.147037,0.147037,0.95903
2026-08-07T03:25:56+00:00,bid,A800 PCIE,7,12,0.129889,0.130444,0.131556,0.131556,0.131556,,0.994711
2026-08-07T03:25:56+00:00,bid,B200,15,83,4.375174,4.954688,5.000347,5.001953,7.377083,5.000347,0.995005
2026-08-07T03:25:56+00:00,bid,B300,7,29,3.75026,5.001042,5.002778,5.315538,5.626042,5.625781,0.965472
2026-08-07T03:25:56+00:00,bid,CMP 170HX,9,30,0.234167,0.24,0.253889,0.254444,0.668889,0.668889,0.963684
2026-08-07T03:25:56+00:00,bid,GTX 1050 Ti,1,1,0.024444,0.024444,0.024444,0.024444,0.024444,,0.988419
2026-08-07T03:25:56+00:00,bid,GTX 1060,2,2,0.014222,0.018444,0.022667,0.026889,0.031111,,0.975529
2026-08-07T03:25:56+00:00,bid,GTX 1070,1,1,0.024444,0.024444,0.024444,0.024444,0.024444,0.024444,0.993387
2026-08-07T03:25:56+00:00,bid,GTX 1070 Ti,1,1,0.042222,0.042222,0.042222,0.042222,0.042222,0.042222,0.996922
2026-08-07T03:25:56+00:00,bid,GTX 1080,6,23,0.014815,0.04037,0.040463,0.040556,0.041111,0.040556,0.994979
2026-08-07T03:25:56+00:00,bid,GTX 1080 Ti,7,23,0.040556,0.041667,0.053651,0.053981,0.054444,0.053651,0.997494
2026-08-07T03:25:56+00:00,bid,GTX 1650 S,1,1,0.037778,0.037778,0.037778,0.037778,0.037778,,0.991775
2026-08-07T03:25:56+00:00,bid,GTX 1660,1,1,0.037778,0.037778,0.037778,0.037778,0.037778,0.037778,0.99648
2026-08-07T03:25:56+00:00,bid,GTX 1660 S,1,1,0.031111,0.031111,0.031111,0.031111,0.031111,,0.97069
2026-08-07T03:25:56+00:00,bid,GTX 1660 Ti,2,3,0.037778,0.039185,0.040593,0.042,0.043407,0.040593,0.974632
2026-08-07T03:25:56+00:00,bid,H100 NVL,6,10,0.404889,0.934722,0.935556,1.235556,2.000778,1.668167,0.92704
2026-08-07T03:25:56+00:00,bid,H100 PCIE,6,17,1.200148,1.334722,1.335555,1.534305,1.602222,1.335555,0.988715
2026-08-07T03:25:56+00:00,bid,H100 SXM,12,35,0.268889,0.401111,1.500704,2.07,2.860278,2.072,0.954361
2026-08-07T03:25:56+00:00,bid,H200,14,52,0.441338,0.441886,3.058626,3.861961,5.526864,3.651827,0.997547
2026-08-07T03:25:56+00:00,bid,H200 NVL,15,26,0.535556,0.802778,1.200278,1.339333,3.202222,1.006667,0.997422
2026-08-07T03:25:56+00:00,bid,L4,8,11,0.081481,0.135278,0.175556,0.281111,0.322222,0.201667,0.996385
2026-08-07T03:25:56+00:00,bid,L40,5,10,0.427185,0.467778,0.468889,0.471111,0.471111,0.468889,0.988491
2026-08-07T03:25:56+00:00,bid,L40S,43,110,0.200185,0.333704,0.534815,0.537037,0.540741,0.534815,0.997307
2026-08-07T03:25:56+00:00,bid,Q RTX 8000,4,6,0.027556,0.027972,0.047648,0.067315,0.067704,0.047648,0.998771
2026-08-07T03:25:56+00:00,bid,Quadro P4000,1,1,0.03437,0.03437,0.03437,0.03437,0.03437,,0.997761
2026-08-07T03:25:56+00:00,bid,RTX 2060,4,6,0.027259,0.030148,0.036111,0.114722,0.335556,0.041111,0.992804
2026-08-07T03:25:56+00:00,bid,RTX 2060S,3,7,0.046978,0.047133,0.047289,0.085496,0.123704,0.047289,0.995009
2026-08-07T03:25:56+00:00,bid,RTX 2070,2,11,0.041111,0.044208,0.047305,0.050401,0.053498,0.041111,0.992841
2026-08-07T03:25:56+00:00,bid,RTX 2070S,3,18,0.053498,0.053508,0.053519,0.053759,0.054,0.054,0.987703
2026-08-07T03:25:56+00:00,bid,RTX 2080 Ti,6,21,0.037778,0.066944,0.067361,0.098056,0.108889,0.067778,0.995306
2026-08-07T03:25:56+00:00,bid,RTX 2080S,1,1,0.037778,0.037778,0.037778,0.037778,0.037778,0.037778,0.973217
2026-08-07T03:25:56+00:00,bid,RTX 3050,1,1,1.068889,1.068889,1.068889,1.068889,1.068889,,0.976395
2026-08-07T03:25:56+00:00,bid,RTX 3060,12,40,0.037778,0.044667,0.051037,0.102815,0.134519,0.13437,0.990832
2026-08-07T03:25:56+00:00,bid,RTX 3060 Ti,1,1,0.67037,0.67037,0.67037,0.67037,0.67037,0.67037,0.849634
2026-08-07T03:25:56+00:00,bid,RTX 3060 laptop,4,12,0.013352,0.013449,0.025963,0.045574,0.066963,0.066963,0.993579
2026-08-07T03:25:56+00:00,bid,RTX 3070,9,26,0.040278,0.067778,0.068519,0.093889,0.135556,0.068519,0.997596
2026-08-07T03:25:56+00:00,bid,RTX 3070 Ti,1,1,0.134815,0.134815,0.134815,0.134815,0.134815,,0.968387
2026-08-07T03:25:56+00:00,bid,RTX 3080,13,34,0.041111,0.054222,0.066944,0.108889,0.240332,0.108889,0.990172
2026-08-07T03:25:56+00:00,bid,RTX 3080 Ti,6,7,0.055556,0.085,0.088889,0.104056,0.155556,0.099,0.994113
2026-08-07T03:25:56+00:00,bid,RTX 3090,64,162,0.016296,0.106157,0.134074,0.160694,0.367407,0.135556,0.991301
2026-08-07T03:25:56+00:00,bid,RTX 4060,1,1,0.083704,0.083704,0.083704,0.083704,0.083704,0.083704,0.998552
2026-08-07T03:25:56+00:00,bid,RTX 4060 Ti,10,22,0.039222,0.050611,0.076333,0.095944,0.107222,0.09137,0.996586
2026-08-07T03:25:56+00:00,bid,RTX 4070,4,6,0.067778,0.067778,0.078333,0.107222,0.162222,0.125556,0.992628
2026-08-07T03:25:56+00:00,bid,RTX 4070 Ti,8,14,0.041111,0.075,0.108519,0.240694,0.241111,0.095185,0.992043
2026-08-07T03:25:56+00:00,bid,RTX 4070S,1,1,0.076296,0.076296,0.076296,0.076296,0.076296,0.076296,0.984027
2026-08-07T03:25:56+00:00,bid,RTX 4070S Ti,13,34,0.067778,0.102963,0.15037,0.201111,1.211111,0.15037,0.997303
2026-08-07T03:25:56+00:00,bid,RTX 4080,20,51,0.133593,0.134157,0.141944,0.147407,0.254444,0.147037,0.992238
2026-08-07T03:25:56+00:00,bid,RTX 4080S,13,36,0.073827,0.108889,0.147037,0.161778,0.240519,0.147407,0.989749
2026-08-07T03:25:56+00:00,bid,RTX 4090,104,314,0.090765,0.201815,0.294167,0.401796,1.200556,0.354815,0.996304
2026-08-07T03:25:56+00:00,bid,RTX 4090D,13,33,0.054815,0.07337,0.07437,0.605111,0.606222,,0.970312
2026-08-07T03:25:56+00:00,bid,RTX 4500Ada,1,1,0.468889,0.468889,0.468889,0.468889,0.468889,,0.924801
2026-08-07T03:25:56+00:00,bid,RTX 5000Ada,3,4,0.268889,0.295,0.321111,0.321667,0.322222,0.321111,0.997071
2026-08-07T03:25:56+00:00,bid,RTX 5060,5,6,0.027407,0.040296,0.054519,0.095556,0.208889,0.131704,0.994153
2026-08-07T03:25:56+00:00,bid,RTX 5060 Ti,35,108,0.048296,0.067111,0.107407,0.147222,0.218222,0.14088,0.993834
2026-08-07T03:25:56+00:00,bid,RTX 5070,10,15,0.043704,0.060093,0.08087,0.117722,0.200444,0.114333,0.995765
2026-08-07T03:25:56+00:00,bid,RTX 5070 Ti,14,22,0.011481,0.107361,0.108889,0.128056,0.268,0.108889,0.995629
2026-08-07T03:25:56+00:00,bid,RTX 5080,19,38,0.015556,0.120833,0.147407,0.169463,0.442222,0.16037,0.985092
2026-08-07T03:25:56+00:00,bid,RTX 5090,118,267,0.103222,0.271111,0.402222,0.520278,2.666944,0.402222,0.994503
2026-08-07T03:25:56+00:00,bid,RTX 5880Ada,12,19,0.267704,0.295185,0.297037,0.297037,0.297037,0.297037,0.995835
2026-08-07T03:25:56+00:00,bid,RTX 6000Ada,31,57,0.137778,0.394583,0.467185,0.468741,0.775556,0.467463,0.997339
2026-08-07T03:25:56+00:00,bid,RTX A2000,3,3,0.03037,0.215259,0.400148,0.414148,0.428148,0.229259,0.994387
2026-08-07T03:25:56+00:00,bid,RTX A4000,15,80,0.058222,0.093704,0.106801,0.107099,0.133611,,0.97131
2026-08-07T03:25:56+00:00,bid,RTX A4500,1,1,0.081185,0.081185,0.081185,0.081185,0.081185,,0.959006
2026-08-07T03:25:56+00:00,bid,RTX A5000,9,24,0.108519,0.200741,0.227407,0.334074,0.334815,0.213862,0.997239
2026-08-07T03:25:56+00:00,bid,RTX A6000,11,33,0.138519,0.173148,0.333889,0.334444,0.413611,0.413611,0.992925
2026-08-07T03:25:56+00:00,bid,RTX PRO 4000,14,27,0.068889,0.219722,0.234691,0.241481,0.370815,0.234617,0.993521
2026-08-07T03:25:56+00:00,bid,RTX PRO 4500,6,7,0.187778,0.188889,0.201852,0.24537,0.268889,0.262222,0.99484
2026-08-07T03:25:56+00:00,bid,RTX PRO 5000,28,47,0.135111,0.24213,0.400556,0.485069,0.602222,0.400556,0.992544
2026-08-07T03:25:56+00:00,bid,RTX PRO 6000 S,23,53,0.352667,0.534,1.000556,1.068148,2.935556,1.067407,0.997124
2026-08-07T03:25:56+00:00,bid,RTX PRO 6000 WS,30,49,0.335556,0.538519,0.668889,0.833148,1.320926,0.603704,0.993607
2026-08-07T03:25:56+00:00,bid,Tesla P100,4,5,0.041481,0.111204,0.135,0.135556,0.135556,0.135556,0.992807
2026-08-07T03:25:56+00:00,bid,Tesla T4,2,3,3.400741,3.400926,3.401111,3.401296,3.401481,,0.972409
2026-08-07T03:25:56+00:00,bid,Tesla V100,16,41,0.015556,0.088889,0.096333,0.162222,0.242222,0.147963,0.995842
2026-08-07T03:25:56+00:00,bid,Titan RTX,7,16,0.094444,0.1075,0.108889,0.129204,0.135556,0.108333,0.99433
2026-08-07T03:25:56+00:00,bid,Titan Xp,4,9,0.040556,0.040972,0.041111,0.041389,0.042222,0.041111,0.996264
2026-08-07T03:30:56+00:00,on-demand,A100 PCIE,18,52,0.266944,0.708287,0.890444,1.040764,1.507556,0.827111,0.99534
2026-08-07T03:30:56+00:00,on-demand,A100 SXM4,23,61,0.468889,0.817778,0.950815,1.187667,1.475556,1.042667,0.996625
2026-08-07T03:30:56+00:00,on-demand,A16,1,4,0.20037,0.20037,0.20037,0.20037,0.20037,0.20037,0.95903
2026-08-07T03:30:56+00:00,on-demand,A800 PCIE,2,5,0.667222,0.667639,0.668056,0.668472,0.668889,,0.994711
2026-08-07T03:30:56+00:00,on-demand,B200,10,45,5.002083,5.51888,5.625521,5.962174,7.75026,5.625521,0.996644
2026-08-07T03:30:56+00:00,on-demand,B300,7,29,8.125521,8.438151,10.000694,10.002083,10.005556,8.125781,0.965472
2026-08-07T03:30:56+00:00,on-demand,CMP 170HX,7,24,0.236833,0.2385,0.242667,0.334074,0.935556,0.935556,0.945128
2026-08-07T03:30:56+00:00,on-demand,GTX 1050 Ti,1,1,0.611111,0.611111,0.611111,0.611111,0.611111,,0.988419
2026-08-07T03:30:56+00:00,on-demand,GTX 1060,2,2,0.088889,0.152778,0.216667,0.280556,0.344444,0.088889,0.996854
2026-08-07T03:30:56+00:00,on-demand,GTX 1070,1,1,0.531111,0.531111,0.531111,0.531111,0.531111,0.531111,0.993387
2026-08-07T03:30:56+00:00,on-demand,GTX 1080,5,12,0.027778,0.028148,0.051037,0.051556,0.051778,0.051556,0.993318
2026-08-07T03:30:56+00:00,on-demand,GTX 1080 Ti,6,17,0.042222,0.060694,0.065,0.07246,0.074444,0.068889,0.996026
2026-08-07T03:30:56+00:00,on-demand,GTX 1650 S,1,1,0.677778,0.677778,0.677778,0.677778,0.677778,,0.991775
2026-08-07T03:30:56+00:00,on-demand,GTX 1660,1,1,0.677778,0.677778,0.677778,0.677778,0.677778,0.677778,0.99648
2026-08-07T03:30:56+00:00,on-demand,GTX 1660 S,3,9,0.033704,0.034074,0.034444,0.242778,0.451111,,0.95638
2026-08-07T03:30:56+00:00,on-demand,GTX TITAN X,1,1,0.028889,0.028889,0.028889,0.028889,0.028889,,0.987973
2026-08-07T03:30:56+00:00,on-demand,H100 NVL,5,9,2.162963,2.642222,2.667407,2.668148,3.067444,2.642222,0.994544
2026-08-07T03:30:56+00:00,on-demand,H100 PCIE,4,15,1.733481,1.834204,2.000833,2.134306,2.135556,2.000833,0.991197
2026-08-07T03:30:56+00:00,on-demand,H100 SXM,10,32,1.733889,1.934724,2.295564,3.191889,3.528278,3.366889,0.982
2026-08-07T03:30:56+00:00,on-demand,H200,11,44,3.816155,3.974689,4.145285,4.211349,5.658443,4.047423,0.997795
2026-08-07T03:30:56+00:00,on-demand,H200 NVL,7,19,2.401481,2.689028,2.800556,3.022556,3.164889,2.730556,0.997097
2026-08-07T03:30:56+00:00,on-demand,L4,4,5,0.03363,0.200074,0.295,0.334722,0.335556,0.335,0.996129
2026-08-07T03:30:56+00:00,on-demand,L40,3,7,0.574444,0.575,0.575556,0.576667,0.577778,0.575556,0.988491
2026-08-07T03:30:56+00:00,on-demand,L40S,13,49,0.401111,0.467037,0.737037,1.066944,1.074074,1.066944,0.99847
2026-08-07T03:30:56+00:00,on-demand,Q RTX 6000,3,7,0.133704,0.133889,0.134074,0.134444,0.134815,0.134074,0.99836
2026-08-07T03:30:56+00:00,on-demand,Q RTX 8000,4,6,0.240556,0.249917,0.253556,0.254259,0.254815,0.253556,0.998453
2026-08-07T03:30:56+00:00,on-demand,Quadro P4000,2,3,0.040741,0.040926,0.041111,0.041296,0.041481,,0.964347
2026-08-07T03:30:56+00:00,on-demand,RTX 2060,2,3,0.052593,0.143333,0.234074,0.324815,0.415556,0.415556,0.986977
2026-08-07T03:30:56+00:00,on-demand,RTX 2060S,2,6,0.065111,0.065578,0.066044,0.066511,0.066978,0.066044,0.993099
2026-08-07T03:30:56+00:00,on-demand,RTX 2070,2,11,0.054444,0.057541,0.060638,0.063735,0.066831,0.054444,0.992841
2026-08-07T03:30:56+00:00,on-demand,RTX 2070S,1,9,0.066831,0.066831,0.066831,0.066831,0.066831,,0.987703
2026-08-07T03:30:56+00:00,on-demand,RTX 2080 Ti,6,14,0.068889,0.073069,0.077731,0.11213,0.811111,0.077731,0.990664
2026-08-07T03:30:56+00:00,on-demand,RTX 2080S,1,1,0.744444,0.744444,0.744444,0.744444,0.744444,0.744444,0.973217
2026-08-07T03:30:56+00:00,on-demand,RTX 3050,1,1,1.322222,1.322222,1.322222,1.322222,1.322222,,0.976395
2026-08-07T03:30:56+00:00,on-demand,RTX 3060,13,33,0.022222,0.052148,0.067222,0.167704,1.334815,0.053611,0.989134
2026-08-07T03:30:56+00:00,on-demand,RTX 3060 Ti,1,1,0.961037,0.961037,0.961037,0.961037,0.961037,0.961037,0.849634
2026-08-07T03:30:56+00:00,on-demand,RTX 3060 laptop,3,11,0.026685,0.033898,0.041111,0.041667,0.042222,,0.99877
2026-08-07T03:30:56+00:00,on-demand,RTX 3070,10,31,0.041111,0.069722,0.078287,0.107153,0.166222,0.078287,0.994293
2026-08-07T03:30:56+00:00,on-demand,RTX 3080,14,45,0.060278,0.069421,0.095556,0.118597,0.268889,0.113556,0.992412
2026-08-07T03:30:56+00:00,on-demand,RTX 3080 Ti,1,1,0.160889,0.160889,0.160889,0.160889,0.160889,0.160889,0.99359
2026-08-07T03:30:56+00:00,on-demand,RTX 3090,35,113,0.084815,0.134167,0.162222,0.228741,2.001111,0.21363,0.987347
2026-08-07T03:30:56+00:00,on-demand,RTX 4060,4,14,0.053481,0.053593,0.059037,0.717778,2.677778,0.064444,0.98447
2026-08-07T03:30:56+00:00,on-demand,RTX 4060 Ti,6,14,0.080926,0.081296,0.082037,0.083333,0.105852,0.082778,0.993323
2026-08-07T03:30:56+00:00,on-demand,RTX 4070,4,6,0.081111,0.087111,0.090111,0.111556,0.172889,0.091111,0.993377
2026-08-07T03:30:56+00:00,on-demand,RTX 4070 Ti,8,15,0.088519,0.093611,0.144333,0.192139,0.282444,0.091111,0.984669
2026-08-07T03:30:56+00:00,on-demand,RTX 4070S,2,5,0.082222,0.083565,0.084907,0.08625,0.087593,0.084907,0.99523
2026-08-07T03:30:56+00:00,on-demand,RTX 4070S Ti,10,36,0.067778,0.120694,0.188852,0.247153,1.331111,0.246917,0.995735
2026-08-07T03:30:56+00:00,on-demand,RTX 4080,11,30,0.159556,0.183926,0.227704,0.255222,0.295556,0.255037,0.991351
2026-08-07T03:30:56+00:00,on-demand,RTX 4080S,12,40,0.067593,0.149924,0.160833,0.215398,0.309333,0.202222,0.989504
2026-08-07T03:30:56+00:00,on-demand,RTX 4090,46,189,0.261778,0.361676,0.462593,0.636852,1.280556,0.533778,0.995692
2026-08-07T03:30:56+00:00,on-demand,RTX 4090D,9,25,0.160185,0.160741,0.330074,0.667222,0.668889,,0.970312
2026-08-07T03:30:56+00:00,on-demand,RTX 4500Ada,1,1,1.268889,1.268889,1.268889,1.268889,1.268889,,0.924801
2026-08-07T03:30:56+00:00,on-demand,RTX 5000Ada,2,3,0.427778,0.434722,0.441667,0.448611,0.455556,0.441667,0.993707
2026-08-07T03:30:56+00:00,on-demand,RTX 5060,5,5,0.05363,0.07037,0.148889,0.155556,0.262222,0.155556,0.995334
2026-08-07T03:30:56+00:00,on-demand,RTX 5060 Ti,17,68,0.061185,0.090963,0.101111,0.134259,0.227407,0.127241,0.994488
2026-08-07T03:30:56+00:00,on-demand,RTX 5070,9,13,0.074074,0.096296,0.123333,0.141111,0.267111,0.141111,0.997013
2026-08-07T03:30:56+00:00,on-demand,RTX 5070 Ti,10,21,0.123704,0.134907,0.181389,0.201806,0.401333,0.173889,0.996651
2026-08-07T03:30:56+00:00,on-demand,RTX 5080,16,51,0.161111,0.188889,0.254722,0.400347,1.775556,0.254259,0.987538
2026-08-07T03:30:56+00:00,on-demand,RTX 5090,44,149,0.212889,0.44567,0.655324,0.803241,5.986944,0.773472,0.992788
2026-08-07T03:30:56+00:00,on-demand,RTX 5880Ada,3,7,0.600926,0.601389,0.601852,0.602778,0.603704,0.601852,0.995835
2026-08-07T03:30:56+00:00,on-demand,RTX 6000Ada,9,28,0.441111,0.600278,0.602074,0.682222,0.697778,0.641593,0.998316
2026-08-07T03:30:56+00:00,on-demand,RTX A2000,3,4,0.034074,0.035111,0.036148,0.264815,0.493481,,0.995214
2026-08-07T03:30:56+00:00,on-demand,RTX A4000,9,51,0.067037,0.072889,0.133519,0.133827,0.146944,,0.97131
2026-08-07T03:30:56+00:00,on-demand,RTX A4500,2,2,0.121185,0.409593,0.698,0.986407,1.274815,,0.978557
2026-08-07T03:30:56+00:00,on-demand,RTX A5000,7,21,0.230984,0.231203,0.231778,20.116815,40.001481,0.231407,0.997918
2026-08-07T03:30:56+00:00,on-demand,RTX A6000,7,27,0.303704,0.400437,0.400741,0.800694,1.201111,,0.992925
2026-08-07T03:30:56+00:00,on-demand,RTX PRO 4000,10,17,0.202222,0.267481,0.302778,0.321296,0.534815,0.302778,0.990835
2026-08-07T03:30:56+00:00,on-demand,RTX PRO 4500,3,4,0.308148,0.321296,0.334444,0.335,0.335556,,0.998399
2026-08-07T03:30:56+00:00,on-demand,RTX PRO 5000,9,22,0.640278,0.655926,0.720444,0.734444,0.944148,0.658519,0.993084
2026-08-07T03:30:56+00:00,on-demand,RTX PRO 6000 S,16,50,0.6284,1.105481,1.600417,1.733796,3.068889,1.667963,0.996837
2026-08-07T03:30:56+00:00,on-demand,RTX PRO 6000 WS,16,33,0.660741,1.041944,1.201667,1.508565,13.335556,1.275741,0.986048
2026-08-07T03:30:56+00:00,on-demand,Tesla P100,1,2,0.081481,0.081481,0.081481,0.081481,0.081481,0.081481,0.994816
2026-08-07T03:30:56+00:00,on-demand,Tesla P40,2,2,0.033334,0.075556,0.117778,0.16,0.202222,,0.974011
2026-08-07T03:30:56+00:00,on-demand,Tesla T4,2,3,12.000741,12.000926,12.001111,12.001296,12.001481,,0.972409
2026-08-07T03:30:56+00:00,on-demand,Tesla V100,13,33,0.023556,0.040556,0.149481,0.168889,0.268889,0.266944,0.992083
2026-08-07T03:30:56+00:00,on-demand,Titan RTX,4,9,0.135185,0.15463,0.161667,0.171806,0.200556,0.161667,0.996353
2026-08-07T03:30:56+00:00,on-demand,Titan Xp,2,6,0.060556,0.060694,0.060833,0.060972,0.061111,0.060833,0.996264
2026-08-07T03:30:56+00:00,bid,A100 PCIE,43,70,0.133889,0.135556,0.201481,0.587778,0.601111,0.174111,0.986021
2026-08-07T03:30:56+00:00,bid,A100 SXM4,55,101,0.130316,0.401481,0.534444,0.806944,0.936,0.501481,0.988874
2026-08-07T03:30:56+00:00,bid,A16,1,4,0.147037,0.147037,0.147037,0.147037,0.147037,0.147037,0.95903
2026-08-07T03:30:56+00:00,bid,A800 PCIE,7,12,0.129889,0.130444,0.131556,0.131556,0.131556,,0.994711
2026-08-07T03:30:56+00:00,bid,B200,21,105,4.375174,5.000347,5.001302,5.002778,7.377083,5.001302,0.991024
2026-08-07T03:30:56+00:00,bid,B300,7,29,3.75026,5.001042,5.002778,5.315538,5.626042,5.625781,0.965472
2026-08-07T03:30:56+00:00,bid,CMP 170HX,9,30,0.234167,0.24,0.253889,0.254444,0.668889,0.668889,0.963684
2026-08-07T03:30:56+00:00,bid,GTX 1050 Ti,1,1,0.024444,0.024444,0.024444,0.024444,0.024444,,0.988419
2026-08-07T03:30:56+00:00,bid,GTX 1060,1,1,0.031111,0.031111,0.031111,0.031111,0.031111,,0.99439
2026-08-07T03:30:56+00:00,bid,GTX 1070,1,1,0.024444,0.024444,0.024444,0.024444,0.024444,0.024444,0.993387
2026-08-07T03:30:56+00:00,bid,GTX 1080,5,16,0.014815,0.04037,0.04037,0.041111,0.042222,0.040741,0.996225
2026-08-07T03:30:56+00:00,bid,GTX 1080 Ti,7,20,0.026222,0.040833,0.053651,0.054259,0.055556,0.053862,0.996026
2026-08-07T03:30:56+00:00,bid,GTX 1650 S,1,1,0.037778,0.037778,0.037778,0.037778,0.037778,,0.991775
2026-08-07T03:30:56+00:00,bid,GTX 1660,1,1,0.037778,0.037778,0.037778,0.037778,0.037778,0.037778,0.99648
2026-08-07T03:30:56+00:00,bid,GTX 1660 S,1,1,0.031111,0.031111,0.031111,0.031111,0.031111,,0.97069
2026-08-07T03:30:56+00:00,bid,GTX 1660 Ti,2,3,0.037778,0.039185,0.040593,0.042,0.043407,0.040593,0.974632
2026-08-07T03:30:56+00:00,bid,H100 NVL,7,11,0.404889,0.935,0.935556,1.668167,2.122963,2.000778,0.937776
2026-08-07T03:30:56+00:00,bid,H100 PCIE,5,16,1.200148,1.333889,1.334445,1.335555,1.602222,1.334445,0.986706
2026-08-07T03:30:56+00:00,bid,H100 SXM,10,36,0.268889,0.534722,1.500704,2.071333,2.998944,2.466139,0.954361
2026-08-07T03:30:56+00:00,bid,H200,17,76,0.441064,0.441886,3.484759,3.817251,5.395285,3.618476,0.99774
2026-08-07T03:30:56+00:00,bid,H200 NVL,17,45,0.400317,0.602222,1.200556,1.988889,3.202222,1.172889,0.991759
2026-08-07T03:30:56+00:00,bid,L4,7,10,0.134444,0.175556,0.267778,0.295,0.322222,0.268333,0.998011
2026-08-07T03:30:56+00:00,bid,L40,4,8,0.467778,0.468611,0.47,0.471111,0.471111,0.47,0.988491
2026-08-07T03:30:56+00:00,bid,L40S,41,107,0.200185,0.402222,0.534815,0.537037,0.801852,0.536111,0.99841
2026-08-07T03:30:56+00:00,bid,Q RTX 8000,3,5,0.027556,0.027833,0.028111,0.047648,0.067185,0.028111,0.998938
2026-08-07T03:30:56+00:00,bid,Quadro P4000,1,1,0.03437,0.03437,0.03437,0.03437,0.03437,,0.997761
2026-08-07T03:30:56+00:00,bid,RTX 2060,4,6,0.027259,0.030148,0.036111,0.114722,0.335556,0.041111,0.992804
2026-08-07T03:30:56+00:00,bid,RTX 2060S,3,7,0.046978,0.047133,0.047289,0.085496,0.123704,0.047289,0.995009
2026-08-07T03:30:56+00:00,bid,RTX 2070,2,11,0.041111,0.044208,0.047305,0.050401,0.053498,0.041111,0.992841
2026-08-07T03:30:56+00:00,bid,RTX 2070S,2,17,0.053498,0.053503,0.053508,0.053513,0.053519,,0.987703
2026-08-07T03:30:56+00:00,bid,RTX 2080 Ti,4,11,0.037778,0.059653,0.068509,0.082926,0.121481,0.070074,0.986833
2026-08-07T03:30:56+00:00,bid,RTX 2080S,1,1,0.037778,0.037778,0.037778,0.037778,0.037778,0.037778,0.973217
2026-08-07T03:30:56+00:00,bid,RTX 3050,1,1,1.068889,1.068889,1.068889,1.068889,1.068889,,0.976395
2026-08-07T03:30:56+00:00,bid,RTX 3060,15,45,0.037778,0.046852,0.062222,0.102444,0.134519,0.117556,0.989134
2026-08-07T03:30:56+00:00,bid,RTX 3060 Ti,1,1,0.67037,0.67037,0.67037,0.67037,0.67037,0.67037,0.849634
2026-08-07T03:30:56+00:00,bid,RTX 3060 laptop,3,11,0.013352,0.013417,0.013481,0.025963,0.038444,,0.989756
2026-08-07T03:30:56+00:00,bid,RTX 3070,8,23,0.040278,0.060972,0.068333,0.083139,0.135556,0.068333,0.994952
2026-08-07T03:30:56+00:00,bid,RTX 3080,10,28,0.042222,0.062847,0.108519,0.135139,0.240415,0.134722,0.992154
2026-08-07T03:30:56+00:00,bid,RTX 3080 Ti,7,12,0.055556,0.088889,0.107407,0.108889,0.153889,0.108889,0.994241
2026-08-07T03:30:56+00:00,bid,RTX 3090,63,177,0.016296,0.098056,0.133889,0.167716,0.367407,0.134778,0.990507
2026-08-07T03:30:56+00:00,bid,RTX 4060 Ti,8,17,0.042222,0.070676,0.076333,0.100648,0.102222,0.100778,0.996561
2026-08-07T03:30:56+00:00,bid,RTX 4070,7,13,0.040741,0.060833,0.084444,0.161667,0.162222,0.161111,0.999
2026-08-07T03:30:56+00:00,bid,RTX 4070 Ti,6,11,0.041111,0.088148,0.108519,0.207639,0.241111,0.095185,0.992043
2026-08-07T03:30:56+00:00,bid,RTX 4070S,3,4,0.071481,0.073889,0.076296,0.159259,0.242222,0.073889,0.984027
2026-08-07T03:30:56+00:00,bid,RTX 4070S Ti,14,40,0.094444,0.113694,0.200389,0.201111,1.211111,0.200389,0.99854
2026-08-07T03:30:56+00:00,bid,RTX 4080,23,55,0.133593,0.134926,0.146852,0.147407,0.255556,0.147407,0.994114
2026-08-07T03:30:56+00:00,bid,RTX 4080S,13,34,0.073827,0.102963,0.147037,0.216,0.240519,0.181518,0.989749
2026-08-07T03:30:56+00:00,bid,RTX 4090,110,335,0.090765,0.181963,0.321975,0.4015,1.200556,0.335556,0.996146
2026-08-07T03:30:56+00:00,bid,RTX 4090D,14,35,0.054741,0.074231,0.075111,0.605111,0.606222,,0.970312
2026-08-07T03:30:56+00:00,bid,RTX 4500Ada,1,1,0.468889,0.468889,0.468889,0.468889,0.468889,,0.924801
2026-08-07T03:30:56+00:00,bid,RTX 5000Ada,3,4,0.268889,0.295,0.321111,0.321667,0.322222,0.321111,0.997071
2026-08-07T03:30:56+00:00,bid,RTX 5060,4,4,0.040296,0.050963,0.075037,0.123889,0.208889,0.131704,0.994743
2026-08-07T03:30:56+00:00,bid,RTX 5060 Ti,30,97,0.054444,0.06712,0.134074,0.147222,0.218222,0.146944,0.995133
2026-08-07T03:30:56+00:00,bid,RTX 5070,7,10,0.043704,0.051481,0.060074,0.122037,0.122963,0.122037,0.993221
2026-08-07T03:30:56+00:00,bid,RTX 5070 Ti,13,21,0.066963,0.107778,0.108889,0.134444,0.268,0.108889,0.995484
2026-08-07T03:30:56+00:00,bid,RTX 5080,14,28,0.015556,0.120694,0.147407,0.175759,0.442222,0.176296,0.986167
2026-08-07T03:30:56+00:00,bid,RTX 5090,106,261,0.103222,0.272593,0.402037,0.533819,2.666944,0.427778,0.994007
2026-08-07T03:30:56+00:00,bid,RTX 5880Ada,14,22,0.267704,0.295185,0.297037,0.297037,0.335407,0.297037,0.995835
2026-08-07T03:30:56+00:00,bid,RTX 6000Ada,29,51,0.137778,0.388889,0.402222,0.468889,0.775556,0.467222,0.996665
2026-08-07T03:30:56+00:00,bid,RTX A2000,2,2,0.400148,0.407148,0.414148,0.421148,0.428148,0.428148,0.975658
2026-08-07T03:30:56+00:00,bid,RTX A4000,14,78,0.057111,0.093704,0.106827,0.10713,0.133611,,0.97131
2026-08-07T03:30:56+00:00,bid,RTX A4500,1,1,0.081185,0.081185,0.081185,0.081185,0.081185,,0.959006
2026-08-07T03:30:56+00:00,bid,RTX A5000,7,19,0.11037,0.227103,0.227407,0.334444,0.334815,0.227103,0.99815
2026-08-07T03:30:56+00:00,bid,RTX A6000,13,29,0.138519,0.202593,0.333651,0.334444,0.335556,,0.992925
2026-08-07T03:30:56+00:00,bid,RTX PRO 4000,13,28,0.068889,0.228741,0.240741,0.241481,0.370815,0.240617,0.994435
2026-08-07T03:30:56+00:00,bid,RTX PRO 4500,5,6,0.187778,0.188889,0.188889,0.214815,0.27037,0.27037,0.998399
2026-08-07T03:30:56+00:00,bid,RTX PRO 5000,31,52,0.135111,0.269056,0.401481,0.533796,0.545222,0.401481,0.992003
2026-08-07T03:30:56+00:00,bid,RTX PRO 6000 S,27,60,0.352667,0.534222,1.000556,1.068148,2.935556,1.002222,0.997124
2026-08-07T03:30:56+00:00,bid,RTX PRO 6000 WS,30,49,0.335556,0.538519,0.668889,0.874556,1.320926,0.635556,0.994165
2026-08-07T03:30:56+00:00,bid,Tesla T4,3,4,3.400741,3.401111,3.401481,3.401481,3.401481,,0.972409
2026-08-07T03:30:56+00:00,bid,Tesla V100,17,43,0.015556,0.088889,0.095778,0.162222,0.242222,0.162222,0.994716
2026-08-07T03:30:56+00:00,bid,Titan RTX,6,15,0.094444,0.107639,0.118704,0.129546,0.134444,0.108889,0.991082
2026-08-07T03:30:56+00:00,bid,Titan Xp,2,6,0.040556,0.040694,0.040833,0.040972,0.041111,0.040833,0.996264
2026-08-07T03:35:59+00:00,on-demand,A100 PCIE,15,46,0.266944,0.488056,0.867037,1.027917,1.507556,0.847593,0.995667
2026-08-07T03:35:59+00:00,on-demand,A100 SXM4,19,53,0.468889,0.801111,0.933519,1.054806,1.188,0.934444,0.99695
2026-08-07T03:35:59+00:00,on-demand,A16,1,4,0.20037,0.20037,0.20037,0.20037,0.20037,0.20037,0.95903
2026-08-07T03:35:59+00:00,on-demand,A800 PCIE,3,7,0.667222,0.6675,0.667778,0.668333,0.668889,,0.994711
2026-08-07T03:35:59+00:00,on-demand,B200,10,36,5.001042,5.564128,5.596441,5.820486,6.242014,5.596441,0.997346
2026-08-07T03:35:59+00:00,on-demand,B300,7,29,8.125521,8.438151,10.000694,10.002083,10.005556,8.125781,0.965472
2026-08-07T03:35:59+00:00,on-demand,CMP 170HX,8,28,0.236833,0.238917,0.288185,0.334028,0.935556,0.935556,0.954406
2026-08-07T03:35:59+00:00,on-demand,GTX 1050 Ti,1,1,0.611111,0.611111,0.611111,0.611111,0.611111,,0.988419
2026-08-07T03:35:59+00:00,on-demand,GTX 1060,2,2,0.088889,0.152778,0.216667,0.280556,0.344444,0.088889,0.996854
2026-08-07T03:35:59+00:00,on-demand,GTX 1070,1,1,0.531111,0.531111,0.531111,0.531111,0.531111,0.531111,0.993387
2026-08-07T03:35:59+00:00,on-demand,GTX 1080,5,12,0.027778,0.028148,0.050222,0.051037,0.051778,0.051037,0.99419
2026-08-07T03:35:59+00:00,on-demand,GTX 1080 Ti,6,18,0.042222,0.060694,0.065,0.07246,0.074074,0.068889,0.997402
2026-08-07T03:35:59+00:00,on-demand,GTX 1660 S,2,7,0.033704,0.138056,0.242407,0.346759,0.451111,,0.963535
2026-08-07T03:35:59+00:00,on-demand,GTX TITAN X,1,1,0.028889,0.028889,0.028889,0.028889,0.028889,,0.995649
2026-08-07T03:35:59+00:00,on-demand,H100 NVL,5,9,1.336296,2.162963,2.667407,2.668148,3.067444,2.162963,0.994544
2026-08-07T03:35:59+00:00,on-demand,H100 PCIE,5,19,1.733481,1.867222,1.867778,2.133889,2.135556,1.867778,0.990723
2026-08-07T03:35:59+00:00,on-demand,H100 SXM,12,39,1.733889,1.884723,2.295558,3.049722,4.774444,2.934444,0.993667
2026-08-07T03:35:59+00:00,on-demand,H200,13,48,3.816155,4.080044,4.145833,4.211075,5.658443,4.113487,0.997795
2026-08-07T03:35:59+00:00,on-demand,H200 NVL,12,30,2.400741,2.885833,3.123333,3.501111,3.975556,3.414222,0.991961
2026-08-07T03:35:59+00:00,on-demand,L4,4,5,0.03363,0.259241,0.335,0.335556,0.335556,0.335556,0.998011
2026-08-07T03:35:59+00:00,on-demand,L40,3,7,0.574444,0.575,0.575556,0.576667,0.577778,0.575556,0.988491
2026-08-07T03:35:59+00:00,on-demand,L40S,14,50,0.401111,0.467037,0.667778,1.000787,1.074074,0.934352,0.994994
2026-08-07T03:35:59+00:00,on-demand,Q RTX 6000,3,7,0.133704,0.133889,0.134074,0.134444,0.134815,0.134074,0.999262
2026-08-07T03:35:59+00:00,on-demand,Q RTX 8000,3,5,0.240556,0.247315,0.254074,0.254444,0.254815,0.254074,0.998302
2026-08-07T03:35:59+00:00,on-demand,Quadro P4000,2,3,0.040741,0.040926,0.041111,0.041296,0.041481,,0.964347
2026-08-07T03:35:59+00:00,on-demand,RTX 2060,2,3,0.052593,0.142222,0.231852,0.321481,0.411111,0.411111,0.986638
2026-08-07T03:35:59+00:00,on-demand,RTX 2060S,2,6,0.066978,0.067056,0.067133,0.067211,0.067289,0.067133,0.995009
2026-08-07T03:35:59+00:00,on-demand,RTX 2070,2,11,0.054444,0.057541,0.060638,0.063735,0.066831,0.054444,0.992841
2026-08-07T03:35:59+00:00,on-demand,RTX 2070S,1,8,0.066852,0.066852,0.066852,0.066852,0.066852,,0.987703
2026-08-07T03:35:59+00:00,on-demand,RTX 2080 Ti,5,13,0.068889,0.073611,0.081852,0.083704,0.811111,0.081852,0.99617
2026-08-07T03:35:59+00:00,on-demand,RTX 2080S,1,1,0.744444,0.744444,0.744444,0.744444,0.744444,0.744444,0.973217
2026-08-07T03:35:59+00:00,on-demand,RTX 3050,1,1,1.322222,1.322222,1.322222,1.322222,1.322222,,0.976395
2026-08-07T03:35:59+00:00,on-demand,RTX 3060,10,34,0.022222,0.051542,0.058519,0.170481,1.335556,0.061481,0.993383
2026-08-07T03:35:59+00:00,on-demand,RTX 3060 Ti,2,2,0.399556,0.539926,0.680296,0.820667,0.961037,0.680296,0.922353
2026-08-07T03:35:59+00:00,on-demand,RTX 3060 laptop,3,11,0.026685,0.033898,0.041111,0.041667,0.042222,,0.99877
2026-08-07T03:35:59+00:00,on-demand,RTX 3070,11,38,0.042222,0.071667,0.080278,0.107167,0.166222,0.077917,0.993554
2026-08-07T03:35:59+00:00,on-demand,RTX 3070 Ti,1,1,0.062222,0.062222,0.062222,0.062222,0.062222,,0.997107
2026-08-07T03:35:59+00:00,on-demand,RTX 3080,15,49,0.028889,0.060833,0.082222,0.116917,0.251081,0.127889,0.995072
2026-08-07T03:35:59+00:00,on-demand,RTX 3080 Ti,2,2,0.148889,0.152593,0.156296,0.16,0.163704,0.148889,0.940053
2026-08-07T03:35:59+00:00,on-demand,RTX 3090,36,110,0.084815,0.145611,0.175741,0.271037,2.001111,0.240741,0.991328
2026-08-07T03:35:59+00:00,on-demand,RTX 4060,2,5,0.05363,0.709667,1.365704,2.021741,2.677778,,0.98447
2026-08-07T03:35:59+00:00,on-demand,RTX 4060 Ti,8,17,0.066222,0.081065,0.095,0.116806,0.141111,0.108889,0.994686
2026-08-07T03:35:59+00:00,on-demand,RTX 4070,3,5,0.081111,0.085,0.088889,0.092222,0.095556,0.092222,0.993434
2026-08-07T03:35:59+00:00,on-demand,RTX 4070 Ti,6,11,0.097037,0.115222,0.158222,0.251972,0.282444,0.102222,0.992069
2026-08-07T03:35:59+00:00,on-demand,RTX 4070S,1,1,0.077037,0.077037,0.077037,0.077037,0.077037,0.077037,0.995858
2026-08-07T03:35:59+00:00,on-demand,RTX 4070S Ti,10,26,0.068889,0.123241,0.181481,0.247153,1.331111,0.204398,0.99659
2026-08-07T03:35:59+00:00,on-demand,RTX 4080,11,31,0.159556,0.187389,0.19037,0.254944,0.267778,0.254852,0.994801
2026-08-07T03:35:59+00:00,on-demand,RTX 4080S,10,34,0.117295,0.153472,0.168333,0.199009,0.255185,0.197463,0.992298
2026-08-07T03:35:59+00:00,on-demand,RTX 4090,53,226,0.253444,0.360741,0.427222,0.540741,1.337037,0.53537,0.995799
2026-08-07T03:35:59+00:00,on-demand,RTX 4090D,9,25,0.160185,0.160741,0.330074,0.667222,0.668889,,0.970312
2026-08-07T03:35:59+00:00,on-demand,RTX 4500Ada,1,1,1.268889,1.268889,1.268889,1.268889,1.268889,,0.924801
2026-08-07T03:35:59+00:00,on-demand,RTX 5000Ada,2,3,0.427778,0.428056,0.428333,0.428611,0.428889,0.428333,0.997071
2026-08-07T03:35:59+00:00,on-demand,RTX 5060,4,4,0.05363,0.066185,0.10963,0.177222,0.262222,0.166296,0.994788
2026-08-07T03:35:59+00:00,on-demand,RTX 5060 Ti,14,56,0.051111,0.084056,0.12025,0.172301,0.178222,0.16037,0.994227
2026-08-07T03:35:59+00:00,on-demand,RTX 5070,7,9,0.074074,0.102593,0.122222,0.145,0.382222,0.145,0.994052
2026-08-07T03:35:59+00:00,on-demand,RTX 5070 Ti,9,17,0.108889,0.161111,0.200556,0.202222,0.401333,0.173889,0.996481
2026-08-07T03:35:59+00:00,on-demand,RTX 5080,18,49,0.114444,0.173935,0.227259,0.324167,1.775556,0.210481,0.99276
2026-08-07T03:35:59+00:00,on-demand,RTX 5090,43,158,0.212889,0.459272,0.600926,0.801111,5.986944,0.733889,0.994093
2026-08-07T03:35:59+00:00,on-demand,RTX 5880Ada,3,7,0.600926,0.601389,0.601852,0.602778,0.603704,0.601852,0.995835
2026-08-07T03:35:59+00:00,on-demand,RTX 6000Ada,9,28,0.441111,0.600278,0.680556,0.682222,0.735556,0.680833,0.993582
2026-08-07T03:35:59+00:00,on-demand,RTX A2000,3,4,0.034074,0.035111,0.036148,0.264815,0.493481,,0.995214
2026-08-07T03:35:59+00:00,on-demand,RTX A4000,8,34,0.071778,0.072889,0.127012,0.133735,0.146944,,0.97131
2026-08-07T03:35:59+00:00,on-demand,RTX A4500,2,2,0.114519,0.404593,0.694667,0.984741,1.274815,,0.978555
2026-08-07T03:35:59+00:00,on-demand,RTX A5000,5,14,0.230984,0.231407,0.285037,40.000741,40.001481,0.231407,0.99815
2026-08-07T03:35:59+00:00,on-demand,RTX A6000,8,28,0.303704,0.377553,0.800509,1.200694,1.335556,,0.989494
2026-08-07T03:35:59+00:00,on-demand,RTX PRO 4000,8,14,0.215556,0.254352,0.278333,0.361296,0.534815,0.277963,0.990906
2026-08-07T03:35:59+00:00,on-demand,RTX PRO 4500,2,2,0.308148,0.315,0.321852,0.328704,0.335556,,0.849752
2026-08-07T03:35:59+00:00,on-demand,RTX PRO 5000,9,25,0.629259,0.640278,0.641111,0.88037,0.943407,0.640833,0.993084
2026-08-07T03:35:59+00:00,on-demand,RTX PRO 6000 S,16,51,0.866685,1.200778,1.601389,1.708922,1.736296,1.700291,0.994489
2026-08-07T03:35:59+00:00,on-demand,RTX PRO 6000 WS,14,28,0.868889,1.077255,1.336111,1.867963,13.335556,1.410185,0.99159
2026-08-07T03:35:59+00:00,on-demand,Tesla P100,1,2,0.081481,0.081481,0.081481,0.081481,0.081481,0.081481,0.994816
2026-08-07T03:35:59+00:00,on-demand,Tesla P40,2,2,0.033334,0.075556,0.117778,0.16,0.202222,,0.974011
2026-08-07T03:35:59+00:00,on-demand,Tesla T4,2,3,12.000741,12.000926,12.001111,12.001296,12.001481,,0.972409
2026-08-07T03:35:59+00:00,on-demand,Tesla V100,9,17,0.023556,0.028889,0.041111,0.167222,0.335556,0.242519,0.992083
2026-08-07T03:35:59+00:00,on-demand,Titan RTX,3,7,0.161111,0.161667,0.162222,0.181389,0.200556,0.161667,0.998376
2026-08-07T03:35:59+00:00,on-demand,Titan Xp,2,6,0.060556,0.060694,0.060833,0.060972,0.061111,0.060833,0.996264
2026-08-07T03:35:59+00:00,bid,A100 PCIE,33,51,0.133889,0.135556,0.201481,0.588889,0.601111,0.155389,0.986021
2026-08-07T03:35:59+00:00,bid,A100 SXM4,40,74,0.130316,0.401481,0.501481,0.804806,0.987222,0.501481,0.988874
2026-08-07T03:35:59+00:00,bid,A16,1,4,0.147037,0.147037,0.147037,0.147037,0.147037,0.147037,0.95903
2026-08-07T03:35:59+00:00,bid,A800 PCIE,7,12,0.129889,0.130444,0.131556,0.131556,0.131556,,0.994711
2026-08-07T03:35:59+00:00,bid,B200,15,86,4.375174,4.954688,5.000347,5.001953,7.377083,5.000347,0.995005
2026-08-07T03:35:59+00:00,bid,B300,7,29,3.75026,5.001042,5.002778,5.315538,5.626042,5.625781,0.965472
2026-08-07T03:35:59+00:00,bid,CMP 170HX,9,30,0.234167,0.24,0.253889,0.254444,0.668889,0.668889,0.963684
2026-08-07T03:35:59+00:00,bid,GTX 1050 Ti,1,1,0.024444,0.024444,0.024444,0.024444,0.024444,,0.988419
2026-08-07T03:35:59+00:00,bid,GTX 1060,1,1,0.031111,0.031111,0.031111,0.031111,0.031111,,0.99439
2026-08-07T03:35:59+00:00,bid,GTX 1070,1,1,0.024444,0.024444,0.024444,0.024444,0.024444,0.024444,0.993387
2026-08-07T03:35:59+00:00,bid,GTX 1070 Ti,1,2,0.041111,0.041111,0.041111,0.041111,0.041111,0.041111,0.993989
2026-08-07T03:35:59+00:00,bid,GTX 1080,5,18,0.014815,0.04037,0.04037,0.040556,0.042222,0.040463,0.985523
2026-08-07T03:35:59+00:00,bid,GTX 1080 Ti,8,24,0.026222,0.040972,0.047381,0.053935,0.055556,0.053651,0.997402
2026-08-07T03:35:59+00:00,bid,GTX 1650 S,1,1,0.037778,0.037778,0.037778,0.037778,0.037778,,0.991775
2026-08-07T03:35:59+00:00,bid,GTX 1660,1,1,0.037778,0.037778,0.037778,0.037778,0.037778,0.037778,0.99648
2026-08-07T03:35:59+00:00,bid,GTX 1660 S,1,1,0.031111,0.031111,0.031111,0.031111,0.031111,,0.97069
2026-08-07T03:35:59+00:00,bid,GTX 1660 Ti,2,3,0.037778,0.039185,0.040593,0.042,0.043407,0.040593,0.974632
2026-08-07T03:35:59+00:00,bid,H100 NVL,7,11,0.404889,0.935,0.935556,1.668167,2.122963,2.000778,0.937776
2026-08-07T03:35:59+00:00,bid,H100 PCIE,4,15,1.200148,1.300454,1.334167,1.334722,1.335555,1.334167,0.986706
2026-08-07T03:35:59+00:00,bid,H100 SXM,12,26,0.400556,0.935278,1.701926,2.187611,4.002222,2.303222,0.967
2026-08-07T03:35:59+00:00,bid,H200,17,57,0.441338,0.441886,1.935307,3.817251,5.395285,3.485856,0.99774
2026-08-07T03:35:59+00:00,bid,H200 NVL,12,22,0.535556,0.902889,1.103472,1.337222,1.339556,1.003333,0.997884
2026-08-07T03:35:59+00:00,bid,L4,8,11,0.134444,0.135556,0.241667,0.281944,0.322222,0.267778,0.997198
2026-08-07T03:35:59+00:00,bid,L40,6,11,0.467778,0.468889,0.47,0.471111,0.471111,0.47,0.988491
2026-08-07T03:35:59+00:00,bid,L40S,42,110,0.200185,0.333889,0.534815,0.540741,0.933889,0.537037,0.998482
2026-08-07T03:35:59+00:00,bid,Q RTX 8000,2,3,0.027556,0.037593,0.04763,0.057667,0.067704,0.04763,0.998771
2026-08-07T03:35:59+00:00,bid,Quadro P4000,1,1,0.03437,0.03437,0.03437,0.03437,0.03437,,0.997761
2026-08-07T03:35:59+00:00,bid,RTX 2060,4,6,0.027259,0.030148,0.036111,0.114722,0.335556,0.041111,0.992804
2026-08-07T03:35:59+00:00,bid,RTX 2060S,3,7,0.046978,0.054044,0.061111,0.092407,0.123704,0.061111,0.991188
2026-08-07T03:35:59+00:00,bid,RTX 2070,2,11,0.041111,0.044208,0.047305,0.050401,0.053498,0.041111,0.992841
2026-08-07T03:35:59+00:00,bid,RTX 2070S,3,18,0.053498,0.053508,0.053519,0.053759,0.054,0.054,0.987703
2026-08-07T03:35:59+00:00,bid,RTX 2080 Ti,3,10,0.037778,0.052361,0.066944,0.087917,0.108889,0.087917,0.992587
2026-08-07T03:35:59+00:00,bid,RTX 2080S,1,1,0.037778,0.037778,0.037778,0.037778,0.037778,0.037778,0.973217
2026-08-07T03:35:59+00:00,bid,RTX 3050,1,1,1.068889,1.068889,1.068889,1.068889,1.068889,,0.976395
2026-08-07T03:35:59+00:00,bid,RTX 3060,15,46,0.025111,0.0455,0.054444,0.101407,0.121185,0.100741,0.989134
2026-08-07T03:35:59+00:00,bid,RTX 3060 Ti,3,3,0.07037,0.16963,0.268889,0.46963,0.67037,0.268889,0.987612
2026-08-07T03:35:59+00:00,bid,RTX 3060 laptop,5,15,0.013352,0.013481,0.038444,0.06563,0.066321,0.065975,0.995429
2026-08-07T03:35:59+00:00,bid,RTX 3070,7,25,0.040278,0.040556,0.067778,0.081204,0.135556,0.067778,0.997097
2026-08-07T03:35:59+00:00,bid,RTX 3070 Ti,1,2,0.054444,0.054444,0.054444,0.054444,0.054444,,0.997107
2026-08-07T03:35:59+00:00,bid,RTX 3080,12,33,0.045383,0.061296,0.086111,0.115139,0.240415,0.108889,0.992154
2026-08-07T03:35:59+00:00,bid,RTX 3080 Ti,8,15,0.037222,0.078037,0.107593,0.154028,0.155556,0.130833,0.99359
2026-08-07T03:35:59+00:00,bid,RTX 3090,64,159,0.014815,0.084537,0.133889,0.161056,0.367407,0.134815,0.990723
2026-08-07T03:35:59+00:00,bid,RTX 4060,1,1,0.083704,0.083704,0.083704,0.083704,0.083704,0.083704,0.998552
2026-08-07T03:35:59+00:00,bid,RTX 4060 Ti,6,11,0.042222,0.076056,0.079556,0.095944,0.101037,0.100519,0.996586
2026-08-07T03:35:59+00:00,bid,RTX 4070,7,12,0.054444,0.071778,0.076889,0.124444,0.162222,0.082333,0.999
2026-08-07T03:35:59+00:00,bid,RTX 4070 Ti,9,15,0.041111,0.081481,0.108889,0.240556,0.241111,0.108889,0.992043
2026-08-07T03:35:59+00:00,bid,RTX 4070S,2,2,0.076296,0.117778,0.159259,0.200741,0.242222,0.076296,0.976944
2026-08-07T03:35:59+00:00,bid,RTX 4070S Ti,15,46,0.067778,0.104926,0.15037,0.200833,1.211111,0.15037,0.997303
2026-08-07T03:35:59+00:00,bid,RTX 4080,22,54,0.133593,0.134361,0.137037,0.147407,0.255556,0.147037,0.992582
2026-08-07T03:35:59+00:00,bid,RTX 4080S,13,31,0.073827,0.108889,0.146852,0.216,0.240519,0.181518,0.993366
2026-08-07T03:35:59+00:00,bid,RTX 4090,94,283,0.108889,0.206704,0.319235,0.404148,1.200556,0.335556,0.995972
2026-08-07T03:35:59+00:00,bid,RTX 4090D,12,31,0.064741,0.073648,0.074426,0.605389,0.606222,,0.970312
2026-08-07T03:35:59+00:00,bid,RTX 4500Ada,1,1,0.468889,0.468889,0.468889,0.468889,0.468889,,0.924801
2026-08-07T03:35:59+00:00,bid,RTX 5000Ada,4,5,0.268889,0.268889,0.295,0.321389,0.322222,0.295,0.997071
2026-08-07T03:35:59+00:00,bid,RTX 5060,5,6,0.027407,0.040296,0.054519,0.095556,0.208889,0.131704,0.995279
2026-08-07T03:35:59+00:00,bid,RTX 5060 Ti,32,96,0.037185,0.066954,0.107222,0.147222,0.218222,0.134074,0.993834
2026-08-07T03:35:59+00:00,bid,RTX 5070,10,15,0.043704,0.06662,0.107963,0.122593,0.151556,0.122222,0.994982
2026-08-07T03:35:59+00:00,bid,RTX 5070 Ti,14,22,0.094444,0.107778,0.108889,0.128056,0.268,0.121667,0.996098
2026-08-07T03:35:59+00:00,bid,RTX 5080,17,34,0.015556,0.121111,0.147407,0.174148,0.442222,0.148889,0.992084
2026-08-07T03:35:59+00:00,bid,RTX 5090,94,227,0.103222,0.280972,0.400556,0.534028,2.666944,0.402222,0.992991
2026-08-07T03:35:59+00:00,bid,RTX 5880Ada,11,19,0.267704,0.295185,0.297037,0.297037,0.33437,0.297037,0.995835
2026-08-07T03:35:59+00:00,bid,RTX 6000Ada,25,52,0.137778,0.400278,0.402222,0.468889,0.680889,0.402222,0.996665
2026-08-07T03:35:59+00:00,bid,RTX A2000,2,2,0.400148,0.407148,0.414148,0.421148,0.428148,0.428148,0.975658
2026-08-07T03:35:59+00:00,bid,RTX A4000,10,48,0.057111,0.058222,0.100253,0.106991,0.133556,,0.97131
2026-08-07T03:35:59+00:00,bid,RTX A4500,1,1,0.081185,0.081185,0.081185,0.081185,0.081185,,0.95901
2026-08-07T03:35:59+00:00,bid,RTX A5000,8,19,0.11037,0.220423,0.227593,0.334259,0.334815,0.226984,0.99692
2026-08-07T03:35:59+00:00,bid,RTX A6000,10,25,0.138519,0.227833,0.33377,0.334352,0.335556,,0.992925
2026-08-07T03:35:59+00:00,bid,RTX PRO 4000,14,25,0.068889,0.208722,0.234815,0.241481,0.370815,0.234741,0.995084
2026-08-07T03:35:59+00:00,bid,RTX PRO 4500,4,5,0.187778,0.188611,0.201852,0.228333,0.268889,0.268889,0.993368
2026-08-07T03:35:59+00:00,bid,RTX PRO 5000,28,52,0.135111,0.400648,0.456481,0.533889,0.602222,0.468333,0.992003
2026-08-07T03:35:59+00:00,bid,RTX PRO 6000 S,25,57,0.352667,0.534222,1.001111,1.068148,2.935556,1.002222,0.997124
2026-08-07T03:35:59+00:00,bid,RTX PRO 6000 WS,31,53,0.335556,0.535926,0.67037,0.938148,1.335185,0.67037,0.99451
2026-08-07T03:35:59+00:00,bid,Tesla T4,2,3,3.400741,3.400926,3.401111,3.401296,3.401481,,0.972409
2026-08-07T03:35:59+00:00,bid,Tesla V100,17,39,0.015556,0.093889,0.096889,0.160556,0.242222,0.147685,0.994739
2026-08-07T03:35:59+00:00,bid,Titan RTX,6,15,0.094444,0.107361,0.108333,0.123611,0.129889,0.107778,0.991082
2026-08-07T03:35:59+00:00,bid,Titan Xp,2,6,0.040556,0.040694,0.040833,0.040972,0.041111,0.040833,0.996264
2026-08-07T03:40:53+00:00,on-demand,A100 PCIE,14,47,0.266944,0.737731,1.000833,1.040764,1.507556,0.868148,0.993472
2026-08-07T03:40:53+00:00,on-demand,A100 SXM4,21,61,0.468889,0.80037,0.933519,1.042667,1.474444,0.934815,0.996625
2026-08-07T03:40:53+00:00,on-demand,A16,1,4,0.20037,0.20037,0.20037,0.20037,0.20037,0.20037,0.95903
2026-08-07T03:40:53+00:00,on-demand,A800 PCIE,2,6,0.667222,0.667361,0.6675,0.667639,0.667778,,0.994711
2026-08-07T03:40:53+00:00,on-demand,B200,10,36,5.002083,5.564779,5.625868,5.882986,6.242014,5.625868,0.99716
2026-08-07T03:40:53+00:00,on-demand,B300,7,29,8.125521,8.438151,10.000694,10.002083,10.005556,8.125781,0.965472
2026-08-07T03:40:53+00:00,on-demand,CMP 170HX,6,22,0.236833,0.238083,0.241,0.310944,0.935556,0.935556,0.945128
2026-08-07T03:40:53+00:00,on-demand,GTX 1050 Ti,1,1,0.611111,0.611111,0.611111,0.611111,0.611111,,0.988419
2026-08-07T03:40:53+00:00,on-demand,GTX 1060,2,2,0.088889,0.152778,0.216667,0.280556,0.344444,0.088889,0.996854
2026-08-07T03:40:53+00:00,on-demand,GTX 1070,1,1,0.531111,0.531111,0.531111,0.531111,0.531111,0.531111,0.993387
2026-08-07T03:40:53+00:00,on-demand,GTX 1080,5,12,0.027778,0.041067,0.051037,0.051778,0.067407,0.051778,0.99395
2026-08-07T03:40:53+00:00,on-demand,GTX 1080 Ti,6,18,0.042222,0.060694,0.065,0.07246,0.074074,0.068889,0.996026
2026-08-07T03:40:53+00:00,on-demand,GTX 1660 S,2,7,0.033704,0.138056,0.242407,0.346759,0.451111,,0.963535
2026-08-07T03:40:53+00:00,on-demand,GTX 1660 Ti,2,3,0.063333,0.200278,0.337222,0.474167,0.611111,0.337222,0.973646
2026-08-07T03:40:53+00:00,on-demand,GTX TITAN X,1,1,0.028889,0.028889,0.028889,0.028889,0.028889,,0.995672
2026-08-07T03:40:53+00:00,on-demand,H100 NVL,5,9,2.162963,2.667407,2.668148,3.067444,4.673185,3.067444,0.998638
2026-08-07T03:40:53+00:00,on-demand,H100 PCIE,4,15,1.867778,1.868611,2.00125,2.133681,2.133889,2.00125,0.989188
2026-08-07T03:40:53+00:00,on-demand,H100 SXM,12,39,1.733889,1.884307,1.936668,3.042611,4.774444,2.934444,0.993983
2026-08-07T03:40:53+00:00,on-demand,H200,10,42,3.935673,4.145079,4.145559,4.211075,5.658443,4.178454,0.998128
2026-08-07T03:40:53+00:00,on-demand,H200 NVL,12,30,2.400741,2.800486,3.256056,3.665722,3.975556,3.856222,0.991961
2026-08-07T03:40:53+00:00,on-demand,L4,2,4,0.334444,0.334444,0.334444,0.334444,0.334444,0.334444,0.998705
2026-08-07T03:40:53+00:00,on-demand,L40,3,7,0.574444,0.575,0.575556,0.576667,0.577778,0.575556,0.988491
2026-08-07T03:40:53+00:00,on-demand,L40S,14,50,0.401111,0.467037,0.635,1.000764,1.074074,0.934583,0.997927
2026-08-07T03:40:53+00:00,on-demand,Q RTX 6000,1,4,0.133704,0.133704,0.133704,0.133704,0.133704,0.133704,0.999262
2026-08-07T03:40:53+00:00,on-demand,Q RTX 8000,3,5,0.240556,0.247315,0.254074,0.254444,0.254815,0.254074,0.998302
2026-08-07T03:40:53+00:00,on-demand,Quadro P4000,2,3,0.040741,0.040926,0.041111,0.041296,0.041481,,0.964347
2026-08-07T03:40:53+00:00,on-demand,RTX 2060,2,3,0.052593,0.142222,0.231852,0.321481,0.411111,0.411111,0.986638
2026-08-07T03:40:53+00:00,on-demand,RTX 2060S,1,2,0.065111,0.065111,0.065111,0.065111,0.065111,0.065111,0.990755
2026-08-07T03:40:53+00:00,on-demand,RTX 2070,1,9,0.066831,0.066831,0.066831,0.066831,0.066831,,0.997216
2026-08-07T03:40:53+00:00,on-demand,RTX 2070S,2,9,0.066852,0.068639,0.070426,0.072213,0.074,0.074,0.991815
2026-08-07T03:40:53+00:00,on-demand,RTX 2080 Ti,5,13,0.068889,0.073611,0.081852,0.134815,0.811111,0.081852,0.988742
2026-08-07T03:40:53+00:00,on-demand,RTX 2080S,1,1,0.744444,0.744444,0.744444,0.744444,0.744444,0.744444,0.973217
2026-08-07T03:40:53+00:00,on-demand,RTX 3050,1,1,1.322222,1.322222,1.322222,1.322222,1.322222,,0.976395
2026-08-07T03:40:53+00:00,on-demand,RTX 3060,9,27,0.022222,0.053611,0.067778,0.171407,1.335556,0.694583,0.989134
2026-08-07T03:40:53+00:00,on-demand,RTX 3060 Ti,2,2,0.399556,0.539926,0.680296,0.820667,0.961037,0.680296,0.922353
2026-08-07T03:40:53+00:00,on-demand,RTX 3060 laptop,3,11,0.026685,0.033898,0.041111,0.041667,0.042222,,0.99877
2026-08-07T03:40:53+00:00,on-demand,RTX 3070,11,38,0.050444,0.071111,0.075556,0.107028,0.166222,0.075556,0.994656
2026-08-07T03:40:53+00:00,on-demand,RTX 3080,13,44,0.060278,0.06787,0.082222,0.113556,0.250999,0.1135,0.993024
2026-08-07T03:40:53+00:00,on-demand,RTX 3080 Ti,3,3,0.128889,0.144889,0.160889,0.162296,0.163704,0.160889,0.99359
2026-08-07T03:40:53+00:00,on-demand,RTX 3090,34,107,0.08037,0.147833,0.173981,0.267537,2.001111,0.24037,0.992577
2026-08-07T03:40:53+00:00,on-demand,RTX 4060,4,7,0.05363,0.061741,0.064444,0.717778,2.677778,0.064444,0.987333
2026-08-07T03:40:53+00:00,on-demand,RTX 4060 Ti,5,13,0.081111,0.082222,0.085111,0.105852,0.140556,0.105852,0.997095
2026-08-07T03:40:53+00:00,on-demand,RTX 4070,3,7,0.082222,0.085,0.087778,0.089074,0.09037,0.087778,0.993434
2026-08-07T03:40:53+00:00,on-demand,RTX 4070 Ti,7,12,0.097037,0.118519,0.154222,0.222056,0.282444,0.102222,0.992043
2026-08-07T03:40:53+00:00,on-demand,RTX 4070S,3,7,0.087593,0.088056,0.088519,0.089074,0.08963,0.088519,0.996216
2026-08-07T03:40:53+00:00,on-demand,RTX 4070S Ti,8,23,0.092889,0.120972,0.224028,0.518194,1.402222,0.184028,0.995419
2026-08-07T03:40:53+00:00,on-demand,RTX 4080,13,33,0.121852,0.141333,0.187593,0.254852,0.295556,0.186926,0.990363
2026-08-07T03:40:53+00:00,on-demand,RTX 4080S,10,32,0.148444,0.152917,0.161667,0.24175,0.309333,0.228574,0.989749
2026-08-07T03:40:53+00:00,on-demand,RTX 4090,53,216,0.215704,0.360741,0.426852,0.540741,1.337037,0.536889,0.995252
2026-08-07T03:40:53+00:00,on-demand,RTX 4090D,9,25,0.160185,0.160741,0.330074,0.401481,0.667778,0.401481,0.970312
2026-08-07T03:40:53+00:00,on-demand,RTX 4500Ada,1,1,1.268889,1.268889,1.268889,1.268889,1.268889,,0.924801
2026-08-07T03:40:53+00:00,on-demand,RTX 5000Ada,1,2,0.427778,0.427778,0.427778,0.427778,0.427778,0.427778,0.997071
2026-08-07T03:40:53+00:00,on-demand,RTX 5060,3,3,0.05363,0.101259,0.148889,0.152222,0.155556,0.155556,0.995334
2026-08-07T03:40:53+00:00,on-demand,RTX 5060 Ti,18,66,0.066944,0.08737,0.095556,0.130764,0.177111,0.120278,0.99001
2026-08-07T03:40:53+00:00,on-demand,RTX 5060 laptop,1,1,0.135556,0.135556,0.135556,0.135556,0.135556,,0.970987
2026-08-07T03:40:53+00:00,on-demand,RTX 5070,7,11,0.097778,0.108889,0.120741,0.141667,0.360444,0.141667,0.996404
2026-08-07T03:40:53+00:00,on-demand,RTX 5070 Ti,11,22,0.108889,0.140741,0.188889,0.201667,0.401333,0.188333,0.996481
2026-08-07T03:40:53+00:00,on-demand,RTX 5080,14,35,0.160556,0.174444,0.189444,0.371389,1.775556,0.175556,0.990148
2026-08-07T03:40:53+00:00,on-demand,RTX 5090,47,168,0.212889,0.42725,0.600926,0.806852,5.986944,0.735255,0.99315
2026-08-07T03:40:53+00:00,on-demand,RTX 5880Ada,3,7,0.600926,0.601389,0.601852,0.602778,0.603704,0.601852,0.995835
2026-08-07T03:40:53+00:00,on-demand,RTX 6000Ada,8,27,0.441111,0.560764,0.620981,0.685069,0.697778,0.640926,0.993922
2026-08-07T03:40:53+00:00,on-demand,RTX A2000,3,4,0.034074,0.035111,0.036148,0.264815,0.493481,,0.995214
2026-08-07T03:40:53+00:00,on-demand,RTX A4000,6,25,0.072889,0.094269,0.133611,0.133796,0.150944,,0.97131
2026-08-07T03:40:53+00:00,on-demand,RTX A4500,2,2,0.114519,0.404593,0.694667,0.984741,1.274815,,0.978555
2026-08-07T03:40:53+00:00,on-demand,RTX A5000,7,20,0.230984,0.231315,0.231778,20.142222,40.001481,0.231407,0.99815
2026-08-07T03:40:53+00:00,on-demand,RTX A6000,7,26,0.303704,0.400529,1.200278,1.2675,1.335556,,0.987447
2026-08-07T03:40:53+00:00,on-demand,RTX PRO 4000,9,16,0.202222,0.254074,0.301852,0.321481,0.534815,0.301852,0.989514
2026-08-07T03:40:53+00:00,on-demand,RTX PRO 4500,3,4,0.308148,0.321296,0.334444,0.335,0.335556,,0.998399
2026-08-07T03:40:53+00:00,on-demand,RTX PRO 5000,11,30,0.602222,0.640324,0.733889,0.768889,0.943407,0.715463,0.992003
2026-08-07T03:40:53+00:00,on-demand,RTX PRO 6000 S,15,48,0.866685,1.100963,1.600556,1.717182,1.736296,1.700291,0.992316
2026-08-07T03:40:53+00:00,on-demand,RTX PRO 6000 WS,16,31,0.660741,1.011389,1.151241,1.867593,13.335556,1.437222,0.992351
2026-08-07T03:40:53+00:00,on-demand,Tesla P100,1,2,0.081481,0.081481,0.081481,0.081481,0.081481,0.081481,0.994816
2026-08-07T03:40:53+00:00,on-demand,Tesla P40,2,2,0.033334,0.075556,0.117778,0.16,0.202222,,0.974011
2026-08-07T03:40:53+00:00,on-demand,Tesla T4,2,3,12.000741,12.000926,12.001111,12.001296,12.001481,,0.972409
2026-08-07T03:40:53+00:00,on-demand,Tesla V100,10,23,0.027778,0.040694,0.105,0.211889,0.335556,0.266944,0.994716
2026-08-07T03:40:53+00:00,on-demand,Titan RTX,3,7,0.161111,0.161667,0.162222,0.181389,0.200556,0.161667,0.998376
2026-08-07T03:40:53+00:00,on-demand,Titan Xp,3,7,0.060556,0.060833,0.061111,0.061667,0.062222,0.061111,0.996264
2026-08-07T03:40:53+00:00,bid,A100 PCIE,36,55,0.133889,0.135556,0.174667,0.588056,0.601111,0.135556,0.991276
2026-08-07T03:40:53+00:00,bid,A100 SXM4,49,94,0.130316,0.401481,0.535556,0.801111,0.987222,0.501481,0.988874
2026-08-07T03:40:53+00:00,bid,A16,1,4,0.147037,0.147037,0.147037,0.147037,0.147037,0.147037,0.95903
2026-08-07T03:40:53+00:00,bid,A800 PCIE,7,12,0.129889,0.130444,0.131556,0.131556,0.131556,,0.994711
2026-08-07T03:40:53+00:00,bid,B200,14,84,4.375174,5.000347,5.000825,5.002279,7.377083,5.000825,0.993014
2026-08-07T03:40:53+00:00,bid,B300,8,33,3.75026,5.001215,5.002083,5.160547,5.626042,5.625781,0.965472
2026-08-07T03:40:53+00:00,bid,CMP 170HX,9,30,0.234167,0.24,0.253889,0.254444,0.668889,0.668889,0.963684
2026-08-07T03:40:53+00:00,bid,GTX 1050 Ti,1,1,0.024444,0.024444,0.024444,0.024444,0.024444,,0.988419
2026-08-07T03:40:53+00:00,bid,GTX 1060,1,1,0.031111,0.031111,0.031111,0.031111,0.031111,,0.99439
2026-08-07T03:40:53+00:00,bid,GTX 1070,1,1,0.024444,0.024444,0.024444,0.024444,0.024444,0.024444,0.993387
2026-08-07T03:40:53+00:00,bid,GTX 1070 Ti,1,2,0.041111,0.041111,0.041111,0.041111,0.041111,0.041111,0.993989
2026-08-07T03:40:53+00:00,bid,GTX 1080,6,22,0.037037,0.04037,0.040463,0.040556,0.042222,0.040556,0.990874
2026-08-07T03:40:53+00:00,bid,GTX 1080 Ti,8,26,0.026222,0.040556,0.047381,0.053935,0.055556,0.053651,0.997402
2026-08-07T03:40:53+00:00,bid,GTX 1650 S,1,1,0.037778,0.037778,0.037778,0.037778,0.037778,,0.991775
2026-08-07T03:40:53+00:00,bid,GTX 1660,1,1,0.037778,0.037778,0.037778,0.037778,0.037778,0.037778,0.99648
2026-08-07T03:40:53+00:00,bid,GTX 1660 S,1,1,0.031111,0.031111,0.031111,0.031111,0.031111,,0.97069
2026-08-07T03:40:53+00:00,bid,GTX 1660 Ti,1,1,0.037778,0.037778,0.037778,0.037778,0.037778,0.037778,0.987478
2026-08-07T03:40:53+00:00,bid,H100 NVL,8,12,0.404889,0.902463,0.935556,1.501861,2.122963,1.668167,0.940465
2026-08-07T03:40:53+00:00,bid,H100 PCIE,4,15,1.333889,1.334306,1.335,1.401736,1.600278,1.335,0.986706
2026-08-07T03:40:53+00:00,bid,H100 SXM,11,25,0.400556,0.436111,2.072,2.766694,4.002222,2.534444,0.993064
2026-08-07T03:40:53+00:00,bid,H200,17,57,0.441338,0.441886,1.935307,3.750548,5.395285,3.485855,0.99774
2026-08-07T03:40:53+00:00,bid,H200 NVL,16,29,0.535556,0.902889,1.103472,1.337111,2.268148,1.006667,0.99726
2026-08-07T03:40:53+00:00,bid,L4,5,8,0.134444,0.215556,0.267778,0.321111,0.322222,0.294444,0.998011
2026-08-07T03:40:53+00:00,bid,L40,7,12,0.467778,0.468889,0.471111,0.471111,0.471111,0.471111,0.988491
2026-08-07T03:40:53+00:00,bid,L40S,37,94,0.200185,0.333704,0.534815,0.540741,0.933611,0.540741,0.998494
2026-08-07T03:40:53+00:00,bid,Q RTX 8000,2,3,0.027556,0.027611,0.027667,0.027722,0.027778,0.027667,0.998938
2026-08-07T03:40:53+00:00,bid,Quadro P4000,1,1,0.03437,0.03437,0.03437,0.03437,0.03437,,0.997761
2026-08-07T03:40:53+00:00,bid,RTX 2060,4,6,0.027259,0.030148,0.036111,0.114722,0.335556,0.041111,0.992804
2026-08-07T03:40:53+00:00,bid,RTX 2060S,2,3,0.061111,0.076759,0.092407,0.108056,0.123704,0.092407,0.977977
2026-08-07T03:40:53+00:00,bid,RTX 2070,2,11,0.041111,0.044208,0.047305,0.050401,0.053498,0.041111,0.992841
2026-08-07T03:40:53+00:00,bid,RTX 2070S,3,18,0.053498,0.053508,0.053519,0.053759,0.054,0.054,0.987703
2026-08-07T03:40:53+00:00,bid,RTX 2080 Ti,4,18,0.037778,0.059653,0.066944,0.080579,0.121481,0.066944,0.986833
2026-08-07T03:40:53+00:00,bid,RTX 2080S,1,1,0.037778,0.037778,0.037778,0.037778,0.037778,0.037778,0.973217
2026-08-07T03:40:53+00:00,bid,RTX 3050,1,1,1.068889,1.068889,1.068889,1.068889,1.068889,,0.976395
2026-08-07T03:40:53+00:00,bid,RTX 3060,14,50,0.025111,0.045491,0.053704,0.094185,0.134519,0.070519,0.989561
2026-08-07T03:40:53+00:00,bid,RTX 3060 Ti,2,2,0.268889,0.369259,0.46963,0.57,0.67037,0.46963,0.922353
2026-08-07T03:40:53+00:00,bid,RTX 3060 laptop,5,14,0.013352,0.013481,0.038444,0.061481,0.066963,0.066963,0.996497
2026-08-07T03:40:53+00:00,bid,RTX 3070,7,23,0.040278,0.054167,0.068519,0.081204,0.135556,0.068519,0.997596
2026-08-07T03:40:53+00:00,bid,RTX 3080,11,32,0.054222,0.067083,0.108148,0.134722,0.240415,0.134722,0.992509
2026-08-07T03:40:53+00:00,bid,RTX 3080 Ti,5,8,0.095556,0.108889,0.108889,0.153889,0.155556,0.131389,0.995529
2026-08-07T03:40:53+00:00,bid,RTX 3090,66,177,0.014815,0.094278,0.130398,0.151852,0.367407,0.134074,0.993031
2026-08-07T03:40:53+00:00,bid,RTX 4060 Ti,5,9,0.042222,0.057037,0.075778,0.076889,0.100519,0.078778,0.995999
2026-08-07T03:40:53+00:00,bid,RTX 4070,8,15,0.067222,0.073778,0.076333,0.161389,0.162222,0.119,0.99743
2026-08-07T03:40:53+00:00,bid,RTX 4070 Ti,7,13,0.041111,0.094815,0.108889,0.240833,0.241111,0.095185,0.992043
2026-08-07T03:40:53+00:00,bid,RTX 4070S,2,2,0.076296,0.117778,0.159259,0.200741,0.242222,0.076296,0.976944
2026-08-07T03:40:53+00:00,bid,RTX 4070S Ti,17,50,0.067778,0.106889,0.200278,0.201111,1.211111,0.200556,0.999055
2026-08-07T03:40:53+00:00,bid,RTX 4080,20,50,0.133593,0.134565,0.141944,0.147407,0.255556,0.147037,0.992238
2026-08-07T03:40:53+00:00,bid,RTX 4080S,12,34,0.073827,0.107407,0.147037,0.168259,0.240519,0.147407,0.989427
2026-08-07T03:40:53+00:00,bid,RTX 4090,103,293,0.115099,0.202222,0.306914,0.402074,1.200556,0.335556,0.996317
2026-08-07T03:40:53+00:00,bid,RTX 4090D,13,32,0.054815,0.074185,0.075481,0.605111,0.606222,0.268148,0.970312
2026-08-07T03:40:53+00:00,bid,RTX 4500Ada,1,1,0.468889,0.468889,0.468889,0.468889,0.468889,,0.924801
2026-08-07T03:40:53+00:00,bid,RTX 5000Ada,3,4,0.268889,0.295,0.321111,0.321667,0.322222,0.321111,0.997071
2026-08-07T03:40:53+00:00,bid,RTX 5060,4,4,0.040296,0.050963,0.075037,0.123889,0.208889,0.131704,0.995307
2026-08-07T03:40:53+00:00,bid,RTX 5060 Ti,30,93,0.054444,0.067509,0.120926,0.147222,0.157889,0.146944,0.994964
2026-08-07T03:40:53+00:00,bid,RTX 5070,12,20,0.043704,0.088148,0.114333,0.122407,0.200444,0.121852,0.994101
2026-08-07T03:40:53+00:00,bid,RTX 5070 Ti,13,21,0.094444,0.107778,0.108889,0.135556,0.268,0.108889,0.995182
2026-08-07T03:40:53+00:00,bid,RTX 5080,16,31,0.015556,0.117639,0.13463,0.180889,0.442222,0.143148,0.993484
2026-08-07T03:40:53+00:00,bid,RTX 5090,109,238,0.103222,0.294444,0.402222,0.534074,2.666944,0.427778,0.994387
2026-08-07T03:40:53+00:00,bid,RTX 5880Ada,15,27,0.267185,0.294722,0.297037,0.297037,0.33437,0.297037,0.995835
2026-08-07T03:40:53+00:00,bid,RTX 6000Ada,29,51,0.134815,0.387778,0.402222,0.468741,0.74963,0.402222,0.996909
2026-08-07T03:40:53+00:00,bid,RTX A2000,3,3,0.03037,0.215259,0.400148,0.414148,0.428148,0.229259,0.994387
2026-08-07T03:40:53+00:00,bid,RTX A4000,12,60,0.057111,0.058222,0.100345,0.107068,0.133611,,0.97131
2026-08-07T03:40:53+00:00,bid,RTX A4500,1,1,0.081185,0.081185,0.081185,0.081185,0.081185,,0.95901
2026-08-07T03:40:53+00:00,bid,RTX A5000,6,16,0.226984,0.22843,0.282785,0.33463,0.334815,0.227407,0.984548
2026-08-07T03:40:53+00:00,bid,RTX A6000,10,25,0.138519,0.2125,0.33377,0.334352,0.335556,,0.992925
2026-08-07T03:40:53+00:00,bid,RTX PRO 4000,14,30,0.068889,0.228019,0.240617,0.241481,0.370815,0.240617,0.995131
2026-08-07T03:40:53+00:00,bid,RTX PRO 4500,6,7,0.187778,0.188889,0.201852,0.24537,0.27037,0.262963,0.997602
2026-08-07T03:40:53+00:00,bid,RTX PRO 5000,32,53,0.135111,0.269222,0.401852,0.535093,0.803704,0.468889,0.992544
2026-08-07T03:40:53+00:00,bid,RTX PRO 6000 S,27,56,0.352667,0.534,1.000556,1.06963,2.935556,1.034815,0.997124
2026-08-07T03:40:53+00:00,bid,RTX PRO 6000 WS,28,45,0.335556,0.538519,0.668889,0.802407,1.320926,0.667407,0.994906
2026-08-07T03:40:53+00:00,bid,Tesla T4,2,3,3.400741,3.400926,3.401111,3.401296,3.401481,,0.972409
2026-08-07T03:40:53+00:00,bid,Tesla V100,17,41,0.027222,0.088889,0.095778,0.162222,0.242222,0.148148,0.994956
2026-08-07T03:40:53+00:00,bid,Titan RTX,6,15,0.107222,0.112963,0.129204,0.133306,0.135556,0.134444,0.996353
2026-08-07T03:40:53+00:00,bid,Titan Xp,3,7,0.040556,0.040833,0.041111,0.041667,0.042222,0.041111,0.996264
2026-08-07T03:45:55+00:00,on-demand,A100 PCIE,14,44,0.266944,0.378102,0.891,1.040764,1.507556,0.780889,0.988649
2026-08-07T03:45:55+00:00,on-demand,A100 SXM4,22,64,0.468889,0.800741,0.934444,1.173278,1.601296,1.09775,0.995551
2026-08-07T03:45:55+00:00,on-demand,A16,1,4,0.20037,0.20037,0.20037,0.20037,0.20037,0.20037,0.95903
2026-08-07T03:45:55+00:00,on-demand,A800 PCIE,2,5,0.667222,0.667639,0.668056,0.668472,0.668889,,0.994711
2026-08-07T03:45:55+00:00,on-demand,B200,8,29,5.000521,5.377474,5.572005,5.690234,6.246528,5.572005,0.99716
2026-08-07T03:45:55+00:00,on-demand,B300,6,21,8.125521,8.594705,10.001042,10.002431,10.005556,8.125781,0.965472
2026-08-07T03:45:55+00:00,on-demand,CMP 170HX,8,28,0.236833,0.238917,0.288185,0.334028,0.935556,0.935556,0.954406
2026-08-07T03:45:55+00:00,on-demand,GTX 1050 Ti,1,1,0.611111,0.611111,0.611111,0.611111,0.611111,,0.988419
2026-08-07T03:45:55+00:00,on-demand,GTX 1060,1,1,0.344444,0.344444,0.344444,0.344444,0.344444,,0.99439
2026-08-07T03:45:55+00:00,on-demand,GTX 1070,1,1,0.531111,0.531111,0.531111,0.531111,0.531111,0.531111,0.993387
2026-08-07T03:45:55+00:00,on-demand,GTX 1080,5,12,0.027778,0.050222,0.05037,0.051037,0.054444,0.051037,0.993949
2026-08-07T03:45:55+00:00,on-demand,GTX 1080 Ti,6,17,0.042222,0.060694,0.063667,0.071794,0.074444,0.066222,0.997448
2026-08-07T03:45:55+00:00,on-demand,GTX 1650 S,1,1,0.677778,0.677778,0.677778,0.677778,0.677778,,0.991775
2026-08-07T03:45:55+00:00,on-demand,GTX 1660,1,1,0.677778,0.677778,0.677778,0.677778,0.677778,0.677778,0.99648
2026-08-07T03:45:55+00:00,on-demand,GTX 1660 S,2,7,0.033704,0.138056,0.242407,0.346759,0.451111,,0.963535
2026-08-07T03:45:55+00:00,on-demand,GTX TITAN X,1,1,0.031556,0.031556,0.031556,0.031556,0.031556,,0.995386
2026-08-07T03:45:55+00:00,on-demand,H100 NVL,6,10,2.642222,2.667593,2.801852,3.034472,3.073185,3.0015,0.996591
2026-08-07T03:45:55+00:00,on-demand,H100 PCIE,4,15,1.868889,2.067431,2.13375,2.134028,2.134444,2.13375,0.991671
2026-08-07T03:45:55+00:00,on-demand,H100 SXM,11,34,1.733889,1.834723,1.935557,3.008813,3.395556,2.549917,0.994764
2026-08-07T03:45:55+00:00,on-demand,H200,11,44,3.816155,3.974689,4.08114,4.178454,5.526864,4.046875,0.99774
2026-08-07T03:45:55+00:00,on-demand,H200 NVL,7,19,2.800556,2.908565,3.001778,3.303556,3.975556,3.429444,0.992164
2026-08-07T03:45:55+00:00,on-demand,L4,1,2,0.334444,0.334444,0.334444,0.334444,0.334444,0.334444,0.996385
2026-08-07T03:45:55+00:00,on-demand,L40,3,7,0.574444,0.575,0.575556,0.576667,0.577778,0.575556,0.988491
2026-08-07T03:45:55+00:00,on-demand,L40S,14,50,0.401111,0.467037,0.667778,1.000579,1.074074,0.934213,0.997889
2026-08-07T03:45:55+00:00,on-demand,Q RTX 6000,2,6,0.133704,0.133796,0.133889,0.133981,0.134074,0.133889,0.999262
2026-08-07T03:45:55+00:00,on-demand,Q RTX 8000,3,4,0.254074,0.254444,0.254815,0.262963,0.271111,0.254815,0.998302
2026-08-07T03:45:55+00:00,on-demand,Quadro P4000,2,3,0.040741,0.040926,0.041111,0.041296,0.041481,,0.964347
2026-08-07T03:45:55+00:00,on-demand,RTX 2060,2,3,0.052593,0.143333,0.234074,0.324815,0.415556,0.415556,0.986977
2026-08-07T03:45:55+00:00,on-demand,RTX 2060S,1,2,0.065111,0.065111,0.065111,0.065111,0.065111,0.065111,0.989301
2026-08-07T03:45:55+00:00,on-demand,RTX 2070,2,11,0.054444,0.057541,0.060638,0.063735,0.066831,0.054444,0.992841
2026-08-07T03:45:55+00:00,on-demand,RTX 2070S,1,8,0.066852,0.066852,0.066852,0.066852,0.066852,,0.987703
2026-08-07T03:45:55+00:00,on-demand,RTX 2080 Ti,6,14,0.068889,0.075671,0.082778,0.122037,0.811111,0.082778,0.99054
2026-08-07T03:45:55+00:00,on-demand,RTX 2080S,1,1,0.744444,0.744444,0.744444,0.744444,0.744444,0.744444,0.973217
2026-08-07T03:45:55+00:00,on-demand,RTX 3050,1,1,1.322222,1.322222,1.322222,1.322222,1.322222,,0.976395
2026-08-07T03:45:55+00:00,on-demand,RTX 3060,12,31,0.022222,0.055069,0.104259,0.298,1.335556,0.140741,0.991521
2026-08-07T03:45:55+00:00,on-demand,RTX 3060 Ti,1,1,0.961037,0.961037,0.961037,0.961037,0.961037,0.961037,0.849634
2026-08-07T03:45:55+00:00,on-demand,RTX 3060 laptop,3,11,0.026685,0.033898,0.041111,0.041667,0.042222,,0.99877
2026-08-07T03:45:55+00:00,on-demand,RTX 3070,10,33,0.041111,0.075741,0.090602,0.107153,0.166222,0.090602,0.996382
2026-08-07T03:45:55+00:00,on-demand,RTX 3080,15,48,0.048889,0.064491,0.082222,0.116917,0.268889,0.113556,0.993024
2026-08-07T03:45:55+00:00,on-demand,RTX 3080 Ti,2,2,0.122222,0.131889,0.141556,0.151222,0.160889,0.160889,0.995173
2026-08-07T03:45:55+00:00,on-demand,RTX 3090,34,112,0.08037,0.148056,0.177315,0.26187,2.001111,0.227019,0.991358
2026-08-07T03:45:55+00:00,on-demand,RTX 4060,3,6,0.05363,0.057704,0.061778,1.369778,2.677778,0.061778,0.985053
2026-08-07T03:45:55+00:00,on-demand,RTX 4060 Ti,6,12,0.081111,0.08813,0.106111,0.108259,0.141111,0.10763,0.9972
2026-08-07T03:45:55+00:00,on-demand,RTX 4070,3,4,0.094444,0.095,0.095556,0.134222,0.172889,0.095556,0.99743
2026-08-07T03:45:55+00:00,on-demand,RTX 4070 Ti,9,16,0.094444,0.097037,0.134444,0.162222,0.282444,0.097037,0.992043
2026-08-07T03:45:55+00:00,on-demand,RTX 4070S,4,10,0.083704,0.084537,0.086204,0.089213,0.094074,0.084815,0.994272
2026-08-07T03:45:55+00:00,on-demand,RTX 4070S Ti,11,25,0.068889,0.148,0.246944,0.248333,1.402222,0.247083,0.998026
2026-08-07T03:45:55+00:00,on-demand,RTX 4080,14,35,0.121852,0.164731,0.188056,0.247935,0.268889,0.207185,0.990363
2026-08-07T03:45:55+00:00,on-demand,RTX 4080S,12,36,0.095185,0.150202,0.163333,0.210287,0.309333,0.18437,0.989749
2026-08-07T03:45:55+00:00,on-demand,RTX 4090,52,205,0.253444,0.360347,0.430357,0.668889,1.337037,0.535741,0.995245
2026-08-07T03:45:55+00:00,on-demand,RTX 4090D,10,26,0.160185,0.160926,0.330444,0.600787,0.668889,0.401481,0.970312
2026-08-07T03:45:55+00:00,on-demand,RTX 4500Ada,1,1,1.268889,1.268889,1.268889,1.268889,1.268889,,0.924801
2026-08-07T03:45:55+00:00,on-demand,RTX 5000Ada,2,3,0.427778,0.434722,0.441667,0.448611,0.455556,0.441667,0.993707
2026-08-07T03:45:55+00:00,on-demand,RTX 5060,4,4,0.05363,0.06363,0.107926,0.150556,0.155556,0.111259,0.994743
2026-08-07T03:45:55+00:00,on-demand,RTX 5060 Ti,15,58,0.066944,0.088963,0.106025,0.176417,0.228148,0.176278,0.994488
2026-08-07T03:45:55+00:00,on-demand,RTX 5070,7,10,0.074074,0.106296,0.114222,0.151667,0.267111,0.142222,0.996431
2026-08-07T03:45:55+00:00,on-demand,RTX 5070 Ti,10,22,0.122222,0.134907,0.200556,0.201944,0.401333,0.201389,0.9956
2026-08-07T03:45:55+00:00,on-demand,RTX 5080,16,46,0.160593,0.180111,0.254722,0.400694,1.775556,0.254259,0.975226
2026-08-07T03:45:55+00:00,on-demand,RTX 5090,43,153,0.212889,0.427148,0.561852,0.803333,5.986944,0.773472,0.994093
2026-08-07T03:45:55+00:00,on-demand,RTX 5880Ada,3,7,0.600926,0.601389,0.601852,0.602778,0.603704,0.601852,0.995835
2026-08-07T03:45:55+00:00,on-demand,RTX 6000Ada,11,34,0.441111,0.582741,0.640926,0.687917,0.787778,0.660741,0.993582
2026-08-07T03:45:55+00:00,on-demand,RTX A2000,4,5,0.034074,0.03563,0.036148,0.150481,0.493481,,0.995214
2026-08-07T03:45:55+00:00,on-demand,RTX A4000,11,52,0.067037,0.069963,0.12037,0.133765,0.153556,,0.97131
2026-08-07T03:45:55+00:00,on-demand,RTX A4500,2,2,0.121185,0.409593,0.698,0.986407,1.274815,,0.978557
2026-08-07T03:45:55+00:00,on-demand,RTX A5000,4,15,0.230984,0.231302,0.232148,0.23477,0.240415,0.232148,0.998034
2026-08-07T03:45:55+00:00,on-demand,RTX A6000,8,25,0.298519,0.376164,0.434815,1.233819,1.335556,,0.990186
2026-08-07T03:45:55+00:00,on-demand,RTX PRO 4000,8,14,0.254074,0.254722,0.284778,0.361296,0.534815,0.284778,0.991131
2026-08-07T03:45:55+00:00,on-demand,RTX PRO 4500,4,5,0.308148,0.32787,0.335,0.337593,0.343704,0.343704,0.997602
2026-08-07T03:45:55+00:00,on-demand,RTX PRO 5000,11,35,0.640185,0.654259,0.733611,0.735,0.944148,0.70125,0.993084
2026-08-07T03:45:55+00:00,on-demand,RTX PRO 6000 S,16,53,0.866685,1.300667,1.601389,1.733796,3.068889,1.631247,0.996892
2026-08-07T03:45:55+00:00,on-demand,RTX PRO 6000 WS,13,25,0.868889,1.07037,1.445185,1.867407,13.335556,1.516389,0.994878
2026-08-07T03:45:55+00:00,on-demand,Tesla P100,1,2,0.081481,0.081481,0.081481,0.081481,0.081481,0.081481,0.994816
2026-08-07T03:45:55+00:00,on-demand,Tesla P40,2,2,0.033334,0.075556,0.117778,0.16,0.202222,,0.974011
2026-08-07T03:45:55+00:00,on-demand,Tesla T4,2,3,12.000741,12.000926,12.001111,12.001296,12.001481,,0.972409
2026-08-07T03:45:55+00:00,on-demand,Tesla V100,12,28,0.023556,0.037639,0.139185,0.193403,0.268889,0.266944,0.9934
2026-08-07T03:45:55+00:00,on-demand,Titan RTX,4,9,0.135185,0.15463,0.161667,0.171806,0.200556,0.161667,0.996353
2026-08-07T03:45:55+00:00,on-demand,Titan Xp,3,7,0.060556,0.060833,0.061111,0.061667,0.062222,0.061111,0.996264
2026-08-07T03:45:55+00:00,bid,A100 PCIE,37,59,0.133889,0.135556,0.200741,0.586944,0.588889,0.135556,0.991276
2026-08-07T03:45:55+00:00,bid,A100 SXM4,49,92,0.130316,0.401481,0.501481,0.668148,0.987222,0.501481,0.984492
2026-08-07T03:45:55+00:00,bid,A16,1,4,0.147037,0.147037,0.147037,0.147037,0.147037,0.147037,0.95903
2026-08-07T03:45:55+00:00,bid,A800 PCIE,7,12,0.129889,0.130444,0.131556,0.131556,0.131556,,0.994711
2026-08-07T03:45:55+00:00,bid,B200,18,100,4.375174,5.000347,5.001302,5.0023,7.377083,5.001302,0.993014
2026-08-07T03:45:55+00:00,bid,B300,7,29,3.75026,5.001042,5.002778,5.315538,5.626042,5.625781,0.965472
2026-08-07T03:45:55+00:00,bid,CMP 170HX,8,26,0.234167,0.23875,0.254074,0.254444,0.668889,0.668889,0.963684
2026-08-07T03:45:55+00:00,bid,GTX 1050 Ti,1,1,0.024444,0.024444,0.024444,0.024444,0.024444,,0.988419
2026-08-07T03:45:55+00:00,bid,GTX 1060,1,1,0.031111,0.031111,0.031111,0.031111,0.031111,,0.99439
2026-08-07T03:45:55+00:00,bid,GTX 1070,1,1,0.024444,0.024444,0.024444,0.024444,0.024444,0.024444,0.993387
2026-08-07T03:45:55+00:00,bid,GTX 1070 Ti,1,1,0.042222,0.042222,0.042222,0.042222,0.042222,0.042222,0.993989
2026-08-07T03:45:55+00:00,bid,GTX 1080,4,13,0.037037,0.039537,0.040463,0.040694,0.041111,0.040556,0.996639
2026-08-07T03:45:55+00:00,bid,GTX 1080 Ti,9,28,0.026222,0.040556,0.041111,0.053889,0.055556,0.047381,0.997402
2026-08-07T03:45:55+00:00,bid,GTX 1650 S,1,1,0.037778,0.037778,0.037778,0.037778,0.037778,,0.991775
2026-08-07T03:45:55+00:00,bid,GTX 1660,1,1,0.037778,0.037778,0.037778,0.037778,0.037778,0.037778,0.99648
2026-08-07T03:45:55+00:00,bid,GTX 1660 S,1,1,0.031111,0.031111,0.031111,0.031111,0.031111,,0.97069
2026-08-07T03:45:55+00:00,bid,GTX 1660 Ti,1,1,0.037778,0.037778,0.037778,0.037778,0.037778,0.037778,0.987478
2026-08-07T03:45:55+00:00,bid,H100 NVL,7,11,0.404889,0.870481,0.935556,1.468167,2.122963,2.000778,0.943154
2026-08-07T03:45:55+00:00,bid,H100 PCIE,9,26,0.347778,1.468111,1.600556,1.601111,1.602222,1.600556,0.991671
2026-08-07T03:45:55+00:00,bid,H100 SXM,11,31,0.400556,0.703333,1.666889,2.697361,4.002222,2.697361,0.993064
2026-08-07T03:45:55+00:00,bid,H200,15,54,0.441338,0.441886,2.631944,3.618476,5.263706,3.485855,0.997354
2026-08-07T03:45:55+00:00,bid,H200 NVL,18,36,0.535556,1.003167,1.200417,1.338444,3.201111,1.006667,0.994631
2026-08-07T03:45:55+00:00,bid,L4,7,10,0.081481,0.175,0.267778,0.295,0.322222,0.268889,0.998011
2026-08-07T03:45:55+00:00,bid,L40,5,10,0.467778,0.468889,0.468889,0.471111,0.471111,0.468889,0.988491
2026-08-07T03:45:55+00:00,bid,L40S,35,97,0.200185,0.334074,0.534815,0.540741,0.774815,0.537037,0.99847
2026-08-07T03:45:55+00:00,bid,Q RTX 8000,1,1,0.067704,0.067704,0.067704,0.067704,0.067704,0.067704,0.998603
2026-08-07T03:45:55+00:00,bid,Quadro P4000,1,1,0.03437,0.03437,0.03437,0.03437,0.03437,,0.997761
2026-08-07T03:45:55+00:00,bid,RTX 2060,4,6,0.027259,0.030148,0.036111,0.114722,0.335556,0.041111,0.992804
2026-08-07T03:45:55+00:00,bid,RTX 2060S,2,4,0.047289,0.050744,0.0542,0.057656,0.061111,0.0542,0.992155
2026-08-07T03:45:55+00:00,bid,RTX 2070,2,11,0.041111,0.044208,0.047305,0.050401,0.053498,0.041111,0.992841
2026-08-07T03:45:55+00:00,bid,RTX 2070S,2,17,0.053498,0.053503,0.053508,0.053513,0.053519,,0.987703
2026-08-07T03:45:55+00:00,bid,RTX 2080 Ti,4,11,0.037778,0.059653,0.068509,0.079778,0.108889,0.070074,0.99515
2026-08-07T03:45:55+00:00,bid,RTX 2080S,1,1,0.037778,0.037778,0.037778,0.037778,0.037778,0.037778,0.973217
2026-08-07T03:45:55+00:00,bid,RTX 3050,1,1,1.068889,1.068889,1.068889,1.068889,1.068889,,0.976395
2026-08-07T03:45:55+00:00,bid,RTX 3060,13,41,0.026222,0.042222,0.048185,0.102815,0.134519,0.121185,0.989134
2026-08-07T03:45:55+00:00,bid,RTX 3060 Ti,1,1,0.67037,0.67037,0.67037,0.67037,0.67037,0.67037,0.849634
2026-08-07T03:45:55+00:00,bid,RTX 3060 laptop,3,11,0.013352,0.013417,0.013481,0.025963,0.038444,,0.989756
2026-08-07T03:45:55+00:00,bid,RTX 3070,10,28,0.040278,0.045528,0.068148,0.076889,0.135556,0.068519,0.994952
2026-08-07T03:45:55+00:00,bid,RTX 3080,13,34,0.041111,0.060741,0.068148,0.133889,0.240415,0.121389,0.991799
2026-08-07T03:45:55+00:00,bid,RTX 3080 Ti,6,11,0.088889,0.098519,0.108148,0.142639,0.155556,0.131389,0.994349
2026-08-07T03:45:55+00:00,bid,RTX 3090,62,163,0.016296,0.095556,0.133657,0.149259,0.367407,0.134074,0.992742
2026-08-07T03:45:55+00:00,bid,RTX 4060,1,1,0.083704,0.083704,0.083704,0.083704,0.083704,0.083704,0.998552
2026-08-07T03:45:55+00:00,bid,RTX 4060 Ti,7,15,0.042222,0.0755,0.076889,0.09137,0.101037,0.100519,0.996049
2026-08-07T03:45:55+00:00,bid,RTX 4070,5,8,0.054444,0.075778,0.076889,0.087778,0.162222,0.076889,0.999
2026-08-07T03:45:55+00:00,bid,RTX 4070 Ti,8,14,0.041111,0.095,0.108889,0.240694,0.241111,0.108889,0.992043
2026-08-07T03:45:55+00:00,bid,RTX 4070S,3,4,0.071481,0.073889,0.076296,0.159259,0.242222,0.073889,0.984027
2026-08-07T03:45:55+00:00,bid,RTX 4070S Ti,10,34,0.067778,0.103944,0.20025,0.200972,1.211111,0.200278,0.99854
2026-08-07T03:45:55+00:00,bid,RTX 4080,23,56,0.133593,0.134463,0.137037,0.147407,0.255556,0.147037,0.994114
2026-08-07T03:45:55+00:00,bid,RTX 4080S,12,34,0.071222,0.07463,0.147037,0.151,0.240519,0.147222,0.989749
2026-08-07T03:45:55+00:00,bid,RTX 4090,95,288,0.115148,0.204074,0.333704,0.402778,1.200556,0.387778,0.995994
2026-08-07T03:45:55+00:00,bid,RTX 4090D,14,35,0.054815,0.073463,0.074556,0.604972,0.606222,0.268148,0.970312
2026-08-07T03:45:55+00:00,bid,RTX 4500Ada,1,1,0.468889,0.468889,0.468889,0.468889,0.468889,,0.924801
2026-08-07T03:45:55+00:00,bid,RTX 5000Ada,3,4,0.268889,0.295,0.321111,0.321667,0.322222,0.321111,0.997071
2026-08-07T03:45:55+00:00,bid,RTX 5060,7,9,0.027407,0.074593,0.163704,0.167407,0.208889,0.131259,0.978209
2026-08-07T03:45:55+00:00,bid,RTX 5060 Ti,33,99,0.05363,0.067481,0.081481,0.147222,0.218222,0.135185,0.994488
2026-08-07T03:45:55+00:00,bid,RTX 5070,13,18,0.043704,0.068148,0.094815,0.122963,0.200444,0.114333,0.994149
2026-08-07T03:45:55+00:00,bid,RTX 5070 Ti,13,23,0.093889,0.107778,0.108889,0.136,0.268,0.121222,0.995182
2026-08-07T03:45:55+00:00,bid,RTX 5080,18,36,0.015556,0.120694,0.147222,0.175204,0.442222,0.148333,0.971462
2026-08-07T03:45:55+00:00,bid,RTX 5090,114,269,0.103222,0.280972,0.402037,0.517801,2.666944,0.402222,0.994401
2026-08-07T03:45:55+00:00,bid,RTX 5880Ada,12,21,0.267185,0.295185,0.297037,0.297037,0.297037,0.297037,0.995835
2026-08-07T03:45:55+00:00,bid,RTX 6000Ada,26,51,0.134815,0.201389,0.467463,0.468852,0.775556,0.467704,0.997828
2026-08-07T03:45:55+00:00,bid,RTX A2000,3,3,0.03037,0.215259,0.400148,0.414148,0.428148,0.229259,0.994387
2026-08-07T03:45:55+00:00,bid,RTX A4000,13,76,0.057111,0.093704,0.107037,0.133556,0.133611,,0.97131
2026-08-07T03:45:55+00:00,bid,RTX A4500,2,2,0.081185,0.081185,0.081185,0.081185,0.081185,,0.959008
2026-08-07T03:45:55+00:00,bid,RTX A5000,7,21,0.108519,0.11037,0.22083,0.227196,0.230999,0.22083,0.999363
2026-08-07T03:45:55+00:00,bid,RTX A6000,11,27,0.138519,0.222407,0.333651,0.334259,0.334444,,0.992925
2026-08-07T03:45:55+00:00,bid,RTX PRO 4000,13,29,0.068889,0.227778,0.240494,0.241481,0.370815,0.240617,0.994435
2026-08-07T03:45:55+00:00,bid,RTX PRO 4500,5,6,0.187778,0.188889,0.188889,0.214815,0.27037,0.27037,0.998399
2026-08-07T03:45:55+00:00,bid,RTX PRO 5000,29,58,0.135111,0.377037,0.435185,0.533889,0.545222,0.445185,0.992003
2026-08-07T03:45:55+00:00,bid,RTX PRO 6000 S,28,59,0.352667,0.534111,1.000833,1.068519,2.935556,1.002222,0.997124
2026-08-07T03:45:55+00:00,bid,RTX PRO 6000 WS,29,44,0.268148,0.538519,0.775111,0.868889,1.137778,0.800194,0.9956
2026-08-07T03:45:55+00:00,bid,Tesla T4,2,3,3.400741,3.400926,3.401111,3.401296,3.401481,,0.972409
2026-08-07T03:45:55+00:00,bid,Tesla V100,17,43,0.015556,0.088889,0.096889,0.162222,0.242222,0.161111,0.999268
2026-08-07T03:45:55+00:00,bid,Titan RTX,7,16,0.107222,0.108333,0.108889,0.129204,0.134444,0.108889,0.998376
2026-08-07T03:45:55+00:00,bid,Titan Xp,4,9,0.040556,0.040972,0.041111,0.041389,0.042222,0.041111,0.996264
2026-08-07T03:50:54+00:00,on-demand,A100 PCIE,16,49,0.266944,0.598194,0.870741,1.042819,1.507556,0.868148,0.995352
2026-08-07T03:50:54+00:00,on-demand,A100 SXM4,22,64,0.468889,0.809815,0.934444,1.187833,1.601296,1.00088,0.991654
2026-08-07T03:50:54+00:00,on-demand,A16,1,4,0.20037,0.20037,0.20037,0.20037,0.20037,0.20037,0.95903
2026-08-07T03:50:54+00:00,on-demand,A800 PCIE,3,7,0.667222,0.6675,0.667778,0.668333,0.668889,,0.994711
2026-08-07T03:50:54+00:00,on-demand,B200,23,118,5.000521,5.502604,5.625347,5.841059,7.750521,5.625347,0.991024
2026-08-07T03:50:54+00:00,on-demand,B300,7,29,8.125521,8.438151,10.000694,10.002083,10.005556,8.125781,0.965472
2026-08-07T03:50:54+00:00,on-demand,CMP 170HX,6,20,0.236833,0.238917,0.288278,0.334306,0.935556,0.935556,0.954406
2026-08-07T03:50:54+00:00,on-demand,GTX 1050 Ti,1,1,0.611111,0.611111,0.611111,0.611111,0.611111,,0.988419
2026-08-07T03:50:54+00:00,on-demand,GTX 1060,1,1,0.344444,0.344444,0.344444,0.344444,0.344444,,0.99439
2026-08-07T03:50:54+00:00,on-demand,GTX 1070,1,1,0.531111,0.531111,0.531111,0.531111,0.531111,0.531111,0.993387
2026-08-07T03:50:54+00:00,on-demand,GTX 1080,6,16,0.027778,0.050009,0.050704,0.051426,0.051778,0.051296,0.985523
2026-08-07T03:50:54+00:00,on-demand,GTX 1080 Ti,7,22,0.042222,0.060833,0.066222,0.07377,0.074074,0.069937,0.997494
2026-08-07T03:50:54+00:00,on-demand,GTX 1650 S,1,1,0.677778,0.677778,0.677778,0.677778,0.677778,,0.991775
2026-08-07T03:50:54+00:00,on-demand,GTX 1660,1,1,0.677778,0.677778,0.677778,0.677778,0.677778,0.677778,0.99648
2026-08-07T03:50:54+00:00,on-demand,GTX 1660 S,3,9,0.033704,0.034074,0.034444,0.242778,0.451111,,0.95638
2026-08-07T03:50:54+00:00,on-demand,GTX TITAN X,1,1,0.028889,0.028889,0.028889,0.028889,0.028889,,0.992546
2026-08-07T03:50:54+00:00,on-demand,H100 NVL,4,8,2.588889,2.647778,2.667778,2.767972,3.067444,2.828167,0.996591
2026-08-07T03:50:54+00:00,on-demand,H100 PCIE,4,15,2.000556,2.100347,2.134028,2.134722,2.135556,2.134028,0.991671
2026-08-07T03:50:54+00:00,on-demand,H100 SXM,16,62,1.467778,2.42389,3.029167,3.369986,4.775556,3.364278,0.993914
2026-08-07T03:50:54+00:00,on-demand,H200,18,85,3.816155,4.079496,4.145559,4.30969,5.526864,4.146107,0.997838
2026-08-07T03:50:54+00:00,on-demand,H200 NVL,8,30,2.800278,2.885833,2.947787,3.090413,3.602222,2.885,0.994821
2026-08-07T03:50:54+00:00,on-demand,L4,2,3,0.255556,0.275278,0.295,0.314722,0.334444,0.334444,0.99415
2026-08-07T03:50:54+00:00,on-demand,L40,3,7,0.574444,0.575,0.575556,0.576667,0.577778,0.575556,0.988491
2026-08-07T03:50:54+00:00,on-demand,L40S,16,56,0.401111,0.467037,0.567778,0.867014,1.074074,0.80037,0.996558
2026-08-07T03:50:54+00:00,on-demand,Q RTX 6000,2,6,0.133704,0.133796,0.133889,0.133981,0.134074,0.133889,0.999262
2026-08-07T03:50:54+00:00,on-demand,Q RTX 8000,4,6,0.240556,0.249917,0.253556,0.258333,0.271111,0.253556,0.998728
2026-08-07T03:50:54+00:00,on-demand,Quadro P4000,2,3,0.040741,0.040926,0.041111,0.041296,0.041481,,0.964347
2026-08-07T03:50:54+00:00,on-demand,RTX 2060,2,3,0.052593,0.143333,0.234074,0.324815,0.415556,0.415556,0.986977
2026-08-07T03:50:54+00:00,on-demand,RTX 2060S,1,2,0.067289,0.067289,0.067289,0.067289,0.067289,0.067289,0.995009
2026-08-07T03:50:54+00:00,on-demand,RTX 2070,2,11,0.054444,0.057541,0.060638,0.063735,0.066831,0.054444,0.992841
2026-08-07T03:50:54+00:00,on-demand,RTX 2070S,1,9,0.066831,0.066831,0.066831,0.066831,0.066831,,0.987703
2026-08-07T03:50:54+00:00,on-demand,RTX 2080 Ti,5,13,0.068889,0.068889,0.073611,0.081852,0.811111,0.073611,0.992842
2026-08-07T03:50:54+00:00,on-demand,RTX 2080S,1,1,0.744444,0.744444,0.744444,0.744444,0.744444,0.744444,0.973217
2026-08-07T03:50:54+00:00,on-demand,RTX 3050,1,1,1.322222,1.322222,1.322222,1.322222,1.322222,,0.976395
2026-08-07T03:50:54+00:00,on-demand,RTX 3060,10,30,0.022222,0.054468,0.064352,0.170481,1.335556,0.061481,0.996618
2026-08-07T03:50:54+00:00,on-demand,RTX 3060 Ti,1,1,0.961037,0.961037,0.961037,0.961037,0.961037,0.961037,0.849634
2026-08-07T03:50:54+00:00,on-demand,RTX 3060 laptop,3,11,0.026685,0.033898,0.041111,0.041667,0.042222,,0.99877
2026-08-07T03:50:54+00:00,on-demand,RTX 3070,11,40,0.041111,0.072593,0.100617,0.107222,0.166222,0.100617,0.993554
2026-08-07T03:50:54+00:00,on-demand,RTX 3080,14,53,0.060222,0.069421,0.085185,0.118597,0.268889,0.113556,0.995072
2026-08-07T03:50:54+00:00,on-demand,RTX 3080 Ti,2,2,0.160889,0.161593,0.162296,0.163,0.163704,0.160889,0.940536
2026-08-07T03:50:54+00:00,on-demand,RTX 3090,40,119,0.077556,0.146111,0.177315,0.267056,2.001111,0.240556,0.99352
2026-08-07T03:50:54+00:00,on-demand,RTX 4060,2,5,0.05363,0.709667,1.365704,2.021741,2.677778,,0.98447
2026-08-07T03:50:54+00:00,on-demand,RTX 4060 Ti,7,15,0.067556,0.080833,0.082222,0.106111,0.108889,0.10637,0.996049
2026-08-07T03:50:54+00:00,on-demand,RTX 4070,3,7,0.089111,0.090111,0.091111,0.092685,0.094259,0.091111,0.995955
2026-08-07T03:50:54+00:00,on-demand,RTX 4070 Ti,9,16,0.088889,0.097037,0.134815,0.162222,0.282444,0.097037,0.989817
2026-08-07T03:50:54+00:00,on-demand,RTX 4070S,4,10,0.081852,0.082269,0.086389,0.091296,0.094074,0.082407,0.994272
2026-08-07T03:50:54+00:00,on-demand,RTX 4070S Ti,11,29,0.068889,0.123519,0.201111,0.248056,1.402222,0.190667,0.996481
2026-08-07T03:50:54+00:00,on-demand,RTX 4080,14,35,0.121852,0.161398,0.188056,0.247935,0.268889,0.207185,0.990363
2026-08-07T03:50:54+00:00,on-demand,RTX 4080S,12,39,0.117542,0.147611,0.15517,0.172185,0.255185,0.149785,0.992298
2026-08-07T03:50:54+00:00,on-demand,RTX 4090,51,198,0.242222,0.348148,0.441852,0.605556,1.337037,0.535185,0.995252
2026-08-07T03:50:54+00:00,on-demand,RTX 4090D,10,26,0.160185,0.160926,0.330444,0.600787,0.668889,0.401481,0.970312
2026-08-07T03:50:54+00:00,on-demand,RTX 4500Ada,1,1,1.268889,1.268889,1.268889,1.268889,1.268889,,0.924801
2026-08-07T03:50:54+00:00,on-demand,RTX 5000Ada,2,3,0.427778,0.428056,0.428333,0.428611,0.428889,0.428333,0.997071
2026-08-07T03:50:54+00:00,on-demand,RTX 5060,4,4,0.075556,0.130556,0.152222,0.182222,0.262222,0.208889,0.995906
2026-08-07T03:50:54+00:00,on-demand,RTX 5060 Ti,19,67,0.051111,0.087778,0.093889,0.147963,0.227407,0.135185,0.994488
2026-08-07T03:50:54+00:00,on-demand,RTX 5070,8,12,0.014815,0.10037,0.106296,0.146389,0.360444,0.141111,0.996418
2026-08-07T03:50:54+00:00,on-demand,RTX 5070 Ti,13,29,0.122222,0.134815,0.173889,0.201111,0.401333,0.173889,0.996481
2026-08-07T03:50:54+00:00,on-demand,RTX 5080,17,56,0.162222,0.177778,0.241481,0.400278,1.775556,0.20963,0.987538
2026-08-07T03:50:54+00:00,on-demand,RTX 5090,50,165,0.212889,0.413389,0.592954,0.802315,5.986944,0.697037,0.995751
2026-08-07T03:50:54+00:00,on-demand,RTX 5880Ada,3,7,0.600926,0.601389,0.601852,0.602778,0.603704,0.601852,0.995835
2026-08-07T03:50:54+00:00,on-demand,RTX 6000Ada,8,28,0.441111,0.600847,0.680833,0.685069,0.697778,0.680833,0.997491
2026-08-07T03:50:54+00:00,on-demand,RTX A2000,5,6,0.034074,0.036148,0.036148,0.493481,1.335556,,0.995214
2026-08-07T03:50:54+00:00,on-demand,RTX A4000,8,42,0.067037,0.079333,0.133493,0.133735,0.146889,,0.97131
2026-08-07T03:50:54+00:00,on-demand,RTX A4500,2,2,0.114519,0.404593,0.694667,0.984741,1.274815,,0.978555
2026-08-07T03:50:54+00:00,on-demand,RTX A5000,2,9,0.230984,0.256368,0.281751,0.307135,0.332519,0.281751,0.998756
2026-08-07T03:50:54+00:00,on-demand,RTX A6000,8,30,0.400317,0.400694,0.80125,1.200694,1.335556,,0.990186
2026-08-07T03:50:54+00:00,on-demand,RTX PRO 4000,10,17,0.242963,0.254259,0.286111,0.317037,0.534815,0.301852,0.987421
2026-08-07T03:50:54+00:00,on-demand,RTX PRO 4500,4,5,0.308148,0.318704,0.328333,0.334722,0.335556,0.322222,0.993368
2026-08-07T03:50:54+00:00,on-demand,RTX PRO 5000,10,26,0.640556,0.654722,0.761435,0.79963,0.943037,0.733611,0.994751
2026-08-07T03:50:54+00:00,on-demand,RTX PRO 6000 S,15,49,0.866685,1.001111,1.600278,1.733889,3.068889,1.602222,0.997124
2026-08-07T03:50:54+00:00,on-demand,RTX PRO 6000 WS,14,29,0.868148,1.068981,1.217167,1.481574,13.335556,1.100259,0.986055
2026-08-07T03:50:54+00:00,on-demand,Tesla P100,1,2,0.081481,0.081481,0.081481,0.081481,0.081481,0.081481,0.994816
2026-08-07T03:50:54+00:00,on-demand,Tesla P40,3,3,0.033334,0.064074,0.094815,0.148519,0.202222,0.094815,0.987134
2026-08-07T03:50:54+00:00,on-demand,Tesla T4,2,3,12.000741,12.000926,12.001111,12.001296,12.001481,,0.972409
2026-08-07T03:50:54+00:00,on-demand,Tesla V100,11,30,0.023556,0.028333,0.041111,0.168056,0.268889,0.266944,0.992083
2026-08-07T03:50:54+00:00,on-demand,Titan RTX,4,9,0.135185,0.15463,0.161667,0.171806,0.200556,0.161667,0.996353
2026-08-07T03:50:54+00:00,on-demand,Titan Xp,3,7,0.060556,0.060833,0.061111,0.061667,0.062222,0.061111,0.996264
2026-08-07T03:50:54+00:00,bid,A100 PCIE,37,57,0.133889,0.135556,0.200741,0.587778,0.588889,0.135556,0.986021
2026-08-07T03:50:54+00:00,bid,A100 SXM4,47,94,0.130316,0.401481,0.535556,0.840889,0.987222,0.501481,0.988874
2026-08-07T03:50:54+00:00,bid,A16,1,4,0.147037,0.147037,0.147037,0.147037,0.147037,0.147037,0.95903
2026-08-07T03:50:54+00:00,bid,A800 PCIE,6,11,0.129889,0.130444,0.131,0.131556,0.131556,,0.994711
2026-08-07T03:50:54+00:00,bid,B200,16,87,4.375174,4.909028,5.000347,5.001628,7.377083,5.000347,0.99606
2026-08-07T03:50:54+00:00,bid,B300,8,30,3.75026,5.001215,5.004167,5.160547,5.626042,5.625781,0.965472
2026-08-07T03:50:54+00:00,bid,CMP 170HX,9,30,0.234167,0.24,0.253889,0.254444,0.668889,0.668889,0.963684
2026-08-07T03:50:54+00:00,bid,GTX 1050 Ti,1,1,0.024444,0.024444,0.024444,0.024444,0.024444,,0.988419
2026-08-07T03:50:54+00:00,bid,GTX 1060,1,1,0.031111,0.031111,0.031111,0.031111,0.031111,,0.99439
2026-08-07T03:50:54+00:00,bid,GTX 1070,1,1,0.024444,0.024444,0.024444,0.024444,0.024444,0.024444,0.993387
2026-08-07T03:50:54+00:00,bid,GTX 1070 Ti,1,1,0.042222,0.042222,0.042222,0.042222,0.042222,0.042222,0.993989
2026-08-07T03:50:54+00:00,bid,GTX 1080,3,9,0.037037,0.038704,0.04037,0.040741,0.041111,0.040741,0.996639
2026-08-07T03:50:54+00:00,bid,GTX 1080 Ti,8,24,0.026222,0.040556,0.041111,0.045079,0.054074,0.041111,0.996714
2026-08-07T03:50:54+00:00,bid,GTX 1650 S,1,1,0.037778,0.037778,0.037778,0.037778,0.037778,,0.991775
2026-08-07T03:50:54+00:00,bid,GTX 1660,1,1,0.037778,0.037778,0.037778,0.037778,0.037778,0.037778,0.99648
2026-08-07T03:50:54+00:00,bid,GTX 1660 S,1,1,0.031111,0.031111,0.031111,0.031111,0.031111,,0.97069
2026-08-07T03:50:54+00:00,bid,GTX 1660 Ti,1,1,0.037778,0.037778,0.037778,0.037778,0.037778,0.037778,0.987478
2026-08-07T03:50:54+00:00,bid,H100 NVL,8,12,0.404889,0.902463,0.935556,1.402037,2.000778,1.468519,0.940465
2026-08-07T03:50:54+00:00,bid,H100 PCIE,4,15,1.469222,1.567514,1.600417,1.600694,1.601111,1.600417,0.991671
2026-08-07T03:50:54+00:00,bid,H100 SXM,13,29,0.471111,2.069333,2.162222,2.164444,4.002222,2.072,0.992442
2026-08-07T03:50:54+00:00,bid,H200,15,54,0.441338,0.441886,2.631944,3.879295,5.263706,3.816886,0.988135
2026-08-07T03:50:54+00:00,bid,H200 NVL,15,25,0.535556,0.802667,1.006667,1.338,1.988889,1.006667,0.997422
2026-08-07T03:50:54+00:00,bid,L4,5,8,0.134444,0.215556,0.267778,0.321111,0.322222,0.294444,0.998011
2026-08-07T03:50:54+00:00,bid,L40,6,11,0.467778,0.468889,0.47,0.471111,0.471111,0.47,0.988491
2026-08-07T03:50:54+00:00,bid,L40S,37,110,0.200185,0.333519,0.534815,0.540741,0.933889,0.537037,0.99847
2026-08-07T03:50:54+00:00,bid,Q RTX 8000,2,2,0.027778,0.027861,0.027944,0.028028,0.028111,0.027944,0.998938
2026-08-07T03:50:54+00:00,bid,Quadro P4000,1,1,0.03437,0.03437,0.03437,0.03437,0.03437,,0.997761
2026-08-07T03:50:54+00:00,bid,RTX 2060,4,6,0.027259,0.030148,0.036111,0.114722,0.335556,0.041111,0.992804
2026-08-07T03:50:54+00:00,bid,RTX 2060S,3,5,0.047289,0.0542,0.061111,0.092407,0.123704,0.061111,0.991188
2026-08-07T03:50:54+00:00,bid,RTX 2070,2,11,0.041111,0.044208,0.047305,0.050401,0.053498,0.041111,0.992841
2026-08-07T03:50:54+00:00,bid,RTX 2070S,2,17,0.053498,0.053503,0.053508,0.053513,0.053519,,0.987703
2026-08-07T03:50:54+00:00,bid,RTX 2080 Ti,5,12,0.037778,0.042222,0.066944,0.108148,0.108889,0.087546,0.992842
2026-08-07T03:50:54+00:00,bid,RTX 2080S,1,1,0.037778,0.037778,0.037778,0.037778,0.037778,0.037778,0.973217
2026-08-07T03:50:54+00:00,bid,RTX 3050,1,1,1.068889,1.068889,1.068889,1.068889,1.068889,,0.976395
2026-08-07T03:50:54+00:00,bid,RTX 3060,15,45,0.037778,0.051037,0.062222,0.102444,0.134519,0.110963,0.989134
2026-08-07T03:50:54+00:00,bid,RTX 3060 Ti,1,1,0.67037,0.67037,0.67037,0.67037,0.67037,0.67037,0.849634
2026-08-07T03:50:54+00:00,bid,RTX 3060 laptop,4,14,0.013352,0.013449,0.025963,0.045414,0.066321,0.066321,0.994263
2026-08-07T03:50:54+00:00,bid,RTX 3070,7,22,0.040278,0.054167,0.068519,0.081389,0.135556,0.068519,0.997097
2026-08-07T03:50:54+00:00,bid,RTX 3070 Ti,1,1,0.055556,0.055556,0.055556,0.055556,0.055556,,0.997107
2026-08-07T03:50:54+00:00,bid,RTX 3080,11,30,0.041111,0.049852,0.066944,0.108519,0.240332,0.081111,0.991648
2026-08-07T03:50:54+00:00,bid,RTX 3080 Ti,6,10,0.055556,0.098611,0.108333,0.128889,0.153889,0.122222,0.99456
2026-08-07T03:50:54+00:00,bid,RTX 3090,57,149,0.014815,0.094444,0.12037,0.161852,0.336296,0.134815,0.992793
2026-08-07T03:50:54+00:00,bid,RTX 4060,1,1,0.083704,0.083704,0.083704,0.083704,0.083704,0.083704,0.998552
2026-08-07T03:50:54+00:00,bid,RTX 4060 Ti,8,18,0.075222,0.076611,0.081296,0.100944,0.102222,0.100519,0.996465
2026-08-07T03:50:54+00:00,bid,RTX 4070,8,16,0.040741,0.054444,0.061667,0.096694,0.162222,0.065389,0.999
2026-08-07T03:50:54+00:00,bid,RTX 4070 Ti,7,12,0.041111,0.075556,0.108148,0.174722,0.241111,0.108889,0.991737
2026-08-07T03:50:54+00:00,bid,RTX 4070S,3,4,0.071481,0.073889,0.076296,0.159259,0.242222,0.073889,0.984027
2026-08-07T03:50:54+00:00,bid,RTX 4070S Ti,15,44,0.092222,0.107222,0.200222,0.201111,1.211111,0.20025,0.998026
2026-08-07T03:50:54+00:00,bid,RTX 4080,23,54,0.068148,0.13413,0.137037,0.147407,0.255556,0.147037,0.993202
2026-08-07T03:50:54+00:00,bid,RTX 4080S,11,31,0.073827,0.074815,0.147037,0.188889,0.240519,0.181518,0.989749
2026-08-07T03:50:54+00:00,bid,RTX 4090,91,305,0.115099,0.186537,0.306914,0.401333,1.200556,0.335,0.995723
2026-08-07T03:50:54+00:00,bid,RTX 4090D,16,37,0.054741,0.071213,0.074556,0.604694,0.606222,0.268148,0.970312
2026-08-07T03:50:54+00:00,bid,RTX 4500Ada,1,1,0.468889,0.468889,0.468889,0.468889,0.468889,,0.924801
2026-08-07T03:50:54+00:00,bid,RTX 5000Ada,3,4,0.268889,0.295,0.321111,0.321667,0.322222,0.321111,0.997071
2026-08-07T03:50:54+00:00,bid,RTX 5060,5,6,0.027407,0.040296,0.054519,0.095556,0.208889,0.131704,0.994153
2026-08-07T03:50:54+00:00,bid,RTX 5060 Ti,36,104,0.037185,0.06812,0.108519,0.147222,0.218222,0.134074,0.994488
2026-08-07T03:50:54+00:00,bid,RTX 5070,7,10,0.043704,0.051481,0.060148,0.081481,0.121111,0.09463,0.993221
2026-08-07T03:50:54+00:00,bid,RTX 5070 Ti,13,21,0.094444,0.107222,0.107778,0.108889,0.268,0.107778,0.996077
2026-08-07T03:50:54+00:00,bid,RTX 5080,17,35,0.015556,0.120556,0.147407,0.173741,0.442222,0.148889,0.986737
2026-08-07T03:50:54+00:00,bid,RTX 5090,95,243,0.103222,0.271111,0.399778,0.534115,2.666944,0.402222,0.994985
2026-08-07T03:50:54+00:00,bid,RTX 5880Ada,12,19,0.267704,0.295185,0.297037,0.297037,0.297037,0.297037,0.995835
2026-08-07T03:50:54+00:00,bid,RTX 6000Ada,25,51,0.134815,0.400278,0.402222,0.468741,0.775556,0.467222,0.996909
2026-08-07T03:50:54+00:00,bid,RTX A2000,2,2,0.400148,0.407148,0.414148,0.421148,0.428148,0.428148,0.975658
2026-08-07T03:50:54+00:00,bid,RTX A4000,13,69,0.057111,0.093704,0.106801,0.10716,0.133611,,0.97131
2026-08-07T03:50:54+00:00,bid,RTX A4500,2,2,0.081185,0.081185,0.081185,0.081185,0.081185,,0.959008
2026-08-07T03:50:54+00:00,bid,RTX A5000,8,25,0.108519,0.11037,0.210907,0.22709,0.230999,0.210907,0.998756
2026-08-07T03:50:54+00:00,bid,RTX A6000,8,21,0.138519,0.263593,0.33377,0.334167,0.335556,,0.992925
2026-08-07T03:50:54+00:00,bid,RTX PRO 4000,13,26,0.108889,0.227778,0.240494,0.241481,0.370815,0.240494,0.995586
2026-08-07T03:50:54+00:00,bid,RTX PRO 4500,5,6,0.187778,0.188889,0.188889,0.214815,0.27037,0.27037,0.998399
2026-08-07T03:50:54+00:00,bid,RTX PRO 5000,28,54,0.135111,0.269222,0.435,0.534028,0.545222,0.468333,0.992003
2026-08-07T03:50:54+00:00,bid,RTX PRO 6000 S,27,56,0.352667,0.534222,1.000556,1.067778,2.935556,1.001111,0.997124
2026-08-07T03:50:54+00:00,bid,RTX PRO 6000 WS,27,46,0.335556,0.667963,0.800259,0.936222,1.337037,0.801481,0.993395
2026-08-07T03:50:54+00:00,bid,Tesla P40,1,1,0.057481,0.057481,0.057481,0.057481,0.057481,0.057481,0.987134
2026-08-07T03:50:54+00:00,bid,Tesla T4,3,4,3.400741,3.401111,3.401481,3.401481,3.401481,,0.972409
2026-08-07T03:50:54+00:00,bid,Tesla V100,20,52,0.015556,0.094889,0.096889,0.171944,0.242222,0.162222,0.994836
2026-08-07T03:50:54+00:00,bid,Titan RTX,6,14,0.107222,0.108056,0.118704,0.129546,0.135556,0.108889,0.996353
2026-08-07T03:50:54+00:00,bid,Titan Xp,3,7,0.040556,0.040833,0.041111,0.041667,0.042222,0.041111,0.996264
2026-08-07T03:55:54+00:00,on-demand,A100 PCIE,14,41,0.266944,0.738009,0.937222,1.040764,1.507556,0.870185,0.983942
2026-08-07T03:55:54+00:00,on-demand,A100 SXM4,23,70,0.468889,0.807731,0.934074,1.098722,1.404,0.934444,0.991985
2026-08-07T03:55:54+00:00,on-demand,A800 PCIE,3,7,0.667222,0.6675,0.667778,0.668333,0.668889,,0.994711
2026-08-07T03:55:54+00:00,on-demand,B200,11,37,5.000521,5.252344,5.576302,6.062587,7.752083,5.576302,0.997346
2026-08-07T03:55:54+00:00,on-demand,B300,7,29,8.125521,8.438151,10.000694,10.002083,10.005556,8.125781,0.965472
2026-08-07T03:55:54+00:00,on-demand,CMP 170HX,7,24,0.236833,0.2385,0.242667,0.334074,0.935556,0.935556,0.945128
2026-08-07T03:55:54+00:00,on-demand,GTX 1050 Ti,1,1,0.611111,0.611111,0.611111,0.611111,0.611111,,0.988419
2026-08-07T03:55:54+00:00,on-demand,GTX 1060,2,2,0.088889,0.152778,0.216667,0.280556,0.344444,0.088889,0.996854
2026-08-07T03:55:54+00:00,on-demand,GTX 1070,1,1,0.531111,0.531111,0.531111,0.531111,0.531111,0.531111,0.993387
2026-08-07T03:55:54+00:00,on-demand,GTX 1070 Ti,1,2,0.049111,0.049111,0.049111,0.049111,0.049111,0.049111,0.988302
2026-08-07T03:55:54+00:00,on-demand,GTX 1080,4,10,0.027778,0.044222,0.049963,0.050259,0.05037,0.049963,0.977731
2026-08-07T03:55:54+00:00,on-demand,GTX 1080 Ti,6,17,0.042222,0.062389,0.069937,0.073829,0.074444,0.073651,0.997494
2026-08-07T03:55:54+00:00,on-demand,GTX 1650 S,1,1,0.677778,0.677778,0.677778,0.677778,0.677778,,0.991775
2026-08-07T03:55:54+00:00,on-demand,GTX 1660,1,1,0.677778,0.677778,0.677778,0.677778,0.677778,0.677778,0.99648
2026-08-07T03:55:54+00:00,on-demand,GTX 1660 S,2,7,0.033704,0.138056,0.242407,0.346759,0.451111,,0.963535
2026-08-07T03:55:54+00:00,on-demand,GTX TITAN X,1,1,0.028889,0.028889,0.028889,0.028889,0.028889,,0.995649
2026-08-07T03:55:54+00:00,on-demand,H100 NVL,6,10,2.588889,2.667593,2.801852,2.978778,3.067444,2.96437,0.996591
2026-08-07T03:55:54+00:00,on-demand,H100 PCIE,4,15,2.133611,2.133819,2.134167,2.134722,2.135556,2.134167,0.991671
2026-08-07T03:55:54+00:00,on-demand,H100 SXM,13,40,1.600556,2.673185,3.029443,3.068,4.774444,3.001222,0.994764
2026-08-07T03:55:54+00:00,on-demand,H200,11,44,3.816155,4.007584,4.08114,4.178454,5.526864,4.07977,0.99774
2026-08-07T03:55:54+00:00,on-demand,H200 NVL,10,27,2.543111,2.82125,3.176944,3.568519,4.003111,2.886667,0.994428
2026-08-07T03:55:54+00:00,on-demand,L4,2,3,0.255556,0.275278,0.295,0.314722,0.334444,0.334444,0.99415
2026-08-07T03:55:54+00:00,on-demand,L40,3,7,0.574444,0.575,0.575556,0.576667,0.577778,0.575556,0.988491
2026-08-07T03:55:54+00:00,on-demand,L40S,14,50,0.401111,0.467037,0.669259,1.000394,1.074074,0.933843,0.998136
2026-08-07T03:55:54+00:00,on-demand,Q RTX 6000,1,4,0.133704,0.133704,0.133704,0.133704,0.133704,0.133704,0.999262
2026-08-07T03:55:54+00:00,on-demand,Q RTX 8000,4,6,0.240556,0.249917,0.253556,0.258333,0.271111,0.253556,0.998728
2026-08-07T03:55:54+00:00,on-demand,Quadro P4000,2,3,0.040741,0.045815,0.050889,0.055963,0.061037,,0.981054
2026-08-07T03:55:54+00:00,on-demand,RTX 2060,2,3,0.052593,0.143333,0.234074,0.324815,0.415556,0.415556,0.986977
2026-08-07T03:55:54+00:00,on-demand,RTX 2060S,2,6,0.065111,0.065578,0.066044,0.066511,0.066978,0.066044,0.993099
2026-08-07T03:55:54+00:00,on-demand,RTX 2070,2,11,0.054444,0.057541,0.060638,0.063735,0.066831,0.054444,0.992841
2026-08-07T03:55:54+00:00,on-demand,RTX 2070S,1,8,0.066852,0.066852,0.066852,0.066852,0.066852,,0.987703
2026-08-07T03:55:54+00:00,on-demand,RTX 2080 Ti,6,14,0.068889,0.075236,0.080167,0.111722,0.811111,0.080167,0.994415
2026-08-07T03:55:54+00:00,on-demand,RTX 2080S,1,1,0.744444,0.744444,0.744444,0.744444,0.744444,0.744444,0.973217
2026-08-07T03:55:54+00:00,on-demand,RTX 3050,1,1,1.322222,1.322222,1.322222,1.322222,1.322222,,0.976395
2026-08-07T03:55:54+00:00,on-demand,RTX 3060,9,27,0.031556,0.053519,0.067222,0.171407,1.335556,0.694537,0.996159
2026-08-07T03:55:54+00:00,on-demand,RTX 3060 Ti,1,1,0.961037,0.961037,0.961037,0.961037,0.961037,0.961037,0.849634
2026-08-07T03:55:54+00:00,on-demand,RTX 3060 laptop,3,11,0.026685,0.033898,0.041111,0.041667,0.042222,,0.99877
2026-08-07T03:55:54+00:00,on-demand,RTX 3070,8,21,0.042222,0.082778,0.10125,0.12088,0.166222,0.128704,0.995326
2026-08-07T03:55:54+00:00,on-demand,RTX 3080,15,46,0.028889,0.064491,0.107556,0.116917,0.268889,0.113556,0.993024
2026-08-07T03:55:54+00:00,on-demand,RTX 3080 Ti,3,3,0.068889,0.114889,0.160889,0.162296,0.163704,0.160889,0.953344
2026-08-07T03:55:54+00:00,on-demand,RTX 3090,34,103,0.080003,0.13463,0.173796,0.246204,2.001111,0.21437,0.992868
2026-08-07T03:55:54+00:00,on-demand,RTX 4060,4,14,0.053481,0.053593,0.088667,0.762222,2.677778,0.123704,0.98447
2026-08-07T03:55:54+00:00,on-demand,RTX 4060 Ti,9,18,0.07037,0.081111,0.105852,0.108889,0.142222,0.10763,0.996049
2026-08-07T03:55:54+00:00,on-demand,RTX 4070,4,10,0.080556,0.090556,0.094722,0.114889,0.172889,0.095556,0.99743
2026-08-07T03:55:54+00:00,on-demand,RTX 4070 Ti,9,16,0.088889,0.104444,0.134815,0.162222,0.282444,0.104444,0.989817
2026-08-07T03:55:54+00:00,on-demand,RTX 4070S,2,3,0.084815,0.086019,0.087222,0.088426,0.08963,0.087222,0.984027
2026-08-07T03:55:54+00:00,on-demand,RTX 4070S Ti,9,27,0.068889,0.121111,0.246889,0.247778,1.402222,0.246889,0.997303
2026-08-07T03:55:54+00:00,on-demand,RTX 4080,14,38,0.120926,0.159926,0.187389,0.247935,0.295556,0.207185,0.990363
2026-08-07T03:55:54+00:00,on-demand,RTX 4080S,8,21,0.146222,0.149889,0.161389,0.215398,0.255185,0.202222,0.992298
2026-08-07T03:55:54+00:00,on-demand,RTX 4090,49,207,0.253444,0.360741,0.426852,0.668889,1.337037,0.52137,0.994649
2026-08-07T03:55:54+00:00,on-demand,RTX 4090D,10,26,0.160185,0.160926,0.330444,0.600787,0.668889,0.401481,0.970312
2026-08-07T03:55:54+00:00,on-demand,RTX 4500Ada,1,1,1.268889,1.268889,1.268889,1.268889,1.268889,,0.924801
2026-08-07T03:55:54+00:00,on-demand,RTX 5000Ada,2,3,0.427778,0.428056,0.428333,0.428611,0.428889,0.428333,0.997071
2026-08-07T03:55:54+00:00,on-demand,RTX 5060,4,4,0.066963,0.128407,0.152222,0.182222,0.262222,0.155556,0.995906
2026-08-07T03:55:54+00:00,on-demand,RTX 5060 Ti,16,60,0.066944,0.086444,0.097843,0.134491,0.185111,0.127241,0.994471
2026-08-07T03:55:54+00:00,on-demand,RTX 5070,7,11,0.074074,0.098519,0.104444,0.12463,0.142222,0.122778,0.996431
2026-08-07T03:55:54+00:00,on-demand,RTX 5070 Ti,9,18,0.108889,0.147407,0.162222,0.200556,0.202222,0.17758,0.996481
2026-08-07T03:55:54+00:00,on-demand,RTX 5080,17,51,0.160556,0.177778,0.254259,0.400556,1.775556,0.247685,0.979576
2026-08-07T03:55:54+00:00,on-demand,RTX 5090,44,155,0.212889,0.412972,0.547546,0.800741,5.986944,0.697037,0.994163
2026-08-07T03:55:54+00:00,on-demand,RTX 5880Ada,3,7,0.600926,0.601389,0.601852,0.602778,0.603704,0.601852,0.995835
2026-08-07T03:55:54+00:00,on-demand,RTX 6000Ada,9,29,0.441111,0.640463,0.680556,0.693611,0.787778,0.681389,0.993582
2026-08-07T03:55:54+00:00,on-demand,RTX A2000,3,4,0.034074,0.035111,0.036148,0.264815,0.493481,,0.995214
2026-08-07T03:55:54+00:00,on-demand,RTX A4000,8,42,0.067037,0.072889,0.133586,0.137773,0.153556,,0.97131
2026-08-07T03:55:54+00:00,on-demand,RTX A4500,2,2,0.114519,0.404593,0.694667,0.984741,1.274815,,0.978555
2026-08-07T03:55:54+00:00,on-demand,RTX A5000,3,15,0.230984,0.230991,0.230999,0.231203,0.231407,0.230999,0.99815
2026-08-07T03:55:54+00:00,on-demand,RTX A6000,6,21,0.303704,0.400423,0.434815,1.017431,1.335556,,0.990186
2026-08-07T03:55:54+00:00,on-demand,RTX PRO 4000,9,15,0.202222,0.254074,0.27037,0.303704,0.534815,0.27037,0.989514
2026-08-07T03:55:54+00:00,on-demand,RTX PRO 4500,4,5,0.308148,0.32787,0.335,0.337593,0.343704,0.343704,0.997602
2026-08-07T03:55:54+00:00,on-demand,RTX PRO 5000,11,34,0.534815,0.640833,0.733611,0.763889,0.943037,0.70125,0.993084
2026-08-07T03:55:54+00:00,on-demand,RTX PRO 6000 S,15,53,0.6284,1.101111,1.600278,1.68733,3.068889,1.601111,0.997124
2026-08-07T03:55:54+00:00,on-demand,RTX PRO 6000 WS,14,27,0.868889,1.005278,1.100194,1.772037,13.335556,1.264759,0.994783
2026-08-07T03:55:54+00:00,on-demand,Tesla P100,1,2,0.081481,0.081481,0.081481,0.081481,0.081481,0.081481,0.994816
2026-08-07T03:55:54+00:00,on-demand,Tesla P40,2,2,0.033334,0.075556,0.117778,0.16,0.202222,,0.974011
2026-08-07T03:55:54+00:00,on-demand,Tesla T4,2,3,12.000741,12.000926,12.001111,12.001296,12.001481,,0.972409
2026-08-07T03:55:54+00:00,on-demand,Tesla V100,13,35,0.027222,0.040556,0.167222,0.226222,0.268889,0.267083,0.994716
2026-08-07T03:55:54+00:00,on-demand,Titan RTX,4,9,0.135185,0.15463,0.161667,0.171806,0.200556,0.161667,0.996418
2026-08-07T03:55:54+00:00,on-demand,Titan Xp,3,7,0.060556,0.060833,0.061111,0.061667,0.062222,0.061111,0.996264
2026-08-07T03:55:54+00:00,bid,A100 PCIE,31,49,0.133889,0.135556,0.135556,0.587778,0.588889,0.135556,0.986021
2026-08-07T03:55:54+00:00,bid,A100 SXM4,45,91,0.130316,0.401481,0.535556,0.897481,0.987222,0.501481,0.988874
2026-08-07T03:55:54+00:00,bid,A800 PCIE,6,10,0.129889,0.130722,0.131556,0.131556,0.131556,,0.994711
2026-08-07T03:55:54+00:00,bid,B200,19,101,4.375174,5.000347,5.001302,5.001997,7.377083,5.001302,0.989128
2026-08-07T03:55:54+00:00,bid,B300,8,30,3.75026,5.001215,5.004167,5.160547,5.626042,5.625781,0.965472
2026-08-07T03:55:54+00:00,bid,CMP 170HX,9,30,0.234167,0.24,0.253889,0.254444,0.668889,0.668889,0.963684
2026-08-07T03:55:54+00:00,bid,GTX 1050 Ti,1,1,0.024444,0.024444,0.024444,0.024444,0.024444,,0.988419
2026-08-07T03:55:54+00:00,bid,GTX 1060,1,1,0.031111,0.031111,0.031111,0.031111,0.031111,,0.99439
2026-08-07T03:55:54+00:00,bid,GTX 1070,1,1,0.024444,0.024444,0.024444,0.024444,0.024444,0.024444,0.993387
2026-08-07T03:55:54+00:00,bid,GTX 1080,6,20,0.0144,0.04037,0.040463,0.040972,0.042222,0.040556,0.993949
2026-08-07T03:55:54+00:00,bid,GTX 1080 Ti,9,28,0.026222,0.040556,0.041111,0.053889,0.055556,0.047381,0.997402
2026-08-07T03:55:54+00:00,bid,GTX 1650 S,1,1,0.037778,0.037778,0.037778,0.037778,0.037778,,0.991775
2026-08-07T03:55:54+00:00,bid,GTX 1660,1,1,0.037778,0.037778,0.037778,0.037778,0.037778,0.037778,0.99648
2026-08-07T03:55:54+00:00,bid,GTX 1660 S,1,1,0.031111,0.031111,0.031111,0.031111,0.031111,,0.97069
2026-08-07T03:55:54+00:00,bid,GTX 1660 Ti,1,1,0.037778,0.037778,0.037778,0.037778,0.037778,0.037778,0.987478
2026-08-07T03:55:54+00:00,bid,H100 NVL,8,12,0.404889,0.902463,0.935556,1.701306,2.122963,1.80113,0.967389
2026-08-07T03:55:54+00:00,bid,H100 PCIE,4,15,1.469222,1.567514,1.600417,1.600694,1.601111,1.600417,0.991671
2026-08-07T03:55:54+00:00,bid,H100 SXM,14,35,0.401111,1.006519,1.747537,2.441944,4.002222,1.770481,0.993983
2026-08-07T03:55:54+00:00,bid,H200,16,56,0.441338,0.441886,2.283626,3.848273,5.263706,3.750548,0.992745
2026-08-07T03:55:54+00:00,bid,H200 NVL,17,35,0.535556,1.003111,1.200278,1.339111,3.201111,1.171444,0.991759
2026-08-07T03:55:54+00:00,bid,L4,6,9,0.081481,0.154722,0.241667,0.307778,0.322222,0.294444,0.997198
2026-08-07T03:55:54+00:00,bid,L40,7,13,0.427185,0.468333,0.468889,0.471111,0.471111,0.468889,0.988491
2026-08-07T03:55:54+00:00,bid,L40S,38,105,0.200185,0.333704,0.534815,0.540741,0.933889,0.540741,0.998106
2026-08-07T03:55:54+00:00,bid,Q RTX 8000,1,1,0.067704,0.067704,0.067704,0.067704,0.067704,0.067704,0.998603
2026-08-07T03:55:54+00:00,bid,Quadro P4000,1,1,0.03437,0.03437,0.03437,0.03437,0.03437,,0.997761
2026-08-07T03:55:54+00:00,bid,RTX 2060,4,6,0.027259,0.030148,0.036111,0.114722,0.335556,0.041111,0.992804
2026-08-07T03:55:54+00:00,bid,RTX 2060S,3,7,0.046978,0.047133,0.047289,0.085496,0.123704,0.047289,0.995009
2026-08-07T03:55:54+00:00,bid,RTX 2070,2,11,0.041111,0.044208,0.047305,0.050401,0.053498,0.041111,0.992841
2026-08-07T03:55:54+00:00,bid,RTX 2070S,2,17,0.053498,0.053503,0.053508,0.053513,0.053519,,0.987703
2026-08-07T03:55:54+00:00,bid,RTX 2080 Ti,6,20,0.037778,0.066944,0.068509,0.099185,0.121481,0.070074,0.992462
2026-08-07T03:55:54+00:00,bid,RTX 2080S,1,1,0.037778,0.037778,0.037778,0.037778,0.037778,0.037778,0.973217
2026-08-07T03:55:54+00:00,bid,RTX 3050,1,1,1.068889,1.068889,1.068889,1.068889,1.068889,,0.976395
2026-08-07T03:55:54+00:00,bid,RTX 3060,14,42,0.037778,0.046185,0.054167,0.10263,0.134519,0.121185,0.992371
2026-08-07T03:55:54+00:00,bid,RTX 3060 Ti,1,1,0.67037,0.67037,0.67037,0.67037,0.67037,0.67037,0.849634
2026-08-07T03:55:54+00:00,bid,RTX 3060 laptop,3,11,0.013352,0.013417,0.013481,0.025963,0.038444,,0.989756
2026-08-07T03:55:54+00:00,bid,RTX 3070,7,22,0.040278,0.054167,0.068519,0.081389,0.135556,0.068519,0.997097
2026-08-07T03:55:54+00:00,bid,RTX 3070 Ti,1,2,0.054444,0.054444,0.054444,0.054444,0.054444,,0.997107
2026-08-07T03:55:54+00:00,bid,RTX 3080,12,35,0.041111,0.052037,0.067083,0.115139,0.240415,0.108889,0.99091
2026-08-07T03:55:54+00:00,bid,RTX 3080 Ti,5,6,0.055556,0.095556,0.107778,0.108889,0.155556,0.108889,0.994458
2026-08-07T03:55:54+00:00,bid,RTX 3090,63,168,0.016296,0.095556,0.133704,0.156093,0.336296,0.134074,0.99352
2026-08-07T03:55:54+00:00,bid,RTX 4060,1,1,0.083704,0.083704,0.083704,0.083704,0.083704,0.083704,0.998552
2026-08-07T03:55:54+00:00,bid,RTX 4060 Ti,7,15,0.074444,0.0755,0.076889,0.088889,0.100519,0.088889,0.985001
2026-08-07T03:55:54+00:00,bid,RTX 4070,8,16,0.053889,0.068611,0.0755,0.098222,0.162222,0.076333,0.99743
2026-08-07T03:55:54+00:00,bid,RTX 4070 Ti,8,14,0.041111,0.095,0.108889,0.240694,0.241111,0.108889,0.992043
2026-08-07T03:55:54+00:00,bid,RTX 4070S,1,1,0.242222,0.242222,0.242222,0.242222,0.242222,,0.96986
2026-08-07T03:55:54+00:00,bid,RTX 4070S Ti,14,46,0.092222,0.108722,0.20025,0.200972,1.211111,0.200278,0.99854
2026-08-07T03:55:54+00:00,bid,RTX 4080,21,51,0.068148,0.134259,0.137037,0.147407,0.255556,0.147037,0.993202
2026-08-07T03:55:54+00:00,bid,RTX 4080S,12,24,0.073827,0.100444,0.14037,0.168259,0.240519,0.147407,0.991558
2026-08-07T03:55:54+00:00,bid,RTX 4090,93,268,0.115099,0.214815,0.322222,0.401481,1.200556,0.337037,0.996067
2026-08-07T03:55:54+00:00,bid,RTX 4090D,16,37,0.054074,0.071213,0.074556,0.605389,0.606222,0.268148,0.970312
2026-08-07T03:55:54+00:00,bid,RTX 4500Ada,1,1,0.468889,0.468889,0.468889,0.468889,0.468889,,0.924801
2026-08-07T03:55:54+00:00,bid,RTX 5000Ada,4,5,0.268889,0.308056,0.321667,0.322222,0.322222,0.321667,0.997071
2026-08-07T03:55:54+00:00,bid,RTX 5060,4,4,0.028148,0.047926,0.075037,0.123889,0.208889,0.131704,0.98899
2026-08-07T03:55:54+00:00,bid,RTX 5060 Ti,28,86,0.037185,0.067565,0.09463,0.147222,0.218222,0.134815,0.995225
2026-08-07T03:55:54+00:00,bid,RTX 5070,9,13,0.043704,0.055556,0.068148,0.121111,0.151556,0.114333,0.994052
2026-08-07T03:55:54+00:00,bid,RTX 5070 Ti,11,20,0.093889,0.1075,0.108889,0.142222,0.190222,0.107778,0.995182
2026-08-07T03:55:54+00:00,bid,RTX 5080,16,34,0.015556,0.130722,0.154815,0.180583,0.442222,0.163889,0.982334
2026-08-07T03:55:54+00:00,bid,RTX 5090,96,236,0.103222,0.271111,0.400889,0.53375,2.666944,0.402222,0.993708
2026-08-07T03:55:54+00:00,bid,RTX 5880Ada,10,19,0.267185,0.295185,0.296111,0.297037,0.297037,0.296111,0.995835
2026-08-07T03:55:54+00:00,bid,RTX 6000Ada,24,49,0.134815,0.325648,0.401667,0.468778,0.775556,0.402222,0.994737
2026-08-07T03:55:54+00:00,bid,RTX A2000,3,3,0.028148,0.214148,0.400148,0.414148,0.428148,0.228148,0.994387
2026-08-07T03:55:54+00:00,bid,RTX A4000,12,66,0.057111,0.087241,0.106944,0.113759,0.133611,,0.97131
2026-08-07T03:55:54+00:00,bid,RTX A4500,1,1,0.081185,0.081185,0.081185,0.081185,0.081185,,0.95901
2026-08-07T03:55:54+00:00,bid,RTX A5000,7,21,0.108519,0.155556,0.201481,0.223658,0.227407,0.201481,0.99815
2026-08-07T03:55:54+00:00,bid,RTX A6000,8,22,0.138519,0.286164,0.333981,0.334444,0.335556,,0.992925
2026-08-07T03:55:54+00:00,bid,RTX PRO 4000,14,30,0.068889,0.219722,0.240617,0.241481,0.370815,0.240494,0.99501
2026-08-07T03:55:54+00:00,bid,RTX PRO 4500,5,6,0.187778,0.188889,0.188889,0.214815,0.27037,0.27037,0.998399
2026-08-07T03:55:54+00:00,bid,RTX PRO 5000,30,59,0.135111,0.268972,0.435556,0.541069,0.642222,0.50037,0.992003
2026-08-07T03:55:54+00:00,bid,RTX PRO 6000 S,21,46,0.352667,0.534222,1.000278,1.068148,2.935556,1.001667,0.997124
2026-08-07T03:55:54+00:00,bid,RTX PRO 6000 WS,25,41,0.269481,0.535556,0.672741,0.801481,1.137778,0.734509,0.99382
2026-08-07T03:55:54+00:00,bid,Tesla T4,2,3,3.400741,3.400926,3.401111,3.401296,3.401481,,0.972409
2026-08-07T03:55:54+00:00,bid,Tesla V100,15,38,0.027222,0.092056,0.096889,0.147963,0.242222,0.162222,0.994716
2026-08-07T03:55:54+00:00,bid,Titan RTX,6,15,0.107222,0.108056,0.118704,0.129546,0.134444,0.108889,0.996353
2026-08-07T03:55:54+00:00,bid,Titan Xp,3,7,0.040556,0.040833,0.041111,0.041667,0.042222,0.041111,0.996264
2026-08-07T04:00:56+00:00,on-demand,A100 PCIE,16,49,0.266944,0.598009,0.93463,1.053681,1.507556,0.824519,0.988649
2026-08-07T04:00:56+00:00,on-demand,A100 SXM4,25,68,0.468889,0.801481,0.950815,1.129111,1.474444,1.028889,0.994207
2026-08-07T04:00:56+00:00,on-demand,A800 PCIE,2,5,0.667222,0.667639,0.668056,0.668472,0.668889,,0.994711
2026-08-07T04:00:56+00:00,on-demand,B200,16,87,5.001042,5.573177,5.625825,5.877865,7.75026,5.625825,0.995075
2026-08-07T04:00:56+00:00,on-demand,B300,7,29,8.125521,8.438151,10.000694,10.002083,10.005556,8.125781,0.965472
2026-08-07T04:00:56+00:00,on-demand,CMP 170HX,6,22,0.236833,0.238917,0.288185,0.334259,0.935556,0.935556,0.954406
2026-08-07T04:00:56+00:00,on-demand,GTX 1060,1,1,0.344444,0.344444,0.344444,0.344444,0.344444,,0.99439
2026-08-07T04:00:56+00:00,on-demand,GTX 1070,1,1,0.531111,0.531111,0.531111,0.531111,0.531111,0.531111,0.993387
2026-08-07T04:00:56+00:00,on-demand,GTX 1080,5,12,0.027778,0.044889,0.049704,0.050444,0.051556,0.050444,0.985523
2026-08-07T04:00:56+00:00,on-demand,GTX 1080 Ti,5,14,0.042222,0.061111,0.073651,0.074074,0.075556,0.073862,0.997494
2026-08-07T04:00:56+00:00,on-demand,GTX 1650 S,1,1,0.677778,0.677778,0.677778,0.677778,0.677778,,0.991775
2026-08-07T04:00:56+00:00,on-demand,GTX 1660,1,1,0.677778,0.677778,0.677778,0.677778,0.677778,0.677778,0.99648
2026-08-07T04:00:56+00:00,on-demand,GTX 1660 S,3,9,0.033704,0.034074,0.034444,0.242778,0.451111,,0.95638
2026-08-07T04:00:56+00:00,on-demand,GTX TITAN X,1,1,0.031556,0.031556,0.031556,0.031556,0.031556,,0.995386
2026-08-07T04:00:56+00:00,on-demand,H100 NVL,6,10,2.642222,2.667593,2.801852,2.948778,3.067444,2.94437,0.996591
2026-08-07T04:00:56+00:00,on-demand,H100 PCIE,4,15,2.133611,2.133819,2.134167,2.134722,2.135556,2.134167,0.991671
2026-08-07T04:00:56+00:00,on-demand,H100 SXM,11,35,1.734444,2.981667,3.030557,3.07,3.386889,3.068,0.995596
2026-08-07T04:00:56+00:00,on-demand,H200,11,44,3.816155,4.07977,4.145285,4.178454,5.526864,4.080592,0.99774
2026-08-07T04:00:56+00:00,on-demand,H200 NVL,6,15,2.883333,2.898449,3.268009,3.672722,3.966222,2.886667,0.997653
2026-08-07T04:00:56+00:00,on-demand,L4,4,6,0.03363,0.259241,0.334444,0.334537,0.334815,0.334444,0.997271
2026-08-07T04:00:56+00:00,on-demand,L40,3,7,0.574444,0.575,0.575556,0.576667,0.577778,0.575556,0.988491
2026-08-07T04:00:56+00:00,on-demand,L40S,14,50,0.401111,0.467037,0.635,1.000301,1.074074,0.933657,0.995745
2026-08-07T04:00:56+00:00,on-demand,Q RTX 6000,1,4,0.133704,0.133704,0.133704,0.133704,0.133704,0.133704,0.999262
2026-08-07T04:00:56+00:00,on-demand,Q RTX 8000,4,6,0.240556,0.250694,0.254444,0.258889,0.271111,0.254444,0.998577
2026-08-07T04:00:56+00:00,on-demand,Quadro P4000,2,3,0.040741,0.040926,0.041111,0.041296,0.041481,,0.964347
2026-08-07T04:00:56+00:00,on-demand,RTX 2060,2,3,0.052593,0.143333,0.234074,0.324815,0.415556,0.415556,0.986977
2026-08-07T04:00:56+00:00,on-demand,RTX 2060S,2,6,0.066978,0.067056,0.067133,0.067211,0.067289,0.067133,0.995009
2026-08-07T04:00:56+00:00,on-demand,RTX 2070,2,11,0.054444,0.057541,0.060638,0.063735,0.066831,0.054444,0.992841
2026-08-07T04:00:56+00:00,on-demand,RTX 2070S,1,8,0.066852,0.066852,0.066852,0.066852,0.066852,,0.987703
2026-08-07T04:00:56+00:00,on-demand,RTX 2080 Ti,7,15,0.068889,0.077731,0.083704,0.129185,0.811111,0.083704,0.992587
2026-08-07T04:00:56+00:00,on-demand,RTX 2080S,1,1,0.744444,0.744444,0.744444,0.744444,0.744444,0.744444,0.973217
2026-08-07T04:00:56+00:00,on-demand,RTX 3050,1,1,1.322222,1.322222,1.322222,1.322222,1.322222,,0.976395
2026-08-07T04:00:56+00:00,on-demand,RTX 3060,10,28,0.022222,0.054468,0.103981,0.170481,1.334815,0.097176,0.991521
2026-08-07T04:00:56+00:00,on-demand,RTX 3060 Ti,1,1,0.961037,0.961037,0.961037,0.961037,0.961037,0.961037,0.849634
2026-08-07T04:00:56+00:00,on-demand,RTX 3060 laptop,3,11,0.026685,0.033898,0.041111,0.041667,0.042222,,0.99877
2026-08-07T04:00:56+00:00,on-demand,RTX 3070,10,36,0.042222,0.069167,0.079028,0.107153,0.166222,0.079028,0.993153
2026-08-07T04:00:56+00:00,on-demand,RTX 3070 Ti,1,1,0.062222,0.062222,0.062222,0.062222,0.062222,,0.997107
2026-08-07T04:00:56+00:00,on-demand,RTX 3080,12,42,0.060278,0.066181,0.097833,0.125764,0.268889,0.127889,0.994048
2026-08-07T04:00:56+00:00,on-demand,RTX 3080 Ti,2,2,0.068889,0.091889,0.114889,0.137889,0.160889,0.160889,0.973467
2026-08-07T04:00:56+00:00,on-demand,RTX 3090,34,98,0.084815,0.140898,0.17375,0.24537,2.001111,0.224719,0.99249
2026-08-07T04:00:56+00:00,on-demand,RTX 4060,3,6,0.05363,0.059037,0.064444,1.371111,2.677778,0.064444,0.985053
2026-08-07T04:00:56+00:00,on-demand,RTX 4060 Ti,4,8,0.081111,0.081944,0.094037,0.106611,0.108889,0.10737,0.990525
2026-08-07T04:00:56+00:00,on-demand,RTX 4070,6,14,0.080556,0.081389,0.083333,0.086944,0.172889,0.086111,0.989752
2026-08-07T04:00:56+00:00,on-demand,RTX 4070 Ti,9,16,0.088519,0.104444,0.134444,0.162222,0.282444,0.104444,0.991737
2026-08-07T04:00:56+00:00,on-demand,RTX 4070S,2,4,0.08963,0.090741,0.091852,0.092963,0.094074,0.08963,0.989243
2026-08-07T04:00:56+00:00,on-demand,RTX 4070S Ti,11,27,0.068889,0.127222,0.162222,0.2475,1.402222,0.162222,0.996336
2026-08-07T04:00:56+00:00,on-demand,RTX 4080,12,32,0.141333,0.18212,0.189444,0.254898,0.268889,0.241019,0.992238
2026-08-07T04:00:56+00:00,on-demand,RTX 4080S,12,35,0.067593,0.139944,0.161667,0.19463,0.255185,0.195407,0.994042
2026-08-07T04:00:56+00:00,on-demand,RTX 4090,53,211,0.241481,0.361111,0.402222,0.537037,1.280556,0.520667,0.995249
2026-08-07T04:00:56+00:00,on-demand,RTX 4090D,9,25,0.160185,0.160741,0.330074,0.667222,0.668889,,0.970312
2026-08-07T04:00:56+00:00,on-demand,RTX 4500Ada,1,1,1.268889,1.268889,1.268889,1.268889,1.268889,,0.924801
2026-08-07T04:00:56+00:00,on-demand,RTX 5000Ada,3,4,0.335556,0.381667,0.427778,0.428333,0.428889,0.427778,0.997071
2026-08-07T04:00:56+00:00,on-demand,RTX 5060,4,4,0.066963,0.073407,0.112222,0.177222,0.262222,0.164593,0.986181
2026-08-07T04:00:56+00:00,on-demand,RTX 5060 Ti,18,60,0.051111,0.08737,0.117731,0.176486,0.228148,0.176278,0.9939
2026-08-07T04:00:56+00:00,on-demand,RTX 5070,9,17,0.074074,0.108148,0.120741,0.142222,0.267111,0.141389,0.994149
2026-08-07T04:00:56+00:00,on-demand,RTX 5070 Ti,8,19,0.122222,0.134352,0.148519,0.200417,0.202222,0.162222,0.994494
2026-08-07T04:00:56+00:00,on-demand,RTX 5080,20,67,0.160556,0.174306,0.254722,0.400347,1.775556,0.214907,0.990105
2026-08-07T04:00:56+00:00,on-demand,RTX 5090,46,157,0.212889,0.451143,0.595926,0.804259,5.986944,0.681574,0.994694
2026-08-07T04:00:56+00:00,on-demand,RTX 5880Ada,2,6,0.600926,0.601157,0.601389,0.60162,0.601852,0.601389,0.995835
2026-08-07T04:00:56+00:00,on-demand,RTX 6000Ada,11,34,0.441111,0.600778,0.640463,0.681667,0.697778,0.660509,0.996665
2026-08-07T04:00:56+00:00,on-demand,RTX A2000,3,4,0.034074,0.035111,0.036148,0.264815,0.493481,,0.995214
2026-08-07T04:00:56+00:00,on-demand,RTX A4000,11,56,0.067037,0.076741,0.133468,0.133765,0.152222,,0.97131
2026-08-07T04:00:56+00:00,on-demand,RTX A4500,2,2,0.121185,0.409593,0.698,0.986407,1.274815,,0.978557
2026-08-07T04:00:56+00:00,on-demand,RTX A5000,3,11,0.230984,0.231381,0.231778,0.280815,0.329852,0.231778,0.99815
2026-08-07T04:00:56+00:00,on-demand,RTX A6000,7,31,0.311852,0.400529,0.401111,0.820278,1.334444,0.440278,0.991541
2026-08-07T04:00:56+00:00,on-demand,RTX PRO 4000,9,12,0.202222,0.254444,0.266963,0.303704,0.534815,0.265704,0.98885
2026-08-07T04:00:56+00:00,on-demand,RTX PRO 4500,4,5,0.308148,0.32787,0.335,0.337593,0.343704,0.343704,0.997602
2026-08-07T04:00:56+00:00,on-demand,RTX PRO 5000,10,32,0.640278,0.648056,0.734028,0.786296,0.881481,0.733611,0.992544
2026-08-07T04:00:56+00:00,on-demand,RTX PRO 6000 S,14,48,0.866685,1.151181,1.601667,1.733981,3.068889,1.667963,0.996103
2026-08-07T04:00:56+00:00,on-demand,RTX PRO 6000 WS,14,29,0.668148,1.076731,1.395948,1.56162,13.335556,1.402593,0.991117
2026-08-07T04:00:56+00:00,on-demand,Tesla P100,1,2,0.081481,0.081481,0.081481,0.081481,0.081481,0.081481,0.994816
2026-08-07T04:00:56+00:00,on-demand,Tesla P40,2,2,0.033334,0.075556,0.117778,0.16,0.202222,,0.974011
2026-08-07T04:00:56+00:00,on-demand,Tesla T4,2,3,12.000741,12.000926,12.001111,12.001296,12.001481,,0.972409
2026-08-07T04:00:56+00:00,on-demand,Tesla V100,11,30,0.027222,0.034722,0.042222,0.168333,0.268889,0.267917,0.992083
2026-08-07T04:00:56+00:00,on-demand,Titan RTX,4,9,0.135185,0.15463,0.161667,0.171806,0.200556,0.161667,0.996353
2026-08-07T04:00:56+00:00,on-demand,Titan Xp,3,7,0.055556,0.058056,0.060556,0.060833,0.061111,0.060556,0.996264
2026-08-07T04:00:56+00:00,bid,A100 PCIE,29,50,0.133889,0.135556,0.175222,0.586944,0.588889,0.135556,0.991276
2026-08-07T04:00:56+00:00,bid,A100 SXM4,41,84,0.130316,0.500741,0.666852,0.812889,0.987222,0.518519,0.988874
2026-08-07T04:00:56+00:00,bid,A800 PCIE,6,11,0.129889,0.130444,0.131,0.131556,0.131556,,0.994711
2026-08-07T04:00:56+00:00,bid,B200,18,93,4.375174,5.000347,5.000998,5.0023,7.377083,5.000998,0.983417
2026-08-07T04:00:56+00:00,bid,B300,8,30,3.75026,5.001215,5.004167,5.160547,5.626042,5.625781,0.965472
2026-08-07T04:00:56+00:00,bid,CMP 170HX,9,30,0.234167,0.24,0.253889,0.254444,0.668889,0.668889,0.963684
2026-08-07T04:00:56+00:00,bid,GTX 1050 Ti,1,1,0.024444,0.024444,0.024444,0.024444,0.024444,,0.988419
2026-08-07T04:00:56+00:00,bid,GTX 1060,1,1,0.031111,0.031111,0.031111,0.031111,0.031111,,0.99439
2026-08-07T04:00:56+00:00,bid,GTX 1070,1,1,0.024444,0.024444,0.024444,0.024444,0.024444,0.024444,0.993387
2026-08-07T04:00:56+00:00,bid,GTX 1080,4,10,0.037037,0.039537,0.040741,0.041389,0.042222,0.041111,0.985523
2026-08-07T04:00:56+00:00,bid,GTX 1080 Ti,9,28,0.026222,0.040556,0.042222,0.053889,0.054444,0.047937,0.997494
2026-08-07T04:00:56+00:00,bid,GTX 1650 S,1,1,0.037778,0.037778,0.037778,0.037778,0.037778,,0.991775
2026-08-07T04:00:56+00:00,bid,GTX 1660,1,1,0.037778,0.037778,0.037778,0.037778,0.037778,0.037778,0.99648
2026-08-07T04:00:56+00:00,bid,GTX 1660 S,1,1,0.031111,0.031111,0.031111,0.031111,0.031111,,0.97069
2026-08-07T04:00:56+00:00,bid,GTX 1660 Ti,1,1,0.037778,0.037778,0.037778,0.037778,0.037778,0.037778,0.987478
2026-08-07T04:00:56+00:00,bid,H100 NVL,7,11,0.404889,0.870481,0.935556,1.468167,2.122963,2.000778,0.943154
2026-08-07T04:00:56+00:00,bid,H100 PCIE,6,21,1.200148,1.501222,1.600556,1.600972,1.602222,1.600556,0.991671
2026-08-07T04:00:56+00:00,bid,H100 SXM,17,42,0.401111,1.006519,2.072,2.164444,4.002222,2.069333,0.994902
2026-08-07T04:00:56+00:00,bid,H200,16,56,0.441338,0.441886,3.058352,3.568887,5.263706,3.485307,0.99774
2026-08-07T04:00:56+00:00,bid,H200 NVL,19,37,0.535556,1.005,1.339111,2.195556,3.202222,1.172889,0.991759
2026-08-07T04:00:56+00:00,bid,L4,6,9,0.134444,0.155556,0.241667,0.307778,0.322222,0.267778,0.997198
2026-08-07T04:00:56+00:00,bid,L40,5,9,0.403704,0.467778,0.468889,0.471111,0.471111,0.468889,0.988491
2026-08-07T04:00:56+00:00,bid,L40S,29,87,0.200185,0.333704,0.47037,0.537037,0.933611,0.537037,0.997803
2026-08-07T04:00:56+00:00,bid,Q RTX 8000,2,3,0.027556,0.027694,0.027833,0.027972,0.028111,0.027833,0.998938
2026-08-07T04:00:56+00:00,bid,Quadro P4000,1,1,0.03437,0.03437,0.03437,0.03437,0.03437,,0.997761
2026-08-07T04:00:56+00:00,bid,RTX 2060,3,5,0.027259,0.029185,0.031111,0.036111,0.041111,0.036111,0.990666
2026-08-07T04:00:56+00:00,bid,RTX 2060S,4,9,0.046978,0.047211,0.047289,0.066393,0.123704,0.047289,0.995009
2026-08-07T04:00:56+00:00,bid,RTX 2070,2,11,0.041111,0.044208,0.047305,0.050401,0.053498,0.041111,0.992841
2026-08-07T04:00:56+00:00,bid,RTX 2070S,2,17,0.053498,0.053503,0.053508,0.053513,0.053519,,0.987703
2026-08-07T04:00:56+00:00,bid,RTX 2080 Ti,5,12,0.037778,0.055556,0.066944,0.108148,0.108889,0.087546,0.995852
2026-08-07T04:00:56+00:00,bid,RTX 2080S,1,1,0.037778,0.037778,0.037778,0.037778,0.037778,0.037778,0.973217
2026-08-07T04:00:56+00:00,bid,RTX 3050,1,1,1.068889,1.068889,1.068889,1.068889,1.068889,,0.976395
2026-08-07T04:00:56+00:00,bid,RTX 3060,13,42,0.037778,0.045519,0.053889,0.062222,0.134519,0.049981,0.992867
2026-08-07T04:00:56+00:00,bid,RTX 3060 Ti,2,2,0.268889,0.369259,0.46963,0.57,0.67037,0.46963,0.922353
2026-08-07T04:00:56+00:00,bid,RTX 3060 laptop,4,12,0.013352,0.013449,0.025963,0.045574,0.066963,0.066963,0.993157
2026-08-07T04:00:56+00:00,bid,RTX 3070,7,22,0.040278,0.054167,0.068519,0.08213,0.135556,0.068519,0.997596
2026-08-07T04:00:56+00:00,bid,RTX 3080,13,35,0.041111,0.060741,0.080556,0.133889,0.240332,0.108889,0.990172
2026-08-07T04:00:56+00:00,bid,RTX 3080 Ti,5,6,0.086704,0.088889,0.088889,0.108889,0.154444,0.098889,0.994172
2026-08-07T04:00:56+00:00,bid,RTX 3090,50,116,0.016296,0.095556,0.133889,0.151852,0.367407,0.135556,0.991301
2026-08-07T04:00:56+00:00,bid,RTX 4060,1,1,0.083704,0.083704,0.083704,0.083704,0.083704,0.083704,0.998552
2026-08-07T04:00:56+00:00,bid,RTX 4060 Ti,7,15,0.042222,0.074833,0.075778,0.079556,0.100519,0.082222,0.996049
2026-08-07T04:00:56+00:00,bid,RTX 4070,8,17,0.040741,0.067639,0.072056,0.076056,0.162222,0.076333,0.991843
2026-08-07T04:00:56+00:00,bid,RTX 4070 Ti,7,13,0.041111,0.082222,0.108889,0.240833,0.241111,0.108889,0.992043
2026-08-07T04:00:56+00:00,bid,RTX 4070S,1,1,0.242222,0.242222,0.242222,0.242222,0.242222,,0.96986
2026-08-07T04:00:56+00:00,bid,RTX 4070S Ti,16,46,0.092222,0.102963,0.156889,0.201111,1.211111,0.200222,0.998026
2026-08-07T04:00:56+00:00,bid,RTX 4080,20,51,0.133593,0.134157,0.136296,0.147407,0.255556,0.147037,0.992238
2026-08-07T04:00:56+00:00,bid,RTX 4080S,9,17,0.070222,0.074074,0.102963,0.161778,0.240519,0.193833,0.993366
2026-08-07T04:00:56+00:00,bid,RTX 4090,78,252,0.115099,0.234,0.328657,0.403241,1.200556,0.396889,0.99611
2026-08-07T04:00:56+00:00,bid,RTX 4090D,11,31,0.054815,0.073556,0.07437,0.340019,0.606222,,0.970312
2026-08-07T04:00:56+00:00,bid,RTX 4500Ada,1,1,0.468889,0.468889,0.468889,0.468889,0.468889,,0.924801
2026-08-07T04:00:56+00:00,bid,RTX 5000Ada,4,5,0.268889,0.268889,0.295,0.321389,0.322222,0.295,0.997071
2026-08-07T04:00:56+00:00,bid,RTX 5060,5,6,0.027407,0.040296,0.05363,0.095556,0.208889,0.131259,0.994153
2026-08-07T04:00:56+00:00,bid,RTX 5060 Ti,29,91,0.054074,0.068296,0.134074,0.147222,0.218222,0.14088,0.994488
2026-08-07T04:00:56+00:00,bid,RTX 5070,13,23,0.043704,0.074519,0.107407,0.121481,0.200444,0.121111,0.993221
2026-08-07T04:00:56+00:00,bid,RTX 5070 Ti,11,17,0.107222,0.108333,0.108889,0.121667,0.190222,0.108889,0.993388
2026-08-07T04:00:56+00:00,bid,RTX 5080,15,30,0.015556,0.108333,0.147037,0.181519,0.442222,0.141852,0.986748
2026-08-07T04:00:56+00:00,bid,RTX 5090,83,228,0.103222,0.271852,0.401111,0.527083,2.666944,0.402222,0.992216
2026-08-07T04:00:56+00:00,bid,RTX 5880Ada,8,14,0.294259,0.295185,0.296111,0.297037,0.297037,0.296111,0.995835
2026-08-07T04:00:56+00:00,bid,RTX 6000Ada,20,44,0.134815,0.325648,0.467444,0.468778,0.74963,0.467704,0.997795
2026-08-07T04:00:56+00:00,bid,RTX A2000,3,3,0.03037,0.215259,0.400148,0.414148,0.428148,0.229259,0.994387
2026-08-07T04:00:56+00:00,bid,RTX A4000,9,50,0.058222,0.106801,0.107037,0.10716,0.133611,,0.97131
2026-08-07T04:00:56+00:00,bid,RTX A4500,1,1,0.081185,0.081185,0.081185,0.081185,0.081185,,0.959006
2026-08-07T04:00:56+00:00,bid,RTX A5000,4,13,0.108519,0.109907,0.168677,0.22709,0.227407,0.168677,0.998756
2026-08-07T04:00:56+00:00,bid,RTX A6000,9,23,0.138519,0.143704,0.333889,0.334444,0.335556,,0.992925
2026-08-07T04:00:56+00:00,bid,RTX PRO 4000,14,27,0.068889,0.207722,0.234691,0.241481,0.370815,0.234617,0.994338
2026-08-07T04:00:56+00:00,bid,RTX PRO 4500,4,5,0.187778,0.188611,0.201852,0.228704,0.27037,0.27037,0.997602
2026-08-07T04:00:56+00:00,bid,RTX PRO 5000,23,51,0.135111,0.271111,0.402222,0.533796,0.602222,0.484074,0.993084
2026-08-07T04:00:56+00:00,bid,RTX PRO 6000 S,21,46,0.352667,0.533778,1.001111,1.068148,2.935556,1.002222,0.997124
2026-08-07T04:00:56+00:00,bid,RTX PRO 6000 WS,21,37,0.335556,0.668889,0.800741,1.068889,1.337037,0.800741,0.993295
2026-08-07T04:00:56+00:00,bid,Tesla T4,3,4,3.400741,3.401111,3.401481,3.401481,3.401481,,0.972409
2026-08-07T04:00:56+00:00,bid,Tesla V100,17,43,0.015556,0.093889,0.096889,0.162222,0.240556,0.162222,0.994716
2026-08-07T04:00:56+00:00,bid,Titan RTX,7,16,0.107222,0.108333,0.128519,0.132167,0.135556,0.121667,0.998376
2026-08-07T04:00:56+00:00,bid,Titan Xp,3,7,0.040556,0.040833,0.041111,0.041667,0.042222,0.041111,0.996264
2026-08-07T04:05:55+00:00,on-demand,A100 PCIE,15,48,0.266944,0.488426,1.000556,1.027917,1.507556,0.828148,0.995667
2026-08-07T04:05:55+00:00,on-demand,A100 SXM4,23,65,0.468889,0.801481,0.934074,1.098167,1.475556,0.934815,0.995301
2026-08-07T04:05:55+00:00,on-demand,A800 PCIE,3,7,0.667222,0.6675,0.667778,0.668333,0.668889,,0.994711
2026-08-07T04:05:55+00:00,on-demand,B200,22,116,5.002083,5.58852,5.625998,5.875694,7.750521,5.625998,0.990076
2026-08-07T04:05:55+00:00,on-demand,B300,7,29,8.125521,8.438151,10.000694,10.002083,10.005556,8.125781,0.965472
2026-08-07T04:05:55+00:00,on-demand,CMP 170HX,7,24,0.236833,0.2385,0.242667,0.334074,0.935556,0.935556,0.945128
2026-08-07T04:05:55+00:00,on-demand,GTX 1050 Ti,1,1,0.611111,0.611111,0.611111,0.611111,0.611111,,0.988419
2026-08-07T04:05:55+00:00,on-demand,GTX 1060,1,1,0.344444,0.344444,0.344444,0.344444,0.344444,,0.99439
2026-08-07T04:05:55+00:00,on-demand,GTX 1070,1,1,0.531111,0.531111,0.531111,0.531111,0.531111,0.531111,0.993387
2026-08-07T04:05:55+00:00,on-demand,GTX 1070 Ti,1,1,0.050222,0.050222,0.050222,0.050222,0.050222,0.050222,0.993989
2026-08-07T04:05:55+00:00,on-demand,GTX 1080,5,15,0.027778,0.044889,0.049889,0.051037,0.051778,0.051037,0.985523
2026-08-07T04:05:55+00:00,on-demand,GTX 1080 Ti,7,21,0.042222,0.060833,0.068889,0.07377,0.074444,0.07127,0.996026
2026-08-07T04:05:55+00:00,on-demand,GTX 1650 S,1,1,0.677778,0.677778,0.677778,0.677778,0.677778,,0.991775
2026-08-07T04:05:55+00:00,on-demand,GTX 1660 S,4,13,0.033704,0.043843,0.0475,0.148611,0.451111,0.0475,0.98366
2026-08-07T04:05:55+00:00,on-demand,GTX 1660 Ti,1,1,0.611111,0.611111,0.611111,0.611111,0.611111,0.611111,0.987478
2026-08-07T04:05:55+00:00,on-demand,GTX TITAN X,1,1,0.028889,0.028889,0.028889,0.028889,0.028889,,0.995672
2026-08-07T04:05:55+00:00,on-demand,H100 NVL,4,8,2.588889,2.647778,2.667778,2.767972,3.067444,2.828167,0.996591
2026-08-07T04:05:55+00:00,on-demand,H100 PCIE,5,16,1.868889,2.133611,2.133889,2.134444,2.135556,2.133889,0.991671
2026-08-07T04:05:55+00:00,on-demand,H100 SXM,16,61,1.601111,2.6635,3.030001,3.364986,4.775556,3.365694,0.9814
2026-08-07T04:05:55+00:00,on-demand,H200,16,77,3.816155,4.079496,4.145148,4.19497,5.395285,4.080592,0.99774
2026-08-07T04:05:55+00:00,on-demand,H200 NVL,9,34,2.800278,2.883333,3.466984,3.602222,3.926222,3.242778,0.984476
2026-08-07T04:05:55+00:00,on-demand,L4,5,7,0.03363,0.255556,0.334444,0.334444,0.335556,0.334444,0.996385
2026-08-07T04:05:55+00:00,on-demand,L40,1,1,0.577778,0.577778,0.577778,0.577778,0.577778,0.577778,0.988491
2026-08-07T04:05:55+00:00,on-demand,L40S,12,47,0.466852,0.467037,0.633704,0.819676,1.074074,0.902315,0.997139
2026-08-07T04:05:55+00:00,on-demand,Q RTX 6000,1,4,0.133704,0.133704,0.133704,0.133704,0.133704,0.133704,0.999262
2026-08-07T04:05:55+00:00,on-demand,Q RTX 8000,4,6,0.240556,0.249917,0.253556,0.254259,0.254815,0.253556,0.998453
2026-08-07T04:05:55+00:00,on-demand,Quadro P4000,2,3,0.040741,0.040926,0.041111,0.041296,0.041481,,0.964347
2026-08-07T04:05:55+00:00,on-demand,RTX 2060,2,3,0.052593,0.143333,0.234074,0.324815,0.415556,0.415556,0.986977
2026-08-07T04:05:55+00:00,on-demand,RTX 2060S,2,6,0.066978,0.067056,0.067133,0.067211,0.067289,0.067133,0.995009
2026-08-07T04:05:55+00:00,on-demand,RTX 2070,2,11,0.054444,0.057541,0.060638,0.063735,0.066831,0.054444,0.992841
2026-08-07T04:05:55+00:00,on-demand,RTX 2070S,2,13,0.066831,0.066883,0.066934,0.066986,0.067037,,0.99246
2026-08-07T04:05:55+00:00,on-demand,RTX 2080 Ti,5,13,0.068889,0.071778,0.072889,0.073611,0.136148,0.07325,0.99856
2026-08-07T04:05:55+00:00,on-demand,RTX 2080S,1,1,0.744444,0.744444,0.744444,0.744444,0.744444,0.744444,0.973217
2026-08-07T04:05:55+00:00,on-demand,RTX 3050,1,1,1.322222,1.322222,1.322222,1.322222,1.322222,,0.976395
2026-08-07T04:05:55+00:00,on-demand,RTX 3060,12,32,0.022222,0.053176,0.103981,0.298,1.335556,0.09713,0.995034
2026-08-07T04:05:55+00:00,on-demand,RTX 3060 Ti,2,2,0.399556,0.539926,0.680296,0.820667,0.961037,0.680296,0.922353
2026-08-07T04:05:55+00:00,on-demand,RTX 3060 laptop,5,14,0.026685,0.041111,0.042222,0.070815,0.070963,0.070889,0.99877
2026-08-07T04:05:55+00:00,on-demand,RTX 3070,9,36,0.041111,0.074444,0.100617,0.107222,0.166222,0.100617,0.993554
2026-08-07T04:05:55+00:00,on-demand,RTX 3080,14,51,0.048889,0.062384,0.095556,0.118597,0.268889,0.113556,0.992412
2026-08-07T04:05:55+00:00,on-demand,RTX 3080 Ti,1,1,0.142222,0.142222,0.142222,0.142222,0.142222,0.142222,0.994689
2026-08-07T04:05:55+00:00,on-demand,RTX 3090,36,108,0.080003,0.135,0.173981,0.267148,2.001111,0.240556,0.989983
2026-08-07T04:05:55+00:00,on-demand,RTX 4060,3,6,0.05363,0.059037,0.064444,1.371111,2.677778,0.064444,0.985053
2026-08-07T04:05:55+00:00,on-demand,RTX 4060 Ti,6,11,0.081111,0.088259,0.10763,0.108889,0.140556,0.108889,0.990525
2026-08-07T04:05:55+00:00,on-demand,RTX 4070,6,14,0.080556,0.081111,0.082778,0.087778,0.172889,0.086667,0.991602
2026-08-07T04:05:55+00:00,on-demand,RTX 4070 Ti,9,19,0.088519,0.094444,0.134444,0.162222,0.282444,0.096111,0.986478
2026-08-07T04:05:55+00:00,on-demand,RTX 4070S,1,1,0.08963,0.08963,0.08963,0.08963,0.08963,0.08963,0.984027
2026-08-07T04:05:55+00:00,on-demand,RTX 4070S Ti,9,33,0.120556,0.12963,0.246889,0.247222,1.402222,0.246889,0.997303
2026-08-07T04:05:55+00:00,on-demand,RTX 4080,15,39,0.120926,0.160519,0.187593,0.241019,0.295556,0.187185,0.993202
2026-08-07T04:05:55+00:00,on-demand,RTX 4080S,14,48,0.067593,0.146056,0.15017,0.160972,0.254926,0.150541,0.990651
2026-08-07T04:05:55+00:00,on-demand,RTX 4090,53,212,0.228148,0.337185,0.427222,0.540741,1.337037,0.537037,0.995249
2026-08-07T04:05:55+00:00,on-demand,RTX 4090D,9,25,0.160185,0.160741,0.330074,0.667222,0.668889,,0.970312
2026-08-07T04:05:55+00:00,on-demand,RTX 4500Ada,1,1,1.268889,1.268889,1.268889,1.268889,1.268889,,0.924801
2026-08-07T04:05:55+00:00,on-demand,RTX 5000Ada,3,4,0.335556,0.381667,0.427778,0.435,0.442222,0.427778,0.997071
2026-08-07T04:05:55+00:00,on-demand,RTX 5060,4,4,0.068148,0.069815,0.10963,0.177222,0.262222,0.166296,0.994197
2026-08-07T04:05:55+00:00,on-demand,RTX 5060 Ti,16,61,0.051111,0.083204,0.097843,0.145458,0.227407,0.134722,0.994227
2026-08-07T04:05:55+00:00,on-demand,RTX 5070,11,18,0.074074,0.102963,0.134815,0.192593,0.382222,0.141389,0.994052
2026-08-07T04:05:55+00:00,on-demand,RTX 5070 Ti,12,25,0.119556,0.13463,0.161389,0.200694,0.202222,0.160556,0.996289
2026-08-07T04:05:55+00:00,on-demand,RTX 5080,17,60,0.134074,0.175556,0.227481,0.333704,1.775556,0.22787,0.992592
2026-08-07T04:05:55+00:00,on-demand,RTX 5090,49,159,0.212889,0.413111,0.627222,0.800741,5.986944,0.6675,0.994093
2026-08-07T04:05:55+00:00,on-demand,RTX 5880Ada,4,8,0.428741,0.55788,0.601389,0.602315,0.603704,0.601389,0.995835
2026-08-07T04:05:55+00:00,on-demand,RTX 6000Ada,7,26,0.441111,0.600398,0.681111,0.687917,0.735556,0.681111,0.998316
2026-08-07T04:05:55+00:00,on-demand,RTX A2000,4,5,0.034074,0.03563,0.264815,0.704,1.335556,,0.994801
2026-08-07T04:05:55+00:00,on-demand,RTX A4000,9,50,0.067037,0.072889,0.133519,0.133827,0.153556,,0.97131
2026-08-07T04:05:55+00:00,on-demand,RTX A4500,2,2,0.114519,0.404593,0.694667,0.984741,1.274815,,0.978555
2026-08-07T04:05:55+00:00,on-demand,RTX A5000,2,10,0.230984,0.23109,0.231196,0.231302,0.231407,0.231196,0.99815
2026-08-07T04:05:55+00:00,on-demand,RTX A6000,10,33,0.308889,0.400602,0.401667,1.200486,1.335556,,0.990186
2026-08-07T04:05:55+00:00,on-demand,RTX PRO 4000,9,13,0.202222,0.254815,0.301852,0.321481,0.534815,0.301852,0.989514
2026-08-07T04:05:55+00:00,on-demand,RTX PRO 4500,3,4,0.308148,0.321296,0.334444,0.335,0.335556,,0.998399
2026-08-07T04:05:55+00:00,on-demand,RTX PRO 5000,10,32,0.640278,0.647639,0.722731,0.734306,0.944148,0.711852,0.993084
2026-08-07T04:05:55+00:00,on-demand,RTX PRO 6000 S,14,47,0.6284,1.000926,1.600417,1.733981,3.068889,1.667963,0.997124
2026-08-07T04:05:55+00:00,on-demand,RTX PRO 6000 WS,14,29,0.868889,1.108713,1.333778,1.481852,13.335556,1.333778,0.990895
2026-08-07T04:05:55+00:00,on-demand,Tesla P100,1,2,0.081481,0.081481,0.081481,0.081481,0.081481,0.081481,0.994816
2026-08-07T04:05:55+00:00,on-demand,Tesla P40,2,2,0.033334,0.075556,0.117778,0.16,0.202222,,0.974011
2026-08-07T04:05:55+00:00,on-demand,Tesla T4,2,3,12.000741,12.000926,12.001111,12.001296,12.001481,,0.972409
2026-08-07T04:05:55+00:00,on-demand,Tesla V100,12,31,0.027222,0.037639,0.104722,0.179222,0.268889,0.266944,0.993327
2026-08-07T04:05:55+00:00,on-demand,Titan RTX,3,5,0.135185,0.148148,0.161111,0.161667,0.162222,0.161667,0.998376
2026-08-07T04:05:55+00:00,on-demand,Titan Xp,2,6,0.060556,0.060694,0.060833,0.060972,0.061111,0.060833,0.996264
2026-08-07T04:05:55+00:00,bid,A100 PCIE,29,47,0.133889,0.135556,0.135556,0.586944,0.588889,0.135556,0.992519
2026-08-07T04:05:55+00:00,bid,A100 SXM4,42,94,0.130316,0.476759,0.666944,0.812611,0.987222,0.501481,0.986683
2026-08-07T04:05:55+00:00,bid,A800 PCIE,6,11,0.129889,0.130444,0.131,0.131556,0.131556,,0.994711
2026-08-07T04:05:55+00:00,bid,B200,14,81,4.375174,5.000347,5.000825,5.002279,7.377083,5.000825,0.993014
2026-08-07T04:05:55+00:00,bid,B300,8,30,3.75026,5.001215,5.004167,5.160547,5.626042,5.625781,0.965472
2026-08-07T04:05:55+00:00,bid,CMP 170HX,8,28,0.234167,0.23875,0.253796,0.254444,0.668889,0.668889,0.963684
2026-08-07T04:05:55+00:00,bid,GTX 1050 Ti,1,1,0.024444,0.024444,0.024444,0.024444,0.024444,,0.988419
2026-08-07T04:05:55+00:00,bid,GTX 1060,1,1,0.031111,0.031111,0.031111,0.031111,0.031111,,0.99439
2026-08-07T04:05:55+00:00,bid,GTX 1070,1,1,0.024444,0.024444,0.024444,0.024444,0.024444,0.024444,0.993387
2026-08-07T04:05:55+00:00,bid,GTX 1080,6,20,0.037037,0.04037,0.040463,0.040972,0.042222,0.040556,0.985523
2026-08-07T04:05:55+00:00,bid,GTX 1080 Ti,7,20,0.026222,0.040833,0.042222,0.053862,0.054444,0.047937,0.997494
2026-08-07T04:05:55+00:00,bid,GTX 1650 S,1,1,0.037778,0.037778,0.037778,0.037778,0.037778,,0.991775
2026-08-07T04:05:55+00:00,bid,GTX 1660,1,1,0.037778,0.037778,0.037778,0.037778,0.037778,0.037778,0.99648
2026-08-07T04:05:55+00:00,bid,GTX 1660 S,3,7,0.031111,0.035833,0.040556,0.040833,0.041111,0.040833,0.99663
2026-08-07T04:05:55+00:00,bid,GTX 1660 Ti,1,1,0.037778,0.037778,0.037778,0.037778,0.037778,0.037778,0.987478
2026-08-07T04:05:55+00:00,bid,H100 NVL,8,12,0.404889,0.902463,0.935556,1.402037,2.000778,1.468519,0.940465
2026-08-07T04:05:55+00:00,bid,H100 PCIE,5,17,0.956111,1.200148,1.469222,1.600556,1.601111,1.469222,0.991671
2026-08-07T04:05:55+00:00,bid,H100 SXM,16,37,0.400556,1.45363,2.070667,2.164444,4.001111,2.068667,0.993983
2026-08-07T04:05:55+00:00,bid,H200,17,56,0.441338,0.441886,2.631944,3.486404,5.132127,3.485033,0.988136
2026-08-07T04:05:55+00:00,bid,H200 NVL,15,29,0.535556,1.005,1.200556,1.372889,3.200741,1.194667,0.992177
2026-08-07T04:05:55+00:00,bid,L4,9,12,0.134444,0.201481,0.267778,0.268889,0.322222,0.268333,0.998011
2026-08-07T04:05:55+00:00,bid,L40,2,2,0.471111,0.471111,0.471111,0.471111,0.471111,0.471111,0.988491
2026-08-07T04:05:55+00:00,bid,L40S,27,91,0.200185,0.333519,0.47037,0.540741,0.933889,0.537037,0.99847
2026-08-07T04:05:55+00:00,bid,Q RTX 8000,2,3,0.027556,0.027611,0.027667,0.027722,0.027778,0.027667,0.998938
2026-08-07T04:05:55+00:00,bid,Quadro P4000,1,1,0.03437,0.03437,0.03437,0.03437,0.03437,,0.997761
2026-08-07T04:05:55+00:00,bid,RTX 2060,4,6,0.027259,0.030148,0.036111,0.114722,0.335556,0.041111,0.992804
2026-08-07T04:05:55+00:00,bid,RTX 2060S,4,9,0.046978,0.047211,0.047289,0.066393,0.123704,0.047289,0.995009
2026-08-07T04:05:55+00:00,bid,RTX 2070,2,11,0.041111,0.044208,0.047305,0.050401,0.053498,0.041111,0.992841
2026-08-07T04:05:55+00:00,bid,RTX 2070S,4,23,0.053498,0.053513,0.053611,0.053796,0.054074,,0.987703
2026-08-07T04:05:55+00:00,bid,RTX 2080 Ti,6,14,0.037778,0.067153,0.068926,0.09863,0.121481,0.070074,0.99787
2026-08-07T04:05:55+00:00,bid,RTX 2080S,1,1,0.037778,0.037778,0.037778,0.037778,0.037778,0.037778,0.973217
2026-08-07T04:05:55+00:00,bid,RTX 3050,1,1,1.068889,1.068889,1.068889,1.068889,1.068889,,0.976395
2026-08-07T04:05:55+00:00,bid,RTX 3060,13,41,0.037778,0.045481,0.053889,0.102815,0.134519,0.110963,0.990832
2026-08-07T04:05:55+00:00,bid,RTX 3060 Ti,2,2,0.268889,0.369259,0.46963,0.57,0.67037,0.46963,0.922353
2026-08-07T04:05:55+00:00,bid,RTX 3060 laptop,3,11,0.013352,0.013417,0.013481,0.025963,0.038444,,0.989756
2026-08-07T04:05:55+00:00,bid,RTX 3070,9,24,0.038815,0.040556,0.068519,0.07037,0.135556,0.068704,0.997097
2026-08-07T04:05:55+00:00,bid,RTX 3070 Ti,1,1,0.055556,0.055556,0.055556,0.055556,0.055556,,0.997107
2026-08-07T04:05:55+00:00,bid,RTX 3080,10,29,0.054222,0.062847,0.087685,0.127639,0.240332,0.134722,0.990981
2026-08-07T04:05:55+00:00,bid,RTX 3080 Ti,7,11,0.055556,0.098148,0.108889,0.136056,0.154444,0.118222,0.995123
2026-08-07T04:05:55+00:00,bid,RTX 3090,68,171,0.016296,0.078843,0.121019,0.135426,0.301481,0.134259,0.990872
2026-08-07T04:05:55+00:00,bid,RTX 4060 Ti,6,11,0.042222,0.074778,0.076333,0.080889,0.100519,0.082222,0.996572
2026-08-07T04:05:55+00:00,bid,RTX 4070,6,14,0.067222,0.069639,0.080056,0.142056,0.162222,0.123,0.995375
2026-08-07T04:05:55+00:00,bid,RTX 4070 Ti,7,13,0.041111,0.082222,0.108889,0.240833,0.241111,0.108889,0.992043
2026-08-07T04:05:55+00:00,bid,RTX 4070S,2,2,0.076296,0.117778,0.159259,0.200741,0.242222,0.076296,0.976944
2026-08-07T04:05:55+00:00,bid,RTX 4070S Ti,12,34,0.092222,0.113972,0.200556,0.201389,1.211111,0.200556,0.999055
2026-08-07T04:05:55+00:00,bid,RTX 4080,21,52,0.133593,0.134667,0.137037,0.147407,0.255556,0.147037,0.994801
2026-08-07T04:05:55+00:00,bid,RTX 4080S,10,26,0.073827,0.083333,0.137481,0.220639,0.240519,0.240389,0.991558
2026-08-07T04:05:55+00:00,bid,RTX 4090,87,267,0.122037,0.242667,0.335556,0.401667,1.200556,0.387778,0.995249
2026-08-07T04:05:55+00:00,bid,RTX 4090D,13,34,0.054741,0.065481,0.074185,0.604556,0.606222,,0.970312
2026-08-07T04:05:55+00:00,bid,RTX 4500Ada,1,1,0.468889,0.468889,0.468889,0.468889,0.468889,,0.924801
2026-08-07T04:05:55+00:00,bid,RTX 5000Ada,3,4,0.268889,0.295,0.321111,0.321667,0.322222,0.321111,0.997071
2026-08-07T04:05:55+00:00,bid,RTX 5060,3,3,0.054519,0.075037,0.095556,0.152222,0.208889,0.131704,0.995279
2026-08-07T04:05:55+00:00,bid,RTX 5060 Ti,29,85,0.048296,0.067481,0.107037,0.146963,0.218222,0.134074,0.99649
2026-08-07T04:05:55+00:00,bid,RTX 5070,10,19,0.043704,0.066861,0.113981,0.121944,0.200444,0.121667,0.996414
2026-08-07T04:05:55+00:00,bid,RTX 5070 Ti,12,20,0.005741,0.107778,0.108889,0.115667,0.162963,0.108889,0.994285
2026-08-07T04:05:55+00:00,bid,RTX 5080,18,35,0.015556,0.111806,0.147222,0.163981,0.442222,0.140741,0.989754
2026-08-07T04:05:55+00:00,bid,RTX 5090,89,235,0.103222,0.276481,0.401111,0.533889,2.666944,0.402222,0.993931
2026-08-07T04:05:55+00:00,bid,RTX 5880Ada,12,23,0.267185,0.294954,0.296111,0.297037,0.33437,0.296111,0.995835
2026-08-07T04:05:55+00:00,bid,RTX 6000Ada,18,44,0.134815,0.400347,0.402222,0.468741,0.775556,0.434722,0.997224
2026-08-07T04:05:55+00:00,bid,RTX A2000,2,2,0.400148,0.407148,0.414148,0.421148,0.428148,0.428148,0.975658
2026-08-07T04:05:55+00:00,bid,RTX A4000,13,66,0.057111,0.058222,0.106852,0.10716,0.133611,,0.97131
2026-08-07T04:05:55+00:00,bid,RTX A4500,1,1,0.081185,0.081185,0.081185,0.081185,0.081185,,0.95901
2026-08-07T04:05:55+00:00,bid,RTX A5000,6,19,0.11037,0.137861,0.223658,0.227302,0.231496,0.223658,0.998756
2026-08-07T04:05:55+00:00,bid,RTX A6000,10,24,0.138519,0.258889,0.33377,0.334352,0.335556,,0.992925
2026-08-07T04:05:55+00:00,bid,RTX PRO 4000,13,25,0.068889,0.202222,0.240494,0.241481,0.370815,0.240494,0.995586
2026-08-07T04:05:55+00:00,bid,RTX PRO 4500,4,5,0.187778,0.188611,0.201852,0.228704,0.27037,0.27037,0.997602
2026-08-07T04:05:55+00:00,bid,RTX PRO 5000,25,53,0.135111,0.268889,0.467778,0.533889,0.803704,0.468889,0.993084
2026-08-07T04:05:55+00:00,bid,RTX PRO 6000 S,24,56,0.352667,0.534111,0.90088,1.067407,2.935556,1.001111,0.997124
2026-08-07T04:05:55+00:00,bid,RTX PRO 6000 WS,28,48,0.335556,0.538519,0.767472,0.818889,1.320926,0.733769,0.995451
2026-08-07T04:05:55+00:00,bid,Tesla T4,3,4,3.400741,3.401111,3.401481,3.401481,3.401481,,0.972409
2026-08-07T04:05:55+00:00,bid,Tesla V100,14,33,0.027222,0.095361,0.096889,0.155093,0.242222,0.162222,0.994716
2026-08-07T04:05:55+00:00,bid,Titan RTX,7,16,0.107222,0.108333,0.128519,0.132167,0.135556,0.121667,0.998376
2026-08-07T04:05:55+00:00,bid,Titan Xp,2,6,0.040556,0.040694,0.040833,0.040972,0.041111,0.040833,0.996264
2026-08-07T04:10:55+00:00,on-demand,A100 PCIE,15,46,0.266944,0.708611,0.873333,1.027917,1.507556,0.780889,0.995667
2026-08-07T04:10:55+00:00,on-demand,A100 SXM4,26,69,0.468889,0.801481,0.942815,1.132944,1.601296,1.00088,0.993643
2026-08-07T04:10:55+00:00,on-demand,A800 PCIE,3,7,0.667222,0.6675,0.667778,0.668333,0.668889,,0.994711
2026-08-07T04:10:55+00:00,on-demand,B200,15,83,5.00026,5.564453,5.625347,5.880382,7.75026,5.625347,0.996975
2026-08-07T04:10:55+00:00,on-demand,B300,7,29,8.125521,8.438151,10.000694,10.002083,10.005556,8.125781,0.965472
2026-08-07T04:10:55+00:00,on-demand,CMP 170HX,7,24,0.236833,0.2385,0.242667,0.334074,0.935556,0.935556,0.945128
2026-08-07T04:10:55+00:00,on-demand,GTX 1050 Ti,1,1,0.611111,0.611111,0.611111,0.611111,0.611111,,0.988419
2026-08-07T04:10:55+00:00,on-demand,GTX 1060,2,2,0.088889,0.152778,0.216667,0.280556,0.344444,0.088889,0.996854
2026-08-07T04:10:55+00:00,on-demand,GTX 1070,1,1,0.531111,0.531111,0.531111,0.531111,0.531111,0.531111,0.993387
2026-08-07T04:10:55+00:00,on-demand,GTX 1080,5,12,0.027778,0.049704,0.050222,0.05037,0.051778,0.050222,0.985523
2026-08-07T04:10:55+00:00,on-demand,GTX 1080 Ti,6,18,0.042222,0.060694,0.063667,0.071794,0.074074,0.066222,0.99676
2026-08-07T04:10:55+00:00,on-demand,GTX 1650 S,1,1,0.677778,0.677778,0.677778,0.677778,0.677778,,0.991775
2026-08-07T04:10:55+00:00,on-demand,GTX 1660,1,1,0.677778,0.677778,0.677778,0.677778,0.677778,0.677778,0.99648
2026-08-07T04:10:55+00:00,on-demand,GTX 1660 S,4,13,0.033704,0.043843,0.0475,0.148611,0.451111,0.0475,0.98366
2026-08-07T04:10:55+00:00,on-demand,GTX TITAN X,1,1,0.028889,0.028889,0.028889,0.028889,0.028889,,0.995649
2026-08-07T04:10:55+00:00,on-demand,H100 NVL,6,10,2.162963,2.608519,2.667778,2.821926,3.067444,2.731037,0.996591
2026-08-07T04:10:55+00:00,on-demand,H100 PCIE,4,15,1.867222,1.867639,2.000694,2.134097,2.135556,2.000694,0.989188
2026-08-07T04:10:55+00:00,on-demand,H100 SXM,13,38,1.600556,2.202667,2.934444,3.068,3.386889,3.001222,0.995596
2026-08-07T04:10:55+00:00,on-demand,H200,11,44,3.816155,4.07977,4.145285,4.244243,5.395285,4.080592,0.99774
2026-08-07T04:10:55+00:00,on-demand,H200 NVL,7,17,2.508444,2.841806,3.467778,3.742667,3.886222,2.695889,0.997099
2026-08-07T04:10:55+00:00,on-demand,L4,4,6,0.03363,0.259241,0.334444,0.334722,0.335556,0.334444,0.997198
2026-08-07T04:10:55+00:00,on-demand,L40,1,1,0.577778,0.577778,0.577778,0.577778,0.577778,0.577778,0.988491
2026-08-07T04:10:55+00:00,on-demand,L40S,14,50,0.401111,0.467037,0.667593,1.000394,1.074074,0.933843,0.998136
2026-08-07T04:10:55+00:00,on-demand,Q RTX 6000,1,4,0.133704,0.133704,0.133704,0.133704,0.133704,0.133704,0.999262
2026-08-07T04:10:55+00:00,on-demand,Q RTX 8000,3,5,0.240556,0.247315,0.254074,0.254444,0.254815,0.254074,0.998302
2026-08-07T04:10:55+00:00,on-demand,Quadro P4000,3,4,0.040741,0.041111,0.041481,0.054444,0.067407,0.067407,0.964347
2026-08-07T04:10:55+00:00,on-demand,RTX 2060,2,3,0.052593,0.142222,0.231852,0.321481,0.411111,0.411111,0.986638
2026-08-07T04:10:55+00:00,on-demand,RTX 2060S,1,2,0.067289,0.067289,0.067289,0.067289,0.067289,0.067289,0.995009
2026-08-07T04:10:55+00:00,on-demand,RTX 2070,1,9,0.066831,0.066831,0.066831,0.066831,0.066831,,0.997216
2026-08-07T04:10:55+00:00,on-demand,RTX 2070S,1,9,0.066831,0.066831,0.066831,0.066831,0.066831,,0.987703
2026-08-07T04:10:55+00:00,on-demand,RTX 2080 Ti,6,14,0.068889,0.072056,0.07325,0.110069,0.811111,0.07325,0.990664
2026-08-07T04:10:55+00:00,on-demand,RTX 2080S,1,1,0.744444,0.744444,0.744444,0.744444,0.744444,0.744444,0.973217
2026-08-07T04:10:55+00:00,on-demand,RTX 3050,1,1,1.322222,1.322222,1.322222,1.322222,1.322222,,0.976395
2026-08-07T04:10:55+00:00,on-demand,RTX 3060,10,27,0.022222,0.054097,0.118296,0.551185,1.335556,0.055556,0.991
2026-08-07T04:10:55+00:00,on-demand,RTX 3060 Ti,3,3,0.055556,0.227556,0.399556,0.680296,0.961037,0.399556,0.995073
2026-08-07T04:10:55+00:00,on-demand,RTX 3060 laptop,3,11,0.026685,0.033898,0.041111,0.041667,0.042222,,0.99877
2026-08-07T04:10:55+00:00,on-demand,RTX 3070,7,32,0.068889,0.077361,0.094444,0.107028,0.107222,0.077361,0.991465
2026-08-07T04:10:55+00:00,on-demand,RTX 3080,10,41,0.060222,0.069421,0.078519,0.118597,0.250999,0.127889,0.991593
2026-08-07T04:10:55+00:00,on-demand,RTX 3080 Ti,3,6,0.134259,0.141574,0.148889,0.156296,0.163704,0.141574,0.992625
2026-08-07T04:10:55+00:00,on-demand,RTX 3090,39,122,0.084815,0.140167,0.173704,0.249681,2.001111,0.227019,0.991365
2026-08-07T04:10:55+00:00,on-demand,RTX 4060,3,6,0.05363,0.059037,0.064444,1.371111,2.677778,0.064444,0.985053
2026-08-07T04:10:55+00:00,on-demand,RTX 4060 Ti,6,13,0.081111,0.082222,0.094037,0.10813,0.140556,0.10737,0.994583
2026-08-07T04:10:55+00:00,on-demand,RTX 4070,6,11,0.080556,0.082222,0.086667,0.151611,0.172889,0.131444,0.993341
2026-08-07T04:10:55+00:00,on-demand,RTX 4070 Ti,8,16,0.101111,0.103889,0.144519,0.192139,0.282444,0.103333,0.992201
2026-08-07T04:10:55+00:00,on-demand,RTX 4070S,1,2,0.081852,0.081852,0.081852,0.081852,0.081852,0.081852,0.996218
2026-08-07T04:10:55+00:00,on-demand,RTX 4070S Ti,12,38,0.120556,0.152741,0.246917,0.248056,1.402222,0.246917,0.998237
2026-08-07T04:10:55+00:00,on-demand,RTX 4080,13,36,0.120926,0.159556,0.188519,0.254852,0.295556,0.227185,0.990363
2026-08-07T04:10:55+00:00,on-demand,RTX 4080S,12,38,0.127808,0.14945,0.160833,0.187065,0.309333,0.150341,0.994846
2026-08-07T04:10:55+00:00,on-demand,RTX 4090,54,212,0.253444,0.360528,0.414468,0.539815,1.337037,0.506944,0.994673
2026-08-07T04:10:55+00:00,on-demand,RTX 4090D,9,25,0.160185,0.160741,0.330074,0.667222,0.668889,,0.970312
2026-08-07T04:10:55+00:00,on-demand,RTX 4500Ada,1,1,1.268889,1.268889,1.268889,1.268889,1.268889,,0.924801
2026-08-07T04:10:55+00:00,on-demand,RTX 5000Ada,1,2,0.427778,0.427778,0.427778,0.427778,0.427778,0.427778,0.997071
2026-08-07T04:10:55+00:00,on-demand,RTX 5060,4,4,0.05363,0.066185,0.10963,0.150556,0.155556,0.112963,0.994788
2026-08-07T04:10:55+00:00,on-demand,RTX 5060 Ti,15,52,0.066944,0.084963,0.095556,0.168324,0.178222,0.16037,0.994488
2026-08-07T04:10:55+00:00,on-demand,RTX 5070,8,13,0.014815,0.097407,0.105185,0.126111,0.147778,0.122222,0.992204
2026-08-07T04:10:55+00:00,on-demand,RTX 5070 Ti,9,21,0.107778,0.161111,0.200556,0.201481,0.401333,0.200926,0.996481
2026-08-07T04:10:55+00:00,on-demand,RTX 5080,18,61,0.159556,0.166759,0.254722,0.400486,1.775556,0.214074,0.989489
2026-08-07T04:10:55+00:00,on-demand,RTX 5090,46,160,0.212889,0.440347,0.50463,0.754363,5.986944,0.667222,0.991482
2026-08-07T04:10:55+00:00,on-demand,RTX 5880Ada,3,4,0.428741,0.515296,0.601852,0.602778,0.603704,0.601852,0.995835
2026-08-07T04:10:55+00:00,on-demand,RTX 6000Ada,9,32,0.441111,0.640463,0.681111,0.693611,0.787778,0.681111,0.994263
2026-08-07T04:10:55+00:00,on-demand,RTX A2000,4,5,0.034074,0.03563,0.036148,0.150481,0.493481,,0.995214
2026-08-07T04:10:55+00:00,on-demand,RTX A4000,9,48,0.072889,0.081185,0.133519,0.133827,0.150889,,0.97131
2026-08-07T04:10:55+00:00,on-demand,RTX A4500,2,2,0.114519,0.404593,0.694667,0.984741,1.274815,,0.978555
2026-08-07T04:10:55+00:00,on-demand,RTX A5000,3,11,0.230984,0.231196,0.231407,0.280222,0.329037,0.231407,0.99815
2026-08-07T04:10:55+00:00,on-demand,RTX A6000,9,29,0.303704,0.400556,0.401111,1.200278,1.335556,0.404444,0.992925
2026-08-07T04:10:55+00:00,on-demand,RTX PRO 4000,8,12,0.202222,0.254352,0.284407,0.361296,0.534815,0.278148,0.98769
2026-08-07T04:10:55+00:00,on-demand,RTX PRO 4500,2,2,0.308148,0.315,0.321852,0.328704,0.335556,,0.849752
2026-08-07T04:10:55+00:00,on-demand,RTX PRO 5000,12,34,0.615556,0.640972,0.708741,0.734028,0.944148,0.691111,0.993084
2026-08-07T04:10:55+00:00,on-demand,RTX PRO 6000 S,15,49,0.6284,1.001111,1.600556,1.733889,3.068889,1.717182,0.992316
2026-08-07T04:10:55+00:00,on-demand,RTX PRO 6000 WS,15,31,0.868889,1.100194,1.333704,1.535648,13.335556,1.363356,0.994878
2026-08-07T04:10:55+00:00,on-demand,Tesla P100,1,2,0.081481,0.081481,0.081481,0.081481,0.081481,0.081481,0.994816
2026-08-07T04:10:55+00:00,on-demand,Tesla P40,2,2,0.033334,0.075556,0.117778,0.16,0.202222,,0.974011
2026-08-07T04:10:55+00:00,on-demand,Tesla T4,2,3,12.000741,12.000926,12.001111,12.001296,12.001481,,0.972409
2026-08-07T04:10:55+00:00,on-demand,Tesla V100,12,31,0.023556,0.028611,0.104167,0.183222,0.335556,0.266944,0.992083
2026-08-07T04:10:55+00:00,on-demand,Titan RTX,3,7,0.161111,0.161667,0.162222,0.181389,0.200556,0.161667,0.998376
2026-08-07T04:10:55+00:00,on-demand,Titan Xp,3,7,0.055556,0.058056,0.060556,0.060833,0.061111,0.060556,0.996264
2026-08-07T04:10:55+00:00,bid,A100 PCIE,34,51,0.133889,0.135556,0.135556,0.587569,0.588889,0.135556,0.98927
2026-08-07T04:10:55+00:00,bid,A100 SXM4,36,73,0.130316,0.452037,0.518519,0.804611,0.986944,0.501481,0.988874
2026-08-07T04:10:55+00:00,bid,A800 PCIE,7,12,0.129889,0.130444,0.131556,0.131556,0.131556,,0.994711
2026-08-07T04:10:55+00:00,bid,B200,22,114,4.375174,5.000347,5.000998,5.002604,7.377083,5.000998,0.986273
2026-08-07T04:10:55+00:00,bid,B300,8,31,3.75026,5.001215,5.002778,5.160547,5.626042,5.625781,0.965472
2026-08-07T04:10:55+00:00,bid,CMP 170HX,8,26,0.234167,0.23875,0.254074,0.254444,0.668889,0.668889,0.963684
2026-08-07T04:10:55+00:00,bid,GTX 1050 Ti,1,1,0.024444,0.024444,0.024444,0.024444,0.024444,,0.988419
2026-08-07T04:10:55+00:00,bid,GTX 1060,1,1,0.031111,0.031111,0.031111,0.031111,0.031111,,0.99439
2026-08-07T04:10:55+00:00,bid,GTX 1070,1,1,0.024444,0.024444,0.024444,0.024444,0.024444,0.024444,0.993387
2026-08-07T04:10:55+00:00,bid,GTX 1080,6,20,0.037037,0.04037,0.040463,0.040972,0.042222,0.040556,0.989324
2026-08-07T04:10:55+00:00,bid,GTX 1080 Ti,8,24,0.026222,0.040972,0.05377,0.054167,0.055556,0.053889,0.997448
2026-08-07T04:10:55+00:00,bid,GTX 1650 S,1,1,0.037778,0.037778,0.037778,0.037778,0.037778,,0.991775
2026-08-07T04:10:55+00:00,bid,GTX 1660,1,1,0.037778,0.037778,0.037778,0.037778,0.037778,0.037778,0.99648
2026-08-07T04:10:55+00:00,bid,GTX 1660 S,3,7,0.031111,0.035833,0.040556,0.040833,0.041111,0.040833,0.99663
2026-08-07T04:10:55+00:00,bid,GTX 1660 Ti,1,1,0.037778,0.037778,0.037778,0.037778,0.037778,0.037778,0.987478
2026-08-07T04:10:55+00:00,bid,H100 NVL,6,10,0.404889,0.8385,0.935,1.235556,2.000778,1.335556,0.940465
2026-08-07T04:10:55+00:00,bid,H100 PCIE,5,17,1.468111,1.469222,1.600278,1.600556,1.601111,1.600278,0.991671
2026-08-07T04:10:55+00:00,bid,H100 SXM,18,56,0.401111,1.618722,2.072,2.163889,4.002222,2.070667,0.995249
2026-08-07T04:10:55+00:00,bid,H200,20,87,0.441064,0.441886,3.485033,3.816566,5.132127,3.618476,0.99774
2026-08-07T04:10:55+00:00,bid,H200 NVL,14,30,0.535556,1.004167,1.126694,1.387222,3.200317,1.006667,0.997492
2026-08-07T04:10:55+00:00,bid,L4,7,9,0.134444,0.135556,0.215556,0.268333,0.322222,0.201667,0.996385
2026-08-07T04:10:55+00:00,bid,L40,2,2,0.403704,0.420556,0.437407,0.454259,0.471111,0.437407,0.992904
2026-08-07T04:10:55+00:00,bid,L40S,32,90,0.200185,0.333704,0.534815,0.540741,0.933889,0.537037,0.998482
2026-08-07T04:10:55+00:00,bid,Q RTX 8000,3,4,0.027556,0.027833,0.028111,0.047907,0.067704,0.028111,0.998938
2026-08-07T04:10:55+00:00,bid,Quadro P4000,2,2,0.03437,0.039963,0.045556,0.051148,0.056741,0.056741,0.995773
2026-08-07T04:10:55+00:00,bid,RTX 2060,3,4,0.027259,0.029185,0.031111,0.183333,0.335556,0.183333,0.994942
2026-08-07T04:10:55+00:00,bid,RTX 2060S,4,9,0.046978,0.047211,0.047289,0.066393,0.123704,0.047289,0.995009
2026-08-07T04:10:55+00:00,bid,RTX 2070,2,11,0.041111,0.044208,0.047305,0.050401,0.053498,0.041111,0.992841
2026-08-07T04:10:55+00:00,bid,RTX 2070S,6,28,0.053498,0.053565,0.053704,0.053926,0.054074,0.054,0.987703
2026-08-07T04:10:55+00:00,bid,RTX 2080 Ti,5,13,0.037778,0.066944,0.067778,0.108148,0.121481,0.087963,0.998026
2026-08-07T04:10:55+00:00,bid,RTX 2080S,1,1,0.037778,0.037778,0.037778,0.037778,0.037778,0.037778,0.973217
2026-08-07T04:10:55+00:00,bid,RTX 3050,1,1,1.068889,1.068889,1.068889,1.068889,1.068889,,0.976395
2026-08-07T04:10:55+00:00,bid,RTX 3060,14,42,0.026222,0.045491,0.054167,0.102296,0.134519,0.110963,0.989983
2026-08-07T04:10:55+00:00,bid,RTX 3060 Ti,2,2,0.268889,0.369259,0.46963,0.57,0.67037,0.46963,0.922353
2026-08-07T04:10:55+00:00,bid,RTX 3060 laptop,4,13,0.013352,0.013449,0.025963,0.045537,0.066815,0.066815,0.994263
2026-08-07T04:10:55+00:00,bid,RTX 3070,10,29,0.040278,0.045306,0.068148,0.07,0.135556,0.068519,0.997097
2026-08-07T04:10:55+00:00,bid,RTX 3080,13,33,0.041111,0.061481,0.082222,0.108889,0.240332,0.108889,0.990584
2026-08-07T04:10:55+00:00,bid,RTX 3080 Ti,5,8,0.055556,0.088889,0.108889,0.153889,0.155556,0.153889,0.99359
2026-08-07T04:10:55+00:00,bid,RTX 3090,69,181,0.016296,0.095556,0.133889,0.14963,0.301481,0.134444,0.992095
2026-08-07T04:10:55+00:00,bid,RTX 4060,1,1,0.083704,0.083704,0.083704,0.083704,0.083704,0.083704,0.998552
2026-08-07T04:10:55+00:00,bid,RTX 4060 Ti,8,14,0.042222,0.072463,0.07863,0.086796,0.101037,0.082222,0.996465
2026-08-07T04:10:55+00:00,bid,RTX 4070,7,14,0.055556,0.0675,0.067778,0.118444,0.162222,0.118444,0.99743
2026-08-07T04:10:55+00:00,bid,RTX 4070 Ti,9,15,0.041111,0.095556,0.108889,0.240556,0.241111,0.108889,0.992043
2026-08-07T04:10:55+00:00,bid,RTX 4070S,2,2,0.076296,0.117778,0.159259,0.200741,0.242222,0.076296,0.976944
2026-08-07T04:10:55+00:00,bid,RTX 4070S Ti,11,33,0.092222,0.104926,0.200222,0.201111,1.211111,0.200389,0.998026
2026-08-07T04:10:55+00:00,bid,RTX 4080,23,57,0.133593,0.134056,0.137037,0.147407,0.255556,0.147037,0.994114
2026-08-07T04:10:55+00:00,bid,RTX 4080S,13,35,0.073827,0.128111,0.147037,0.187704,0.240519,0.167556,0.989112
2026-08-07T04:10:55+00:00,bid,RTX 4090,92,272,0.115148,0.260925,0.333694,0.402315,1.200556,0.337037,0.99525
2026-08-07T04:10:55+00:00,bid,RTX 4090D,12,32,0.054074,0.05437,0.054778,0.19275,0.606222,,0.970312
2026-08-07T04:10:55+00:00,bid,RTX 4500Ada,1,1,0.468889,0.468889,0.468889,0.468889,0.468889,,0.924801
2026-08-07T04:10:55+00:00,bid,RTX 5000Ada,3,4,0.268889,0.268889,0.268889,0.295,0.321111,0.268889,0.997071
2026-08-07T04:10:55+00:00,bid,RTX 5060,6,8,0.027407,0.054111,0.152222,4.053056,5.335556,0.208889,0.98899
2026-08-07T04:10:55+00:00,bid,RTX 5060 Ti,27,73,0.054444,0.068074,0.107037,0.147222,0.218222,0.134815,0.995225
2026-08-07T04:10:55+00:00,bid,RTX 5070,11,17,0.043704,0.060111,0.068148,0.121296,0.147111,0.121481,0.996389
2026-08-07T04:10:55+00:00,bid,RTX 5070 Ti,13,20,0.095556,0.107778,0.108889,0.108889,0.268,0.108333,0.997436
2026-08-07T04:10:55+00:00,bid,RTX 5080,19,38,0.015556,0.121111,0.148889,0.174148,0.442222,0.155741,0.986758
2026-08-07T04:10:55+00:00,bid,RTX 5090,93,254,0.103222,0.268889,0.388148,0.462963,2.666944,0.402222,0.992216
2026-08-07T04:10:55+00:00,bid,RTX 5880Ada,10,16,0.267704,0.295185,0.297037,0.297037,0.297037,0.297037,0.995835
2026-08-07T04:10:55+00:00,bid,RTX 6000Ada,25,51,0.137778,0.388889,0.402222,0.468741,0.774444,0.467704,0.996918
2026-08-07T04:10:55+00:00,bid,RTX A2000,2,2,0.400148,0.407148,0.414148,0.421148,0.428148,0.428148,0.975658
2026-08-07T04:10:55+00:00,bid,RTX A4000,10,52,0.058222,0.09375,0.106827,0.107037,0.133556,,0.97131
2026-08-07T04:10:55+00:00,bid,RTX A4500,1,1,0.081185,0.081185,0.081185,0.081185,0.081185,,0.959006
2026-08-07T04:10:55+00:00,bid,RTX A5000,6,15,0.108519,0.11037,0.155926,0.220608,0.227407,0.155926,0.998757
2026-08-07T04:10:55+00:00,bid,RTX A6000,9,23,0.138519,0.143704,0.333651,0.334074,0.334444,,0.992925
2026-08-07T04:10:55+00:00,bid,RTX PRO 4000,14,30,0.068889,0.228019,0.240617,0.241481,0.370815,0.240617,0.994338
2026-08-07T04:10:55+00:00,bid,RTX PRO 4500,5,6,0.187778,0.188889,0.188889,0.214815,0.27037,0.27037,0.998399
2026-08-07T04:10:55+00:00,bid,RTX PRO 5000,23,51,0.137778,0.235333,0.467778,0.533796,0.602222,0.468889,0.993084
2026-08-07T04:10:55+00:00,bid,RTX PRO 6000 S,25,51,0.352667,0.533778,1.000556,1.067407,2.935556,1.002222,0.997124
2026-08-07T04:10:55+00:00,bid,RTX PRO 6000 WS,29,47,0.335556,0.535926,0.668889,0.801481,1.137778,0.603704,0.994878
2026-08-07T04:10:55+00:00,bid,Tesla T4,3,4,3.400741,3.401111,3.401481,3.401481,3.401481,,0.972409
2026-08-07T04:10:55+00:00,bid,Tesla V100,17,42,0.027222,0.095222,0.133704,0.162222,0.242222,0.162222,0.994956
2026-08-07T04:10:55+00:00,bid,Titan RTX,8,18,0.094444,0.107639,0.118704,0.131028,0.135556,0.108889,0.996353
2026-08-07T04:10:55+00:00,bid,Titan Xp,3,7,0.040556,0.040833,0.041111,0.041667,0.042222,0.041111,0.996264
2026-08-07T04:15:55+00:00,on-demand,A100 PCIE,16,50,0.266944,0.598194,1.000833,1.015069,1.507556,0.891,0.989515
2026-08-07T04:15:55+00:00,on-demand,A100 SXM4,28,73,0.468889,0.800741,0.934444,1.143833,1.475556,1.066944,0.991989
2026-08-07T04:15:55+00:00,on-demand,A800 PCIE,2,3,0.667778,0.668056,0.668333,0.668611,0.668889,,0.994711
2026-08-07T04:15:55+00:00,on-demand,B200,11,37,5.00026,5.251693,5.567708,6.062587,7.752083,5.567708,0.997347
2026-08-07T04:15:55+00:00,on-demand,B300,7,29,8.125521,8.438151,10.000694,10.002083,10.005556,8.125781,0.965495
2026-08-07T04:15:55+00:00,on-demand,CMP 170HX,5,24,0.236833,0.237667,0.333704,0.333889,0.334444,,0.96372
2026-08-07T04:15:55+00:00,on-demand,GTX 1050 Ti,1,1,0.611111,0.611111,0.611111,0.611111,0.611111,,0.988436
2026-08-07T04:15:55+00:00,on-demand,GTX 1060,1,1,0.344444,0.344444,0.344444,0.344444,0.344444,,0.994408
2026-08-07T04:15:55+00:00,on-demand,GTX 1070,1,1,0.531111,0.531111,0.531111,0.531111,0.531111,0.531111,0.993401
2026-08-07T04:15:55+00:00,on-demand,GTX 1080,5,12,0.027778,0.044889,0.051037,0.051778,0.055556,0.051778,0.993959
2026-08-07T04:15:55+00:00,on-demand,GTX 1080 Ti,6,17,0.042222,0.060694,0.065,0.07246,0.074444,0.068889,0.996027
2026-08-07T04:15:55+00:00,on-demand,GTX 1650 S,1,1,0.677778,0.677778,0.677778,0.677778,0.677778,,0.991789
2026-08-07T04:15:55+00:00,on-demand,GTX 1660,1,1,0.677778,0.677778,0.677778,0.677778,0.677778,0.677778,0.996486
2026-08-07T04:15:55+00:00,on-demand,GTX 1660 S,3,7,0.033889,0.040833,0.047778,0.249444,0.451111,0.047778,0.971018
2026-08-07T04:15:55+00:00,on-demand,GTX TITAN X,1,1,0.028889,0.028889,0.028889,0.028889,0.028889,,0.993148
2026-08-07T04:15:55+00:00,on-demand,H100 NVL,5,9,2.588889,2.667407,2.668148,2.935556,3.067444,2.935556,0.994553
2026-08-07T04:15:55+00:00,on-demand,H100 PCIE,4,15,1.867778,1.868611,2.00125,2.133681,2.133889,2.00125,0.989223
2026-08-07T04:15:55+00:00,on-demand,H100 SXM,13,40,1.334519,2.402667,3.029443,3.364278,4.774444,3.364278,0.994749
2026-08-07T04:15:55+00:00,on-demand,H200,11,44,3.684759,4.007584,4.08114,4.145833,5.263706,4.07977,0.997741
2026-08-07T04:15:55+00:00,on-demand,H200 NVL,9,26,2.800278,2.883333,3.467407,3.602222,3.846222,3.709333,0.991764
2026-08-07T04:15:55+00:00,on-demand,L4,3,4,0.255556,0.295,0.334444,0.33463,0.334815,0.33463,0.996731
2026-08-07T04:15:55+00:00,on-demand,L40,1,1,0.45437,0.45437,0.45437,0.45437,0.45437,0.45437,0.994525
2026-08-07T04:15:55+00:00,on-demand,L40S,14,50,0.401111,0.467037,0.668333,1.00044,1.074074,0.933935,0.994207
2026-08-07T04:15:55+00:00,on-demand,Q RTX 6000,1,4,0.133704,0.133704,0.133704,0.133704,0.133704,0.133704,0.999267
2026-08-07T04:15:55+00:00,on-demand,Q RTX 8000,4,6,0.240556,0.249917,0.253556,0.254259,0.254815,0.253556,0.998459
2026-08-07T04:15:55+00:00,on-demand,Quadro P4000,3,4,0.040741,0.050889,0.061037,0.064185,0.067333,0.067333,0.996403
2026-08-07T04:15:55+00:00,on-demand,RTX 2060,2,3,0.052593,0.143333,0.234074,0.324815,0.415556,0.415556,0.986985
2026-08-07T04:15:55+00:00,on-demand,RTX 2060S,2,5,0.042222,0.048411,0.0546,0.060789,0.066978,0.066978,0.979431
2026-08-07T04:15:55+00:00,on-demand,RTX 2070,2,11,0.054444,0.057541,0.060638,0.063735,0.066831,0.054444,0.992859
2026-08-07T04:15:55+00:00,on-demand,RTX 2070S,3,15,0.066831,0.066934,0.067037,0.067222,0.067407,,0.987704
2026-08-07T04:15:55+00:00,on-demand,RTX 2080 Ti,7,15,0.068889,0.07325,0.080111,0.128519,0.811111,0.080111,0.992403
2026-08-07T04:15:55+00:00,on-demand,RTX 2080S,1,1,0.744444,0.744444,0.744444,0.744444,0.744444,0.744444,0.973449
2026-08-07T04:15:55+00:00,on-demand,RTX 3050,1,1,1.322222,1.322222,1.322222,1.322222,1.322222,,0.976399
2026-08-07T04:15:55+00:00,on-demand,RTX 3060,8,26,0.022222,0.052852,0.061389,0.384537,1.335556,0.694537,0.990037
2026-08-07T04:15:55+00:00,on-demand,RTX 3060 Ti,3,3,0.035556,0.045556,0.055556,0.508296,0.961037,0.961037,0.993304
2026-08-07T04:15:55+00:00,on-demand,RTX 3060 laptop,6,15,0.026685,0.030389,0.041667,0.059667,0.06963,0.067556,0.995208
2026-08-07T04:15:55+00:00,on-demand,RTX 3070,7,27,0.047778,0.074418,0.094444,0.107083,0.161852,0.094444,0.992755
2026-08-07T04:15:55+00:00,on-demand,RTX 3080,13,43,0.060278,0.06787,0.108889,0.134815,0.268889,0.127889,0.991806
2026-08-07T04:15:55+00:00,on-demand,RTX 3080 Ti,2,2,0.135556,0.136852,0.138148,0.139444,0.140741,0.140741,0.995328
2026-08-07T04:15:55+00:00,on-demand,RTX 3090,34,110,0.082222,0.134537,0.172417,0.233981,2.001111,0.213648,0.992353
2026-08-07T04:15:55+00:00,on-demand,RTX 4060,2,5,0.05363,0.071148,0.088667,0.106185,0.123704,0.123704,0.991238
2026-08-07T04:15:55+00:00,on-demand,RTX 4060 Ti,5,13,0.081111,0.082222,0.085111,0.10037,0.140556,0.10037,0.995455
2026-08-07T04:15:55+00:00,on-demand,RTX 4070,5,13,0.080556,0.081111,0.084444,0.094259,0.094444,0.094259,0.993395
2026-08-07T04:15:55+00:00,on-demand,RTX 4070 Ti,8,14,0.088889,0.105926,0.144333,0.192139,0.282444,0.097037,0.991905
2026-08-07T04:15:55+00:00,on-demand,RTX 4070S,1,1,0.097037,0.097037,0.097037,0.097037,0.097037,0.097037,0.998536
2026-08-07T04:15:55+00:00,on-demand,RTX 4070S Ti,10,26,0.067778,0.126157,0.224028,0.247639,1.331111,0.247222,0.997877
2026-08-07T04:15:55+00:00,on-demand,RTX 4080,13,33,0.123704,0.166926,0.188519,0.254852,0.295556,0.227185,0.990363
2026-08-07T04:15:55+00:00,on-demand,RTX 4080S,9,27,0.08037,0.148444,0.160556,0.202074,0.255185,0.181315,0.994853
2026-08-07T04:15:55+00:00,on-demand,RTX 4090,52,185,0.253444,0.357269,0.402222,0.537963,1.280556,0.462593,0.995253
2026-08-07T04:15:55+00:00,on-demand,RTX 4090D,8,21,0.160185,0.160648,0.245778,0.415056,0.668889,,0.970666
2026-08-07T04:15:55+00:00,on-demand,RTX 4500Ada,1,1,1.268889,1.268889,1.268889,1.268889,1.268889,,0.925846
2026-08-07T04:15:55+00:00,on-demand,RTX 5000Ada,3,4,0.335556,0.381667,0.427778,0.428333,0.428889,0.427778,0.997072
2026-08-07T04:15:55+00:00,on-demand,RTX 5060,5,5,0.068148,0.07037,0.135556,0.155556,0.262222,0.155556,0.994271
2026-08-07T04:15:55+00:00,on-demand,RTX 5060 Ti,14,56,0.066944,0.089097,0.10663,0.131444,0.176556,0.120222,0.992364
2026-08-07T04:15:55+00:00,on-demand,RTX 5060 laptop,1,1,0.135556,0.135556,0.135556,0.135556,0.135556,,0.970988
2026-08-07T04:15:55+00:00,on-demand,RTX 5070,8,11,0.07037,0.090185,0.116296,0.135741,0.382222,0.134815,0.993648
2026-08-07T04:15:55+00:00,on-demand,RTX 5070 Ti,8,19,0.136296,0.158519,0.187222,0.201111,0.202222,0.168056,0.996482
2026-08-07T04:15:55+00:00,on-demand,RTX 5080,19,63,0.114444,0.168056,0.227481,0.366991,1.775556,0.216019,0.98757
2026-08-07T04:15:55+00:00,on-demand,RTX 5090,38,139,0.212889,0.414556,0.520435,0.809537,5.986944,0.701759,0.996597
2026-08-07T04:15:55+00:00,on-demand,RTX 5880Ada,3,7,0.600926,0.601389,0.601852,0.602778,0.603704,0.601852,0.995206
2026-08-07T04:15:55+00:00,on-demand,RTX 6000Ada,9,29,0.441111,0.602074,0.680556,0.682222,0.735556,0.680556,0.99427
2026-08-07T04:15:55+00:00,on-demand,RTX A2000,4,5,0.034074,0.03563,0.036148,0.150481,0.493481,,0.995214
2026-08-07T04:15:55+00:00,on-demand,RTX A4000,11,56,0.067407,0.080333,0.133468,0.133765,0.153611,,0.97131
2026-08-07T04:15:55+00:00,on-demand,RTX A4500,2,2,0.121185,0.409593,0.698,0.986407,1.274815,,0.978599
2026-08-07T04:15:55+00:00,on-demand,RTX A5000,7,23,0.230984,0.231096,0.231407,20.135926,40.001481,0.231111,0.99815
2026-08-07T04:15:55+00:00,on-demand,RTX A6000,8,25,0.308889,0.377553,0.400926,0.603403,1.335556,0.404444,0.992235
2026-08-07T04:15:55+00:00,on-demand,RTX PRO 4000,8,11,0.202222,0.25463,0.286111,0.361296,0.534815,0.286111,0.986155
2026-08-07T04:15:55+00:00,on-demand,RTX PRO 4500,2,2,0.308148,0.315,0.321852,0.328704,0.335556,0.335556,0.867699
2026-08-07T04:15:55+00:00,on-demand,RTX PRO 5000,10,32,0.640278,0.644306,0.708102,0.735139,0.944148,0.682593,0.9931
2026-08-07T04:15:55+00:00,on-demand,RTX PRO 6000 S,12,42,0.866685,1.201204,1.600417,1.733981,3.068889,1.600833,0.997125
2026-08-07T04:15:55+00:00,on-demand,RTX PRO 6000 WS,16,31,0.660741,1.125898,1.322667,1.403089,13.335556,1.333481,0.992166
2026-08-07T04:15:55+00:00,on-demand,Tesla P100,1,2,0.081481,0.081481,0.081481,0.081481,0.081481,0.081481,0.994824
2026-08-07T04:15:55+00:00,on-demand,Tesla P40,2,2,0.033334,0.075556,0.117778,0.16,0.202222,,0.974058
2026-08-07T04:15:55+00:00,on-demand,Tesla T4,2,3,12.000741,12.000926,12.001111,12.001296,12.001481,,0.972409
2026-08-07T04:15:55+00:00,on-demand,Tesla V100,10,21,0.023556,0.028056,0.040833,0.162787,0.268889,0.209185,0.992086
2026-08-07T04:15:55+00:00,on-demand,Titan RTX,5,10,0.135185,0.137037,0.161111,0.162222,0.200556,0.161667,0.994335
2026-08-07T04:15:55+00:00,on-demand,Titan Xp,3,7,0.060556,0.060833,0.061111,0.061667,0.062222,0.061111,0.996265
2026-08-07T04:15:55+00:00,bid,A100 PCIE,35,59,0.133889,0.135556,0.174111,0.587778,0.588889,0.135556,0.986051
2026-08-07T04:15:55+00:00,bid,A100 SXM4,58,112,0.130316,0.401481,0.535556,0.809389,0.987222,0.535556,0.988913
2026-08-07T04:15:55+00:00,bid,A800 PCIE,7,12,0.129889,0.130444,0.131556,0.131556,0.131556,,0.994711
2026-08-07T04:15:55+00:00,bid,B200,17,86,4.375174,5.000347,5.001302,5.002604,7.377083,5.001302,0.995006
2026-08-07T04:15:55+00:00,bid,B300,8,31,3.75026,5.001215,5.002778,5.160547,5.626042,5.625781,0.965495
2026-08-07T04:15:55+00:00,bid,CMP 170HX,9,30,0.234167,0.24,0.253889,0.254444,0.668889,0.668889,0.96372
2026-08-07T04:15:55+00:00,bid,GTX 1050 Ti,1,1,0.024444,0.024444,0.024444,0.024444,0.024444,,0.988436
2026-08-07T04:15:55+00:00,bid,GTX 1060,1,1,0.031111,0.031111,0.031111,0.031111,0.031111,,0.994408
2026-08-07T04:15:55+00:00,bid,GTX 1070,1,1,0.026204,0.026204,0.026204,0.026204,0.026204,0.026204,0.993401
2026-08-07T04:15:55+00:00,bid,GTX 1080,5,16,0.0144,0.04037,0.04037,0.041111,0.042222,0.040741,0.99623
2026-08-07T04:15:55+00:00,bid,GTX 1080 Ti,8,24,0.026222,0.040556,0.041111,0.045079,0.054074,0.041111,0.997402
2026-08-07T04:15:55+00:00,bid,GTX 1650 S,1,1,0.037778,0.037778,0.037778,0.037778,0.037778,,0.991789
2026-08-07T04:15:55+00:00,bid,GTX 1660,1,1,0.037778,0.037778,0.037778,0.037778,0.037778,0.037778,0.996486
2026-08-07T04:15:55+00:00,bid,GTX 1660 S,2,3,0.031111,0.033611,0.036111,0.038611,0.041111,0.041111,0.983824
2026-08-07T04:15:55+00:00,bid,GTX 1660 Ti,1,1,0.037778,0.037778,0.037778,0.037778,0.037778,0.037778,0.98994
2026-08-07T04:15:55+00:00,bid,H100 NVL,7,11,0.404889,0.935,0.935556,1.80113,2.122963,2.000778,0.943555
2026-08-07T04:15:55+00:00,bid,H100 PCIE,5,17,1.334445,1.600278,1.600556,1.601111,1.602222,1.600556,0.991683
2026-08-07T04:15:55+00:00,bid,H100 SXM,22,51,0.402963,0.434028,1.602667,2.160972,4.002222,2.068667,0.994749
2026-08-07T04:15:55+00:00,bid,H200,14,49,0.441338,0.815241,3.485855,3.800576,5.000548,3.486404,0.997741
2026-08-07T04:15:55+00:00,bid,H200 NVL,17,38,0.535556,1.003111,1.200556,1.339556,3.200741,1.338,0.991764
2026-08-07T04:15:55+00:00,bid,L4,7,9,0.081481,0.135,0.215556,0.268333,0.322222,0.267778,0.996731
2026-08-07T04:15:55+00:00,bid,L40,3,3,0.403704,0.403704,0.403704,0.415704,0.427704,0.403704,0.997318
2026-08-07T04:15:55+00:00,bid,L40S,35,96,0.200185,0.333611,0.534815,0.540741,0.933889,0.538889,0.99847
2026-08-07T04:15:55+00:00,bid,Q RTX 8000,3,4,0.027222,0.0275,0.027778,0.047741,0.067704,0.027778,0.998939
2026-08-07T04:15:55+00:00,bid,Quadro P4000,2,2,0.03437,0.039963,0.045556,0.051148,0.056741,0.056741,0.995784
2026-08-07T04:15:55+00:00,bid,RTX 2060,3,4,0.027259,0.029185,0.031111,0.183333,0.335556,0.183333,0.994952
2026-08-07T04:15:55+00:00,bid,RTX 2060S,4,9,0.046978,0.047211,0.047289,0.066393,0.123704,0.047289,0.995023
2026-08-07T04:15:55+00:00,bid,RTX 2070,2,11,0.041111,0.044208,0.047305,0.050401,0.053498,0.041111,0.992859
2026-08-07T04:15:55+00:00,bid,RTX 2070S,4,23,0.053498,0.053513,0.053611,0.053796,0.054074,,0.987704
2026-08-07T04:15:55+00:00,bid,RTX 2080 Ti,6,21,0.037778,0.058403,0.066944,0.067569,0.121481,0.066944,0.994129
2026-08-07T04:15:55+00:00,bid,RTX 2080S,1,1,0.037778,0.037778,0.037778,0.037778,0.037778,0.037778,0.973449
2026-08-07T04:15:55+00:00,bid,RTX 3050,1,1,1.068889,1.068889,1.068889,1.068889,1.068889,,0.976399
2026-08-07T04:15:55+00:00,bid,RTX 3060,16,45,0.025111,0.041944,0.046852,0.101259,0.134519,0.100741,0.990906
2026-08-07T04:15:55+00:00,bid,RTX 3060 Ti,2,2,0.268889,0.448889,0.628889,0.808889,0.988889,0.628889,0.996957
2026-08-07T04:15:55+00:00,bid,RTX 3060 laptop,5,14,0.013352,0.013481,0.038444,0.061481,0.066963,0.066963,0.996497
2026-08-07T04:15:55+00:00,bid,RTX 3070,9,26,0.040278,0.041111,0.068519,0.093889,0.135556,0.068519,0.99712
2026-08-07T04:15:55+00:00,bid,RTX 3070 Ti,1,1,0.055556,0.055556,0.055556,0.055556,0.055556,,0.997108
2026-08-07T04:15:55+00:00,bid,RTX 3080,12,35,0.041111,0.059111,0.067083,0.115139,0.240415,0.121389,0.990921
2026-08-07T04:15:55+00:00,bid,RTX 3080 Ti,3,3,0.088889,0.103556,0.118222,0.136889,0.155556,0.136889,0.996757
2026-08-07T04:15:55+00:00,bid,RTX 3090,57,151,0.014815,0.095556,0.133704,0.17521,0.367407,0.134815,0.989441
2026-08-07T04:15:55+00:00,bid,RTX 4060,1,1,0.083704,0.083704,0.083704,0.083704,0.083704,0.083704,0.998552
2026-08-07T04:15:55+00:00,bid,RTX 4060 Ti,6,13,0.042222,0.075361,0.076333,0.080889,0.101111,0.091667,0.99055
2026-08-07T04:15:55+00:00,bid,RTX 4070,7,14,0.054444,0.061111,0.075222,0.080333,0.162222,0.0755,0.997447
2026-08-07T04:15:55+00:00,bid,RTX 4070 Ti,7,13,0.046756,0.082222,0.108889,0.240833,0.241111,0.108889,0.99205
2026-08-07T04:15:55+00:00,bid,RTX 4070S,2,2,0.076296,0.117778,0.159259,0.200741,0.242222,0.076296,0.976978
2026-08-07T04:15:55+00:00,bid,RTX 4070S Ti,15,47,0.093889,0.104926,0.200278,0.201111,1.211111,0.200278,0.999225
2026-08-07T04:15:55+00:00,bid,RTX 4080,22,55,0.133593,0.134361,0.137037,0.147407,0.255556,0.147037,0.992581
2026-08-07T04:15:55+00:00,bid,RTX 4080S,9,18,0.102963,0.147037,0.187778,0.240259,0.240519,0.214574,0.989779
2026-08-07T04:15:55+00:00,bid,RTX 4090,98,295,0.090765,0.202222,0.318667,0.400806,1.200556,0.335556,0.996243
2026-08-07T04:15:55+00:00,bid,RTX 4090D,15,36,0.053519,0.054074,0.054815,0.604833,0.606222,,0.970666
2026-08-07T04:15:55+00:00,bid,RTX 4500Ada,1,1,0.468889,0.468889,0.468889,0.468889,0.468889,,0.925846
2026-08-07T04:15:55+00:00,bid,RTX 5000Ada,4,5,0.268889,0.268889,0.295,0.321389,0.322222,0.295,0.997072
2026-08-07T04:15:55+00:00,bid,RTX 5060,3,3,0.05363,0.074593,0.095556,0.152222,0.208889,0.131259,0.994168
2026-08-07T04:15:55+00:00,bid,RTX 5060 Ti,29,83,0.054444,0.080556,0.108148,0.147222,0.148889,0.134815,0.994491
2026-08-07T04:15:55+00:00,bid,RTX 5070,9,13,0.043704,0.055556,0.094815,0.121481,0.151556,0.122222,0.993243
2026-08-07T04:15:55+00:00,bid,RTX 5070 Ti,10,18,0.093889,0.107361,0.108889,0.128056,0.135556,0.107778,0.997394
2026-08-07T04:15:55+00:00,bid,RTX 5080,18,36,0.015556,0.121111,0.147222,0.158889,0.442222,0.148889,0.971466
2026-08-07T04:15:55+00:00,bid,RTX 5090,111,262,0.102222,0.280852,0.401111,0.469259,2.666944,0.402222,0.992225
2026-08-07T04:15:55+00:00,bid,RTX 5880Ada,12,21,0.267185,0.295185,0.297037,0.297037,0.297037,0.297037,0.99593
2026-08-07T04:15:55+00:00,bid,RTX 6000Ada,27,59,0.137778,0.394028,0.467185,0.468741,0.680889,0.467204,0.997341
2026-08-07T04:15:55+00:00,bid,RTX A2000,2,2,0.400148,0.407148,0.414148,0.421148,0.428148,0.428148,0.975716
2026-08-07T04:15:55+00:00,bid,RTX A4000,13,70,0.057111,0.064444,0.106852,0.10716,0.133611,,0.97131
2026-08-07T04:15:55+00:00,bid,RTX A4500,1,1,0.081185,0.081185,0.081185,0.081185,0.081185,,0.95909
2026-08-07T04:15:55+00:00,bid,RTX A5000,9,26,0.108519,0.220332,0.227407,0.334074,0.334815,0.223658,0.99815
2026-08-07T04:15:55+00:00,bid,RTX A6000,11,25,0.138519,0.192963,0.308889,0.333981,0.334444,,0.992929
2026-08-07T04:15:55+00:00,bid,RTX PRO 4000,15,31,0.068889,0.228259,0.240494,0.241481,0.370815,0.240617,0.992608
2026-08-07T04:15:55+00:00,bid,RTX PRO 4500,4,5,0.187778,0.188611,0.201852,0.228704,0.27037,0.188889,0.997603
2026-08-07T04:15:55+00:00,bid,RTX PRO 5000,34,70,0.135111,0.40037,0.401481,0.468889,0.537037,0.401481,0.992554
2026-08-07T04:15:55+00:00,bid,RTX PRO 6000 S,28,61,0.352667,0.402222,0.672593,1.06713,2.935556,1.001111,0.996788
2026-08-07T04:15:55+00:00,bid,RTX PRO 6000 WS,34,53,0.335556,0.535648,0.668185,0.919444,1.320926,0.635556,0.994633
2026-08-07T04:15:55+00:00,bid,Tesla T4,3,4,3.400741,3.401111,3.401481,3.401481,3.401481,,0.972409
2026-08-07T04:15:55+00:00,bid,Tesla V100,15,32,0.027222,0.091389,0.095778,0.13263,0.202222,0.13263,0.994733
2026-08-07T04:15:55+00:00,bid,Titan RTX,6,14,0.107222,0.108056,0.118704,0.129546,0.135556,0.108889,0.996356
2026-08-07T04:15:55+00:00,bid,Titan Xp,3,7,0.040556,0.040833,0.041111,0.041667,0.042222,0.041111,0.996265
2026-08-07T05:12:17+00:00,on-demand,A100 PCIE,16,50,0.266944,0.71088,1.000833,1.042819,1.507556,0.868148,0.989501
2026-08-07T05:12:17+00:00,on-demand,A100 SXM4,26,70,0.468889,0.800463,0.933889,1.067806,1.475556,0.934815,0.991989
2026-08-07T05:12:17+00:00,on-demand,A800 PCIE,3,7,0.667222,0.6675,0.667778,0.668333,0.668889,,0.994711
2026-08-07T05:12:17+00:00,on-demand,B200,10,36,5.000521,5.488346,5.601345,5.821615,6.242014,5.601345,0.996832
2026-08-07T05:12:17+00:00,on-demand,B300,7,29,8.125521,8.438151,10.000694,10.002083,10.005556,8.125781,0.965495
2026-08-07T05:12:17+00:00,on-demand,CMP 170HX,8,28,0.215556,0.237458,0.286519,0.334028,0.935556,0.935556,0.956374
2026-08-07T05:12:17+00:00,on-demand,GTX 1050 Ti,1,1,0.611111,0.611111,0.611111,0.611111,0.611111,,0.988436
2026-08-07T05:12:17+00:00,on-demand,GTX 1060,1,1,0.344444,0.344444,0.344444,0.344444,0.344444,,0.994408
2026-08-07T05:12:17+00:00,on-demand,GTX 1080,6,16,0.027778,0.049306,0.05013,0.05087,0.055556,0.050463,0.989746
2026-08-07T05:12:17+00:00,on-demand,GTX 1080 Ti,6,18,0.042222,0.061972,0.069937,0.073968,0.074444,0.073651,0.997592
2026-08-07T05:12:17+00:00,on-demand,GTX 1650 S,1,1,0.677778,0.677778,0.677778,0.677778,0.677778,,0.991789
2026-08-07T05:12:17+00:00,on-demand,GTX 1660,1,2,0.068519,0.068519,0.068519,0.068519,0.068519,0.068519,0.997216
2026-08-07T05:12:17+00:00,on-demand,GTX 1660 S,2,5,0.033889,0.138194,0.2425,0.346806,0.451111,,0.963759
2026-08-07T05:12:17+00:00,on-demand,GTX 1660 Ti,1,1,0.611111,0.611111,0.611111,0.611111,0.611111,0.611111,0.98994
2026-08-07T05:12:17+00:00,on-demand,GTX TITAN X,1,1,0.028889,0.028889,0.028889,0.028889,0.028889,,0.992547
2026-08-07T05:12:17+00:00,on-demand,H100 NVL,5,9,2.162963,2.667407,2.668148,3.067444,4.673185,3.067444,0.998639
2026-08-07T05:12:17+00:00,on-demand,H100 PCIE,4,15,1.733481,1.834204,1.868333,1.935139,2.133889,1.868333,0.988869
2026-08-07T05:12:17+00:00,on-demand,H100 SXM,15,42,1.600556,1.735,2.543888,3.001222,4.775556,3.068,0.994749
2026-08-07T05:12:17+00:00,on-demand,H200,12,45,2.502193,3.994198,4.080592,4.145833,4.963701,4.079496,0.997741
2026-08-07T05:12:17+00:00,on-demand,H200 NVL,11,28,2.401481,2.841944,3.281778,3.467315,3.602222,3.175556,0.991764
2026-08-07T05:12:17+00:00,on-demand,L4,4,5,0.255556,0.314722,0.335,0.335556,0.335556,0.335556,0.996731
2026-08-07T05:12:17+00:00,on-demand,L40S,14,50,0.401111,0.467037,0.800556,1.068287,1.335556,1.067593,0.9986
2026-08-07T05:12:17+00:00,on-demand,Q RTX 6000,3,7,0.133704,0.133889,0.134074,0.134444,0.134815,0.134074,0.999267
2026-08-07T05:12:17+00:00,on-demand,Q RTX 8000,3,4,0.241111,0.247593,0.254074,0.262593,0.271111,0.254074,0.998853
2026-08-07T05:12:17+00:00,on-demand,Quadro P4000,4,6,0.040741,0.041296,0.054259,0.067111,0.067333,0.067185,0.979092
2026-08-07T05:12:17+00:00,on-demand,RTX 2060,2,3,0.052593,0.142222,0.231852,0.321481,0.411111,0.411111,0.98665
2026-08-07T05:12:17+00:00,on-demand,RTX 2060S,3,7,0.042222,0.0546,0.066978,0.067133,0.067289,0.067133,0.995023
2026-08-07T05:12:17+00:00,on-demand,RTX 2070,2,11,0.054444,0.057541,0.060638,0.063735,0.066831,0.054444,0.992859
2026-08-07T05:12:17+00:00,on-demand,RTX 2070S,4,16,0.055556,0.064012,0.066934,0.06713,0.067407,,0.997217
2026-08-07T05:12:17+00:00,on-demand,RTX 2080 Ti,7,15,0.068889,0.072333,0.073611,0.128519,0.811111,0.073611,0.992655
2026-08-07T05:12:17+00:00,on-demand,RTX 2080S,1,1,0.744444,0.744444,0.744444,0.744444,0.744444,0.744444,0.973449
2026-08-07T05:12:17+00:00,on-demand,RTX 3050,1,1,1.322222,1.322222,1.322222,1.322222,1.322222,,0.976399
2026-08-07T05:12:17+00:00,on-demand,RTX 3060,11,38,0.022222,0.054537,0.066852,0.151148,1.335556,0.145037,0.996159
2026-08-07T05:12:17+00:00,on-demand,RTX 3060 Ti,3,3,0.055556,0.508296,0.961037,1.04163,1.122222,1.04163,0.997469
2026-08-07T05:12:17+00:00,on-demand,RTX 3060 laptop,3,11,0.026685,0.033898,0.041111,0.041667,0.042222,,0.99877
2026-08-07T05:12:17+00:00,on-demand,RTX 3070,11,40,0.041111,0.072778,0.100617,0.107167,0.166222,0.090448,0.99246
2026-08-07T05:12:17+00:00,on-demand,RTX 3080,16,55,0.060222,0.073079,0.1135,0.142639,0.268889,0.140556,0.995076
2026-08-07T05:12:17+00:00,on-demand,RTX 3080 Ti,4,10,0.128889,0.135,0.14813,0.159528,0.160444,0.14813,0.993919
2026-08-07T05:12:17+00:00,on-demand,RTX 3090,37,94,0.080003,0.133889,0.167037,0.248148,2.001111,0.165,0.990964
2026-08-07T05:12:17+00:00,on-demand,RTX 4060,3,6,0.05363,0.059037,0.064444,1.371111,2.677778,0.064444,0.985054
2026-08-07T05:12:17+00:00,on-demand,RTX 4060 Ti,10,29,0.079778,0.081389,0.106111,0.107574,0.140556,0.114167,0.991216
2026-08-07T05:12:17+00:00,on-demand,RTX 4070,5,9,0.082222,0.082222,0.084444,0.093889,0.172889,0.089167,0.993395
2026-08-07T05:12:17+00:00,on-demand,RTX 4070 Ti,8,14,0.095185,0.108704,0.135,0.172139,0.282444,0.108148,0.99205
2026-08-07T05:12:17+00:00,on-demand,RTX 4070S,1,2,0.075185,0.075185,0.075185,0.075185,0.075185,0.075185,0.995863
2026-08-07T05:12:17+00:00,on-demand,RTX 4070S Ti,11,30,0.068889,0.130185,0.201111,0.2475,1.331111,0.246944,0.998026
2026-08-07T05:12:17+00:00,on-demand,RTX 4080,11,26,0.120926,0.134167,0.167185,0.188056,0.215556,0.134667,0.988163
2026-08-07T05:12:17+00:00,on-demand,RTX 4080S,10,29,0.08037,0.148463,0.155463,0.186056,0.200556,0.161111,0.988993
2026-08-07T05:12:17+00:00,on-demand,RTX 4090,49,175,0.253444,0.347407,0.401111,0.537037,1.337037,0.540741,0.995256
2026-08-07T05:12:17+00:00,on-demand,RTX 4090D,9,25,0.160185,0.160741,0.330074,0.667222,0.668889,,0.970666
2026-08-07T05:12:17+00:00,on-demand,RTX 4500Ada,1,1,1.268889,1.268889,1.268889,1.268889,1.268889,,0.925846
2026-08-07T05:12:17+00:00,on-demand,RTX 5000Ada,1,1,0.335556,0.335556,0.335556,0.335556,0.335556,0.335556,0.995468
2026-08-07T05:12:17+00:00,on-demand,RTX 5060,3,4,0.05363,0.060519,0.067407,0.108148,0.148889,,0.994168
2026-08-07T05:12:17+00:00,on-demand,RTX 5060 Ti,17,55,0.066944,0.087778,0.104741,0.174519,0.227407,0.154389,0.993837
2026-08-07T05:12:17+00:00,on-demand,RTX 5060 laptop,1,1,0.135556,0.135556,0.135556,0.135556,0.135556,,0.970988
2026-08-07T05:12:17+00:00,on-demand,RTX 5070,11,16,0.01363,0.103333,0.114222,0.148889,0.267111,0.114222,0.996566
2026-08-07T05:12:17+00:00,on-demand,RTX 5070 Ti,13,26,0.122222,0.135185,0.16037,0.200556,0.401333,0.16037,0.996482
2026-08-07T05:12:17+00:00,on-demand,RTX 5080,18,54,0.160556,0.175278,0.240667,0.400486,1.775556,0.177778,0.983578
2026-08-07T05:12:17+00:00,on-demand,RTX 5090,53,172,0.212889,0.440278,0.600926,0.773472,5.986944,0.733889,0.993942
2026-08-07T05:12:17+00:00,on-demand,RTX 5880Ada,3,7,0.413852,0.507852,0.601852,0.602778,0.603704,0.601852,0.995206
2026-08-07T05:12:17+00:00,on-demand,RTX 6000Ada,6,17,0.600278,0.621694,0.680833,0.713611,0.751111,0.680556,0.997629
2026-08-07T05:12:17+00:00,on-demand,RTX A2000,4,5,0.034074,0.03563,0.264815,0.704,1.335556,,0.994801
2026-08-07T05:12:17+00:00,on-demand,RTX A4000,9,45,0.067037,0.077556,0.133468,0.133704,0.149611,,0.97131
2026-08-07T05:12:17+00:00,on-demand,RTX A4500,2,2,0.114519,0.404593,0.694667,0.984741,1.274815,,0.978597
2026-08-07T05:12:17+00:00,on-demand,RTX A5000,4,13,0.231778,0.238193,0.240373,0.247533,0.268889,0.240373,0.997703
2026-08-07T05:12:17+00:00,on-demand,RTX A6000,9,32,0.308889,0.400556,0.401111,1.200556,1.335556,,0.987517
2026-08-07T05:12:17+00:00,on-demand,RTX PRO 4000,7,10,0.254074,0.261259,0.301852,0.418889,0.534815,0.301852,0.989691
2026-08-07T05:12:17+00:00,on-demand,RTX PRO 4500,1,1,0.308148,0.308148,0.308148,0.308148,0.308148,,0.736999
2026-08-07T05:12:17+00:00,on-demand,RTX PRO 5000,8,16,0.640185,0.68287,0.841481,0.943315,2.538519,0.880741,0.996941
2026-08-07T05:12:17+00:00,on-demand,RTX PRO 6000 S,15,48,0.6284,1.100963,1.600278,1.733889,3.068889,1.667963,0.997125
2026-08-07T05:12:17+00:00,on-demand,RTX PRO 6000 WS,14,29,0.921185,1.237259,1.383889,1.797454,13.335556,1.429259,0.982027
2026-08-07T05:12:17+00:00,on-demand,Tesla P100,4,6,0.054815,0.074815,0.141296,0.201389,0.202222,0.201111,0.992818
2026-08-07T05:12:17+00:00,on-demand,Tesla P40,2,2,0.033334,0.075556,0.117778,0.16,0.202222,,0.974058
2026-08-07T05:12:17+00:00,on-demand,Tesla T4,2,3,12.000741,12.000926,12.001111,12.001296,12.001481,,0.972409
2026-08-07T05:12:17+00:00,on-demand,Tesla V100,15,29,0.027222,0.040833,0.079407,0.1675,0.335556,0.187852,0.994733
2026-08-07T05:12:17+00:00,on-demand,Titan RTX,5,10,0.135185,0.137037,0.161111,0.162222,0.200556,0.161667,0.994335
2026-08-07T05:12:17+00:00,on-demand,Titan Xp,3,7,0.055556,0.058056,0.060556,0.060833,0.061111,0.060556,0.996265
2026-08-07T05:12:17+00:00,bid,A100 PCIE,23,36,0.134444,0.135556,0.175222,0.587778,0.588889,0.174667,0.986051
2026-08-07T05:12:17+00:00,bid,A100 SXM4,39,84,0.130316,0.435556,0.667037,0.915741,0.987222,0.668889,0.97845
2026-08-07T05:12:17+00:00,bid,A800 PCIE,5,10,0.129889,0.130444,0.130444,0.131556,0.131556,,0.994711
2026-08-07T05:12:17+00:00,bid,B200,18,100,4.375174,5.000347,5.001302,5.001367,7.377083,5.001302,0.987224
2026-08-07T05:12:17+00:00,bid,B300,8,30,3.75026,5.001215,5.004167,5.160547,5.626042,5.625781,0.965495
2026-08-07T05:12:17+00:00,bid,CMP 170HX,7,24,0.234167,0.2375,0.253704,0.254444,0.668889,0.668889,0.96372
2026-08-07T05:12:17+00:00,bid,GTX 1050 Ti,1,1,0.024444,0.024444,0.024444,0.024444,0.024444,,0.988436
2026-08-07T05:12:17+00:00,bid,GTX 1060,2,2,0.014222,0.018444,0.022667,0.026889,0.031111,,0.975599
2026-08-07T05:12:17+00:00,bid,GTX 1070,1,1,0.026204,0.026204,0.026204,0.026204,0.026204,0.026204,0.993401
2026-08-07T05:12:17+00:00,bid,GTX 1080,5,16,0.037037,0.04037,0.04037,0.041111,0.042222,0.040741,0.985533
2026-08-07T05:12:17+00:00,bid,GTX 1080 Ti,9,29,0.040556,0.041111,0.053651,0.054074,0.054444,0.053651,0.997592
2026-08-07T05:12:17+00:00,bid,GTX 1650 S,1,1,0.037778,0.037778,0.037778,0.037778,0.037778,,0.991789
2026-08-07T05:12:17+00:00,bid,GTX 1660,1,1,0.037778,0.037778,0.037778,0.037778,0.037778,0.037778,0.996486
2026-08-07T05:12:17+00:00,bid,GTX 1660 S,1,1,0.031111,0.031111,0.031111,0.031111,0.031111,,0.971018
2026-08-07T05:12:17+00:00,bid,GTX 1660 Ti,2,2,0.037778,0.03937,0.040963,0.042556,0.044148,0.040963,0.983269
2026-08-07T05:12:17+00:00,bid,H100 NVL,8,12,0.404889,0.902463,0.935556,1.352407,2.000778,1.369259,0.929072
2026-08-07T05:12:17+00:00,bid,H100 PCIE,6,18,1.468111,1.600347,1.600833,1.601944,1.602222,1.600833,0.991683
2026-08-07T05:12:17+00:00,bid,H100 SXM,18,47,0.402963,0.434444,2.068667,2.163611,4.002222,2.303222,0.994749
2026-08-07T05:12:17+00:00,bid,H200,15,54,0.551548,0.552096,3.485307,3.751005,4.605811,3.486404,0.997741
2026-08-07T05:12:17+00:00,bid,H200 NVL,14,34,0.535556,1.004167,1.200556,1.339555,3.200741,1.006667,0.991764
2026-08-07T05:12:17+00:00,bid,L4,5,6,0.081481,0.134444,0.135556,0.135556,0.201481,0.135556,0.996731
2026-08-07T05:12:17+00:00,bid,L40S,23,83,0.200185,0.333519,0.535185,0.540741,0.774815,0.540741,0.9986
2026-08-07T05:12:17+00:00,bid,Q RTX 8000,1,1,0.027778,0.027778,0.027778,0.027778,0.027778,0.027778,0.998939
2026-08-07T05:12:17+00:00,bid,Quadro P4000,3,4,0.03437,0.04537,0.05637,0.056556,0.056741,0.056556,0.993805
2026-08-07T05:12:17+00:00,bid,RTX 2060,3,4,0.027259,0.029185,0.031111,0.183333,0.335556,0.183333,0.994952
2026-08-07T05:12:17+00:00,bid,RTX 2060S,4,9,0.046978,0.047211,0.047289,0.066393,0.123704,0.047289,0.995023
2026-08-07T05:12:17+00:00,bid,RTX 2070,2,11,0.041111,0.044208,0.047305,0.050401,0.053498,0.041111,0.992859
2026-08-07T05:12:17+00:00,bid,RTX 2070S,7,32,0.015556,0.053508,0.053704,0.053704,0.054074,,0.987704
2026-08-07T05:12:17+00:00,bid,RTX 2080 Ti,6,21,0.037778,0.066944,0.067361,0.0695,0.121481,0.067778,0.995059
2026-08-07T05:12:17+00:00,bid,RTX 2080S,1,1,0.037778,0.037778,0.037778,0.037778,0.037778,0.037778,0.973449
2026-08-07T05:12:17+00:00,bid,RTX 3050,1,1,1.068889,1.068889,1.068889,1.068889,1.068889,,0.976399
2026-08-07T05:12:17+00:00,bid,RTX 3060,13,47,0.037778,0.045519,0.053889,0.102815,0.134519,0.084685,0.989168
2026-08-07T05:12:17+00:00,bid,RTX 3060 Ti,1,1,0.988889,0.988889,0.988889,0.988889,0.988889,0.988889,0.998787
2026-08-07T05:12:17+00:00,bid,RTX 3060 laptop,4,12,0.013352,0.013449,0.025963,0.042907,0.056296,0.056296,0.992267
2026-08-07T05:12:17+00:00,bid,RTX 3070,12,31,0.038815,0.054806,0.068519,0.084583,0.135556,0.068519,0.997356
2026-08-07T05:12:17+00:00,bid,RTX 3080,13,34,0.045383,0.061481,0.082222,0.133889,0.240332,0.133889,0.991806
2026-08-07T05:12:17+00:00,bid,RTX 3080 Ti,9,14,0.022222,0.095556,0.108889,0.133778,0.155556,0.108889,0.995531
2026-08-07T05:12:17+00:00,bid,RTX 3090,61,134,0.016296,0.094444,0.133704,0.160556,0.367407,0.134444,0.992222
2026-08-07T05:12:17+00:00,bid,RTX 4060,1,1,0.083704,0.083704,0.083704,0.083704,0.083704,0.083704,0.998552
2026-08-07T05:12:17+00:00,bid,RTX 4060 Ti,12,29,0.039778,0.075639,0.087407,0.101352,0.107778,0.094444,0.997383
2026-08-07T05:12:17+00:00,bid,RTX 4070,8,18,0.054444,0.067639,0.076056,0.102111,0.162222,0.079667,0.997447
2026-08-07T05:12:17+00:00,bid,RTX 4070 Ti,9,15,0.049111,0.081481,0.108889,0.240556,0.241111,0.108889,0.99205
2026-08-07T05:12:17+00:00,bid,RTX 4070S,1,1,0.076296,0.076296,0.076296,0.076296,0.076296,0.076296,0.984092
2026-08-07T05:12:17+00:00,bid,RTX 4070S Ti,13,31,0.094444,0.102963,0.200278,0.201111,1.211111,0.200417,0.998026
2026-08-07T05:12:17+00:00,bid,RTX 4080,15,30,0.068148,0.133852,0.135185,0.137037,0.255556,0.133852,0.994798
2026-08-07T05:12:17+00:00,bid,RTX 4080S,8,17,0.102963,0.143981,0.154593,0.187315,0.240519,0.167296,0.986568
2026-08-07T05:12:17+00:00,bid,RTX 4090,70,201,0.122222,0.193593,0.315185,0.401611,1.200556,0.335556,0.995657
2026-08-07T05:12:17+00:00,bid,RTX 4090D,12,31,0.053704,0.054157,0.054815,0.604694,0.606222,,0.970666
2026-08-07T05:12:17+00:00,bid,RTX 4500Ada,1,1,0.468889,0.468889,0.468889,0.468889,0.468889,,0.925846
2026-08-07T05:12:17+00:00,bid,RTX 5060,2,2,0.040296,0.054111,0.067926,0.081741,0.095556,,0.994754
2026-08-07T05:12:17+00:00,bid,RTX 5060 Ti,27,65,0.048296,0.07537,0.081111,0.134444,0.218222,0.088333,0.997103
2026-08-07T05:12:17+00:00,bid,RTX 5070,9,13,0.047704,0.060148,0.087222,0.122222,0.144889,0.122222,0.993243
2026-08-07T05:12:17+00:00,bid,RTX 5070 Ti,13,21,0.095556,0.107778,0.108889,0.108889,0.268,0.108889,0.995222
2026-08-07T05:12:17+00:00,bid,RTX 5080,16,30,0.016222,0.109444,0.147222,0.180583,0.442222,0.121111,0.988953
2026-08-07T05:12:17+00:00,bid,RTX 5090,86,223,0.103222,0.252602,0.338333,0.427778,2.666944,0.338333,0.995838
2026-08-07T05:12:17+00:00,bid,RTX 5880Ada,6,12,0.267185,0.267704,0.281444,0.296574,0.297037,0.281444,0.996572
2026-08-07T05:12:17+00:00,bid,RTX 6000Ada,14,30,0.137778,0.267639,0.401667,0.467759,0.468889,0.402222,0.998317
2026-08-07T05:12:17+00:00,bid,RTX A2000,3,3,0.03037,0.215259,0.400148,0.414148,0.428148,0.229259,0.994388
2026-08-07T05:12:17+00:00,bid,RTX A4000,17,80,0.056111,0.058889,0.106801,0.10716,0.134444,,0.97131
2026-08-07T05:12:17+00:00,bid,RTX A4500,2,2,0.081185,0.081185,0.081185,0.081185,0.081185,,0.959092
2026-08-07T05:12:17+00:00,bid,RTX A5000,7,26,0.108519,0.165393,0.226984,0.227315,0.230999,0.226984,0.99815
2026-08-07T05:12:17+00:00,bid,RTX A6000,7,19,0.242222,0.32127,0.333889,0.334259,0.335556,,0.992929
2026-08-07T05:12:17+00:00,bid,RTX PRO 4000,13,26,0.068889,0.227407,0.240741,0.241481,0.370815,0.240741,0.996073
2026-08-07T05:12:17+00:00,bid,RTX PRO 4500,2,2,0.188889,0.19537,0.201852,0.208333,0.214815,0.188889,0.867699
2026-08-07T05:12:17+00:00,bid,RTX PRO 5000,18,26,0.137778,0.353241,0.400741,0.476667,0.537037,0.400741,0.997355
2026-08-07T05:12:17+00:00,bid,RTX PRO 6000 S,23,50,0.352667,0.534222,1.001111,1.068889,2.935556,1.002222,0.997125
2026-08-07T05:12:17+00:00,bid,RTX PRO 6000 WS,21,36,0.375111,0.667778,0.800741,1.068889,1.337037,0.801481,0.995608
2026-08-07T05:12:17+00:00,bid,Tesla P100,4,5,0.041481,0.111204,0.135,0.135556,0.135556,0.135556,0.992818
2026-08-07T05:12:17+00:00,bid,Tesla T4,3,4,3.400741,3.401111,3.401481,3.401481,3.401481,,0.972409
2026-08-07T05:12:17+00:00,bid,Tesla V100,18,33,0.027222,0.090139,0.095778,0.134815,0.202222,0.134815,0.994854
2026-08-07T05:12:17+00:00,bid,Titan RTX,7,16,0.107222,0.108333,0.128519,0.132167,0.135556,0.121667,0.998377
2026-08-07T05:12:17+00:00,bid,Titan Xp,3,7,0.040556,0.040833,0.041111,0.041667,0.042222,0.041111,0.996265
2026-08-07T05:17:16+00:00,on-demand,A100 PCIE,17,48,0.266944,0.707963,0.907556,1.053611,2.002963,0.827037,0.995013
2026-08-07T05:17:16+00:00,on-demand,A100 SXM4,24,64,0.468889,0.80037,0.887963,1.082486,1.475556,0.934815,0.991992
2026-08-07T05:17:16+00:00,on-demand,A800 PCIE,3,7,0.667222,0.6675,0.667778,0.668333,0.668889,,0.994711
2026-08-07T05:17:16+00:00,on-demand,B200,10,36,5.000521,5.127214,5.594488,5.884115,6.242014,5.594488,0.99773
2026-08-07T05:17:16+00:00,on-demand,B300,9,41,8.125521,8.75026,8.751389,10.001389,10.005556,8.438368,0.965519
2026-08-07T05:17:16+00:00,on-demand,CMP 170HX,8,28,0.236833,0.238917,0.288185,0.334028,0.935556,0.935556,0.955751
2026-08-07T05:17:16+00:00,on-demand,GTX 1060,1,1,0.344444,0.344444,0.344444,0.344444,0.344444,,0.994426
2026-08-07T05:17:16+00:00,on-demand,GTX 1070,1,1,0.531111,0.531111,0.531111,0.531111,0.531111,0.531111,0.993414
2026-08-07T05:17:16+00:00,on-demand,GTX 1080,6,16,0.027778,0.04987,0.050796,0.051472,0.051778,0.051389,0.985543
2026-08-07T05:17:16+00:00,on-demand,GTX 1080 Ti,6,18,0.042222,0.060694,0.065,0.07246,0.074074,0.068889,0.997403
2026-08-07T05:17:16+00:00,on-demand,GTX 1650 S,1,1,0.677778,0.677778,0.677778,0.677778,0.677778,,0.991803
2026-08-07T05:17:16+00:00,on-demand,GTX 1660,1,1,0.677778,0.677778,0.677778,0.677778,0.677778,0.677778,0.996492
2026-08-07T05:17:16+00:00,on-demand,GTX 1660 S,2,7,0.033704,0.138056,0.242407,0.346759,0.451111,,0.963978
2026-08-07T05:17:16+00:00,on-demand,GTX 1660 Ti,1,2,0.067407,0.067407,0.067407,0.067407,0.067407,0.067407,0.982513
2026-08-07T05:17:16+00:00,on-demand,GTX TITAN X,1,1,0.028889,0.028889,0.028889,0.028889,0.028889,,0.98766
2026-08-07T05:17:16+00:00,on-demand,H100 NVL,6,10,1.336296,2.167963,2.667778,2.96762,3.073185,2.534463,0.998639
2026-08-07T05:17:16+00:00,on-demand,H100 PCIE,4,15,1.733481,1.835037,2.001389,2.134028,2.134444,2.001389,0.991428
2026-08-07T05:17:16+00:00,on-demand,H100 SXM,14,44,1.601111,1.734028,2.371851,3.034611,4.774444,3.001222,0.995318
2026-08-07T05:17:16+00:00,on-demand,H200,11,44,3.935673,4.113213,4.145833,4.277138,4.963701,4.145559,0.99813
2026-08-07T05:17:16+00:00,on-demand,H200 NVL,11,29,2.400741,2.800417,2.886667,3.356056,3.602222,2.885,0.99177
2026-08-07T05:17:16+00:00,on-demand,L4,5,7,0.03363,0.255556,0.334444,0.334444,0.335556,0.334444,0.997
2026-08-07T05:17:16+00:00,on-demand,L40S,13,42,0.401111,0.467037,0.80037,1.068519,1.335556,0.935,0.994193
2026-08-07T05:17:16+00:00,on-demand,Q RTX 6000,2,5,0.133704,0.133981,0.134259,0.134537,0.134815,0.134259,0.998823
2026-08-07T05:17:16+00:00,on-demand,Q RTX 8000,3,4,0.241111,0.247593,0.254074,0.254444,0.254815,0.254074,0.998324
2026-08-07T05:17:16+00:00,on-demand,Quadro P4000,3,4,0.040741,0.041111,0.041481,0.054481,0.067481,0.067481,0.96441
2026-08-07T05:17:16+00:00,on-demand,RTX 2060,2,3,0.052593,0.142222,0.231852,0.321481,0.411111,0.411111,0.986662
2026-08-07T05:17:16+00:00,on-demand,RTX 2060S,2,5,0.042222,0.048411,0.0546,0.060789,0.066978,0.066978,0.979457
2026-08-07T05:17:16+00:00,on-demand,RTX 2070,2,11,0.054444,0.057541,0.060638,0.063735,0.066831,0.054444,0.992877
2026-08-07T05:17:16+00:00,on-demand,RTX 2070S,3,15,0.066831,0.066934,0.067037,0.067222,0.067407,,0.987705
2026-08-07T05:17:16+00:00,on-demand,RTX 2080 Ti,7,15,0.057037,0.070333,0.072889,0.104213,0.811111,0.07325,0.997148
2026-08-07T05:17:16+00:00,on-demand,RTX 2080S,1,1,0.744444,0.744444,0.744444,0.744444,0.744444,0.744444,0.973682
2026-08-07T05:17:16+00:00,on-demand,RTX 3050,1,1,1.322222,1.322222,1.322222,1.322222,1.322222,,0.976403
2026-08-07T05:17:16+00:00,on-demand,RTX 3060,7,27,0.022222,0.052167,0.055556,0.0675,1.334815,0.053519,0.989203
2026-08-07T05:17:16+00:00,on-demand,RTX 3060 Ti,3,3,0.035556,0.045556,0.055556,0.588889,1.122222,1.122222,0.99746
2026-08-07T05:17:16+00:00,on-demand,RTX 3060 laptop,4,13,0.026685,0.037505,0.041667,0.048611,0.067778,0.067778,0.996701
2026-08-07T05:17:16+00:00,on-demand,RTX 3070,6,22,0.041111,0.051111,0.079028,0.100278,0.130444,0.080278,0.993036
2026-08-07T05:17:16+00:00,on-demand,RTX 3080,11,42,0.060222,0.071343,0.107556,0.127546,0.250999,0.113556,0.992512
2026-08-07T05:17:16+00:00,on-demand,RTX 3080 Ti,3,3,0.082222,0.108889,0.135556,0.138889,0.142222,0.142222,0.995532
2026-08-07T05:17:16+00:00,on-demand,RTX 3090,32,89,0.08963,0.145944,0.173981,0.218481,2.001111,0.200741,0.989223
2026-08-07T05:17:16+00:00,on-demand,RTX 4060,3,6,0.05363,0.059037,0.064444,1.371111,2.677778,0.064444,0.985054
2026-08-07T05:17:16+00:00,on-demand,RTX 4060 Ti,6,15,0.080556,0.081389,0.091481,0.106019,0.121111,0.107778,0.990279
2026-08-07T05:17:16+00:00,on-demand,RTX 4070,6,14,0.080556,0.081944,0.086778,0.092694,0.172889,0.0915,0.991597
2026-08-07T05:17:16+00:00,on-demand,RTX 4070 Ti,8,14,0.088519,0.105926,0.135,0.172139,0.282444,0.097037,0.991921
2026-08-07T05:17:16+00:00,on-demand,RTX 4070S,2,3,0.077037,0.088056,0.099074,0.110093,0.121111,0.077037,0.979639
2026-08-07T05:17:16+00:00,on-demand,RTX 4070S Ti,12,33,0.067778,0.120694,0.180667,0.247361,1.331111,0.246944,0.997667
2026-08-07T05:17:16+00:00,on-demand,RTX 4080,10,21,0.120926,0.126444,0.173241,0.188287,0.227704,0.129185,0.991484
2026-08-07T05:17:16+00:00,on-demand,RTX 4080S,10,29,0.08037,0.148611,0.15017,0.185917,0.200556,0.160556,0.987591
2026-08-07T05:17:16+00:00,on-demand,RTX 4090,42,127,0.135556,0.360556,0.400926,0.635926,1.337037,0.616148,0.996101
2026-08-07T05:17:16+00:00,on-demand,RTX 4090D,9,25,0.160185,0.160741,0.330074,0.667222,0.668889,,0.970859
2026-08-07T05:17:16+00:00,on-demand,RTX 4500Ada,1,1,1.268889,1.268889,1.268889,1.268889,1.268889,,0.926809
2026-08-07T05:17:16+00:00,on-demand,RTX 5000Ada,1,1,0.455556,0.455556,0.455556,0.455556,0.455556,0.455556,0.990345
2026-08-07T05:17:16+00:00,on-demand,RTX 5060,3,4,0.067407,0.067778,0.068148,0.101852,0.135556,,0.983833
2026-08-07T05:17:16+00:00,on-demand,RTX 5060 Ti,16,51,0.06163,0.086778,0.105111,0.174958,0.227407,0.154852,0.991796
2026-08-07T05:17:16+00:00,on-demand,RTX 5060 laptop,1,1,0.135556,0.135556,0.135556,0.135556,0.135556,,0.97099
2026-08-07T05:17:16+00:00,on-demand,RTX 5070,8,12,0.01363,0.105,0.111889,0.119889,0.267111,0.114222,0.996434
2026-08-07T05:17:16+00:00,on-demand,RTX 5070 Ti,11,24,0.134074,0.13537,0.173889,0.201111,0.401333,0.201111,0.996483
2026-08-07T05:17:16+00:00,on-demand,RTX 5080,19,62,0.160556,0.176111,0.228148,0.366991,1.775556,0.209333,0.987601
2026-08-07T05:17:16+00:00,on-demand,RTX 5090,42,142,0.212889,0.426898,0.628148,0.804352,5.986944,0.787662,0.994966
2026-08-07T05:17:16+00:00,on-demand,RTX 5880Ada,2,6,0.413852,0.460852,0.507852,0.554852,0.601852,0.507852,0.996577
2026-08-07T05:17:16+00:00,on-demand,RTX 6000Ada,7,25,0.600278,0.630667,0.680556,0.687361,0.724444,0.669907,0.996741
2026-08-07T05:17:16+00:00,on-demand,RTX A2000,4,5,0.034074,0.03563,0.036148,0.150481,0.493481,,0.995214
2026-08-07T05:17:16+00:00,on-demand,RTX A4000,8,47,0.067407,0.120397,0.133611,0.138093,0.153611,,0.97131
2026-08-07T05:17:16+00:00,on-demand,RTX A4500,2,2,0.114519,0.404593,0.694667,0.984741,1.274815,,0.978639
2026-08-07T05:17:16+00:00,on-demand,RTX A5000,7,21,0.230984,0.231259,0.231496,20.135926,40.001481,0.231407,0.99815
2026-08-07T05:17:16+00:00,on-demand,RTX A6000,8,27,0.400317,0.400694,0.401667,0.603403,1.335556,0.404444,0.992933
2026-08-07T05:17:16+00:00,on-demand,RTX PRO 4000,8,11,0.202222,0.25463,0.287037,0.37463,0.534815,0.287037,0.989622
2026-08-07T05:17:16+00:00,on-demand,RTX PRO 4500,2,2,0.294815,0.305,0.315185,0.32537,0.335556,0.335556,0.882289
2026-08-07T05:17:16+00:00,on-demand,RTX PRO 5000,6,11,0.64037,0.723333,0.841481,0.881296,0.943037,0.880741,0.99427
2026-08-07T05:17:16+00:00,on-demand,RTX PRO 6000 S,15,49,0.6284,1.001111,1.600278,1.733889,3.068889,1.716812,0.992339
2026-08-07T05:17:16+00:00,on-demand,RTX PRO 6000 WS,15,29,0.660741,1.002,1.389304,1.482037,13.335556,1.391156,0.995614
2026-08-07T05:17:16+00:00,on-demand,Tesla P100,4,6,0.054815,0.074815,0.141296,0.201389,0.202222,0.201111,0.992828
2026-08-07T05:17:16+00:00,on-demand,Tesla P40,3,3,0.033334,0.064074,0.094815,0.148519,0.202222,0.094815,0.987234
2026-08-07T05:17:16+00:00,on-demand,Tesla T4,2,3,12.000741,12.000926,12.001111,12.001296,12.001481,,0.972409
2026-08-07T05:17:16+00:00,on-demand,Tesla V100,11,22,0.027222,0.034722,0.042222,0.168056,0.335556,0.226222,0.992089
2026-08-07T05:17:16+00:00,on-demand,Titan RTX,5,10,0.135185,0.137037,0.161111,0.162222,0.200556,0.161667,0.99434
2026-08-07T05:17:16+00:00,on-demand,Titan Xp,3,7,0.060556,0.060833,0.061111,0.061667,0.062222,0.061111,0.996266
2026-08-07T05:17:16+00:00,bid,A100 PCIE,22,39,0.133889,0.135556,0.135556,0.587778,0.588889,0.135556,0.992532
2026-08-07T05:17:16+00:00,bid,A100 SXM4,37,82,0.130316,0.401481,0.666852,0.811778,0.986944,0.568102,0.974789
2026-08-07T05:17:16+00:00,bid,A800 PCIE,7,12,0.129889,0.130444,0.131556,0.131556,0.131556,,0.994711
2026-08-07T05:17:16+00:00,bid,B200,24,126,4.375174,5.000347,5.001302,5.002604,7.377083,5.001302,0.98342
2026-08-07T05:17:16+00:00,bid,B300,7,29,3.75026,5.001042,5.002778,5.315538,5.626042,5.625781,0.965519
2026-08-07T05:17:16+00:00,bid,CMP 170HX,8,28,0.234167,0.23875,0.253796,0.254444,0.668889,0.668889,0.963757
2026-08-07T05:17:16+00:00,bid,GTX 1050 Ti,1,1,0.024444,0.024444,0.024444,0.024444,0.024444,,0.988452
2026-08-07T05:17:16+00:00,bid,GTX 1060,1,1,0.031111,0.031111,0.031111,0.031111,0.031111,,0.994426
2026-08-07T05:17:16+00:00,bid,GTX 1070,1,1,0.024444,0.024444,0.024444,0.024444,0.024444,0.024444,0.993414
2026-08-07T05:17:16+00:00,bid,GTX 1080,4,10,0.037037,0.039537,0.040741,0.041389,0.042222,0.041111,0.995219
2026-08-07T05:17:16+00:00,bid,GTX 1080 Ti,8,24,0.026222,0.040972,0.047937,0.053935,0.054444,0.053651,0.997649
2026-08-07T05:17:16+00:00,bid,GTX 1650 S,1,1,0.04,0.04,0.04,0.04,0.04,,0.991803
2026-08-07T05:17:16+00:00,bid,GTX 1660,1,1,0.037778,0.037778,0.037778,0.037778,0.037778,0.037778,0.996492
2026-08-07T05:17:16+00:00,bid,GTX 1660 S,1,1,0.031111,0.031111,0.031111,0.031111,0.031111,,0.971337
2026-08-07T05:17:16+00:00,bid,GTX 1660 Ti,3,4,0.037778,0.040593,0.043407,0.050593,0.057778,0.043407,0.991538
2026-08-07T05:17:16+00:00,bid,H100 NVL,7,11,0.404889,0.870481,0.935556,1.135556,2.000778,1.335556,0.940543
2026-08-07T05:17:16+00:00,bid,H100 PCIE,6,21,0.347222,1.600347,1.600833,1.601111,1.602222,1.600833,0.991688
2026-08-07T05:17:16+00:00,bid,H100 SXM,19,58,0.401481,0.420185,2.068,2.163333,4.002222,2.303222,0.993073
2026-08-07T05:17:16+00:00,bid,H200,21,82,0.441064,0.441886,1.935307,3.817251,4.474232,3.684759,0.997742
2026-08-07T05:17:16+00:00,bid,H200 NVL,13,29,0.535556,1.003333,1.200278,1.403111,3.202222,1.006667,0.997897
2026-08-07T05:17:16+00:00,bid,L4,6,7,0.081481,0.134722,0.135556,0.185,0.215556,0.135556,0.997
2026-08-07T05:17:16+00:00,bid,L40S,19,56,0.200185,0.333704,0.537037,0.540741,0.774815,0.540741,0.9986
2026-08-07T05:17:16+00:00,bid,Q RTX 8000,2,2,0.027778,0.027861,0.027944,0.028028,0.028111,0.027944,0.99894
2026-08-07T05:17:16+00:00,bid,Quadro P4000,2,2,0.03437,0.035981,0.037593,0.039204,0.040815,0.040815,0.996141
2026-08-07T05:17:16+00:00,bid,RTX 2060,4,6,0.027259,0.030148,0.036111,0.114722,0.335556,0.041111,0.99289
2026-08-07T05:17:16+00:00,bid,RTX 2060S,4,9,0.046978,0.047211,0.047289,0.066393,0.123704,0.047289,0.995039
2026-08-07T05:17:16+00:00,bid,RTX 2070,2,11,0.041111,0.044208,0.047305,0.050401,0.053498,0.041111,0.992877
2026-08-07T05:17:16+00:00,bid,RTX 2070S,7,30,0.015556,0.053508,0.053704,0.053889,0.054074,,0.987705
2026-08-07T05:17:16+00:00,bid,RTX 2080 Ti,5,13,0.037778,0.055556,0.066944,0.067778,0.108889,0.067361,0.995857
2026-08-07T05:17:16+00:00,bid,RTX 2080S,1,1,0.037778,0.037778,0.037778,0.037778,0.037778,0.037778,0.973682
2026-08-07T05:17:16+00:00,bid,RTX 3050,1,1,1.068889,1.068889,1.068889,1.068889,1.068889,,0.976403
2026-08-07T05:17:16+00:00,bid,RTX 3060,12,40,0.037778,0.047509,0.054167,0.102815,0.13437,0.121185,0.99246
2026-08-07T05:17:16+00:00,bid,RTX 3060 Ti,2,2,0.07037,0.3,0.52963,0.759259,0.988889,0.52963,0.993228
2026-08-07T05:17:16+00:00,bid,RTX 3060 laptop,5,16,0.013352,0.013481,0.038444,0.062815,0.064988,0.063901,0.989788
2026-08-07T05:17:16+00:00,bid,RTX 3070,8,23,0.040278,0.060972,0.068704,0.083139,0.135556,0.068704,0.997143
2026-08-07T05:17:16+00:00,bid,RTX 3080,12,32,0.042222,0.052037,0.074028,0.115139,0.240415,0.081111,0.990936
2026-08-07T05:17:16+00:00,bid,RTX 3080 Ti,6,7,0.07037,0.078889,0.099556,0.143389,0.155556,0.132333,0.996906
2026-08-07T05:17:16+00:00,bid,RTX 3090,50,116,0.014815,0.090667,0.126991,0.145556,0.367407,0.134444,0.99184
2026-08-07T05:17:16+00:00,bid,RTX 4060,1,1,0.083704,0.083704,0.083704,0.083704,0.083704,0.083704,0.998553
2026-08-07T05:17:16+00:00,bid,RTX 4060 Ti,8,18,0.039778,0.067389,0.07863,0.095963,0.107222,0.094444,0.997006
2026-08-07T05:17:16+00:00,bid,RTX 4070,6,12,0.040741,0.057639,0.0675,0.078611,0.162222,0.082222,0.99194
2026-08-07T05:17:16+00:00,bid,RTX 4070 Ti,10,16,0.048111,0.062037,0.102222,0.207639,0.241111,0.108889,0.992057
2026-08-07T05:17:16+00:00,bid,RTX 4070S,1,1,0.102222,0.102222,0.102222,0.102222,0.102222,0.102222,0.995726
2026-08-07T05:17:16+00:00,bid,RTX 4070S Ti,12,37,0.093889,0.101759,0.200389,0.201111,1.211111,0.200389,0.998675
2026-08-07T05:17:16+00:00,bid,RTX 4080,15,30,0.133593,0.133852,0.135185,0.152111,0.255556,0.133852,0.996887
2026-08-07T05:17:16+00:00,bid,RTX 4080S,10,20,0.102963,0.14713,0.174481,0.188593,0.240519,0.187704,0.989486
2026-08-07T05:17:16+00:00,bid,RTX 4090,70,184,0.122222,0.233364,0.335556,0.401852,1.200556,0.401185,0.995264
2026-08-07T05:17:16+00:00,bid,RTX 4090D,12,33,0.053704,0.054574,0.055426,0.1935,0.606222,,0.970859
2026-08-07T05:17:16+00:00,bid,RTX 4500Ada,1,1,0.468889,0.468889,0.468889,0.468889,0.468889,,0.926809
2026-08-07T05:17:16+00:00,bid,RTX 5000Ada,1,1,0.268889,0.268889,0.268889,0.268889,0.268889,0.268889,0.995474
2026-08-07T05:17:16+00:00,bid,RTX 5060,1,1,0.095556,0.095556,0.095556,0.095556,0.095556,,0.995331
2026-08-07T05:17:16+00:00,bid,RTX 5060 Ti,23,55,0.05363,0.074605,0.10237,0.147222,0.218222,0.121296,0.994498
2026-08-07T05:17:16+00:00,bid,RTX 5070,12,17,0.043704,0.06013,0.085463,0.111407,0.200444,0.097389,0.995275
2026-08-07T05:17:16+00:00,bid,RTX 5070 Ti,14,24,0.082222,0.107361,0.108333,0.108889,0.268,0.107778,0.993557
2026-08-07T05:17:16+00:00,bid,RTX 5080,18,31,0.015556,0.125148,0.148519,0.175759,0.442222,0.169444,0.9898
2026-08-07T05:17:16+00:00,bid,RTX 5090,85,223,0.103222,0.203704,0.335111,0.427778,2.666944,0.34,0.995433
2026-08-07T05:17:16+00:00,bid,RTX 5880Ada,7,12,0.267185,0.268222,0.295185,0.297037,0.335407,0.295185,0.997552
2026-08-07T05:17:16+00:00,bid,RTX 6000Ada,17,40,0.137778,0.388889,0.401111,0.468741,0.774444,0.402222,0.995916
2026-08-07T05:17:16+00:00,bid,RTX A2000,3,3,0.043704,0.221926,0.400148,0.414148,0.428148,0.235926,0.994388
2026-08-07T05:17:16+00:00,bid,RTX A4000,9,56,0.057111,0.106801,0.107037,0.10716,0.133611,,0.97131
2026-08-07T05:17:16+00:00,bid,RTX A4500,1,1,0.081185,0.081185,0.081185,0.081185,0.081185,,0.959178
2026-08-07T05:17:16+00:00,bid,RTX A5000,8,18,0.108519,0.178704,0.227196,0.334259,0.334815,0.201481,0.997096
2026-08-07T05:17:16+00:00,bid,RTX A6000,7,20,0.308889,0.33377,0.334074,0.334444,0.335556,,0.992933
2026-08-07T05:17:16+00:00,bid,RTX PRO 4000,13,23,0.108889,0.217037,0.228741,0.241481,0.370815,0.228741,0.994458
2026-08-07T05:17:16+00:00,bid,RTX PRO 4500,3,3,0.188889,0.201852,0.214815,0.241852,0.268889,0.228889,0.990481
2026-08-07T05:17:16+00:00,bid,RTX PRO 5000,17,28,0.165185,0.40037,0.401481,0.501481,0.642222,0.401481,0.996529
2026-08-07T05:17:16+00:00,bid,RTX PRO 6000 S,21,45,0.352667,0.403222,0.802963,1.068148,2.935556,1.002222,0.997128
2026-08-07T05:17:16+00:00,bid,RTX PRO 6000 WS,22,39,0.468148,0.668889,0.801481,1.068519,1.337037,0.801481,0.995614
2026-08-07T05:17:16+00:00,bid,Tesla P100,4,5,0.041481,0.111204,0.135,0.135556,0.135556,0.135556,0.992828
2026-08-07T05:17:16+00:00,bid,Tesla P40,1,1,0.057481,0.057481,0.057481,0.057481,0.057481,0.057481,0.987234
2026-08-07T05:17:16+00:00,bid,Tesla T4,3,4,3.400741,3.401111,3.401481,3.401481,3.401481,,0.972409
2026-08-07T05:17:16+00:00,bid,Tesla V100,15,33,0.027222,0.091389,0.095778,0.133685,0.162222,0.134815,0.994749
2026-08-07T05:17:16+00:00,bid,Titan RTX,7,16,0.107222,0.118148,0.129889,0.135,0.135556,0.135,0.998377
2026-08-07T05:17:16+00:00,bid,Titan Xp,3,7,0.040556,0.040833,0.041111,0.041667,0.042222,0.041111,0.996266
2026-08-07T05:22:16+00:00,on-demand,A100 PCIE,16,49,0.266944,0.598009,0.93463,1.053681,1.507556,0.848148,0.990881
2026-08-07T05:22:16+00:00,on-demand,A100 SXM4,22,59,0.468889,0.800741,0.934444,1.113569,1.475556,1.00088,0.991992
2026-08-07T05:22:16+00:00,on-demand,A800 PCIE,3,7,0.667222,0.6675,0.667778,0.668333,0.668889,,0.994711
2026-08-07T05:22:16+00:00,on-demand,B200,10,36,5.000521,5.408138,5.595139,5.884115,6.242014,5.595139,0.997164
2026-08-07T05:22:16+00:00,on-demand,B300,9,41,8.125521,8.75026,8.751389,10.001389,10.005556,8.438368,0.965519
2026-08-07T05:22:16+00:00,on-demand,CMP 170HX,7,26,0.236833,0.240167,0.333704,0.334167,0.935556,0.935556,0.963757
2026-08-07T05:22:16+00:00,on-demand,GTX 1050 Ti,1,1,0.611111,0.611111,0.611111,0.611111,0.611111,,0.988452
2026-08-07T05:22:16+00:00,on-demand,GTX 1060,2,2,0.088889,0.152778,0.216667,0.280556,0.344444,0.088889,0.996873
2026-08-07T05:22:16+00:00,on-demand,GTX 1070,1,1,0.531111,0.531111,0.531111,0.531111,0.531111,0.531111,0.993414
2026-08-07T05:22:16+00:00,on-demand,GTX 1070 Ti,1,1,0.050222,0.050222,0.050222,0.050222,0.050222,0.050222,0.996942
2026-08-07T05:22:16+00:00,on-demand,GTX 1080,5,15,0.027778,0.028148,0.049704,0.050444,0.051222,0.050444,0.985543
2026-08-07T05:22:16+00:00,on-demand,GTX 1080 Ti,7,20,0.042222,0.063667,0.073651,0.073981,0.074444,0.07377,0.997649
2026-08-07T05:22:16+00:00,on-demand,GTX 1650 S,1,1,0.677778,0.677778,0.677778,0.677778,0.677778,,0.991803
2026-08-07T05:22:16+00:00,on-demand,GTX 1660 S,2,7,0.033704,0.138056,0.242407,0.346759,0.451111,,0.963978
2026-08-07T05:22:16+00:00,on-demand,GTX 1660 Ti,2,3,0.067407,0.203333,0.339259,0.475185,0.611111,0.339259,0.987026
2026-08-07T05:22:16+00:00,on-demand,GTX TITAN X,1,1,0.028889,0.028889,0.028889,0.028889,0.028889,,0.99567
2026-08-07T05:22:16+00:00,on-demand,H100 NVL,5,9,1.336296,2.667407,2.668148,2.935556,3.067444,2.935556,0.994561
2026-08-07T05:22:16+00:00,on-demand,H100 PCIE,4,15,2.133611,2.133819,2.134167,2.134722,2.135556,2.134167,0.991688
2026-08-07T05:22:16+00:00,on-demand,H100 SXM,13,42,1.601111,1.735556,2.542779,3.069333,4.774444,3.069333,0.995606
2026-08-07T05:22:16+00:00,on-demand,H200,11,44,3.935673,4.113213,4.145833,4.277138,4.963701,4.145559,0.99813
2026-08-07T05:22:16+00:00,on-demand,H200 NVL,11,29,2.400741,2.841944,3.175556,3.336056,3.468889,2.886667,0.99177
2026-08-07T05:22:16+00:00,on-demand,L4,4,5,0.03363,0.200074,0.295,0.334537,0.334815,0.33463,0.996211
2026-08-07T05:22:16+00:00,on-demand,L40S,11,36,0.401111,0.466944,0.52963,0.801111,1.335556,0.801111,0.994193
2026-08-07T05:22:16+00:00,on-demand,Q RTX 6000,3,7,0.133704,0.133889,0.134074,0.134444,0.134815,0.134074,0.999271
2026-08-07T05:22:16+00:00,on-demand,Q RTX 8000,3,4,0.241111,0.247593,0.254074,0.254444,0.254815,0.254074,0.998324
2026-08-07T05:22:16+00:00,on-demand,Quadro P4000,2,3,0.040741,0.040926,0.041111,0.041296,0.041481,,0.96441
2026-08-07T05:22:16+00:00,on-demand,RTX 2060,2,3,0.052593,0.142222,0.231852,0.321481,0.411111,0.411111,0.986662
2026-08-07T05:22:16+00:00,on-demand,RTX 2060S,1,4,0.066978,0.066978,0.066978,0.066978,0.066978,0.066978,0.995039
2026-08-07T05:22:16+00:00,on-demand,RTX 2070,3,12,0.054444,0.060638,0.066831,0.074527,0.082222,0.068333,0.995294
2026-08-07T05:22:16+00:00,on-demand,RTX 2070S,4,16,0.055556,0.064012,0.066934,0.06713,0.067407,,0.987705
2026-08-07T05:22:16+00:00,on-demand,RTX 2080 Ti,6,14,0.068889,0.073069,0.076861,0.121139,0.811111,0.076861,0.994373
2026-08-07T05:22:16+00:00,on-demand,RTX 2080S,1,1,0.744444,0.744444,0.744444,0.744444,0.744444,0.744444,0.973682
2026-08-07T05:22:16+00:00,on-demand,RTX 3050,1,1,1.322222,1.322222,1.322222,1.322222,1.322222,,0.976403
2026-08-07T05:22:16+00:00,on-demand,RTX 3060,8,26,0.022222,0.052852,0.061389,0.220278,1.334815,0.053519,0.991569
2026-08-07T05:22:16+00:00,on-demand,RTX 3060 Ti,2,2,0.055556,0.322222,0.588889,0.855556,1.122222,1.122222,0.998124
2026-08-07T05:22:16+00:00,on-demand,RTX 3060 laptop,4,12,0.026685,0.026782,0.033963,0.041389,0.042222,,0.994279
2026-08-07T05:22:16+00:00,on-demand,RTX 3070,10,33,0.042222,0.074722,0.077917,0.107153,0.166222,0.080278,0.994085
2026-08-07T05:22:16+00:00,on-demand,RTX 3080,14,52,0.028889,0.062384,0.101556,0.131181,0.268889,0.113556,0.994056
2026-08-07T05:22:16+00:00,on-demand,RTX 3080 Ti,3,3,0.082222,0.105556,0.128889,0.144889,0.160889,0.160889,0.994241
2026-08-07T05:22:16+00:00,on-demand,RTX 3090,31,80,0.077556,0.134444,0.174074,0.263148,2.001111,0.214025,0.991769
2026-08-07T05:22:16+00:00,on-demand,RTX 4060,4,14,0.053481,0.053593,0.067926,0.731111,2.677778,0.082222,0.984506
2026-08-07T05:22:16+00:00,on-demand,RTX 4060 Ti,6,12,0.080889,0.081389,0.095,0.107778,0.141111,0.107778,0.991242
2026-08-07T05:22:16+00:00,on-demand,RTX 4070,6,16,0.080556,0.083611,0.0925,0.094306,0.172889,0.093889,0.995455
2026-08-07T05:22:16+00:00,on-demand,RTX 4070 Ti,8,14,0.088519,0.105926,0.135,0.186139,0.282444,0.097037,0.991921
2026-08-07T05:22:16+00:00,on-demand,RTX 4070S,2,3,0.08963,0.091019,0.092407,0.093796,0.095185,0.092407,0.99135
2026-08-07T05:22:16+00:00,on-demand,RTX 4070S Ti,9,27,0.068889,0.121111,0.246889,0.247778,1.331111,0.247222,0.99845
2026-08-07T05:22:16+00:00,on-demand,RTX 4080,9,20,0.133667,0.159556,0.187593,0.19037,0.227704,0.166926,0.996887
2026-08-07T05:22:16+00:00,on-demand,RTX 4080S,11,33,0.08037,0.121815,0.160556,0.184704,0.195407,0.160833,0.985362
2026-08-07T05:22:16+00:00,on-demand,RTX 4090,45,155,0.135556,0.347407,0.402222,0.607407,1.280556,0.607407,0.994934
2026-08-07T05:22:16+00:00,on-demand,RTX 4090D,9,25,0.160185,0.160741,0.330074,0.667222,0.668889,,0.970859
2026-08-07T05:22:16+00:00,on-demand,RTX 4500Ada,1,1,1.268889,1.268889,1.268889,1.268889,1.268889,,0.926809
2026-08-07T05:22:16+00:00,on-demand,RTX 5000Ada,2,2,0.335556,0.365556,0.395556,0.425556,0.455556,0.395556,0.99291
2026-08-07T05:22:16+00:00,on-demand,RTX 5060,2,2,0.05363,0.074111,0.094593,0.115074,0.135556,,0.979887
2026-08-07T05:22:16+00:00,on-demand,RTX 5060 Ti,16,50,0.066944,0.093472,0.114583,0.146847,0.178222,0.135185,0.994682
2026-08-07T05:22:16+00:00,on-demand,RTX 5060 laptop,1,1,0.135556,0.135556,0.135556,0.135556,0.135556,,0.97099
2026-08-07T05:22:16+00:00,on-demand,RTX 5070,8,9,0.01363,0.102407,0.129444,0.188444,0.360444,0.162222,0.996971
2026-08-07T05:22:16+00:00,on-demand,RTX 5070 Ti,10,20,0.134815,0.145139,0.190626,0.201019,0.401333,0.180696,0.996483
2026-08-07T05:22:16+00:00,on-demand,RTX 5080,20,70,0.135556,0.170833,0.229296,0.350347,1.775556,0.213037,0.987215
2026-08-07T05:22:16+00:00,on-demand,RTX 5090,44,132,0.212889,0.413944,0.520694,0.80575,5.986944,0.694722,0.993747
2026-08-07T05:22:16+00:00,on-demand,RTX 5880Ada,3,7,0.413852,0.507852,0.601852,0.602778,0.603704,0.601852,0.995213
2026-08-07T05:22:16+00:00,on-demand,RTX 6000Ada,7,26,0.600278,0.601593,0.680556,0.682778,0.693611,0.641315,0.998318
2026-08-07T05:22:16+00:00,on-demand,RTX A2000,4,5,0.034074,0.03563,0.036148,0.150481,0.493481,,0.995214
2026-08-07T05:22:16+00:00,on-demand,RTX A4000,7,39,0.071778,0.103178,0.133519,0.133765,0.146889,,0.97131
2026-08-07T05:22:16+00:00,on-demand,RTX A4500,2,2,0.114519,0.404593,0.694667,0.984741,1.274815,,0.978639
2026-08-07T05:22:16+00:00,on-demand,RTX A5000,6,16,0.230984,0.23143,0.291022,30.088193,40.001481,0.231452,0.997096
2026-08-07T05:22:16+00:00,on-demand,RTX A6000,6,19,0.300889,0.400602,0.400926,1.000486,1.335556,,0.992715
2026-08-07T05:22:16+00:00,on-demand,RTX PRO 4000,8,11,0.202222,0.25463,0.278704,0.361296,0.534815,0.301852,0.988171
2026-08-07T05:22:16+00:00,on-demand,RTX PRO 4500,2,2,0.294815,0.305,0.315185,0.32537,0.335556,0.335556,0.878329
2026-08-07T05:22:16+00:00,on-demand,RTX PRO 5000,6,10,0.655556,0.774444,0.87263,0.94387,1.042593,0.943037,0.997357
2026-08-07T05:22:16+00:00,on-demand,RTX PRO 6000 S,15,56,0.866685,1.187111,1.600278,1.733889,3.068889,1.601111,0.997128
2026-08-07T05:22:16+00:00,on-demand,RTX PRO 6000 WS,13,26,0.668148,1.002963,1.393007,1.482222,13.335556,1.431689,0.994897
2026-08-07T05:22:16+00:00,on-demand,Tesla P100,4,6,0.054815,0.074815,0.141296,0.201389,0.202222,0.201111,0.992828
2026-08-07T05:22:16+00:00,on-demand,Tesla P40,2,2,0.033334,0.075556,0.117778,0.16,0.202222,,0.974104
2026-08-07T05:22:16+00:00,on-demand,Tesla T4,2,3,12.000741,12.000926,12.001111,12.001296,12.001481,,0.972409
2026-08-07T05:22:16+00:00,on-demand,Tesla V100,10,21,0.027222,0.031806,0.041667,0.162787,0.250222,0.199852,0.993419
2026-08-07T05:22:16+00:00,on-demand,Titan RTX,5,10,0.135185,0.137037,0.161111,0.162222,0.200556,0.161667,0.99434
2026-08-07T05:22:16+00:00,on-demand,Titan Xp,3,7,0.055556,0.058056,0.060556,0.060833,0.061111,0.060556,0.996266
2026-08-07T05:22:16+00:00,bid,A100 PCIE,28,49,0.133889,0.135556,0.135556,0.587361,0.588889,0.135556,0.991387
2026-08-07T05:22:16+00:00,bid,A100 SXM4,34,76,0.130316,0.401481,0.601944,0.812611,0.986944,0.535556,0.991992
2026-08-07T05:22:16+00:00,bid,A800 PCIE,6,11,0.129889,0.130444,0.131,0.131556,0.131556,,0.994711
2026-08-07T05:22:16+00:00,bid,B200,19,108,4.375174,5.000347,5.001302,5.001345,7.377083,5.001302,0.989133
2026-08-07T05:22:16+00:00,bid,B300,8,30,3.75026,5.001215,5.004167,5.160547,5.626042,5.625781,0.965519
2026-08-07T05:22:16+00:00,bid,CMP 170HX,9,30,0.234167,0.24,0.253889,0.254444,0.668889,0.668889,0.963757
2026-08-07T05:22:16+00:00,bid,GTX 1050 Ti,1,1,0.024444,0.024444,0.024444,0.024444,0.024444,,0.988452
2026-08-07T05:22:16+00:00,bid,GTX 1060,1,1,0.031111,0.031111,0.031111,0.031111,0.031111,,0.994426
2026-08-07T05:22:16+00:00,bid,GTX 1070,1,1,0.024444,0.024444,0.024444,0.024444,0.024444,0.024444,0.993414
2026-08-07T05:22:16+00:00,bid,GTX 1070 Ti,1,1,0.042222,0.042222,0.042222,0.042222,0.042222,0.042222,0.996942
2026-08-07T05:22:16+00:00,bid,GTX 1080,4,15,0.014815,0.033981,0.04037,0.040556,0.041111,0.04037,0.993246
2026-08-07T05:22:16+00:00,bid,GTX 1080 Ti,8,24,0.026222,0.040972,0.041667,0.05371,0.054074,0.042222,0.997526
2026-08-07T05:22:16+00:00,bid,GTX 1650 S,1,1,0.04,0.04,0.04,0.04,0.04,,0.991803
2026-08-07T05:22:16+00:00,bid,GTX 1660,1,1,0.037778,0.037778,0.037778,0.037778,0.037778,0.037778,0.996492
2026-08-07T05:22:16+00:00,bid,GTX 1660 S,1,1,0.031111,0.031111,0.031111,0.031111,0.031111,,0.971337
2026-08-07T05:22:16+00:00,bid,GTX 1660 Ti,3,4,0.037778,0.040963,0.044148,0.049852,0.055556,0.044148,0.991538
2026-08-07T05:22:16+00:00,bid,H100 NVL,6,10,0.934444,0.935556,1.135556,1.535,2.000778,1.601481,0.930945
2026-08-07T05:22:16+00:00,bid,H100 PCIE,6,18,0.347778,1.600347,1.600833,1.601944,1.602222,1.600833,0.991688
2026-08-07T05:22:16+00:00,bid,H100 SXM,17,44,0.405926,0.434444,2.068,2.161111,4.002222,2.070667,0.99503
2026-08-07T05:22:16+00:00,bid,H200,12,48,1.934759,1.93517,3.485855,3.848273,4.474232,3.585581,0.997791
2026-08-07T05:22:16+00:00,bid,H200 NVL,18,41,0.535556,1.004167,1.2685,2.036,3.200741,1.006667,0.99177
2026-08-07T05:22:16+00:00,bid,L4,4,5,0.081481,0.122037,0.168519,0.231389,0.321111,0.201481,0.997579
2026-08-07T05:22:16+00:00,bid,L40S,16,61,0.200185,0.333519,0.334074,0.559444,0.774815,0.773704,0.994193
2026-08-07T05:22:16+00:00,bid,Q RTX 8000,2,2,0.027704,0.027806,0.027907,0.028009,0.028111,0.027907,0.999005
2026-08-07T05:22:16+00:00,bid,Quadro P4000,1,1,0.03437,0.03437,0.03437,0.03437,0.03437,,0.997764
2026-08-07T05:22:16+00:00,bid,RTX 2060,3,5,0.027259,0.029185,0.031111,0.036111,0.041111,0.036111,0.990816
2026-08-07T05:22:16+00:00,bid,RTX 2060S,3,7,0.046978,0.047133,0.047289,0.085496,0.123704,0.047289,0.995039
2026-08-07T05:22:16+00:00,bid,RTX 2070,2,11,0.041111,0.044208,0.047305,0.050401,0.053498,0.041111,0.992877
2026-08-07T05:22:16+00:00,bid,RTX 2070S,7,30,0.015556,0.053508,0.053704,0.053889,0.054074,,0.987705
2026-08-07T05:22:16+00:00,bid,RTX 2080 Ti,6,14,0.037778,0.058403,0.067361,0.098056,0.121481,0.067778,0.996959
2026-08-07T05:22:16+00:00,bid,RTX 2080S,1,1,0.037778,0.037778,0.037778,0.037778,0.037778,0.037778,0.973682
2026-08-07T05:22:16+00:00,bid,RTX 3050,1,1,1.068889,1.068889,1.068889,1.068889,1.068889,,0.976403
2026-08-07T05:22:16+00:00,bid,RTX 3060,11,39,0.037778,0.0455,0.053889,0.081963,0.13437,0.091148,0.990984
2026-08-07T05:22:16+00:00,bid,RTX 3060 Ti,1,1,0.988889,0.988889,0.988889,0.988889,0.988889,0.988889,0.998788
2026-08-07T05:22:16+00:00,bid,RTX 3060 laptop,5,15,0.013352,0.013481,0.038444,0.064988,0.066963,0.065975,0.996564
2026-08-07T05:22:16+00:00,bid,RTX 3070,7,21,0.038815,0.040417,0.068519,0.08213,0.135556,0.069444,0.997593
2026-08-07T05:22:16+00:00,bid,RTX 3080,14,36,0.041481,0.045426,0.061111,0.108704,0.240415,0.045481,0.990936
2026-08-07T05:22:16+00:00,bid,RTX 3080 Ti,6,10,0.075556,0.093611,0.108333,0.142639,0.155556,0.131389,0.995934
2026-08-07T05:22:16+00:00,bid,RTX 3090,46,96,0.014815,0.080833,0.108889,0.17088,0.298222,0.133889,0.990858
2026-08-07T05:22:16+00:00,bid,RTX 4060,1,1,0.083704,0.083704,0.083704,0.083704,0.083704,0.083704,0.998553
2026-08-07T05:22:16+00:00,bid,RTX 4060 Ti,8,20,0.042222,0.075639,0.076333,0.080315,0.100519,0.090444,0.9851
2026-08-07T05:22:16+00:00,bid,RTX 4070,10,21,0.054444,0.067361,0.072056,0.075778,0.162222,0.075778,0.997462
2026-08-07T05:22:16+00:00,bid,RTX 4070 Ti,7,12,0.047111,0.068519,0.095556,0.174722,0.241111,0.095185,0.992057
2026-08-07T05:22:16+00:00,bid,RTX 4070S,1,1,0.242222,0.242222,0.242222,0.242222,0.242222,,0.969868
2026-08-07T05:22:16+00:00,bid,RTX 4070S Ti,11,30,0.102963,0.110556,0.200278,0.201111,1.211111,0.200278,0.998027
2026-08-07T05:22:16+00:00,bid,RTX 4080,13,27,0.133593,0.133852,0.135185,0.167185,0.255556,0.150519,0.996887
2026-08-07T05:22:16+00:00,bid,RTX 4080S,7,15,0.104444,0.14037,0.147407,0.174481,0.240519,0.147407,0.989809
2026-08-07T05:22:16+00:00,bid,RTX 4090,67,203,0.122222,0.196222,0.335185,0.402778,1.200556,0.40137,0.995264
2026-08-07T05:22:16+00:00,bid,RTX 4090D,11,30,0.053704,0.05413,0.054815,0.329685,0.606222,,0.970859
2026-08-07T05:22:16+00:00,bid,RTX 4500Ada,1,1,0.468889,0.468889,0.468889,0.468889,0.468889,,0.926809
2026-08-07T05:22:16+00:00,bid,RTX 5060,2,2,0.040296,0.054111,0.067926,0.081741,0.095556,,0.994765
2026-08-07T05:22:16+00:00,bid,RTX 5060 Ti,21,49,0.037185,0.068519,0.10237,0.147222,0.218222,0.122407,0.995238
2026-08-07T05:22:16+00:00,bid,RTX 5070,9,13,0.043704,0.058444,0.083704,0.107556,0.200444,0.097389,0.996405
2026-08-07T05:22:16+00:00,bid,RTX 5070 Ti,14,24,0.082222,0.098472,0.107778,0.108889,0.268,0.107778,0.994477
2026-08-07T05:22:16+00:00,bid,RTX 5080,20,41,0.015556,0.131181,0.147778,0.167324,0.442222,0.148889,0.986008
2026-08-07T05:22:16+00:00,bid,RTX 5090,74,198,0.103222,0.201481,0.356759,0.429722,2.666944,0.336667,0.994309
2026-08-07T05:22:16+00:00,bid,RTX 5880Ada,7,13,0.267185,0.267704,0.268741,0.296111,0.297037,0.268741,0.997941
2026-08-07T05:22:16+00:00,bid,RTX 6000Ada,14,37,0.137778,0.400556,0.467778,0.468889,0.775556,0.467778,0.998924
2026-08-07T05:22:16+00:00,bid,RTX A2000,3,3,0.03037,0.215259,0.400148,0.414148,0.428148,0.229259,0.994388
2026-08-07T05:22:16+00:00,bid,RTX A4000,9,51,0.058222,0.093889,0.106852,0.10716,0.133611,,0.97131
2026-08-07T05:22:16+00:00,bid,RTX A4500,2,2,0.081185,0.081185,0.081185,0.081185,0.081185,,0.959176
2026-08-07T05:22:16+00:00,bid,RTX A5000,12,33,0.032556,0.178704,0.227196,0.25683,0.334815,0.220332,0.997711
2026-08-07T05:22:16+00:00,bid,RTX A6000,6,19,0.308889,0.33371,0.333981,0.334352,0.334444,,0.992933
2026-08-07T05:22:16+00:00,bid,RTX PRO 4000,12,27,0.068889,0.198704,0.240617,0.241481,0.370815,0.240617,0.996866
2026-08-07T05:22:16+00:00,bid,RTX PRO 4500,2,2,0.188889,0.19537,0.201852,0.208333,0.214815,0.188889,0.882289
2026-08-07T05:22:16+00:00,bid,RTX PRO 5000,19,31,0.135926,0.203111,0.400741,0.451852,0.537037,0.400741,0.997357
2026-08-07T05:22:16+00:00,bid,RTX PRO 6000 S,20,44,0.352667,0.501472,1.034074,1.06963,2.935556,1.067778,0.997577
2026-08-07T05:22:16+00:00,bid,RTX PRO 6000 WS,18,34,0.375111,0.800296,0.869259,1.118889,1.337037,0.86963,0.993368
2026-08-07T05:22:16+00:00,bid,Tesla P100,4,5,0.041481,0.111204,0.135,0.135556,0.135556,0.135556,0.992828
2026-08-07T05:22:16+00:00,bid,Tesla T4,3,4,3.400741,3.401111,3.401481,3.401481,3.401481,,0.972409
2026-08-07T05:22:16+00:00,bid,Tesla V100,11,19,0.027222,0.058889,0.095778,0.146889,0.162222,0.162222,0.994749
2026-08-07T05:22:16+00:00,bid,Titan RTX,6,14,0.107222,0.108056,0.118704,0.129546,0.135556,0.108889,0.996358
2026-08-07T05:22:16+00:00,bid,Titan Xp,4,9,0.040556,0.040972,0.041111,0.041389,0.042222,0.041111,0.996266
2026-08-07T05:27:14+00:00,on-demand,A100 PCIE,15,45,0.266944,0.488426,1.001111,1.054028,2.002963,0.868148,0.983971
2026-08-07T05:27:14+00:00,on-demand,A100 SXM4,22,59,0.468889,0.800926,0.933889,1.068736,1.475556,1.00088,0.993654
2026-08-07T05:27:14+00:00,on-demand,A800 PCIE,4,8,0.468148,0.617454,0.6675,0.668056,0.668889,,0.994711
2026-08-07T05:27:14+00:00,on-demand,B200,10,36,5.000521,5.142513,5.596441,5.883464,6.242014,5.596441,0.99773
2026-08-07T05:27:14+00:00,on-demand,B300,9,41,8.125521,8.75026,8.751389,10.001389,10.005556,8.438368,0.965519
2026-08-07T05:27:14+00:00,on-demand,CMP 170HX,7,24,0.236833,0.2385,0.242667,0.334074,0.935556,0.935556,0.947744
2026-08-07T05:27:14+00:00,on-demand,GTX 1050 Ti,1,1,0.611111,0.611111,0.611111,0.611111,0.611111,,0.988452
2026-08-07T05:27:14+00:00,on-demand,GTX 1060,2,2,0.088889,0.152778,0.216667,0.280556,0.344444,0.088889,0.996873
2026-08-07T05:27:14+00:00,on-demand,GTX 1070,1,1,0.531111,0.531111,0.531111,0.531111,0.531111,0.531111,0.993414
2026-08-07T05:27:14+00:00,on-demand,GTX 1080,6,16,0.027778,0.04987,0.050796,0.051639,0.052889,0.0515,0.989873
2026-08-07T05:27:14+00:00,on-demand,GTX 1080 Ti,5,15,0.042222,0.060556,0.066222,0.067778,0.073651,0.067,0.997403
2026-08-07T05:27:14+00:00,on-demand,GTX 1650 S,1,1,0.677778,0.677778,0.677778,0.677778,0.677778,,0.991803
2026-08-07T05:27:14+00:00,on-demand,GTX 1660 S,2,5,0.033889,0.138194,0.2425,0.346806,0.451111,,0.963978
2026-08-07T05:27:14+00:00,on-demand,GTX 1660 Ti,2,3,0.068889,0.204444,0.34,0.475556,0.611111,0.34,0.99451
2026-08-07T05:27:14+00:00,on-demand,GTX TITAN X,1,1,0.028889,0.028889,0.028889,0.028889,0.028889,,0.986095
2026-08-07T05:27:14+00:00,on-demand,H100 NVL,4,8,2.402222,2.601111,2.801481,2.968528,3.067444,3.0015,0.967552
2026-08-07T05:27:14+00:00,on-demand,H100 PCIE,4,15,1.867778,2.067153,2.13375,2.134306,2.135556,2.13375,0.991688
2026-08-07T05:27:14+00:00,on-demand,H100 SXM,13,40,1.601111,1.735556,2.542776,3.068,4.774444,3.001222,0.99503
2026-08-07T05:27:14+00:00,on-demand,H200,11,44,3.816155,4.113213,4.145833,4.342516,4.963701,4.178728,0.99784
2026-08-07T05:27:14+00:00,on-demand,H200 NVL,11,29,2.800278,2.885,3.161778,3.467315,8.005778,5.444778,0.997425
2026-08-07T05:27:14+00:00,on-demand,L4,3,4,0.255556,0.295,0.334444,0.335,0.335556,0.335,0.997
2026-08-07T05:27:14+00:00,on-demand,L40,1,1,0.577778,0.577778,0.577778,0.577778,0.577778,0.577778,0.988505
2026-08-07T05:27:14+00:00,on-demand,L40S,13,42,0.401111,0.467037,0.80037,1.068519,1.335556,0.935,0.99731
2026-08-07T05:27:14+00:00,on-demand,Q RTX 6000,3,7,0.133704,0.133889,0.134074,0.134444,0.134815,0.134074,0.999271
2026-08-07T05:27:14+00:00,on-demand,Q RTX 8000,3,4,0.241037,0.247556,0.254074,0.254444,0.254815,0.254074,0.998324
2026-08-07T05:27:14+00:00,on-demand,Quadro P4000,2,3,0.040741,0.040926,0.041111,0.041296,0.041481,,0.96441
2026-08-07T05:27:14+00:00,on-demand,RTX 2060,2,3,0.052593,0.142222,0.231852,0.321481,0.411111,0.411111,0.986662
2026-08-07T05:27:14+00:00,on-demand,RTX 2060S,2,5,0.042222,0.048411,0.0546,0.060789,0.066978,0.066978,0.979457
2026-08-07T05:27:14+00:00,on-demand,RTX 2070,2,11,0.054444,0.057541,0.060638,0.063735,0.066831,0.054444,0.992877
2026-08-07T05:27:14+00:00,on-demand,RTX 2070S,4,23,0.066831,0.066847,0.066944,0.06713,0.067407,,0.987705
2026-08-07T05:27:14+00:00,on-demand,RTX 2080 Ti,6,15,0.055185,0.069611,0.072333,0.073431,0.136148,0.07325,0.997604
2026-08-07T05:27:14+00:00,on-demand,RTX 2080S,1,1,0.744444,0.744444,0.744444,0.744444,0.744444,0.744444,0.973682
2026-08-07T05:27:14+00:00,on-demand,RTX 3050,1,1,1.322222,1.322222,1.322222,1.322222,1.322222,,0.976403
2026-08-07T05:27:14+00:00,on-demand,RTX 3060,10,31,0.022222,0.051491,0.058519,0.067639,1.334815,0.053519,0.991817
2026-08-07T05:27:14+00:00,on-demand,RTX 3060 Ti,2,2,0.055556,0.322222,0.588889,0.855556,1.122222,1.122222,0.998124
2026-08-07T05:27:14+00:00,on-demand,RTX 3060 laptop,5,14,0.026685,0.026815,0.041111,0.042222,0.064148,0.064148,0.989788
2026-08-07T05:27:14+00:00,on-demand,RTX 3070,9,30,0.041111,0.074444,0.080278,0.134074,0.161852,0.107176,0.992768
2026-08-07T05:27:14+00:00,on-demand,RTX 3080,15,56,0.060222,0.065046,0.107556,0.137685,0.268889,0.127056,0.993033
2026-08-07T05:27:14+00:00,on-demand,RTX 3080 Ti,3,3,0.082222,0.105556,0.128889,0.132963,0.137037,0.137037,0.997301
2026-08-07T05:27:14+00:00,on-demand,RTX 3090,27,53,0.077556,0.134444,0.148889,0.233015,2.001111,0.188704,0.990009
2026-08-07T05:27:14+00:00,on-demand,RTX 4060,3,13,0.053481,0.053556,0.05363,1.365704,2.677778,,0.983959
2026-08-07T05:27:14+00:00,on-demand,RTX 4060 Ti,7,16,0.067556,0.081667,0.10037,0.123463,0.141111,0.123463,0.997949
2026-08-07T05:27:14+00:00,on-demand,RTX 4070,6,12,0.080556,0.081944,0.096111,0.155778,0.172889,0.139778,0.996149
2026-08-07T05:27:14+00:00,on-demand,RTX 4070 Ti,7,13,0.088519,0.112407,0.154222,0.222056,0.282444,0.09037,0.983039
2026-08-07T05:27:14+00:00,on-demand,RTX 4070S,1,1,0.08963,0.08963,0.08963,0.08963,0.08963,0.08963,0.984161
2026-08-07T05:27:14+00:00,on-demand,RTX 4070S Ti,9,25,0.068889,0.121111,0.201111,0.247222,1.331111,0.246944,0.997307
2026-08-07T05:27:14+00:00,on-demand,RTX 4080,12,34,0.120926,0.165083,0.188056,0.254898,0.295556,0.221019,0.99037
2026-08-07T05:27:14+00:00,on-demand,RTX 4080S,11,31,0.08037,0.149244,0.151111,0.181389,0.202222,0.161389,0.98982
2026-08-07T05:27:14+00:00,on-demand,RTX 4090,47,175,0.244444,0.347407,0.401111,0.538889,1.280556,0.540741,0.994934
2026-08-07T05:27:14+00:00,on-demand,RTX 4090D,9,25,0.160185,0.160741,0.330074,0.667222,0.668889,,0.970859
2026-08-07T05:27:14+00:00,on-demand,RTX 4500Ada,1,1,1.268889,1.268889,1.268889,1.268889,1.268889,,0.926809
2026-08-07T05:27:14+00:00,on-demand,RTX 5000Ada,2,2,0.335556,0.365556,0.395556,0.425556,0.455556,0.395556,0.99291
2026-08-07T05:27:14+00:00,on-demand,RTX 5060,1,1,0.135556,0.135556,0.135556,0.135556,0.135556,,0.964428
2026-08-07T05:27:14+00:00,on-demand,RTX 5060 Ti,17,51,0.066944,0.095556,0.120278,0.176556,0.227407,0.156657,0.99384
2026-08-07T05:27:14+00:00,on-demand,RTX 5060 laptop,1,1,0.135556,0.135556,0.135556,0.135556,0.135556,,0.97099
2026-08-07T05:27:14+00:00,on-demand,RTX 5070,6,8,0.104444,0.108519,0.116481,0.131667,0.267111,0.128889,0.987887
2026-08-07T05:27:14+00:00,on-demand,RTX 5070 Ti,12,23,0.108889,0.130907,0.136296,0.191806,0.401333,0.137037,0.996799
2026-08-07T05:27:14+00:00,on-demand,RTX 5080,18,61,0.14787,0.177639,0.23463,0.383634,1.775556,0.241111,0.975315
2026-08-07T05:27:14+00:00,on-demand,RTX 5090,45,139,0.212889,0.414222,0.533889,0.807593,5.986944,0.695185,0.994104
2026-08-07T05:27:14+00:00,on-demand,RTX 5880Ada,3,7,0.413852,0.507852,0.601852,0.602778,0.603704,0.601852,0.995213
2026-08-07T05:27:14+00:00,on-demand,RTX 6000Ada,6,24,0.600278,0.664583,0.680833,0.690486,0.708889,0.680556,0.995259
2026-08-07T05:27:14+00:00,on-demand,RTX A2000,3,4,0.034074,0.035111,0.036148,0.264815,0.493481,,0.995214
2026-08-07T05:27:14+00:00,on-demand,RTX A4000,7,42,0.067407,0.127012,0.133519,0.133765,0.149556,,0.97131
2026-08-07T05:27:14+00:00,on-demand,RTX A4500,2,2,0.121185,0.409593,0.698,0.986407,1.274815,,0.978641
2026-08-07T05:27:14+00:00,on-demand,RTX A5000,6,19,0.230984,0.231269,0.231593,30.0585,40.001481,0.231315,0.998035
2026-08-07T05:27:14+00:00,on-demand,RTX A6000,8,27,0.300889,0.400496,0.400926,0.601736,1.335556,,0.992933
2026-08-07T05:27:14+00:00,on-demand,RTX PRO 4000,9,13,0.202222,0.254444,0.267704,0.303704,0.534815,0.267704,0.986635
2026-08-07T05:27:14+00:00,on-demand,RTX PRO 4500,2,2,0.294815,0.305,0.315185,0.32537,0.335556,0.335556,0.882289
2026-08-07T05:27:14+00:00,on-demand,RTX PRO 5000,6,11,0.601111,0.652222,0.87263,0.943315,0.944148,0.943037,0.990224
2026-08-07T05:27:14+00:00,on-demand,RTX PRO 6000 S,15,56,0.866685,1.101111,1.600278,1.733889,3.068889,1.600556,0.996852
2026-08-07T05:27:14+00:00,on-demand,RTX PRO 6000 WS,14,28,0.660741,0.981389,1.361393,1.56125,13.335556,1.429837,0.994148
2026-08-07T05:27:14+00:00,on-demand,Tesla P100,4,6,0.054815,0.074815,0.141296,0.201389,0.202222,0.201111,0.992828
2026-08-07T05:27:14+00:00,on-demand,Tesla P40,3,3,0.033334,0.064074,0.094815,0.148519,0.202222,0.094815,0.987234
2026-08-07T05:27:14+00:00,on-demand,Tesla T4,2,3,12.000741,12.000926,12.001111,12.001296,12.001481,,0.972409
2026-08-07T05:27:14+00:00,on-demand,Tesla V100,12,24,0.027222,0.037639,0.060815,0.167361,0.335556,0.242519,0.993419
2026-08-07T05:27:14+00:00,on-demand,Titan RTX,5,10,0.135185,0.137037,0.161111,0.162222,0.200556,0.161667,0.99434
2026-08-07T05:27:14+00:00,on-demand,Titan Xp,2,5,0.060556,0.060972,0.061389,0.061806,0.062222,0.061389,0.994972
2026-08-07T05:27:14+00:00,bid,A100 PCIE,27,47,0.133889,0.135,0.135556,0.587361,0.588889,0.135556,0.992532
2026-08-07T05:27:14+00:00,bid,A100 SXM4,38,80,0.130316,0.401481,0.601944,0.811778,0.986944,0.600648,0.991992
2026-08-07T05:27:14+00:00,bid,A800 PCIE,7,12,0.129889,0.130444,0.131556,0.131556,0.131556,,0.994711
2026-08-07T05:27:14+00:00,bid,B200,19,108,4.375174,5.000347,5.001302,5.001345,7.377083,5.001302,0.991032
2026-08-07T05:27:14+00:00,bid,B300,8,30,3.75026,5.001215,5.004167,5.160547,5.626042,5.625781,0.965519
2026-08-07T05:27:14+00:00,bid,CMP 170HX,9,30,0.234167,0.24,0.253889,0.254444,0.668889,0.668889,0.963757
2026-08-07T05:27:14+00:00,bid,GTX 1050 Ti,1,1,0.024444,0.024444,0.024444,0.024444,0.024444,,0.988452
2026-08-07T05:27:14+00:00,bid,GTX 1060,1,1,0.031111,0.031111,0.031111,0.031111,0.031111,,0.994426
2026-08-07T05:27:14+00:00,bid,GTX 1070,1,1,0.024444,0.024444,0.024444,0.024444,0.024444,0.024444,0.993414
2026-08-07T05:27:14+00:00,bid,GTX 1070 Ti,1,2,0.041111,0.041111,0.041111,0.041111,0.041111,0.041111,0.994016
2026-08-07T05:27:14+00:00,bid,GTX 1080,5,18,0.037037,0.04037,0.04037,0.040556,0.042222,0.040463,0.985543
2026-08-07T05:27:14+00:00,bid,GTX 1080 Ti,7,22,0.026222,0.040556,0.041111,0.053862,0.055556,0.047381,0.997403
2026-08-07T05:27:14+00:00,bid,GTX 1650 S,1,1,0.04,0.04,0.04,0.04,0.04,,0.991803
2026-08-07T05:27:14+00:00,bid,GTX 1660,1,1,0.037778,0.037778,0.037778,0.037778,0.037778,0.037778,0.996492
2026-08-07T05:27:14+00:00,bid,GTX 1660 S,1,1,0.031111,0.031111,0.031111,0.031111,0.031111,,0.971337
2026-08-07T05:27:14+00:00,bid,GTX 1660 Ti,3,4,0.037778,0.046667,0.055556,0.056667,0.057778,0.055556,0.997483
2026-08-07T05:27:14+00:00,bid,H100 NVL,5,9,0.934444,0.935556,0.935556,1.601481,2.000778,1.80113,0.921347
2026-08-07T05:27:14+00:00,bid,H100 PCIE,5,16,0.347222,1.468111,1.469222,1.600278,1.602222,1.469222,0.991688
2026-08-07T05:27:14+00:00,bid,H100 SXM,17,43,0.434444,0.505926,2.072,2.164444,4.002222,2.303222,0.994922
2026-08-07T05:27:14+00:00,bid,H200,12,48,1.934759,1.93517,3.485855,3.848273,4.474232,3.585581,0.99777
2026-08-07T05:27:14+00:00,bid,H200 NVL,19,37,0.535556,1.005,1.336222,1.339555,3.200741,1.337667,0.992198
2026-08-07T05:27:14+00:00,bid,L4,7,9,0.081481,0.135,0.135556,0.208519,0.321111,0.135556,0.997
2026-08-07T05:27:14+00:00,bid,L40,1,1,0.471111,0.471111,0.471111,0.471111,0.471111,0.471111,0.988505
2026-08-07T05:27:14+00:00,bid,L40S,23,63,0.214815,0.333704,0.537037,0.540741,0.774815,0.540741,0.99731
2026-08-07T05:27:14+00:00,bid,Q RTX 6000,1,1,0.108889,0.108889,0.108889,0.108889,0.108889,0.108889,0.9494
2026-08-07T05:27:14+00:00,bid,Q RTX 8000,2,2,0.027704,0.027722,0.027741,0.027759,0.027778,0.027741,0.999005
2026-08-07T05:27:14+00:00,bid,Quadro P4000,1,1,0.03437,0.03437,0.03437,0.03437,0.03437,,0.997764
2026-08-07T05:27:14+00:00,bid,RTX 2060,4,6,0.027259,0.030148,0.036111,0.114722,0.335556,0.041111,0.99289
2026-08-07T05:27:14+00:00,bid,RTX 2060S,4,9,0.046978,0.047211,0.047289,0.066393,0.123704,0.047289,0.995039
2026-08-07T05:27:14+00:00,bid,RTX 2070,2,11,0.041111,0.044208,0.047305,0.050401,0.053498,0.041111,0.992877
2026-08-07T05:27:14+00:00,bid,RTX 2070S,5,27,0.053498,0.053519,0.053704,0.053704,0.054074,,0.987705
2026-08-07T05:27:14+00:00,bid,RTX 2080 Ti,6,15,0.037778,0.053125,0.067361,0.0695,0.108148,0.068926,0.997432
2026-08-07T05:27:14+00:00,bid,RTX 2080S,1,1,0.037778,0.037778,0.037778,0.037778,0.037778,0.037778,0.973682
2026-08-07T05:27:14+00:00,bid,RTX 3050,1,1,1.068889,1.068889,1.068889,1.068889,1.068889,,0.976403
2026-08-07T05:27:14+00:00,bid,RTX 3060,12,40,0.037778,0.044667,0.051037,0.102815,0.13437,0.121185,0.990984
2026-08-07T05:27:14+00:00,bid,RTX 3060 Ti,4,4,0.057037,0.067037,0.37037,0.75,0.988889,0.37037,0.992165
2026-08-07T05:27:14+00:00,bid,RTX 3060 laptop,4,13,0.013352,0.013449,0.025963,0.044204,0.061481,,0.993143
2026-08-07T05:27:14+00:00,bid,RTX 3070,10,26,0.040278,0.062278,0.068704,0.076426,0.135556,0.068889,0.997143
2026-08-07T05:27:14+00:00,bid,RTX 3080,11,29,0.045407,0.057481,0.066944,0.115185,0.240332,0.121481,0.991652
2026-08-07T05:27:14+00:00,bid,RTX 3080 Ti,7,12,0.055556,0.092222,0.107407,0.131389,0.155556,0.108889,0.994193
2026-08-07T05:27:14+00:00,bid,RTX 3090,59,124,0.014815,0.07213,0.107778,0.135556,0.298222,0.130398,0.992662
2026-08-07T05:27:14+00:00,bid,RTX 4060,1,1,0.083704,0.083704,0.083704,0.083704,0.083704,0.083704,0.998553
2026-08-07T05:27:14+00:00,bid,RTX 4060 Ti,7,14,0.042222,0.075778,0.076889,0.087407,0.101111,0.094444,0.9851
2026-08-07T05:27:14+00:00,bid,RTX 4070,10,22,0.040741,0.054722,0.0675,0.075639,0.162222,0.075222,0.998237
2026-08-07T05:27:14+00:00,bid,RTX 4070 Ti,7,12,0.047111,0.068519,0.108889,0.174722,0.241111,0.108889,0.992057
2026-08-07T05:27:14+00:00,bid,RTX 4070S,2,2,0.076296,0.117778,0.159259,0.200741,0.242222,0.076296,0.977014
2026-08-07T05:27:14+00:00,bid,RTX 4070S Ti,13,37,0.094444,0.107111,0.200278,0.201111,1.211111,0.200278,0.998027
2026-08-07T05:27:14+00:00,bid,RTX 4080,23,53,0.068148,0.134722,0.146852,0.157296,0.255556,0.147407,0.994799
2026-08-07T05:27:14+00:00,bid,RTX 4080S,11,21,0.102963,0.14037,0.161778,0.188296,0.240519,0.187444,0.989809
2026-08-07T05:27:14+00:00,bid,RTX 4090,81,232,0.091099,0.189481,0.295556,0.403704,1.200556,0.388889,0.995732
2026-08-07T05:27:14+00:00,bid,RTX 4090D,14,35,0.053519,0.054074,0.054444,0.46712,0.606222,,0.970859
2026-08-07T05:27:14+00:00,bid,RTX 4500Ada,1,1,0.468889,0.468889,0.468889,0.468889,0.468889,,0.926809
2026-08-07T05:27:14+00:00,bid,RTX 5000Ada,1,1,0.268889,0.268889,0.268889,0.268889,0.268889,0.268889,0.995474
2026-08-07T05:27:14+00:00,bid,RTX 5060,2,2,0.040296,0.054111,0.067926,0.081741,0.095556,,0.994765
2026-08-07T05:27:14+00:00,bid,RTX 5060 Ti,24,68,0.050074,0.068287,0.088,0.147014,0.157889,0.107383,0.996656
2026-08-07T05:27:14+00:00,bid,RTX 5070,9,13,0.043704,0.068148,0.083704,0.094815,0.200444,0.087222,0.996405
2026-08-07T05:27:14+00:00,bid,RTX 5070 Ti,16,27,0.005741,0.095278,0.107778,0.108889,0.268,0.107778,0.994477
2026-08-07T05:27:14+00:00,bid,RTX 5080,18,41,0.015556,0.121111,0.142778,0.174046,0.442222,0.121111,0.983267
2026-08-07T05:27:14+00:00,bid,RTX 5090,83,197,0.103222,0.267083,0.335556,0.408333,2.666944,0.357037,0.992255
2026-08-07T05:27:14+00:00,bid,RTX 5880Ada,6,11,0.267185,0.267963,0.281963,0.296574,0.297037,0.281963,0.996577
2026-08-07T05:27:14+00:00,bid,RTX 6000Ada,18,40,0.137778,0.267722,0.401667,0.468741,0.680889,0.401667,0.996827
2026-08-07T05:27:14+00:00,bid,RTX A2000,2,2,0.043704,0.132815,0.221926,0.311037,0.400148,0.043704,0.996227
2026-08-07T05:27:14+00:00,bid,RTX A4000,10,60,0.078074,0.097117,0.106944,0.10713,0.133611,,0.97131
2026-08-07T05:27:14+00:00,bid,RTX A4500,1,1,0.081185,0.081185,0.081185,0.081185,0.081185,,0.959174
2026-08-07T05:27:14+00:00,bid,RTX A5000,11,27,0.033111,0.155926,0.22083,0.280741,0.334815,0.210907,0.99815
2026-08-07T05:27:14+00:00,bid,RTX A6000,6,15,0.242222,0.311079,0.333862,0.334352,0.335556,,0.992933
2026-08-07T05:27:14+00:00,bid,RTX PRO 4000,12,23,0.108889,0.213333,0.228444,0.27363,0.370815,0.222889,0.993534
2026-08-07T05:27:14+00:00,bid,RTX PRO 4500,3,3,0.188889,0.201852,0.214815,0.242593,0.27037,0.22963,0.996811
2026-08-07T05:27:14+00:00,bid,RTX PRO 5000,21,30,0.135926,0.204444,0.400741,0.401481,0.537037,0.400741,0.997357
2026-08-07T05:27:14+00:00,bid,RTX PRO 6000 S,23,62,0.352667,0.534222,1.001111,1.068148,2.935556,1.03463,0.997128
2026-08-07T05:27:14+00:00,bid,RTX PRO 6000 WS,22,37,0.468148,0.66713,0.722,0.852037,1.320926,0.667407,0.994897
2026-08-07T05:27:14+00:00,bid,Tesla P100,3,4,0.041481,0.087963,0.134444,0.135,0.135556,0.135,0.992828
2026-08-07T05:27:14+00:00,bid,Tesla P40,1,1,0.057481,0.057481,0.057481,0.057481,0.057481,0.057481,0.987234
2026-08-07T05:27:14+00:00,bid,Tesla T4,3,4,3.400741,3.401111,3.401481,3.401481,3.401481,,0.972409
2026-08-07T05:27:14+00:00,bid,Tesla V100,15,29,0.027222,0.088889,0.095778,0.146056,0.170222,0.146056,0.994749
2026-08-07T05:27:14+00:00,bid,Titan RTX,6,14,0.107222,0.108056,0.108889,0.123611,0.129889,0.108889,0.996358
2026-08-07T05:27:14+00:00,bid,Titan Xp,4,9,0.040556,0.040972,0.041111,0.041389,0.042222,0.041111,0.994972
2026-08-07T05:32:15+00:00,on-demand,A100 PCIE,17,48,0.266944,0.707963,0.907556,1.053611,2.002963,0.867407,0.995671
2026-08-07T05:32:15+00:00,on-demand,A100 SXM4,21,57,0.468889,0.800741,0.933704,1.002667,1.475556,0.934815,0.991992
2026-08-07T05:32:15+00:00,on-demand,A800 PCIE,2,5,0.667222,0.667639,0.668056,0.668472,0.668889,,0.994711
2026-08-07T05:32:15+00:00,on-demand,B200,10,36,5.001042,5.517253,5.750434,5.884115,6.242014,5.750434,0.996651
2026-08-07T05:32:15+00:00,on-demand,B300,9,41,8.125521,8.75026,8.751389,10.001389,10.005556,8.438368,0.965519
2026-08-07T05:32:15+00:00,on-demand,CMP 170HX,7,24,0.236833,0.2385,0.242667,0.334074,0.935556,0.935556,0.947744
2026-08-07T05:32:15+00:00,on-demand,GTX 1050 Ti,1,1,0.611111,0.611111,0.611111,0.611111,0.611111,,0.988452
2026-08-07T05:32:15+00:00,on-demand,GTX 1070,1,1,0.531111,0.531111,0.531111,0.531111,0.531111,0.531111,0.993414
2026-08-07T05:32:15+00:00,on-demand,GTX 1070 Ti,1,2,0.049111,0.049111,0.049111,0.049111,0.049111,0.049111,0.994016
2026-08-07T05:32:15+00:00,on-demand,GTX 1080,5,14,0.027778,0.050222,0.05037,0.051037,0.051222,0.051037,0.996234
2026-08-07T05:32:15+00:00,on-demand,GTX 1080 Ti,7,20,0.042222,0.062833,0.066222,0.073862,0.074444,0.069937,0.997649
2026-08-07T05:32:15+00:00,on-demand,GTX 1650 S,1,1,0.677778,0.677778,0.677778,0.677778,0.677778,,0.991803
2026-08-07T05:32:15+00:00,on-demand,GTX 1660 S,2,7,0.033704,0.138056,0.242407,0.346759,0.451111,,0.963978
2026-08-07T05:32:15+00:00,on-demand,GTX 1660 Ti,1,1,0.611111,0.611111,0.611111,0.611111,0.611111,0.611111,0.991538
2026-08-07T05:32:15+00:00,on-demand,GTX TITAN X,1,1,0.028889,0.028889,0.028889,0.028889,0.028889,,0.987975
2026-08-07T05:32:15+00:00,on-demand,H100 NVL,6,10,2.001481,2.667593,2.735185,3.001139,3.073185,2.934833,0.998639
2026-08-07T05:32:15+00:00,on-demand,H100 PCIE,3,14,2.133611,2.13375,2.133889,2.134167,2.134444,2.133889,0.991688
2026-08-07T05:32:15+00:00,on-demand,H100 SXM,13,40,1.601111,1.735556,2.299446,3.068,4.774444,3.001222,0.995606
2026-08-07T05:32:15+00:00,on-demand,H200,12,46,3.935673,4.080866,4.145559,4.211212,4.963701,4.145285,0.997827
2026-08-07T05:32:15+00:00,on-demand,H200 NVL,11,28,2.401481,2.941167,3.175556,3.534815,5.032444,5.029556,0.99177
2026-08-07T05:32:15+00:00,on-demand,L4,5,7,0.03363,0.255556,0.334444,0.334444,0.334815,0.334444,0.997
2026-08-07T05:32:15+00:00,on-demand,L40,1,1,0.577778,0.577778,0.577778,0.577778,0.577778,0.577778,0.988505
2026-08-07T05:32:15+00:00,on-demand,L40S,13,42,0.401111,0.467037,0.80037,1.068519,1.335556,0.935,0.994193
2026-08-07T05:32:15+00:00,on-demand,Q RTX 6000,3,7,0.133704,0.133889,0.134074,0.134444,0.134815,0.134074,0.999271
2026-08-07T05:32:15+00:00,on-demand,Q RTX 8000,3,4,0.241111,0.247593,0.254074,0.254444,0.254815,0.254074,0.998324
2026-08-07T05:32:15+00:00,on-demand,Quadro P4000,2,3,0.040741,0.040926,0.041111,0.041296,0.041481,,0.96441
2026-08-07T05:32:15+00:00,on-demand,RTX 2060,2,3,0.052593,0.142222,0.231852,0.321481,0.411111,0.411111,0.986662
2026-08-07T05:32:15+00:00,on-demand,RTX 2060S,3,7,0.042222,0.0546,0.066978,0.067133,0.067289,0.067133,0.995039
2026-08-07T05:32:15+00:00,on-demand,RTX 2070,2,11,0.054444,0.057541,0.060638,0.063735,0.066831,0.054444,0.992877
2026-08-07T05:32:15+00:00,on-demand,RTX 2070S,3,15,0.066831,0.066934,0.067037,0.067222,0.067407,,0.997218
2026-08-07T05:32:15+00:00,on-demand,RTX 2080 Ti,7,16,0.055185,0.07125,0.080111,0.106148,0.136148,0.090074,0.996273
2026-08-07T05:32:15+00:00,on-demand,RTX 2080S,1,1,0.744444,0.744444,0.744444,0.744444,0.744444,0.744444,0.973682
2026-08-07T05:32:15+00:00,on-demand,RTX 3050,1,1,1.322222,1.322222,1.322222,1.322222,1.322222,,0.976403
2026-08-07T05:32:15+00:00,on-demand,RTX 3060,9,29,0.022222,0.053519,0.067222,0.068889,1.334815,0.054537,0.989699
2026-08-07T05:32:15+00:00,on-demand,RTX 3060 Ti,2,2,0.055556,0.322222,0.588889,0.855556,1.122222,1.122222,0.998124
2026-08-07T05:32:15+00:00,on-demand,RTX 3060 laptop,4,12,0.026685,0.026782,0.033963,0.041389,0.042222,,0.994279
2026-08-07T05:32:15+00:00,on-demand,RTX 3070,9,29,0.041111,0.074444,0.077778,0.081852,0.135556,0.077778,0.99356
2026-08-07T05:32:15+00:00,on-demand,RTX 3080,14,39,0.028889,0.064352,0.097833,0.131181,0.268889,0.113556,0.99508
2026-08-07T05:32:15+00:00,on-demand,RTX 3080 Ti,3,4,0.134444,0.137593,0.140741,0.152222,0.163704,0.137593,0.995129
2026-08-07T05:32:15+00:00,on-demand,RTX 3090,27,69,0.077778,0.144444,0.173889,0.244444,2.001111,0.174815,0.989379
2026-08-07T05:32:15+00:00,on-demand,RTX 4060,2,12,0.053481,0.053519,0.053556,0.053593,0.05363,,0.983959
2026-08-07T05:32:15+00:00,on-demand,RTX 4060 Ti,6,14,0.067556,0.080694,0.081667,0.099944,0.121111,0.113481,0.991524
2026-08-07T05:32:15+00:00,on-demand,RTX 4070,5,10,0.080556,0.081111,0.091556,0.107778,0.172889,0.107778,0.993316
2026-08-07T05:32:15+00:00,on-demand,RTX 4070 Ti,7,13,0.088889,0.115741,0.154222,0.222056,0.282444,0.097037,0.992057
2026-08-07T05:32:15+00:00,on-demand,RTX 4070S,1,1,0.082963,0.082963,0.082963,0.082963,0.082963,0.082963,0.997196
2026-08-07T05:32:15+00:00,on-demand,RTX 4070S Ti,10,24,0.068889,0.135556,0.180778,0.247153,1.331111,0.203694,0.997667
2026-08-07T05:32:15+00:00,on-demand,RTX 4080,13,33,0.121852,0.159556,0.187593,0.227704,0.255407,0.187185,0.99037
2026-08-07T05:32:15+00:00,on-demand,RTX 4080S,11,33,0.08037,0.141259,0.14997,0.177204,0.202222,0.155833,0.985362
2026-08-07T05:32:15+00:00,on-demand,RTX 4090,44,176,0.200741,0.357796,0.401667,0.556481,1.280556,0.603704,0.994934
2026-08-07T05:32:15+00:00,on-demand,RTX 4090D,9,25,0.160185,0.160741,0.330074,0.667222,0.668889,,0.970859
2026-08-07T05:32:15+00:00,on-demand,RTX 4500Ada,1,1,1.268889,1.268889,1.268889,1.268889,1.268889,,0.926809
2026-08-07T05:32:15+00:00,on-demand,RTX 5000Ada,2,3,0.427778,0.428056,0.428333,0.428611,0.428889,0.428333,0.997074
2026-08-07T05:32:15+00:00,on-demand,RTX 5060,2,2,0.075556,0.090556,0.105556,0.120556,0.135556,,0.982464
2026-08-07T05:32:15+00:00,on-demand,RTX 5060 Ti,16,60,0.066944,0.087157,0.105111,0.174292,0.227407,0.135185,0.99384
2026-08-07T05:32:15+00:00,on-demand,RTX 5060 laptop,1,1,0.135556,0.135556,0.135556,0.135556,0.135556,,0.97099
2026-08-07T05:32:15+00:00,on-demand,RTX 5070,11,14,0.01363,0.102222,0.123333,0.189926,0.360444,0.136889,0.996927
2026-08-07T05:32:15+00:00,on-demand,RTX 5070 Ti,11,23,0.122222,0.135185,0.137037,0.200833,0.401333,0.180741,0.995758
2026-08-07T05:32:15+00:00,on-demand,RTX 5080,19,62,0.14787,0.174444,0.227407,0.400417,1.775556,0.177778,0.979699
2026-08-07T05:32:15+00:00,on-demand,RTX 5090,44,151,0.212889,0.413944,0.601574,0.780752,5.986944,0.715463,0.990974
2026-08-07T05:32:15+00:00,on-demand,RTX 5880Ada,3,7,0.413852,0.507852,0.601852,0.602778,0.603704,0.601852,0.995213
2026-08-07T05:32:15+00:00,on-demand,RTX 6000Ada,6,18,0.601037,0.621694,0.680833,0.683611,0.693611,0.680556,0.995173
2026-08-07T05:32:15+00:00,on-demand,RTX A2000,3,4,0.034074,0.035111,0.036148,0.264815,0.493481,,0.995214
2026-08-07T05:32:15+00:00,on-demand,RTX A4000,8,43,0.067037,0.078778,0.133586,0.137093,0.146944,,0.97131
2026-08-07T05:32:15+00:00,on-demand,RTX A4500,2,2,0.114519,0.404593,0.694667,0.984741,1.274815,,0.978639
2026-08-07T05:32:15+00:00,on-demand,RTX A5000,6,20,0.230984,0.231101,0.231452,30.05843,40.001481,0.231203,0.99815
2026-08-07T05:32:15+00:00,on-demand,RTX A6000,6,25,0.400317,0.400602,0.400926,0.401944,1.200278,,0.992933
2026-08-07T05:32:15+00:00,on-demand,RTX PRO 4000,10,14,0.202222,0.254259,0.278704,0.317037,0.534815,0.301852,0.988086
2026-08-07T05:32:15+00:00,on-demand,RTX PRO 4500,2,2,0.294815,0.305,0.315185,0.32537,0.335556,0.335556,0.882289
2026-08-07T05:32:15+00:00,on-demand,RTX PRO 5000,7,12,0.534074,0.704444,0.802222,0.912259,0.943407,0.796667,0.997357
2026-08-07T05:32:15+00:00,on-demand,RTX PRO 6000 S,14,38,0.6284,1.292963,1.600417,1.733981,3.068889,1.600556,0.997367
2026-08-07T05:32:15+00:00,on-demand,RTX PRO 6000 WS,14,29,0.660741,1.10287,1.436874,1.483333,13.335556,1.43743,0.995257
2026-08-07T05:32:15+00:00,on-demand,Tesla P100,4,6,0.054815,0.074815,0.141296,0.201389,0.202222,0.201111,0.992828
2026-08-07T05:32:15+00:00,on-demand,Tesla P40,3,3,0.033334,0.064074,0.094815,0.148519,0.202222,0.094815,0.987234
2026-08-07T05:32:15+00:00,on-demand,Tesla T4,2,3,12.000741,12.000926,12.001111,12.001296,12.001481,,0.972409
2026-08-07T05:32:15+00:00,on-demand,Tesla V100,11,24,0.027222,0.034722,0.042222,0.1675,0.226222,0.175333,0.992089
2026-08-07T05:32:15+00:00,on-demand,Titan RTX,5,10,0.135185,0.137037,0.161111,0.162222,0.200556,0.161667,0.99434
2026-08-07T05:32:15+00:00,on-demand,Titan Xp,3,7,0.055556,0.058056,0.060556,0.060833,0.061111,0.060556,0.996266
2026-08-07T05:32:15+00:00,bid,A100 PCIE,25,43,0.133889,0.135556,0.135556,0.587778,0.588889,0.135556,0.992532
2026-08-07T05:32:15+00:00,bid,A100 SXM4,37,75,0.131427,0.401481,0.600648,0.668889,0.986944,0.501481,0.988953
2026-08-07T05:32:15+00:00,bid,A800 PCIE,6,12,0.129889,0.130444,0.131,0.131556,0.294074,,0.994711
2026-08-07T05:32:15+00:00,bid,B200,23,122,4.375174,5.000347,5.000694,5.002604,7.377083,5.000694,0.989133
2026-08-07T05:32:15+00:00,bid,B300,9,33,3.75026,5.001389,5.002778,5.625521,5.626042,5.626042,0.965519
2026-08-07T05:32:15+00:00,bid,CMP 170HX,8,28,0.234167,0.23875,0.253796,0.254444,0.668889,0.668889,0.963757
2026-08-07T05:32:15+00:00,bid,GTX 1050 Ti,1,1,0.024444,0.024444,0.024444,0.024444,0.024444,,0.988452
2026-08-07T05:32:15+00:00,bid,GTX 1060,1,1,0.031111,0.031111,0.031111,0.031111,0.031111,,0.994426
2026-08-07T05:32:15+00:00,bid,GTX 1070,1,1,0.024444,0.024444,0.024444,0.024444,0.024444,0.024444,0.993414
2026-08-07T05:32:15+00:00,bid,GTX 1080,5,14,0.014815,0.04037,0.040556,0.041111,0.042222,0.040833,0.985543
2026-08-07T05:32:15+00:00,bid,GTX 1080 Ti,8,24,0.026222,0.040556,0.041111,0.045079,0.054074,0.041111,0.997403
2026-08-07T05:32:15+00:00,bid,GTX 1650 S,1,1,0.04,0.04,0.04,0.04,0.04,,0.991803
2026-08-07T05:32:15+00:00,bid,GTX 1660,1,1,0.037778,0.037778,0.037778,0.037778,0.037778,0.037778,0.996492
2026-08-07T05:32:15+00:00,bid,GTX 1660 S,1,1,0.031111,0.031111,0.031111,0.031111,0.031111,,0.971337
2026-08-07T05:32:15+00:00,bid,GTX 1660 Ti,2,2,0.037778,0.042778,0.047778,0.052778,0.057778,0.047778,0.99451
2026-08-07T05:32:15+00:00,bid,H100 NVL,9,13,0.404889,0.934444,0.935556,1.601481,2.000778,1.601481,0.943931
2026-08-07T05:32:15+00:00,bid,H100 PCIE,6,18,0.347222,1.600486,1.601111,1.601944,1.602222,1.601111,0.991688
2026-08-07T05:32:15+00:00,bid,H100 SXM,16,54,0.434444,1.517204,2.116278,2.256944,4.002222,2.534444,0.993998
2026-08-07T05:32:15+00:00,bid,H200,18,78,1.934485,2.323081,3.751005,3.941269,4.342654,3.817251,0.99813
2026-08-07T05:32:15+00:00,bid,H200 NVL,15,32,0.535556,1.103472,1.336445,1.664222,3.202222,1.337667,0.992198
2026-08-07T05:32:15+00:00,bid,L4,6,8,0.134444,0.135556,0.168519,0.212037,0.321111,0.135556,0.997
2026-08-07T05:32:15+00:00,bid,L40,2,2,0.471111,0.471111,0.471111,0.471111,0.471111,0.471111,0.988505
2026-08-07T05:32:15+00:00,bid,L40S,21,64,0.200185,0.333704,0.537037,0.540741,0.774815,0.540741,0.9986
2026-08-07T05:32:15+00:00,bid,Q RTX 8000,1,1,0.027778,0.027778,0.027778,0.027778,0.027778,0.027778,0.99894
2026-08-07T05:32:15+00:00,bid,Quadro P4000,1,1,0.03437,0.03437,0.03437,0.03437,0.03437,,0.997764
2026-08-07T05:32:15+00:00,bid,RTX 2060,4,6,0.027259,0.030148,0.036111,0.114722,0.335556,0.041111,0.99289
2026-08-07T05:32:15+00:00,bid,RTX 2060S,4,9,0.046978,0.047211,0.047289,0.066393,0.123704,0.047289,0.995039
2026-08-07T05:32:15+00:00,bid,RTX 2070,2,11,0.041111,0.044208,0.047305,0.050401,0.053498,0.041111,0.992877
2026-08-07T05:32:15+00:00,bid,RTX 2070S,5,27,0.053498,0.053519,0.053704,0.053704,0.054074,,0.987705
2026-08-07T05:32:15+00:00,bid,RTX 2080 Ti,5,13,0.037778,0.048519,0.066944,0.070074,0.108889,0.070074,0.997148
2026-08-07T05:32:15+00:00,bid,RTX 2080S,1,1,0.037778,0.037778,0.037778,0.037778,0.037778,0.037778,0.973682
2026-08-07T05:32:15+00:00,bid,RTX 3050,1,1,1.068889,1.068889,1.068889,1.068889,1.068889,,0.976403
2026-08-07T05:32:15+00:00,bid,RTX 3060,14,44,0.025111,0.046157,0.054167,0.066667,0.121185,0.084685,0.989699
2026-08-07T05:32:15+00:00,bid,RTX 3060 Ti,2,2,0.67037,0.75,0.82963,0.909259,0.988889,0.82963,0.929432
2026-08-07T05:32:15+00:00,bid,RTX 3060 laptop,4,12,0.013352,0.013449,0.025963,0.045574,0.066963,0.066963,0.993689
2026-08-07T05:32:15+00:00,bid,RTX 3070,7,22,0.040278,0.054167,0.068519,0.08213,0.135556,0.068519,0.997593
2026-08-07T05:32:15+00:00,bid,RTX 3080,13,38,0.042222,0.066944,0.080556,0.133889,0.240415,0.134722,0.991826
2026-08-07T05:32:15+00:00,bid,RTX 3080 Ti,4,4,0.088889,0.088889,0.098889,0.120556,0.155556,0.132222,0.995179
2026-08-07T05:32:15+00:00,bid,RTX 3090,49,112,0.014815,0.080556,0.108889,0.134815,0.367407,0.121296,0.9891
2026-08-07T05:32:15+00:00,bid,RTX 4060,1,1,0.083704,0.083704,0.083704,0.083704,0.083704,0.083704,0.998553
2026-08-07T05:32:15+00:00,bid,RTX 4060 Ti,7,16,0.042222,0.076333,0.08037,0.10387,0.107778,0.10387,0.997127
2026-08-07T05:32:15+00:00,bid,RTX 4070,6,14,0.040741,0.069222,0.0755,0.076611,0.162222,0.076333,0.997462
2026-08-07T05:32:15+00:00,bid,RTX 4070 Ti,8,14,0.046111,0.085556,0.108889,0.240694,0.241111,0.108889,0.992057
2026-08-07T05:32:15+00:00,bid,RTX 4070S,1,1,0.076296,0.076296,0.076296,0.076296,0.076296,0.076296,0.984161
2026-08-07T05:32:15+00:00,bid,RTX 4070S Ti,13,37,0.068889,0.107111,0.200556,0.201111,1.211111,0.200556,0.999323
2026-08-07T05:32:15+00:00,bid,RTX 4080,16,41,0.133593,0.135185,0.141944,0.147407,0.255556,0.147222,0.995104
2026-08-07T05:32:15+00:00,bid,RTX 4080S,10,19,0.092889,0.115093,0.174481,0.188593,0.240519,0.187704,0.989809
2026-08-07T05:32:15+00:00,bid,RTX 4090,74,218,0.091099,0.26713,0.341991,0.403704,1.200556,0.401481,0.995756
2026-08-07T05:32:15+00:00,bid,RTX 4090D,12,32,0.053704,0.054324,0.054778,0.604694,0.606222,,0.970859
2026-08-07T05:32:15+00:00,bid,RTX 4500Ada,1,1,0.468889,0.468889,0.468889,0.468889,0.468889,,0.926809
2026-08-07T05:32:15+00:00,bid,RTX 5000Ada,4,5,0.268889,0.308056,0.321667,0.322222,0.322222,0.321667,0.997074
2026-08-07T05:32:15+00:00,bid,RTX 5060,4,5,0.027407,0.037074,0.046963,0.064111,0.095556,0.05363,0.989008
2026-08-07T05:32:15+00:00,bid,RTX 5060 Ti,24,64,0.05363,0.068287,0.091926,0.147222,0.218222,0.118222,0.994539
2026-08-07T05:32:15+00:00,bid,RTX 5070,8,12,0.043704,0.092917,0.101926,0.138444,0.200444,0.135556,0.993713
2026-08-07T05:32:15+00:00,bid,RTX 5070 Ti,8,13,0.107222,0.108611,0.122222,0.152037,0.268,0.142222,0.996546
2026-08-07T05:32:15+00:00,bid,RTX 5080,16,33,0.015556,0.120972,0.147778,0.1745,0.442222,0.148333,0.971524
2026-08-07T05:32:15+00:00,bid,RTX 5090,81,206,0.103222,0.244444,0.336667,0.420741,2.666944,0.338333,0.994403
2026-08-07T05:32:15+00:00,bid,RTX 5880Ada,8,14,0.267185,0.267704,0.296111,0.297037,0.335407,0.296111,0.99677
2026-08-07T05:32:15+00:00,bid,RTX 6000Ada,17,34,0.137778,0.139259,0.402222,0.468741,0.74963,0.434722,0.996913
2026-08-07T05:32:15+00:00,bid,RTX A2000,2,2,0.03037,0.122815,0.215259,0.307704,0.400148,0.03037,0.996322
2026-08-07T05:32:15+00:00,bid,RTX A4000,11,61,0.057111,0.093796,0.106852,0.107099,0.133611,,0.97131
2026-08-07T05:32:15+00:00,bid,RTX A4500,1,1,0.081185,0.081185,0.081185,0.081185,0.081185,,0.959174
2026-08-07T05:32:15+00:00,bid,RTX A5000,6,15,0.11037,0.22709,0.280741,0.33463,0.334815,0.226984,0.985004
2026-08-07T05:32:15+00:00,bid,RTX A6000,7,20,0.267407,0.33377,0.334074,0.334444,0.335556,,0.992933
2026-08-07T05:32:15+00:00,bid,RTX PRO 4000,9,13,0.068889,0.227407,0.241481,0.370074,0.370815,0.175926,0.989708
2026-08-07T05:32:15+00:00,bid,RTX PRO 4500,3,3,0.188889,0.201852,0.214815,0.242593,0.27037,0.22963,0.996811
2026-08-07T05:32:15+00:00,bid,RTX PRO 5000,15,25,0.135926,0.170741,0.377037,0.401111,0.533704,0.388704,0.997357
2026-08-07T05:32:15+00:00,bid,RTX PRO 6000 S,22,47,0.352667,0.495861,0.84725,1.069259,2.935556,1.002222,0.99679
2026-08-07T05:32:15+00:00,bid,RTX PRO 6000 WS,22,38,0.375111,0.667407,0.801481,1.017963,1.335185,0.800815,0.995614
2026-08-07T05:32:15+00:00,bid,Tesla P100,4,5,0.041481,0.111204,0.135,0.135556,0.135556,0.135556,0.992828
2026-08-07T05:32:15+00:00,bid,Tesla P40,1,1,0.057481,0.057481,0.057481,0.057481,0.057481,0.057481,0.987234
2026-08-07T05:32:15+00:00,bid,Tesla T4,2,3,3.400741,3.400926,3.401111,3.401296,3.401481,,0.972409
2026-08-07T05:32:15+00:00,bid,Tesla V100,16,35,0.027222,0.088889,0.095778,0.133981,0.162222,0.134259,0.994749
2026-08-07T05:32:15+00:00,bid,Titan RTX,6,15,0.094444,0.107361,0.118148,0.129546,0.135556,0.107778,0.991154
2026-08-07T05:32:15+00:00,bid,Titan Xp,3,7,0.040556,0.040833,0.041111,0.041667,0.042222,0.041111,0.996266
2026-08-07T05:37:15+00:00,on-demand,A100 PCIE,16,49,0.266944,0.598194,1.000833,1.053819,2.002963,0.780889,0.987107
2026-08-07T05:37:15+00:00,on-demand,A100 SXM4,23,67,0.468889,0.800741,0.933704,1.047917,1.475556,0.934815,0.991992
2026-08-07T05:37:15+00:00,on-demand,A800 PCIE,3,7,0.667222,0.6675,0.667778,0.668333,0.668889,,0.994711
2026-08-07T05:37:15+00:00,on-demand,B200,11,37,5.000521,5.565755,5.877604,6.240885,7.752083,5.877604,0.997348
2026-08-07T05:37:15+00:00,on-demand,B300,9,41,8.125521,8.75026,8.751389,10.001389,10.005556,8.438368,0.965519
2026-08-07T05:37:15+00:00,on-demand,CMP 170HX,8,28,0.236833,0.238917,0.288185,0.334028,0.935556,0.935556,0.955751
2026-08-07T05:37:15+00:00,on-demand,GTX 1050 Ti,1,1,0.611111,0.611111,0.611111,0.611111,0.611111,,0.988452
2026-08-07T05:37:15+00:00,on-demand,GTX 1060,1,1,0.344444,0.344444,0.344444,0.344444,0.344444,,0.994426
2026-08-07T05:37:15+00:00,on-demand,GTX 1070,1,1,0.531111,0.531111,0.531111,0.531111,0.531111,0.531111,0.993414
2026-08-07T05:37:15+00:00,on-demand,GTX 1080,6,16,0.027778,0.043078,0.049407,0.050843,0.052889,0.050463,0.99481
2026-08-07T05:37:15+00:00,on-demand,GTX 1080 Ti,7,21,0.042222,0.060833,0.073651,0.074167,0.075556,0.07377,0.997649
2026-08-07T05:37:15+00:00,on-demand,GTX 1650 S,1,1,0.677778,0.677778,0.677778,0.677778,0.677778,,0.991803
2026-08-07T05:37:15+00:00,on-demand,GTX 1660,1,1,0.677778,0.677778,0.677778,0.677778,0.677778,0.677778,0.996492
2026-08-07T05:37:15+00:00,on-demand,GTX 1660 S,2,7,0.033704,0.138056,0.242407,0.346759,0.451111,,0.963978
2026-08-07T05:37:15+00:00,on-demand,GTX 1660 Ti,1,1,0.611111,0.611111,0.611111,0.611111,0.611111,0.611111,0.991538
2026-08-07T05:37:15+00:00,on-demand,GTX TITAN X,1,1,0.028889,0.028889,0.028889,0.028889,0.028889,,0.994841
2026-08-07T05:37:15+00:00,on-demand,H100 NVL,6,10,2.001481,2.46787,2.801852,3.008778,3.067444,2.98437,0.9966
2026-08-07T05:37:15+00:00,on-demand,H100 PCIE,4,15,1.431111,1.957986,2.13375,2.134028,2.134444,2.13375,0.991688
2026-08-07T05:37:15+00:00,on-demand,H100 SXM,14,44,1.601111,1.734028,2.250777,3.034611,4.774444,3.001222,0.995318
2026-08-07T05:37:15+00:00,on-demand,H200,11,44,3.935673,4.113213,4.145833,4.277138,4.963701,4.145559,0.99784
2026-08-07T05:37:15+00:00,on-demand,H200 NVL,11,29,2.800556,2.987787,3.467222,3.535,4.991111,4.988222,0.99177
2026-08-07T05:37:15+00:00,on-demand,L4,4,6,0.03363,0.259241,0.334444,0.334537,0.334815,0.334444,0.997579
2026-08-07T05:37:15+00:00,on-demand,L40,1,1,0.577778,0.577778,0.577778,0.577778,0.577778,0.577778,0.988505
2026-08-07T05:37:15+00:00,on-demand,L40S,13,42,0.401111,0.467037,0.733704,1.068519,1.335556,0.935,0.99731
2026-08-07T05:37:15+00:00,on-demand,Q RTX 6000,2,5,0.133704,0.133981,0.134259,0.134537,0.134815,0.134259,0.999271
2026-08-07T05:37:15+00:00,on-demand,Q RTX 8000,3,4,0.254074,0.254444,0.254815,0.262963,0.271111,0.254815,0.998324
2026-08-07T05:37:15+00:00,on-demand,Quadro P4000,2,3,0.040741,0.040926,0.041111,0.041296,0.041481,,0.96441
2026-08-07T05:37:15+00:00,on-demand,RTX 2060,2,3,0.052593,0.143333,0.234074,0.324815,0.415556,0.415556,0.986993
2026-08-07T05:37:15+00:00,on-demand,RTX 2060S,2,6,0.066978,0.067056,0.067133,0.067211,0.067289,0.067133,0.995039
2026-08-07T05:37:15+00:00,on-demand,RTX 2070,2,11,0.054444,0.057541,0.060638,0.063735,0.066831,0.054444,0.992877
2026-08-07T05:37:15+00:00,on-demand,RTX 2070S,2,13,0.066831,0.066883,0.066934,0.066986,0.067037,,0.992461
2026-08-07T05:37:15+00:00,on-demand,RTX 2080 Ti,6,15,0.055185,0.069889,0.07325,0.078486,0.811111,0.073611,0.992521
2026-08-07T05:37:15+00:00,on-demand,RTX 2080S,1,1,0.744444,0.744444,0.744444,0.744444,0.744444,0.744444,0.973682
2026-08-07T05:37:15+00:00,on-demand,RTX 3050,1,1,1.322222,1.322222,1.322222,1.322222,1.322222,,0.976403
2026-08-07T05:37:15+00:00,on-demand,RTX 3060,9,28,0.022222,0.053519,0.067222,0.677778,1.335556,0.171407,0.993935
2026-08-07T05:37:15+00:00,on-demand,RTX 3060 Ti,2,2,0.055556,0.322222,0.588889,0.855556,1.122222,1.122222,0.998124
2026-08-07T05:37:15+00:00,on-demand,RTX 3060 laptop,4,12,0.026685,0.026782,0.033963,0.041389,0.042222,,0.994279
2026-08-07T05:37:15+00:00,on-demand,RTX 3070,9,30,0.041111,0.067222,0.077778,0.106944,0.166222,0.079028,0.992472
2026-08-07T05:37:15+00:00,on-demand,RTX 3080,11,36,0.060222,0.091185,0.113444,0.13125,0.268889,0.113556,0.993033
2026-08-07T05:37:15+00:00,on-demand,RTX 3080 Ti,2,2,0.068889,0.092222,0.115556,0.138889,0.162222,0.162222,0.972482
2026-08-07T05:37:15+00:00,on-demand,RTX 3090,35,100,0.077778,0.134815,0.173611,0.260333,2.001111,0.240556,0.989955
2026-08-07T05:37:15+00:00,on-demand,RTX 4060,5,15,0.053481,0.05363,0.064444,0.082222,2.677778,0.082222,0.985054
2026-08-07T05:37:15+00:00,on-demand,RTX 4060 Ti,4,11,0.080556,0.080972,0.081667,0.08813,0.105852,0.105852,0.9851
2026-08-07T05:37:15+00:00,on-demand,RTX 4070,5,15,0.080556,0.082222,0.084444,0.093889,0.107222,0.089167,0.993398
2026-08-07T05:37:15+00:00,on-demand,RTX 4070 Ti,7,13,0.095185,0.102963,0.134444,0.222056,0.282444,0.097037,0.992057
2026-08-07T05:37:15+00:00,on-demand,RTX 4070S,5,22,0.081852,0.083704,0.094074,0.094537,0.094537,0.083704,0.994486
2026-08-07T05:37:15+00:00,on-demand,RTX 4070S Ti,8,25,0.120556,0.1275,0.247056,0.248056,1.331111,0.247056,0.998315
2026-08-07T05:37:15+00:00,on-demand,RTX 4080,13,33,0.123704,0.159556,0.188519,0.254852,0.268889,0.227185,0.99037
2026-08-07T05:37:15+00:00,on-demand,RTX 4080S,9,26,0.08037,0.135185,0.160556,0.19437,0.200556,0.177463,0.985362
2026-08-07T05:37:15+00:00,on-demand,RTX 4090,47,179,0.256222,0.372556,0.442222,0.67,1.337037,0.572222,0.99502
2026-08-07T05:37:15+00:00,on-demand,RTX 4090D,9,25,0.160185,0.160741,0.330074,0.667222,0.668889,,0.970859
2026-08-07T05:37:15+00:00,on-demand,RTX 4500Ada,1,1,1.268889,1.268889,1.268889,1.268889,1.268889,,0.926809
2026-08-07T05:37:15+00:00,on-demand,RTX 5000Ada,2,3,0.427778,0.428056,0.428333,0.428611,0.428889,0.428333,0.997074
2026-08-07T05:37:15+00:00,on-demand,RTX 5060,3,3,0.05363,0.062,0.07037,0.10963,0.148889,0.07037,0.994302
2026-08-07T05:37:15+00:00,on-demand,RTX 5060 Ti,16,58,0.056296,0.091898,0.105111,0.145458,0.186222,0.134722,0.995472
2026-08-07T05:37:15+00:00,on-demand,RTX 5070,8,11,0.095556,0.109815,0.123981,0.182407,0.360444,0.133889,0.988016
2026-08-07T05:37:15+00:00,on-demand,RTX 5070 Ti,10,24,0.088889,0.134907,0.161389,0.193889,0.401333,0.162222,0.994831
2026-08-07T05:37:15+00:00,on-demand,RTX 5080,18,54,0.134815,0.175278,0.234296,0.383634,1.775556,0.247685,0.975315
2026-08-07T05:37:15+00:00,on-demand,RTX 5090,46,152,0.212889,0.413389,0.513611,0.803426,5.986944,0.734444,0.994486
2026-08-07T05:37:15+00:00,on-demand,RTX 5880Ada,3,7,0.413852,0.507852,0.601852,0.602778,0.603704,0.601852,0.995213
2026-08-07T05:37:15+00:00,on-demand,RTX 6000Ada,9,31,0.600278,0.602074,0.681111,0.684444,0.787778,0.680833,0.998318
2026-08-07T05:37:15+00:00,on-demand,RTX A2000,3,4,0.034074,0.035111,0.036148,0.264815,0.493481,,0.995214
2026-08-07T05:37:15+00:00,on-demand,RTX A4000,7,42,0.071778,0.127012,0.133704,0.140358,0.153611,,0.97131
2026-08-07T05:37:15+00:00,on-demand,RTX A4500,2,2,0.121185,0.409593,0.698,0.986407,1.274815,,0.978641
2026-08-07T05:37:15+00:00,on-demand,RTX A5000,4,13,0.230984,0.231302,20.116074,40.000926,40.001481,0.231196,0.985004
2026-08-07T05:37:15+00:00,on-demand,RTX A6000,5,21,0.400317,0.400741,0.401111,1.200278,1.335556,,0.992933
2026-08-07T05:37:15+00:00,on-demand,RTX PRO 4000,11,18,0.215556,0.254444,0.266963,0.312593,0.534815,0.282778,0.992183
2026-08-07T05:37:15+00:00,on-demand,RTX PRO 4500,2,2,0.294815,0.305,0.315185,0.32537,0.335556,0.335556,0.878329
2026-08-07T05:37:15+00:00,on-demand,RTX PRO 5000,6,17,0.658519,0.685069,0.734028,0.785278,0.943037,0.733611,0.992908
2026-08-07T05:37:15+00:00,on-demand,RTX PRO 6000 S,13,36,0.6284,1.333611,1.600556,1.734074,3.068889,1.601111,0.996852
2026-08-07T05:37:15+00:00,on-demand,RTX PRO 6000 WS,15,30,0.867778,1.002,1.481111,1.594911,13.335556,1.548426,0.994897
2026-08-07T05:37:15+00:00,on-demand,Tesla P100,3,4,0.054815,0.068148,0.081481,0.141852,0.202222,0.141852,0.992828
2026-08-07T05:37:15+00:00,on-demand,Tesla P40,2,2,0.033334,0.075556,0.117778,0.16,0.202222,,0.974104
2026-08-07T05:37:15+00:00,on-demand,Tesla T4,2,3,12.000741,12.000926,12.001111,12.001296,12.001481,,0.972409
2026-08-07T05:37:15+00:00,on-demand,Tesla V100,13,26,0.027222,0.040556,0.079407,0.167222,0.335556,0.149481,0.992089
2026-08-07T05:37:15+00:00,on-demand,Titan RTX,4,9,0.135185,0.15463,0.161667,0.171806,0.200556,0.161667,0.996358
2026-08-07T05:37:15+00:00,on-demand,Titan Xp,3,7,0.055556,0.058056,0.060556,0.060833,0.061111,0.060556,0.996266
2026-08-07T05:37:15+00:00,bid,A100 PCIE,26,39,0.134444,0.135556,0.135556,0.587778,0.588889,0.135556,0.992532
2026-08-07T05:37:15+00:00,bid,A100 SXM4,45,99,0.130316,0.401481,0.601296,0.802222,0.986944,0.600648,0.991992
2026-08-07T05:37:15+00:00,bid,A800 PCIE,6,11,0.129889,0.130444,0.131,0.131556,0.131556,,0.994711
2026-08-07T05:37:15+00:00,bid,B200,19,108,4.375174,5.000347,5.001302,5.001345,7.377083,5.001302,0.991032
2026-08-07T05:37:15+00:00,bid,B300,8,30,3.75026,5.001215,5.004167,5.160547,5.626042,5.625781,0.965519
2026-08-07T05:37:15+00:00,bid,CMP 170HX,10,31,0.135556,0.23625,0.253796,0.254444,0.668889,0.668889,0.963757
2026-08-07T05:37:15+00:00,bid,GTX 1050 Ti,1,1,0.024444,0.024444,0.024444,0.024444,0.024444,,0.988452
2026-08-07T05:37:15+00:00,bid,GTX 1060,1,1,0.031111,0.031111,0.031111,0.031111,0.031111,,0.994426
2026-08-07T05:37:15+00:00,bid,GTX 1070,1,1,0.024444,0.024444,0.024444,0.024444,0.024444,0.024444,0.993414
2026-08-07T05:37:15+00:00,bid,GTX 1080,5,14,0.014815,0.04037,0.040556,0.041111,0.042222,0.040833,0.996234
2026-08-07T05:37:15+00:00,bid,GTX 1080 Ti,7,22,0.026222,0.040556,0.041111,0.047937,0.054074,0.041667,0.997403
2026-08-07T05:37:15+00:00,bid,GTX 1650 S,1,1,0.04,0.04,0.04,0.04,0.04,,0.991803
2026-08-07T05:37:15+00:00,bid,GTX 1660,1,1,0.037778,0.037778,0.037778,0.037778,0.037778,0.037778,0.996492
2026-08-07T05:37:15+00:00,bid,GTX 1660 S,1,1,0.031111,0.031111,0.031111,0.031111,0.031111,,0.971337
2026-08-07T05:37:15+00:00,bid,GTX 1660 Ti,2,2,0.037778,0.042778,0.047778,0.052778,0.057778,0.047778,0.99451
2026-08-07T05:37:15+00:00,bid,H100 NVL,7,11,0.404889,0.870481,0.935556,1.601852,2.000778,1.601852,0.965791
2026-08-07T05:37:15+00:00,bid,H100 PCIE,4,15,0.347222,1.187889,1.534194,1.600764,1.602222,1.534194,0.991688
2026-08-07T05:37:15+00:00,bid,H100 SXM,17,43,0.471111,0.505926,2.068,2.162222,4.001111,2.072,0.992473
2026-08-07T05:37:15+00:00,bid,H200,13,48,1.934759,1.935307,3.486404,3.941338,4.342654,3.684759,0.99784
2026-08-07T05:37:15+00:00,bid,H200 NVL,17,34,0.535556,1.200278,1.336445,1.339556,3.201111,1.339111,0.992198
2026-08-07T05:37:15+00:00,bid,L4,7,9,0.081481,0.135,0.135556,0.208519,0.321111,0.135556,0.997
2026-08-07T05:37:15+00:00,bid,L40,2,2,0.471111,0.471111,0.471111,0.471111,0.471111,0.471111,0.988505
2026-08-07T05:37:15+00:00,bid,L40S,22,65,0.200185,0.333704,0.537037,0.540741,0.774815,0.540741,0.998728
2026-08-07T05:37:15+00:00,bid,Q RTX 8000,1,1,0.028111,0.028111,0.028111,0.028111,0.028111,0.028111,0.99894
2026-08-07T05:37:15+00:00,bid,Quadro P4000,1,1,0.03437,0.03437,0.03437,0.03437,0.03437,,0.997764
2026-08-07T05:37:15+00:00,bid,RTX 2060,4,6,0.027259,0.030148,0.036111,0.114722,0.335556,0.041111,0.99289
2026-08-07T05:37:15+00:00,bid,RTX 2060S,3,7,0.046978,0.047133,0.047289,0.085496,0.123704,0.047289,0.995039
2026-08-07T05:37:15+00:00,bid,RTX 2070,2,11,0.041111,0.044208,0.047305,0.050401,0.053498,0.041111,0.992877
2026-08-07T05:37:15+00:00,bid,RTX 2070S,5,24,0.053498,0.053519,0.053704,0.054,0.054074,0.054,0.987705
2026-08-07T05:37:15+00:00,bid,RTX 2080 Ti,6,15,0.037778,0.053125,0.067361,0.098056,0.121481,0.087963,0.99481
2026-08-07T05:37:15+00:00,bid,RTX 2080S,1,1,0.037778,0.037778,0.037778,0.037778,0.037778,0.037778,0.973682
2026-08-07T05:37:15+00:00,bid,RTX 3050,1,1,1.068889,1.068889,1.068889,1.068889,1.068889,,0.976403
2026-08-07T05:37:15+00:00,bid,RTX 3060,12,40,0.025111,0.041944,0.046852,0.101259,0.13437,0.100741,0.990094
2026-08-07T05:37:15+00:00,bid,RTX 3060 Ti,1,1,0.988889,0.988889,0.988889,0.988889,0.988889,0.988889,0.998788
2026-08-07T05:37:15+00:00,bid,RTX 3060 laptop,4,12,0.013352,0.013449,0.025963,0.045574,0.066963,0.066963,0.993689
2026-08-07T05:37:15+00:00,bid,RTX 3070,8,26,0.040278,0.040556,0.068148,0.07625,0.135556,0.068148,0.997368
2026-08-07T05:37:15+00:00,bid,RTX 3070 Ti,1,1,0.055556,0.055556,0.055556,0.055556,0.055556,,0.997109
2026-08-07T05:37:15+00:00,bid,RTX 3080,13,38,0.045383,0.066944,0.108148,0.134444,0.240415,0.135,0.991826
2026-08-07T05:37:15+00:00,bid,RTX 3080 Ti,5,7,0.055556,0.095556,0.107407,0.108889,0.155556,0.108889,0.995532
2026-08-07T05:37:15+00:00,bid,RTX 3090,50,128,0.014815,0.071389,0.107778,0.144444,0.301481,0.134444,0.989858
2026-08-07T05:37:15+00:00,bid,RTX 4060 Ti,8,17,0.042222,0.076611,0.078704,0.096111,0.107222,0.094444,0.994456
2026-08-07T05:37:15+00:00,bid,RTX 4070,7,14,0.040741,0.0675,0.075778,0.123,0.162222,0.123,0.993316
2026-08-07T05:37:15+00:00,bid,RTX 4070 Ti,6,11,0.046111,0.062037,0.095185,0.207639,0.241111,0.095185,0.992057
2026-08-07T05:37:15+00:00,bid,RTX 4070S,4,25,0.076296,0.079977,0.081204,0.081204,0.081204,0.07875,0.974756
2026-08-07T05:37:15+00:00,bid,RTX 4070S Ti,11,31,0.098148,0.110333,0.200556,0.201667,1.211111,0.200556,0.999323
2026-08-07T05:37:15+00:00,bid,RTX 4080,18,46,0.068148,0.133954,0.137037,0.147315,0.255556,0.147037,0.994799
2026-08-07T05:37:15+00:00,bid,RTX 4080S,7,16,0.102963,0.147222,0.161778,0.187444,0.240519,0.187185,0.985362
2026-08-07T05:37:15+00:00,bid,RTX 4090,74,238,0.135556,0.267037,0.347593,0.481046,1.200556,0.403704,0.995883
2026-08-07T05:37:15+00:00,bid,RTX 4090D,11,31,0.053519,0.053889,0.054074,0.329685,0.606222,,0.970859
2026-08-07T05:37:15+00:00,bid,RTX 4500Ada,1,1,0.468889,0.468889,0.468889,0.468889,0.468889,,0.926809
2026-08-07T05:37:15+00:00,bid,RTX 5000Ada,3,4,0.268889,0.295,0.321111,0.321667,0.322222,0.321111,0.997074
2026-08-07T05:37:15+00:00,bid,RTX 5060,2,2,0.028148,0.045,0.061852,0.078704,0.095556,,0.989582
2026-08-07T05:37:15+00:00,bid,RTX 5060 Ti,22,59,0.054444,0.070037,0.095037,0.147639,0.218222,0.140509,0.99518
2026-08-07T05:37:15+00:00,bid,RTX 5070,10,15,0.043704,0.072407,0.091019,0.118556,0.200444,0.114889,0.994754
2026-08-07T05:37:15+00:00,bid,RTX 5070 Ti,12,21,0.082222,0.104306,0.108889,0.115278,0.162963,0.108333,0.994477
2026-08-07T05:37:15+00:00,bid,RTX 5080,18,39,0.015556,0.120694,0.136944,0.167648,0.442222,0.148704,0.971524
2026-08-07T05:37:15+00:00,bid,RTX 5090,75,199,0.103222,0.27,0.399222,0.470093,2.666944,0.401852,0.995345
2026-08-07T05:37:15+00:00,bid,RTX 5880Ada,6,12,0.267185,0.274574,0.296111,0.297037,0.33437,0.296111,0.99677
2026-08-07T05:37:15+00:00,bid,RTX 6000Ada,18,41,0.137778,0.201667,0.402222,0.467778,0.74963,0.402222,0.997024
2026-08-07T05:37:15+00:00,bid,RTX A2000,1,1,0.400148,0.400148,0.400148,0.400148,0.400148,,0.994388
2026-08-07T05:37:15+00:00,bid,RTX A4000,11,67,0.057111,0.093704,0.106852,0.120358,0.133611,,0.97131
2026-08-07T05:37:15+00:00,bid,RTX A4500,1,1,0.081185,0.081185,0.081185,0.081185,0.081185,,0.959174
2026-08-07T05:37:15+00:00,bid,RTX A5000,8,22,0.108519,0.192841,0.227196,0.334259,0.334815,0.220332,0.99815
2026-08-07T05:37:15+00:00,bid,RTX A6000,6,18,0.267407,0.315079,0.33377,0.334028,0.334444,,0.992933
2026-08-07T05:37:15+00:00,bid,RTX PRO 4000,13,28,0.068889,0.227407,0.240494,0.241481,0.370815,0.240494,0.99261
2026-08-07T05:37:15+00:00,bid,RTX PRO 4500,3,3,0.188889,0.201852,0.214815,0.242593,0.27037,0.22963,0.996811
2026-08-07T05:37:15+00:00,bid,RTX PRO 5000,22,40,0.165185,0.295926,0.401852,0.493333,0.533704,0.43463,0.988459
2026-08-07T05:37:15+00:00,bid,RTX PRO 6000 S,25,61,0.352667,0.533778,1.002222,1.06963,2.935556,1.067407,0.997128
2026-08-07T05:37:15+00:00,bid,RTX PRO 6000 WS,23,40,0.384889,0.667222,0.800148,1.057593,1.320926,0.800148,0.994897
2026-08-07T05:37:15+00:00,bid,Tesla P100,3,4,0.041481,0.087963,0.134444,0.135,0.135556,0.135,0.992828
2026-08-07T05:37:15+00:00,bid,Tesla T4,2,3,3.400741,3.400926,3.401111,3.401296,3.401481,,0.972409
2026-08-07T05:37:15+00:00,bid,Tesla V100,12,26,0.027222,0.073889,0.0955,0.14125,0.170222,0.147685,0.994749
2026-08-07T05:37:15+00:00,bid,Titan RTX,6,15,0.107222,0.108056,0.118704,0.129546,0.134444,0.108889,0.996358
2026-08-07T05:37:15+00:00,bid,Titan Xp,3,7,0.040556,0.040833,0.041111,0.041667,0.042222,0.041111,0.996266
2026-08-07T05:42:16+00:00,on-demand,A100 PCIE,18,52,0.266944,0.709907,1.000833,1.053819,2.002963,0.780889,0.995671
2026-08-07T05:42:16+00:00,on-demand,A100 SXM4,22,58,0.468889,0.800463,0.933796,1.022667,1.475556,0.934815,0.991992
2026-08-07T05:42:16+00:00,on-demand,A800 PCIE,2,5,0.667222,0.667639,0.668056,0.668472,0.668889,,0.994711
2026-08-07T05:42:16+00:00,on-demand,B200,11,37,5.001042,5.535156,5.625694,6.062587,7.752083,5.625694,0.996979
2026-08-07T05:42:16+00:00,on-demand,B300,9,41,8.125521,8.75026,8.751389,10.001389,10.005556,8.438368,0.965519
2026-08-07T05:42:16+00:00,on-demand,CMP 170HX,8,28,0.236833,0.238917,0.288185,0.334028,0.935556,0.935556,0.955751
2026-08-07T05:42:16+00:00,on-demand,GTX 1050 Ti,1,1,0.611111,0.611111,0.611111,0.611111,0.611111,,0.988452
2026-08-07T05:42:16+00:00,on-demand,GTX 1060,2,2,0.088889,0.152778,0.216667,0.280556,0.344444,0.088889,0.996873
2026-08-07T05:42:16+00:00,on-demand,GTX 1070,1,1,0.531111,0.531111,0.531111,0.531111,0.531111,0.531111,0.993414
2026-08-07T05:42:16+00:00,on-demand,GTX 1080,5,12,0.027778,0.028148,0.049111,0.050222,0.051037,0.050222,0.996234
2026-08-07T05:42:16+00:00,on-demand,GTX 1080 Ti,6,17,0.042222,0.062389,0.069937,0.073829,0.074444,0.073651,0.997649
2026-08-07T05:42:16+00:00,on-demand,GTX 1650 S,1,1,0.677778,0.677778,0.677778,0.677778,0.677778,,0.991803
2026-08-07T05:42:16+00:00,on-demand,GTX 1660,2,3,0.068519,0.220833,0.373148,0.525463,0.677778,0.373148,0.996854
2026-08-07T05:42:16+00:00,on-demand,GTX 1660 S,2,5,0.033889,0.138194,0.2425,0.346806,0.451111,,0.963978
2026-08-07T05:42:16+00:00,on-demand,GTX TITAN X,1,1,0.028889,0.028889,0.028889,0.028889,0.028889,,0.992549
2026-08-07T05:42:16+00:00,on-demand,H100 NVL,5,9,2.401111,2.402222,2.588889,2.935556,3.067444,2.935556,0.940543
2026-08-07T05:42:16+00:00,on-demand,H100 PCIE,4,15,2.133611,2.133819,2.134167,2.134722,2.135556,2.134167,0.991688
2026-08-07T05:42:16+00:00,on-demand,H100 SXM,12,38,1.605926,1.735278,2.299165,3.142778,4.774444,3.068,0.996653
2026-08-07T05:42:16+00:00,on-demand,H200,11,44,3.935673,4.080592,4.145285,4.244243,4.963701,4.113213,0.99784
2026-08-07T05:42:16+00:00,on-demand,H200 NVL,11,29,2.800278,2.885,3.001778,3.467315,4.951111,3.917444,0.997425
2026-08-07T05:42:16+00:00,on-demand,L4,5,7,0.03363,0.255556,0.334444,0.334444,0.334815,0.334444,0.997
2026-08-07T05:42:16+00:00,on-demand,L40,1,1,0.577778,0.577778,0.577778,0.577778,0.577778,0.577778,0.988505
2026-08-07T05:42:16+00:00,on-demand,L40S,14,46,0.401111,0.467037,0.665,1.001759,1.335556,0.801481,0.995768
2026-08-07T05:42:16+00:00,on-demand,Q RTX 6000,1,4,0.133704,0.133704,0.133704,0.133704,0.133704,0.133704,0.999271
2026-08-07T05:42:16+00:00,on-demand,Q RTX 8000,3,4,0.241037,0.247556,0.254074,0.262593,0.271111,0.254074,0.998853
2026-08-07T05:42:16+00:00,on-demand,Quadro P4000,2,3,0.040741,0.040926,0.041111,0.041296,0.041481,,0.96441
2026-08-07T05:42:16+00:00,on-demand,RTX 2060,2,3,0.052593,0.142222,0.231852,0.321481,0.411111,0.411111,0.986662
2026-08-07T05:42:16+00:00,on-demand,RTX 2060S,2,6,0.066978,0.067056,0.067133,0.067211,0.067289,0.067133,0.995039
2026-08-07T05:42:16+00:00,on-demand,RTX 2070,2,11,0.054444,0.057541,0.060638,0.063735,0.066831,0.054444,0.992877
2026-08-07T05:42:16+00:00,on-demand,RTX 2070S,3,14,0.066852,0.066944,0.067037,0.067222,0.067407,,0.987705
2026-08-07T05:42:16+00:00,on-demand,RTX 2080 Ti,7,16,0.055185,0.070889,0.073611,0.109,0.811111,0.077731,0.997148
2026-08-07T05:42:16+00:00,on-demand,RTX 2080S,1,1,0.744444,0.744444,0.744444,0.744444,0.744444,0.744444,0.973682
2026-08-07T05:42:16+00:00,on-demand,RTX 3050,1,1,1.322222,1.322222,1.322222,1.322222,1.322222,,0.976403
2026-08-07T05:42:16+00:00,on-demand,RTX 3060,10,31,0.022222,0.051491,0.0625,0.068611,1.334815,0.055648,0.990342
2026-08-07T05:42:16+00:00,on-demand,RTX 3060 Ti,2,2,0.055556,0.322222,0.588889,0.855556,1.122222,1.122222,0.998124
2026-08-07T05:42:16+00:00,on-demand,RTX 3060 laptop,5,13,0.026685,0.026815,0.041111,0.042222,0.068889,0.068889,0.996488
2026-08-07T05:42:16+00:00,on-demand,RTX 3070,6,19,0.041111,0.074722,0.077917,0.118736,0.135185,0.080278,0.995289
2026-08-07T05:42:16+00:00,on-demand,RTX 3080,14,39,0.048889,0.064352,0.111167,0.131181,0.268889,0.113556,0.992429
2026-08-07T05:42:16+00:00,on-demand,RTX 3080 Ti,2,2,0.135556,0.135926,0.136296,0.136667,0.137037,0.137037,0.99588
2026-08-07T05:42:16+00:00,on-demand,RTX 3090,32,82,0.08963,0.139722,0.17375,0.268389,2.001111,0.248704,0.989511
2026-08-07T05:42:16+00:00,on-demand,RTX 4060,4,14,0.053481,0.053593,0.059037,0.064444,0.064444,0.064444,0.986806
2026-08-07T05:42:16+00:00,on-demand,RTX 4060 Ti,5,11,0.079778,0.081111,0.082222,0.120556,0.121111,0.120556,0.997384
2026-08-07T05:42:16+00:00,on-demand,RTX 4070,7,19,0.080556,0.080833,0.082222,0.083333,0.172889,0.083333,0.986339
2026-08-07T05:42:16+00:00,on-demand,RTX 4070 Ti,8,14,0.095185,0.107778,0.135,0.192139,0.282444,0.104444,0.992057
2026-08-07T05:42:16+00:00,on-demand,RTX 4070S,1,8,0.094537,0.094537,0.094537,0.094537,0.094537,0.094537,0.991115
2026-08-07T05:42:16+00:00,on-demand,RTX 4070S Ti,10,29,0.108148,0.1275,0.180667,0.247153,1.331111,0.203583,0.997667
2026-08-07T05:42:16+00:00,on-demand,RTX 4080,8,17,0.121852,0.160667,0.177259,0.198185,0.295556,0.197056,0.993385
2026-08-07T05:42:16+00:00,on-demand,RTX 4080S,11,33,0.08037,0.148481,0.150341,0.177741,0.200556,0.160833,0.985362
2026-08-07T05:42:16+00:00,on-demand,RTX 4090,48,191,0.135556,0.345,0.426968,0.669259,1.280556,0.618889,0.994934
2026-08-07T05:42:16+00:00,on-demand,RTX 4090D,8,21,0.160185,0.160648,0.245778,0.415056,0.668889,,0.970859
2026-08-07T05:42:16+00:00,on-demand,RTX 4500Ada,1,1,1.268889,1.268889,1.268889,1.268889,1.268889,,0.926809
2026-08-07T05:42:16+00:00,on-demand,RTX 5000Ada,2,2,0.335556,0.358889,0.382222,0.405556,0.428889,0.382222,0.996274
2026-08-07T05:42:16+00:00,on-demand,RTX 5060,3,3,0.05363,0.062,0.07037,0.102963,0.135556,0.07037,0.994302
2026-08-07T05:42:16+00:00,on-demand,RTX 5060 Ti,15,58,0.066944,0.097009,0.113889,0.129074,0.227407,0.121111,0.99011
2026-08-07T05:42:16+00:00,on-demand,RTX 5060 laptop,1,1,0.135556,0.135556,0.135556,0.135556,0.135556,,0.97099
2026-08-07T05:42:16+00:00,on-demand,RTX 5070,8,11,0.010076,0.089259,0.113889,0.135889,0.267111,0.123333,0.996971
2026-08-07T05:42:16+00:00,on-demand,RTX 5070 Ti,12,22,0.122222,0.135,0.174722,0.201111,0.401333,0.148796,0.996971
2026-08-07T05:42:16+00:00,on-demand,RTX 5080,18,61,0.14787,0.166759,0.234296,0.383634,1.775556,0.2075,0.97093
2026-08-07T05:42:16+00:00,on-demand,RTX 5090,48,165,0.212889,0.413944,0.500435,0.780174,5.986944,0.682315,0.995383
2026-08-07T05:42:16+00:00,on-demand,RTX 5880Ada,4,9,0.413852,0.424241,0.428222,0.472019,0.601852,0.428222,0.997552
2026-08-07T05:42:16+00:00,on-demand,RTX 6000Ada,7,26,0.600278,0.640796,0.681111,0.683333,0.693611,0.680833,0.996741
2026-08-07T05:42:16+00:00,on-demand,RTX A2000,3,4,0.034074,0.035111,0.036148,0.264815,0.493481,,0.995214
2026-08-07T05:42:16+00:00,on-demand,RTX A4000,8,45,0.071778,0.1085,0.133586,0.138426,0.153611,,0.97131
2026-08-07T05:42:16+00:00,on-demand,RTX A4500,2,2,0.121185,0.409593,0.698,0.986407,1.274815,,0.978641
2026-08-07T05:42:16+00:00,on-demand,RTX A5000,6,21,0.230984,0.231269,0.249593,30.0675,40.001481,0.231315,0.99815
2026-08-07T05:42:16+00:00,on-demand,RTX A6000,6,22,0.308889,0.400423,0.400926,1.000486,1.335556,,0.99026
2026-08-07T05:42:16+00:00,on-demand,RTX PRO 4000,8,12,0.254074,0.261481,0.302778,0.37463,0.534815,0.302778,0.987531
2026-08-07T05:42:16+00:00,on-demand,RTX PRO 4500,2,2,0.294815,0.305,0.315185,0.32537,0.335556,0.335556,0.882289
2026-08-07T05:42:16+00:00,on-demand,RTX PRO 5000,8,20,0.565185,0.638241,0.734028,0.822037,0.943037,0.733611,0.992526
2026-08-07T05:42:16+00:00,on-demand,RTX PRO 6000 S,13,46,0.866685,1.200444,1.601111,1.734074,3.068889,1.667963,0.997128
2026-08-07T05:42:16+00:00,on-demand,RTX PRO 6000 WS,11,23,0.868889,1.167852,1.481852,1.594912,13.335556,1.481852,0.994897
2026-08-07T05:42:16+00:00,on-demand,Tesla P100,4,6,0.054815,0.074815,0.141296,0.201389,0.202222,0.201111,0.992828
2026-08-07T05:42:16+00:00,on-demand,Tesla P40,2,2,0.033334,0.075556,0.117778,0.16,0.202222,,0.974104
2026-08-07T05:42:16+00:00,on-demand,Tesla T4,2,3,12.000741,12.000926,12.001111,12.001296,12.001481,,0.972409
2026-08-07T05:42:16+00:00,on-demand,Tesla V100,12,24,0.027222,0.037639,0.085556,0.167361,0.268889,0.149481,0.992089
2026-08-07T05:42:16+00:00,on-demand,Titan RTX,5,10,0.135185,0.137037,0.161111,0.162222,0.200556,0.161667,0.99434
2026-08-07T05:42:16+00:00,on-demand,Titan Xp,3,7,0.060556,0.060833,0.061111,0.061667,0.062222,0.061111,0.996266
2026-08-07T05:42:16+00:00,bid,A100 PCIE,28,49,0.133889,0.135278,0.135556,0.587153,0.588889,0.135556,0.992532
2026-08-07T05:42:16+00:00,bid,A100 SXM4,38,79,0.130316,0.468889,0.600972,0.812611,0.986944,0.600648,0.990473
2026-08-07T05:42:16+00:00,bid,A800 PCIE,7,12,0.129889,0.130444,0.131556,0.131556,0.131556,,0.994711
2026-08-07T05:42:16+00:00,bid,B200,18,100,4.375174,5.000347,5.001302,5.002734,7.377083,5.001302,0.986276
2026-08-07T05:42:16+00:00,bid,B300,8,30,3.75026,5.001215,5.004167,5.160547,5.626042,5.625781,0.965519
2026-08-07T05:42:16+00:00,bid,CMP 170HX,8,28,0.234167,0.23875,0.253796,0.254444,0.668889,0.668889,0.963757
2026-08-07T05:42:16+00:00,bid,GTX 1050 Ti,1,1,0.024444,0.024444,0.024444,0.024444,0.024444,,0.988452
2026-08-07T05:42:16+00:00,bid,GTX 1060,1,1,0.031111,0.031111,0.031111,0.031111,0.031111,,0.994426
2026-08-07T05:42:16+00:00,bid,GTX 1070,1,1,0.024444,0.024444,0.024444,0.024444,0.024444,0.024444,0.993414
2026-08-07T05:42:16+00:00,bid,GTX 1080,4,10,0.014815,0.033981,0.040741,0.041389,0.042222,0.041111,0.996438
2026-08-07T05:42:16+00:00,bid,GTX 1080 Ti,8,24,0.026222,0.040972,0.041667,0.05371,0.054074,0.042222,0.997526
2026-08-07T05:42:16+00:00,bid,GTX 1650 S,1,1,0.04,0.04,0.04,0.04,0.04,,0.991803
2026-08-07T05:42:16+00:00,bid,GTX 1660,1,1,0.037778,0.037778,0.037778,0.037778,0.037778,0.037778,0.996492
2026-08-07T05:42:16+00:00,bid,GTX 1660 S,1,1,0.031111,0.031111,0.031111,0.031111,0.031111,,0.971337
2026-08-07T05:42:16+00:00,bid,GTX 1660 Ti,1,1,0.037778,0.037778,0.037778,0.037778,0.037778,0.037778,0.991538
2026-08-07T05:42:16+00:00,bid,H100 NVL,5,9,0.934444,0.935556,0.935556,1.602222,2.000778,1.8015,0.921347
2026-08-07T05:42:16+00:00,bid,H100 PCIE,8,26,0.347222,1.600486,1.600833,1.601389,1.602222,1.600833,0.991688
2026-08-07T05:42:16+00:00,bid,H100 SXM,14,41,0.501481,1.318111,2.160833,2.441944,4.002222,2.697361,0.991841
2026-08-07T05:42:16+00:00,bid,H200,14,50,1.934759,1.935307,3.485855,3.91525,4.342654,3.585581,0.997985
2026-08-07T05:42:16+00:00,bid,H200 NVL,18,36,0.535556,1.006667,1.336333,1.339556,3.202222,1.336222,0.994598
2026-08-07T05:42:16+00:00,bid,L4,7,9,0.134444,0.135556,0.201481,0.268333,0.322222,0.168519,0.997
2026-08-07T05:42:16+00:00,bid,L40,2,2,0.471111,0.471111,0.471111,0.471111,0.471111,0.471111,0.988505
2026-08-07T05:42:16+00:00,bid,L40S,23,72,0.200185,0.333704,0.535185,0.540741,0.774815,0.540741,0.99841
2026-08-07T05:42:16+00:00,bid,Q RTX 8000,1,1,0.027704,0.027704,0.027704,0.027704,0.027704,0.027704,0.999071
2026-08-07T05:42:16+00:00,bid,Quadro P4000,1,1,0.03437,0.03437,0.03437,0.03437,0.03437,,0.997764
2026-08-07T05:42:16+00:00,bid,RTX 2060,4,6,0.027259,0.030148,0.036111,0.114722,0.335556,0.041111,0.99289
2026-08-07T05:42:16+00:00,bid,RTX 2060S,4,9,0.046978,0.047211,0.047289,0.066393,0.123704,0.047289,0.995039
2026-08-07T05:42:16+00:00,bid,RTX 2070,2,11,0.041111,0.044208,0.047305,0.050401,0.053498,0.041111,0.992877
2026-08-07T05:42:16+00:00,bid,RTX 2070S,5,27,0.053498,0.053519,0.053704,0.053704,0.054074,,0.987705
2026-08-07T05:42:16+00:00,bid,RTX 2080 Ti,7,22,0.037778,0.057731,0.066944,0.089111,0.108889,0.070074,0.997148
2026-08-07T05:42:16+00:00,bid,RTX 2080S,1,1,0.037778,0.037778,0.037778,0.037778,0.037778,0.037778,0.973682
2026-08-07T05:42:16+00:00,bid,RTX 3050,1,1,1.068889,1.068889,1.068889,1.068889,1.068889,,0.976403
2026-08-07T05:42:16+00:00,bid,RTX 3060,14,50,0.025111,0.045491,0.053704,0.091111,0.121185,0.100741,0.990342
2026-08-07T05:42:16+00:00,bid,RTX 3060 Ti,1,1,0.988889,0.988889,0.988889,0.988889,0.988889,0.988889,0.998788
2026-08-07T05:42:16+00:00,bid,RTX 3060 laptop,5,14,0.013352,0.013481,0.038444,0.062815,0.066963,0.064889,0.989788
2026-08-07T05:42:16+00:00,bid,RTX 3070,8,26,0.040278,0.040556,0.069444,0.094028,0.135556,0.069444,0.997593
2026-08-07T05:42:16+00:00,bid,RTX 3080,12,32,0.041111,0.056926,0.067417,0.115139,0.240415,0.089685,0.990936
2026-08-07T05:42:16+00:00,bid,RTX 3080 Ti,6,7,0.075556,0.085,0.101667,0.108611,0.108889,0.108333,0.99719
2026-08-07T05:42:16+00:00,bid,RTX 3090,56,145,0.014815,0.074444,0.107778,0.160694,0.298222,0.133889,0.989114
2026-08-07T05:42:16+00:00,bid,RTX 4060,2,2,0.031111,0.044259,0.057407,0.070556,0.083704,0.083704,0.996113
2026-08-07T05:42:16+00:00,bid,RTX 4060 Ti,8,16,0.039778,0.076611,0.081296,0.100648,0.107778,0.100519,0.997135
2026-08-07T05:42:16+00:00,bid,RTX 4070,8,17,0.040741,0.055278,0.068056,0.075361,0.162222,0.075222,0.997462
2026-08-07T05:42:16+00:00,bid,RTX 4070 Ti,8,14,0.041111,0.085556,0.108889,0.240694,0.241111,0.108889,0.992057
2026-08-07T05:42:16+00:00,bid,RTX 4070S,4,25,0.081204,0.081204,0.081204,0.121458,0.242222,0.081204,0.96761
2026-08-07T05:42:16+00:00,bid,RTX 4070S Ti,11,35,0.094444,0.110222,0.200556,0.201111,1.211111,0.200556,0.999323
2026-08-07T05:42:16+00:00,bid,RTX 4080,11,24,0.133593,0.133852,0.135185,0.137037,0.167704,0.133852,0.996887
2026-08-07T05:42:16+00:00,bid,RTX 4080S,7,15,0.102963,0.125741,0.161778,0.187444,0.240519,0.187444,0.98917
2026-08-07T05:42:16+00:00,bid,RTX 4090,74,246,0.122222,0.257593,0.334481,0.461991,1.200556,0.400556,0.995261
2026-08-07T05:42:16+00:00,bid,RTX 4090D,12,32,0.053704,0.054074,0.054593,0.604694,0.606222,,0.970859
2026-08-07T05:42:16+00:00,bid,RTX 4500Ada,1,1,0.468889,0.468889,0.468889,0.468889,0.468889,,0.926809
2026-08-07T05:42:16+00:00,bid,RTX 5000Ada,3,4,0.268889,0.295,0.321111,0.321667,0.322222,0.321111,0.997074
2026-08-07T05:42:16+00:00,bid,RTX 5060,3,4,0.027407,0.027778,0.028148,0.061852,0.095556,,0.983833
2026-08-07T05:42:16+00:00,bid,RTX 5060 Ti,21,59,0.054444,0.068519,0.134074,0.147259,0.218222,0.14162,0.995121
2026-08-07T05:42:16+00:00,bid,RTX 5070,9,12,0.043704,0.058444,0.066111,0.107556,0.200444,0.107556,0.994161
2026-08-07T05:42:16+00:00,bid,RTX 5070 Ti,11,17,0.082222,0.107778,0.108889,0.128889,0.268,0.108889,0.993393
2026-08-07T05:42:16+00:00,bid,RTX 5080,16,40,0.015556,0.120972,0.136944,0.147778,0.442222,0.121111,0.971524
2026-08-07T05:42:16+00:00,bid,RTX 5090,85,220,0.103222,0.268889,0.374815,0.481111,2.666944,0.401296,0.992255
2026-08-07T05:42:16+00:00,bid,RTX 5880Ada,8,14,0.267185,0.288315,0.297037,0.30637,0.335407,0.297037,0.99677
2026-08-07T05:42:16+00:00,bid,RTX 6000Ada,21,45,0.137778,0.400278,0.402222,0.468889,0.774444,0.435,0.996741
2026-08-07T05:42:16+00:00,bid,RTX A2000,1,1,0.400148,0.400148,0.400148,0.400148,0.400148,,0.994388
2026-08-07T05:42:16+00:00,bid,RTX A4000,9,57,0.058222,0.106852,0.107037,0.133556,0.133611,,0.97131
2026-08-07T05:42:16+00:00,bid,RTX A4500,2,2,0.081185,0.081185,0.081185,0.081185,0.081185,,0.959176
2026-08-07T05:42:16+00:00,bid,RTX A5000,8,19,0.108519,0.197831,0.227593,0.334259,0.334815,0.226984,0.99815
2026-08-07T05:42:16+00:00,bid,RTX A6000,7,18,0.202593,0.287937,0.334074,0.334444,0.335556,,0.992933
2026-08-07T05:42:16+00:00,bid,RTX PRO 4000,12,24,0.068889,0.198148,0.234617,0.27363,0.370815,0.234617,0.991159
2026-08-07T05:42:16+00:00,bid,RTX PRO 4500,3,3,0.188889,0.201852,0.214815,0.242593,0.27037,0.22963,0.996811
2026-08-07T05:42:16+00:00,bid,RTX PRO 5000,22,42,0.135926,0.400463,0.4675,0.468889,0.537037,0.467778,0.988459
2026-08-07T05:42:16+00:00,bid,RTX PRO 6000 S,24,50,0.352667,0.451917,1.001667,1.06963,2.935556,1.067407,0.997128
2026-08-07T05:42:16+00:00,bid,RTX PRO 6000 WS,19,33,0.535556,0.667407,0.734815,0.869259,1.337037,0.733778,0.994897
2026-08-07T05:42:16+00:00,bid,Tesla P100,3,4,0.041481,0.087963,0.134444,0.135,0.135556,0.135,0.992828
2026-08-07T05:42:16+00:00,bid,Tesla T4,3,4,3.400741,3.401111,3.401481,3.401481,3.401481,,0.972409
2026-08-07T05:42:16+00:00,bid,Tesla V100,14,26,0.027222,0.088889,0.0955,0.104778,0.162222,0.107407,0.994749
2026-08-07T05:42:16+00:00,bid,Titan RTX,6,15,0.094444,0.107639,0.118704,0.129546,0.134444,0.108889,0.991154
2026-08-07T05:42:16+00:00,bid,Titan Xp,3,7,0.040556,0.040833,0.041111,0.041667,0.042222,0.041111,0.996266
2026-08-07T05:47:16+00:00,on-demand,A100 PCIE,17,50,0.266944,0.707963,1.000556,1.053611,2.002963,0.804519,0.995671
2026-08-07T05:47:16+00:00,on-demand,A100 SXM4,23,60,0.468889,0.800741,0.934074,1.068667,1.601296,1.067472,0.994444
2026-08-07T05:47:16+00:00,on-demand,A800 PCIE,2,5,0.667222,0.667639,0.668056,0.668472,0.668889,,0.994711
2026-08-07T05:47:16+00:00,on-demand,B200,9,30,5.002083,5.565104,5.625174,6.239757,7.752083,5.625174,0.997348
2026-08-07T05:47:16+00:00,on-demand,B300,7,29,8.125521,8.438368,10.000694,10.002083,10.005556,8.126042,0.965519
2026-08-07T05:47:16+00:00,on-demand,CMP 170HX,7,24,0.236833,0.2385,0.242667,0.334074,0.935556,0.935556,0.947744
2026-08-07T05:47:16+00:00,on-demand,GTX 1050 Ti,1,1,0.611111,0.611111,0.611111,0.611111,0.611111,,0.988452
2026-08-07T05:47:16+00:00,on-demand,GTX 1060,2,2,0.088889,0.152778,0.216667,0.280556,0.344444,0.088889,0.996873
2026-08-07T05:47:16+00:00,on-demand,GTX 1070,1,1,0.531111,0.531111,0.531111,0.531111,0.531111,0.531111,0.993414
2026-08-07T05:47:16+00:00,on-demand,GTX 1080,6,16,0.027778,0.033389,0.049407,0.049843,0.050222,0.049796,0.989442
2026-08-07T05:47:16+00:00,on-demand,GTX 1080 Ti,6,17,0.042222,0.060694,0.062444,0.064611,0.073651,0.063778,0.997397
2026-08-07T05:47:16+00:00,on-demand,GTX 1650 S,1,1,0.677778,0.677778,0.677778,0.677778,0.677778,,0.991803
2026-08-07T05:47:16+00:00,on-demand,GTX 1660,2,3,0.068519,0.220833,0.373148,0.525463,0.677778,0.373148,0.996854
2026-08-07T05:47:16+00:00,on-demand,GTX 1660 S,3,7,0.033889,0.034167,0.034444,0.242778,0.451111,,0.95662
2026-08-07T05:47:16+00:00,on-demand,GTX TITAN X,1,1,0.028889,0.028889,0.028889,0.028889,0.028889,,0.995651
2026-08-07T05:47:16+00:00,on-demand,H100 NVL,4,8,2.401111,2.541944,2.628519,2.767972,3.067444,2.828167,0.992424
2026-08-07T05:47:16+00:00,on-demand,H100 PCIE,3,11,1.431111,1.582296,1.733481,1.867296,2.001111,1.733481,0.99899
2026-08-07T05:47:16+00:00,on-demand,H100 SXM,14,38,1.734444,2.276722,2.301665,3.034611,3.528278,3.001222,0.99434
2026-08-07T05:47:16+00:00,on-demand,H200,11,44,3.935673,4.080592,4.145285,4.145833,4.474232,4.113213,0.997798
2026-08-07T05:47:16+00:00,on-demand,H200 NVL,10,23,2.401481,2.884167,2.947787,3.342889,4.909778,3.896778,0.997425
2026-08-07T05:47:16+00:00,on-demand,L4,2,3,0.255556,0.275278,0.295,0.314722,0.334444,0.334444,0.993687
2026-08-07T05:47:16+00:00,on-demand,L40,1,1,0.577778,0.577778,0.577778,0.577778,0.577778,0.577778,0.988505
2026-08-07T05:47:16+00:00,on-demand,L40S,11,39,0.466852,0.467037,0.733704,0.935,1.074074,0.935,0.99581
2026-08-07T05:47:16+00:00,on-demand,Q RTX 6000,1,4,0.133704,0.133704,0.133704,0.133704,0.133704,0.133704,0.999271
2026-08-07T05:47:16+00:00,on-demand,Q RTX 8000,3,4,0.241111,0.247593,0.254074,0.254444,0.254815,0.254074,0.998324
2026-08-07T05:47:16+00:00,on-demand,Quadro P4000,2,3,0.040741,0.040926,0.041111,0.041296,0.041481,,0.96441
2026-08-07T05:47:16+00:00,on-demand,RTX 2060,2,3,0.052593,0.142222,0.231852,0.321481,0.411111,0.411111,0.986662
2026-08-07T05:47:16+00:00,on-demand,RTX 2060S,3,7,0.042222,0.0546,0.066978,0.067133,0.067289,0.067133,0.995039
2026-08-07T05:47:16+00:00,on-demand,RTX 2070,2,11,0.054444,0.057541,0.060638,0.063735,0.066831,0.054444,0.992877
2026-08-07T05:47:16+00:00,on-demand,RTX 2070S,4,23,0.066831,0.066847,0.066944,0.06713,0.067407,,0.987705
2026-08-07T05:47:16+00:00,on-demand,RTX 2080 Ti,6,15,0.055185,0.068889,0.07125,0.079792,0.134815,0.077731,0.994509
2026-08-07T05:47:16+00:00,on-demand,RTX 2080S,1,1,0.744444,0.744444,0.744444,0.744444,0.744444,0.744444,0.973682
2026-08-07T05:47:16+00:00,on-demand,RTX 3050,1,1,1.322222,1.322222,1.322222,1.322222,1.322222,,0.976403
2026-08-07T05:47:16+00:00,on-demand,RTX 3060,8,28,0.022222,0.052843,0.06213,0.220278,1.334815,0.053519,0.990094
2026-08-07T05:47:16+00:00,on-demand,RTX 3060 Ti,2,2,0.055556,0.322222,0.588889,0.855556,1.122222,1.122222,0.998124
2026-08-07T05:47:16+00:00,on-demand,RTX 3060 laptop,5,14,0.026685,0.026815,0.041111,0.042222,0.070815,0.070815,0.99877
2026-08-07T05:47:16+00:00,on-demand,RTX 3070,8,27,0.041111,0.060972,0.074583,0.112819,0.131556,0.080278,0.99264
2026-08-07T05:47:16+00:00,on-demand,RTX 3080,14,45,0.048889,0.063935,0.097833,0.131181,0.268889,0.113556,0.99508
2026-08-07T05:47:16+00:00,on-demand,RTX 3080 Ti,3,4,0.128889,0.131667,0.134444,0.135,0.135556,0.135,0.99913
2026-08-07T05:47:16+00:00,on-demand,RTX 3090,33,91,0.08037,0.134444,0.173611,0.232326,2.001111,0.207383,0.990988
2026-08-07T05:47:16+00:00,on-demand,RTX 4060,3,6,0.05363,0.057704,0.061778,1.369778,2.677778,0.061778,0.985054
2026-08-07T05:47:16+00:00,on-demand,RTX 4060 Ti,6,14,0.068889,0.080694,0.081667,0.099944,0.121111,0.105852,0.989268
2026-08-07T05:47:16+00:00,on-demand,RTX 4070,6,18,0.080556,0.081944,0.089167,0.094306,0.172889,0.093889,0.995516
2026-08-07T05:47:16+00:00,on-demand,RTX 4070 Ti,9,18,0.094259,0.102222,0.134444,0.135556,0.282444,0.09963,0.992057
2026-08-07T05:47:16+00:00,on-demand,RTX 4070S,2,9,0.083704,0.086412,0.08912,0.091829,0.094537,0.08912,0.992604
2026-08-07T05:47:16+00:00,on-demand,RTX 4070S Ti,8,27,0.120741,0.150444,0.224,0.247639,1.331111,0.246889,0.998238
2026-08-07T05:47:16+00:00,on-demand,RTX 4080,10,19,0.123704,0.140889,0.177056,0.188287,0.268889,0.150796,0.99115
2026-08-07T05:47:16+00:00,on-demand,RTX 4080S,12,35,0.08037,0.138463,0.15017,0.17013,0.195407,0.160556,0.987591
2026-08-07T05:47:16+00:00,on-demand,RTX 4090,50,210,0.135556,0.347469,0.401019,0.555648,1.280556,0.535407,0.995059
2026-08-07T05:47:16+00:00,on-demand,RTX 4090D,10,26,0.160185,0.160926,0.330444,0.600787,0.668889,0.401481,0.970859
2026-08-07T05:47:16+00:00,on-demand,RTX 4500Ada,1,1,1.268889,1.268889,1.268889,1.268889,1.268889,,0.926809
2026-08-07T05:47:16+00:00,on-demand,RTX 5000Ada,2,3,0.427778,0.428056,0.428333,0.428611,0.428889,0.428333,0.997074
2026-08-07T05:47:16+00:00,on-demand,RTX 5060,3,3,0.07037,0.072963,0.075556,0.105556,0.135556,0.07037,0.994302
2026-08-07T05:47:16+00:00,on-demand,RTX 5060 Ti,17,67,0.066944,0.094444,0.113704,0.174519,0.227407,0.135185,0.994498
2026-08-07T05:47:16+00:00,on-demand,RTX 5060 laptop,1,1,0.135556,0.135556,0.135556,0.135556,0.135556,,0.97099
2026-08-07T05:47:16+00:00,on-demand,RTX 5070,8,11,0.012222,0.102222,0.115741,0.188444,0.360444,0.142778,0.996791
2026-08-07T05:47:16+00:00,on-demand,RTX 5070 Ti,11,21,0.108889,0.135,0.162222,0.200648,0.202222,0.168056,0.996483
2026-08-07T05:47:16+00:00,on-demand,RTX 5080,18,60,0.14787,0.178056,0.24087,0.383634,1.775556,0.254259,0.986555
2026-08-07T05:47:16+00:00,on-demand,RTX 5090,46,155,0.212889,0.423557,0.636296,0.801458,5.986944,0.733889,0.995913
2026-08-07T05:47:16+00:00,on-demand,RTX 5880Ada,3,7,0.413852,0.507852,0.601852,0.602778,0.603704,0.601852,0.995213
2026-08-07T05:47:16+00:00,on-demand,RTX 6000Ada,7,28,0.600278,0.629907,0.680556,0.687361,0.708889,0.669907,0.996913
2026-08-07T05:47:16+00:00,on-demand,RTX A2000,3,4,0.034074,0.035111,0.036148,0.264815,0.493481,,0.995214
2026-08-07T05:47:16+00:00,on-demand,RTX A4000,9,51,0.067037,0.080741,0.133519,0.133827,0.153611,,0.97131
2026-08-07T05:47:16+00:00,on-demand,RTX A4500,2,2,0.114519,0.404593,0.694667,0.984741,1.274815,,0.978639
2026-08-07T05:47:16+00:00,on-demand,RTX A5000,4,17,0.230984,0.231079,0.231259,0.2315,0.231778,0.231259,0.998035
2026-08-07T05:47:16+00:00,on-demand,RTX A6000,8,31,0.400317,0.400694,0.401667,1.200347,1.334444,,0.992933
2026-08-07T05:47:16+00:00,on-demand,RTX PRO 4000,9,14,0.242963,0.254444,0.301852,0.321481,0.534815,0.301852,0.986635
2026-08-07T05:47:16+00:00,on-demand,RTX PRO 4500,2,2,0.294815,0.307037,0.319259,0.331481,0.343704,0.343704,0.881494
2026-08-07T05:47:16+00:00,on-demand,RTX PRO 5000,10,25,0.565185,0.640231,0.70125,0.785278,0.944148,0.668889,0.996529
2026-08-07T05:47:16+00:00,on-demand,RTX PRO 6000 S,13,46,0.866685,1.001481,1.600556,1.734074,3.068889,1.667407,0.997128
2026-08-07T05:47:16+00:00,on-demand,RTX PRO 6000 WS,14,28,0.935556,1.005556,1.397778,1.56125,13.335556,1.458519,0.990877
2026-08-07T05:47:16+00:00,on-demand,Tesla P100,4,6,0.054815,0.074815,0.141296,0.201389,0.202222,0.201111,0.992828
2026-08-07T05:47:16+00:00,on-demand,Tesla P40,2,2,0.033334,0.075556,0.117778,0.16,0.202222,,0.974104
2026-08-07T05:47:16+00:00,on-demand,Tesla T4,2,3,12.000741,12.000926,12.001111,12.001296,12.001481,,0.972409
2026-08-07T05:47:16+00:00,on-demand,Tesla V100,11,23,0.027222,0.034722,0.042222,0.151389,0.335556,0.135556,0.992089
2026-08-07T05:47:16+00:00,on-demand,Titan RTX,4,6,0.135185,0.136574,0.149074,0.161389,0.162222,0.161667,0.996424
2026-08-07T05:47:16+00:00,on-demand,Titan V,1,1,0.095556,0.095556,0.095556,0.095556,0.095556,0.095556,0.997699
2026-08-07T05:47:16+00:00,on-demand,Titan Xp,3,7,0.060556,0.060833,0.061111,0.061667,0.062222,0.061111,0.996266
2026-08-07T05:47:16+00:00,bid,A100 PCIE,26,46,0.133889,0.134722,0.135556,0.490764,0.588889,0.135556,0.992532
2026-08-07T05:47:16+00:00,bid,A100 SXM4,37,75,0.130316,0.468889,0.602593,0.811778,0.986944,0.600648,0.988953
2026-08-07T05:47:16+00:00,bid,A800 PCIE,5,10,0.129889,0.130444,0.130444,0.131556,0.131556,,0.994711
2026-08-07T05:47:16+00:00,bid,B200,22,120,4.375174,5.000434,5.001302,5.002604,7.377083,5.001302,0.989133
2026-08-07T05:47:16+00:00,bid,B300,8,31,3.75026,5.001215,5.004167,5.625651,5.626042,5.626042,0.965519
2026-08-07T05:47:16+00:00,bid,CMP 170HX,9,30,0.234167,0.24,0.253889,0.254444,0.668889,0.668889,0.963757
2026-08-07T05:47:16+00:00,bid,GTX 1050 Ti,1,1,0.024444,0.024444,0.024444,0.024444,0.024444,,0.988452
2026-08-07T05:47:16+00:00,bid,GTX 1060,1,1,0.031111,0.031111,0.031111,0.031111,0.031111,,0.994426
2026-08-07T05:47:16+00:00,bid,GTX 1070,1,1,0.024444,0.024444,0.024444,0.024444,0.024444,0.024444,0.993414
2026-08-07T05:47:16+00:00,bid,GTX 1070 Ti,1,1,0.042222,0.042222,0.042222,0.042222,0.042222,0.042222,0.994016
2026-08-07T05:47:16+00:00,bid,GTX 1080,3,9,0.014815,0.027593,0.04037,0.040741,0.041111,0.040741,0.993151
2026-08-07T05:47:16+00:00,bid,GTX 1080 Ti,7,20,0.026222,0.040833,0.041111,0.047937,0.054074,0.041667,0.996027
2026-08-07T05:47:16+00:00,bid,GTX 1650 S,1,1,0.04,0.04,0.04,0.04,0.04,,0.991803
2026-08-07T05:47:16+00:00,bid,GTX 1660,1,1,0.037778,0.037778,0.037778,0.037778,0.037778,0.037778,0.996492
2026-08-07T05:47:16+00:00,bid,GTX 1660 S,1,1,0.031111,0.031111,0.031111,0.031111,0.031111,,0.971337
2026-08-07T05:47:16+00:00,bid,GTX 1660 Ti,2,2,0.037778,0.042778,0.047778,0.052778,0.057778,0.047778,0.993069
2026-08-07T05:47:16+00:00,bid,H100 NVL,6,10,0.404889,0.934722,1.135556,1.535,2.000778,1.601481,0.942333
2026-08-07T05:47:16+00:00,bid,H100 PCIE,4,13,0.347778,0.356278,0.77963,1.267417,1.469222,0.77963,0.995079
2026-08-07T05:47:16+00:00,bid,H100 SXM,19,57,0.434444,0.505926,2.068,2.349444,4.002222,2.601667,0.990609
2026-08-07T05:47:16+00:00,bid,H200,20,90,1.934485,3.098629,3.817251,3.948054,6.152403,3.847058,0.998146
2026-08-07T05:47:16+00:00,bid,H200 NVL,18,39,0.535556,1.006667,1.336333,1.339444,3.202222,1.171444,0.997425
2026-08-07T05:47:16+00:00,bid,L4,3,5,0.134444,0.175,0.215556,0.268333,0.321111,0.227778,0.997
2026-08-07T05:47:16+00:00,bid,L40,2,2,0.471111,0.471111,0.471111,0.471111,0.471111,0.471111,0.988505
2026-08-07T05:47:16+00:00,bid,L40S,22,58,0.20037,0.333889,0.538889,0.540741,0.774815,0.540741,0.998728
2026-08-07T05:47:16+00:00,bid,Q RTX 8000,1,1,0.027778,0.027778,0.027778,0.027778,0.027778,0.027778,0.99894
2026-08-07T05:47:16+00:00,bid,Quadro P4000,1,1,0.03437,0.03437,0.03437,0.03437,0.03437,,0.997764
2026-08-07T05:47:16+00:00,bid,RTX 2060,4,6,0.027259,0.030148,0.036111,0.114722,0.335556,0.041111,0.99289
2026-08-07T05:47:16+00:00,bid,RTX 2060S,3,7,0.046978,0.047133,0.047289,0.085496,0.123704,0.047289,0.995039
2026-08-07T05:47:16+00:00,bid,RTX 2070,2,11,0.041111,0.044208,0.047305,0.050401,0.053498,0.041111,0.992877
2026-08-07T05:47:16+00:00,bid,RTX 2070S,5,27,0.053498,0.053519,0.053704,0.053704,0.054074,,0.987705
2026-08-07T05:47:16+00:00,bid,RTX 2080 Ti,6,14,0.037778,0.043796,0.057731,0.097847,0.121481,0.087546,0.994997
2026-08-07T05:47:16+00:00,bid,RTX 2080S,1,1,0.037778,0.037778,0.037778,0.037778,0.037778,0.037778,0.973682
2026-08-07T05:47:16+00:00,bid,RTX 3050,1,1,1.068889,1.068889,1.068889,1.068889,1.068889,,0.976403
2026-08-07T05:47:16+00:00,bid,RTX 3060,13,48,0.025111,0.041111,0.045519,0.053889,0.13437,0.091278,0.989203
2026-08-07T05:47:16+00:00,bid,RTX 3060 Ti,1,1,0.988889,0.988889,0.988889,0.988889,0.988889,0.988889,0.998788
2026-08-07T05:47:16+00:00,bid,RTX 3060 laptop,5,14,0.013352,0.013481,0.038444,0.066815,0.066963,0.066889,0.997589
2026-08-07T05:47:16+00:00,bid,RTX 3070,7,23,0.040278,0.054167,0.078444,0.094167,0.135556,0.078444,0.997143
2026-08-07T05:47:16+00:00,bid,RTX 3080,10,25,0.061481,0.071472,0.099074,0.127639,0.240332,0.133889,0.992772
2026-08-07T05:47:16+00:00,bid,RTX 3080 Ti,5,6,0.055556,0.088889,0.108889,0.154444,0.155556,0.154444,0.993605
2026-08-07T05:47:16+00:00,bid,RTX 3090,55,134,0.014815,0.070417,0.107778,0.134815,0.367407,0.133889,0.992596
2026-08-07T05:47:16+00:00,bid,RTX 4060,1,1,0.083704,0.083704,0.083704,0.083704,0.083704,0.083704,0.998553
2026-08-07T05:47:16+00:00,bid,RTX 4060 Ti,5,14,0.039778,0.075778,0.100519,0.101037,0.107222,0.100778,0.998412
2026-08-07T05:47:16+00:00,bid,RTX 4070,10,24,0.040741,0.067361,0.0715,0.081056,0.162222,0.079667,0.995389
2026-08-07T05:47:16+00:00,bid,RTX 4070 Ti,6,11,0.042111,0.062037,0.095185,0.207639,0.241111,0.095185,0.992057
2026-08-07T05:47:16+00:00,bid,RTX 4070S,4,18,0.076296,0.079977,0.081204,0.121458,0.242222,0.07875,0.977014
2026-08-07T05:47:16+00:00,bid,RTX 4070S Ti,15,46,0.094444,0.107556,0.200278,0.201111,1.211111,0.200278,0.999323
2026-08-07T05:47:16+00:00,bid,RTX 4080,15,28,0.068148,0.133852,0.135556,0.167444,0.255556,0.150519,0.995409
2026-08-07T05:47:16+00:00,bid,RTX 4080S,9,17,0.102963,0.134815,0.161778,0.187704,0.240519,0.187444,0.989809
2026-08-07T05:47:16+00:00,bid,RTX 4090,81,252,0.122222,0.240123,0.333778,0.403704,1.200556,0.375556,0.995807
2026-08-07T05:47:16+00:00,bid,RTX 4090D,14,34,0.053704,0.054102,0.054815,0.520454,0.606222,0.268148,0.970859
2026-08-07T05:47:16+00:00,bid,RTX 4500Ada,1,1,0.468889,0.468889,0.468889,0.468889,0.468889,,0.926809
2026-08-07T05:47:16+00:00,bid,RTX 5000Ada,3,4,0.268889,0.295,0.321111,0.321667,0.322222,0.321111,0.997074
2026-08-07T05:47:16+00:00,bid,RTX 5060,3,3,0.028148,0.061852,0.095556,0.095556,0.095556,,0.994183
2026-08-07T05:47:16+00:00,bid,RTX 5060 Ti,23,69,0.037185,0.068148,0.094444,0.134815,0.218222,0.113981,0.99384
2026-08-07T05:47:16+00:00,bid,RTX 5070,12,15,0.043704,0.059,0.078056,0.145444,0.200444,0.126222,0.994113
2026-08-07T05:47:16+00:00,bid,RTX 5070 Ti,10,15,0.082222,0.108056,0.108889,0.135278,0.162963,0.134444,0.996041
2026-08-07T05:47:16+00:00,bid,RTX 5080,18,42,0.015556,0.124468,0.145,0.167528,0.442222,0.148889,0.971524
2026-08-07T05:47:16+00:00,bid,RTX 5090,80,204,0.103222,0.26725,0.373889,0.439741,2.666944,0.349407,0.996063
2026-08-07T05:47:16+00:00,bid,RTX 5880Ada,8,14,0.267185,0.288315,0.297037,0.30637,0.335407,0.297037,0.99677
2026-08-07T05:47:16+00:00,bid,RTX 6000Ada,17,40,0.137778,0.388889,0.401111,0.467778,0.74963,0.402222,0.996741
2026-08-07T05:47:16+00:00,bid,RTX A2000,2,2,0.03037,0.122815,0.215259,0.307704,0.400148,0.03037,0.996322
2026-08-07T05:47:16+00:00,bid,RTX A4000,9,49,0.057111,0.067259,0.106852,0.10716,0.133611,,0.97131
2026-08-07T05:47:16+00:00,bid,RTX A4500,2,2,0.081185,0.081185,0.081185,0.081185,0.081185,,0.959176
2026-08-07T05:47:16+00:00,bid,RTX A5000,6,20,0.108519,0.132963,0.213862,0.227302,0.230999,0.213862,0.99815
2026-08-07T05:47:16+00:00,bid,RTX A6000,5,14,0.303556,0.333651,0.334074,0.334444,0.335556,,0.992933
2026-08-07T05:47:16+00:00,bid,RTX PRO 4000,13,25,0.068889,0.227407,0.240494,0.242222,0.370815,0.240494,0.99261
2026-08-07T05:47:16+00:00,bid,RTX PRO 4500,3,3,0.188889,0.201852,0.214815,0.242593,0.27037,0.22963,0.996811
2026-08-07T05:47:16+00:00,bid,RTX PRO 5000,22,44,0.165185,0.400463,0.435,0.498431,0.537037,0.467778,0.989915
2026-08-07T05:47:16+00:00,bid,RTX PRO 6000 S,23,48,0.352667,0.402722,1.000278,1.067778,2.935556,1.001111,0.996852
2026-08-07T05:47:16+00:00,bid,RTX PRO 6000 WS,18,33,0.535556,0.667778,0.801111,1.002778,1.337037,0.800741,0.995461
2026-08-07T05:47:16+00:00,bid,Tesla P100,4,5,0.041481,0.111204,0.135,0.135556,0.135556,0.135556,0.992828
2026-08-07T05:47:16+00:00,bid,Tesla T4,3,4,3.400741,3.401111,3.401481,3.401481,3.401481,,0.972409
2026-08-07T05:47:16+00:00,bid,Tesla V100,14,29,0.027222,0.090472,0.096889,0.133167,0.162222,0.133704,0.994749
2026-08-07T05:47:16+00:00,bid,Titan RTX,7,17,0.094444,0.1075,0.108889,0.129204,0.134444,0.108333,0.99434
2026-08-07T05:47:16+00:00,bid,Titan Xp,3,7,0.040556,0.040833,0.041111,0.041667,0.042222,0.041111,0.996266
2026-08-07T05:52:17+00:00,on-demand,A100 PCIE,16,47,0.266944,0.598194,0.891,1.053819,2.002963,0.74637,0.989821
2026-08-07T05:52:17+00:00,on-demand,A100 SXM4,22,58,0.468889,0.801481,0.934444,1.067806,1.475556,1.067083,0.996254
2026-08-07T05:52:17+00:00,on-demand,A800 PCIE,2,3,0.667778,0.668056,0.668333,0.668611,0.668889,,0.994711
2026-08-07T05:52:17+00:00,on-demand,B200,11,37,5.000521,5.073047,5.567708,6.062587,7.752083,5.567708,0.996322
2026-08-07T05:52:17+00:00,on-demand,B300,9,41,8.125521,8.75026,8.751389,10.001389,10.005556,8.438368,0.965519
2026-08-07T05:52:17+00:00,on-demand,CMP 170HX,7,26,0.236833,0.240167,0.333704,0.334167,0.935556,0.935556,0.963757
2026-08-07T05:52:17+00:00,on-demand,GTX 1050 Ti,1,1,0.611111,0.611111,0.611111,0.611111,0.611111,,0.988452
2026-08-07T05:52:17+00:00,on-demand,GTX 1060,2,2,0.088889,0.152778,0.216667,0.280556,0.344444,0.088889,0.996873
2026-08-07T05:52:17+00:00,on-demand,GTX 1070,1,1,0.531111,0.531111,0.531111,0.531111,0.531111,0.531111,0.993414
2026-08-07T05:52:17+00:00,on-demand,GTX 1080,5,12,0.027778,0.028148,0.051037,0.051556,0.051778,0.051556,0.993342
2026-08-07T05:52:17+00:00,on-demand,GTX 1080 Ti,6,17,0.042222,0.060694,0.063667,0.071794,0.074444,0.066222,0.997526
2026-08-07T05:52:17+00:00,on-demand,GTX 1650 S,1,1,0.677778,0.677778,0.677778,0.677778,0.677778,,0.991803
2026-08-07T05:52:17+00:00,on-demand,GTX 1660,1,1,0.677778,0.677778,0.677778,0.677778,0.677778,0.677778,0.996492
2026-08-07T05:52:17+00:00,on-demand,GTX 1660 S,2,7,0.033704,0.138056,0.242407,0.346759,0.451111,,0.963978
2026-08-07T05:52:17+00:00,on-demand,GTX 1660 Ti,1,1,0.611111,0.611111,0.611111,0.611111,0.611111,0.611111,0.991538
2026-08-07T05:52:17+00:00,on-demand,GTX TITAN X,1,1,0.028889,0.028889,0.028889,0.028889,0.028889,,0.99567
2026-08-07T05:52:17+00:00,on-demand,H100 NVL,5,9,2.401111,2.642222,2.668148,2.935556,3.067444,2.935556,0.98505
2026-08-07T05:52:17+00:00,on-demand,H100 PCIE,4,15,1.431111,1.657889,1.80063,1.900972,2.000556,1.80063,0.995079
2026-08-07T05:52:17+00:00,on-demand,H100 SXM,15,45,1.601481,1.735,2.298888,3.001222,4.774444,2.934444,0.994922
2026-08-07T05:52:17+00:00,on-demand,H200,11,44,3.935673,4.113213,4.145833,4.342928,7.237929,4.178454,0.99813
2026-08-07T05:52:17+00:00,on-demand,H200 NVL,11,29,2.800278,2.885,3.467407,4.004667,4.869778,3.876778,0.997425
2026-08-07T05:52:17+00:00,on-demand,L4,3,5,0.255556,0.295,0.334444,0.334444,0.334444,0.334444,0.997
2026-08-07T05:52:17+00:00,on-demand,L40,2,3,0.575556,0.576111,0.576667,0.577222,0.577778,0.576667,0.988505
2026-08-07T05:52:17+00:00,on-demand,L40S,13,49,0.401111,0.467037,0.800741,1.068519,1.335556,1.067593,0.99581
2026-08-07T05:52:17+00:00,on-demand,Q RTX 6000,2,6,0.133704,0.133796,0.133889,0.133981,0.134074,0.133889,0.999271
2026-08-07T05:52:17+00:00,on-demand,Q RTX 8000,3,5,0.240556,0.247315,0.254074,0.254444,0.254815,0.254074,0.998324
2026-08-07T05:52:17+00:00,on-demand,Quadro P4000,3,4,0.040741,0.048148,0.055556,0.058296,0.061037,0.055556,0.997282
2026-08-07T05:52:17+00:00,on-demand,RTX 2060,2,3,0.052593,0.143333,0.234074,0.324815,0.415556,0.415556,0.986993
2026-08-07T05:52:17+00:00,on-demand,RTX 2060S,2,6,0.066978,0.067056,0.067133,0.067211,0.067289,0.067133,0.995039
2026-08-07T05:52:17+00:00,on-demand,RTX 2070,2,11,0.054444,0.057541,0.060638,0.063735,0.066831,0.054444,0.992877
2026-08-07T05:52:17+00:00,on-demand,RTX 2070S,2,12,0.066852,0.066898,0.066944,0.066991,0.067037,,0.987705
2026-08-07T05:52:17+00:00,on-demand,RTX 2080 Ti,6,14,0.068889,0.072056,0.07325,0.110069,0.811111,0.07325,0.995642
2026-08-07T05:52:17+00:00,on-demand,RTX 2080S,1,1,0.744444,0.744444,0.744444,0.744444,0.744444,0.744444,0.973682
2026-08-07T05:52:17+00:00,on-demand,RTX 3050,1,1,1.322222,1.322222,1.322222,1.322222,1.322222,,0.976403
2026-08-07T05:52:17+00:00,on-demand,RTX 3060,8,25,0.022222,0.052852,0.068056,0.842037,1.335556,0.694537,0.989451
2026-08-07T05:52:17+00:00,on-demand,RTX 3060 Ti,2,2,0.055556,0.322222,0.588889,0.855556,1.122222,1.122222,0.998124
2026-08-07T05:52:17+00:00,on-demand,RTX 3060 laptop,4,13,0.026685,0.037505,0.041667,0.04937,0.070815,,0.994279
2026-08-07T05:52:17+00:00,on-demand,RTX 3070,8,28,0.041111,0.070556,0.087731,0.107014,0.161852,0.095185,0.995576
2026-08-07T05:52:17+00:00,on-demand,RTX 3080,11,34,0.060278,0.078148,0.113556,0.141481,0.268889,0.113556,0.99508
2026-08-07T05:52:17+00:00,on-demand,RTX 3080 Ti,4,5,0.082222,0.121944,0.148704,0.162593,0.163704,0.148704,0.993902
2026-08-07T05:52:17+00:00,on-demand,RTX 3090,33,96,0.054074,0.134444,0.148889,0.251496,2.001111,0.20713,0.989596
2026-08-07T05:52:17+00:00,on-demand,RTX 4060,2,5,0.05363,0.056333,0.059037,0.061741,0.064444,,0.988816
2026-08-07T05:52:17+00:00,on-demand,RTX 4060 Ti,6,12,0.066222,0.081389,0.101667,0.135694,0.141111,0.140556,0.997747
2026-08-07T05:52:17+00:00,on-demand,RTX 4070,7,22,0.080556,0.084167,0.094444,0.133667,0.172889,0.095,0.997462
2026-08-07T05:52:17+00:00,on-demand,RTX 4070 Ti,9,18,0.088519,0.094259,0.134444,0.162222,0.282444,0.092315,0.991784
2026-08-07T05:52:17+00:00,on-demand,RTX 4070S,4,19,0.081852,0.087685,0.092083,0.094537,0.094537,0.08963,0.987638
2026-08-07T05:52:17+00:00,on-demand,RTX 4070S Ti,9,24,0.068889,0.122222,0.246944,0.247778,1.331111,0.247083,0.998027
2026-08-07T05:52:17+00:00,on-demand,RTX 4080,15,39,0.121852,0.147111,0.187593,0.241019,0.268889,0.166926,0.99037
2026-08-07T05:52:17+00:00,on-demand,RTX 4080S,11,34,0.08037,0.150356,0.161111,0.194889,0.260519,0.194111,0.989809
2026-08-07T05:52:17+00:00,on-demand,RTX 4090,51,208,0.256222,0.335556,0.433492,0.668889,1.337037,0.534815,0.995807
2026-08-07T05:52:17+00:00,on-demand,RTX 4090D,9,22,0.160185,0.160741,0.330074,0.401481,0.668889,0.401481,0.970859
2026-08-07T05:52:17+00:00,on-demand,RTX 4500Ada,1,1,1.268889,1.268889,1.268889,1.268889,1.268889,,0.926809
2026-08-07T05:52:17+00:00,on-demand,RTX 5000Ada,2,3,0.427778,0.431389,0.435,0.438611,0.442222,0.435,0.997765
2026-08-07T05:52:17+00:00,on-demand,RTX 5060,3,3,0.05363,0.062,0.07037,0.10963,0.148889,0.07037,0.994302
2026-08-07T05:52:17+00:00,on-demand,RTX 5060 Ti,16,58,0.066944,0.091019,0.114444,0.144796,0.178222,0.135185,0.99237
2026-08-07T05:52:17+00:00,on-demand,RTX 5070,7,10,0.012222,0.106296,0.114222,0.141389,0.267111,0.133889,0.994161
2026-08-07T05:52:17+00:00,on-demand,RTX 5070 Ti,10,21,0.121407,0.134259,0.148704,0.190833,0.202222,0.148704,0.996483
2026-08-07T05:52:17+00:00,on-demand,RTX 5080,17,44,0.147407,0.177778,0.257037,0.400556,1.775556,0.247685,0.991425
2026-08-07T05:52:17+00:00,on-demand,RTX 5090,42,144,0.212889,0.434797,0.593769,0.824981,5.986944,0.788032,0.996106
2026-08-07T05:52:17+00:00,on-demand,RTX 5880Ada,3,7,0.413852,0.507852,0.601852,0.602778,0.603704,0.601852,0.995213
2026-08-07T05:52:17+00:00,on-demand,RTX 6000Ada,9,31,0.600278,0.601037,0.659259,0.684444,0.787778,0.630667,0.998318
2026-08-07T05:52:17+00:00,on-demand,RTX A2000,4,5,0.034074,0.03563,0.036148,0.150481,0.493481,,0.995214
2026-08-07T05:52:17+00:00,on-demand,RTX A4000,7,42,0.068148,0.096074,0.133468,0.140296,0.146944,,0.97131
2026-08-07T05:52:17+00:00,on-demand,RTX A4500,2,2,0.121185,0.409593,0.698,0.986407,1.274815,,0.978641
2026-08-07T05:52:17+00:00,on-demand,RTX A5000,4,13,0.230984,0.231302,0.232148,0.241889,0.268889,0.232148,0.99815
2026-08-07T05:52:17+00:00,on-demand,RTX A6000,8,28,0.308889,0.400635,0.800694,1.200694,1.335556,,0.987587
2026-08-07T05:52:17+00:00,on-demand,RTX PRO 4000,8,12,0.254074,0.266481,0.302778,0.37463,0.534815,0.302778,0.989477
2026-08-07T05:52:17+00:00,on-demand,RTX PRO 4500,2,2,0.294815,0.307037,0.319259,0.331481,0.343704,0.343704,0.881494
2026-08-07T05:52:17+00:00,on-demand,RTX PRO 5000,6,18,0.601111,0.733681,0.734167,0.785278,0.881481,0.733889,0.988459
2026-08-07T05:52:17+00:00,on-demand,RTX PRO 6000 S,16,57,0.866685,1.267569,1.486296,1.733796,3.068889,1.602222,0.998033
2026-08-07T05:52:17+00:00,on-demand,RTX PRO 6000 WS,15,30,0.735556,1.008889,1.47037,1.594909,13.335556,1.528981,0.992958
2026-08-07T05:52:17+00:00,on-demand,Tesla P100,3,4,0.054815,0.068148,0.081481,0.141852,0.202222,0.141852,0.992828
2026-08-07T05:52:17+00:00,on-demand,Tesla P40,2,2,0.033334,0.075556,0.117778,0.16,0.202222,,0.974104
2026-08-07T05:52:17+00:00,on-demand,Tesla T4,2,3,12.000741,12.000926,12.001111,12.001296,12.001481,,0.972409
2026-08-07T05:52:17+00:00,on-demand,Tesla V100,11,23,0.027222,0.034722,0.042222,0.158352,0.335556,0.149481,0.994749
2026-08-07T05:52:17+00:00,on-demand,Titan RTX,4,9,0.135185,0.15463,0.161667,0.171806,0.200556,0.161667,0.996358
2026-08-07T05:52:17+00:00,on-demand,Titan Xp,3,7,0.060556,0.060833,0.061111,0.061667,0.062222,0.061111,0.996266
2026-08-07T05:52:17+00:00,bid,A100 PCIE,29,48,0.133889,0.135556,0.201481,0.587778,0.588889,0.135556,0.98609
2026-08-07T05:52:17+00:00,bid,A100 SXM4,34,74,0.130316,0.418889,0.601944,0.809389,0.986944,0.568102,0.981871
2026-08-07T05:52:17+00:00,bid,A800 PCIE,6,11,0.129889,0.130444,0.131,0.131556,0.131556,,0.994711
2026-08-07T05:52:17+00:00,bid,B200,11,44,4.375174,4.906771,5.001302,5.003906,7.377083,5.001302,0.995007
2026-08-07T05:52:17+00:00,bid,B300,8,30,3.75026,5.001215,5.004167,5.160547,5.626042,5.625781,0.965519
2026-08-07T05:52:17+00:00,bid,CMP 170HX,9,30,0.234167,0.24,0.253889,0.254444,0.668889,0.668889,0.963757
2026-08-07T05:52:17+00:00,bid,GTX 1050 Ti,1,1,0.024444,0.024444,0.024444,0.024444,0.024444,,0.988452
2026-08-07T05:52:17+00:00,bid,GTX 1060,1,1,0.031111,0.031111,0.031111,0.031111,0.031111,,0.994426
2026-08-07T05:52:17+00:00,bid,GTX 1070,1,1,0.024444,0.024444,0.024444,0.024444,0.024444,0.024444,0.993414
2026-08-07T05:52:17+00:00,bid,GTX 1080,5,16,0.0144,0.04037,0.04037,0.041111,0.042222,0.040741,0.995417
2026-08-07T05:52:17+00:00,bid,GTX 1080 Ti,9,28,0.026222,0.040556,0.041111,0.053651,0.054074,0.041667,0.997391
2026-08-07T05:52:17+00:00,bid,GTX 1650 S,1,1,0.04,0.04,0.04,0.04,0.04,,0.991803
2026-08-07T05:52:17+00:00,bid,GTX 1660,1,1,0.037778,0.037778,0.037778,0.037778,0.037778,0.037778,0.996492
2026-08-07T05:52:17+00:00,bid,GTX 1660 S,1,1,0.031111,0.031111,0.031111,0.031111,0.031111,,0.971337
2026-08-07T05:52:17+00:00,bid,GTX 1660 Ti,2,3,0.037778,0.039185,0.040593,0.042,0.043407,0.040593,0.987026
2026-08-07T05:52:17+00:00,bid,H100 NVL,6,10,0.934444,0.935556,1.268519,1.602037,2.000778,1.602222,0.943569
2026-08-07T05:52:17+00:00,bid,H100 PCIE,4,13,0.347778,0.356278,0.77963,1.267417,1.469222,0.77963,0.995079
2026-08-07T05:52:17+00:00,bid,H100 SXM,15,39,0.502963,1.535407,2.072,2.161667,4.001111,2.072,0.990609
2026-08-07T05:52:17+00:00,bid,H200,12,46,1.934759,2.457785,3.585581,3.894764,6.151859,3.684759,0.997763
2026-08-07T05:52:17+00:00,bid,H200 NVL,19,39,0.535556,1.005,1.336222,1.339555,3.201111,1.171444,0.992198
2026-08-07T05:52:17+00:00,bid,L4,5,6,0.081481,0.134444,0.201481,0.215556,0.322222,0.201481,0.997
2026-08-07T05:52:17+00:00,bid,L40,2,2,0.471111,0.471111,0.471111,0.471111,0.471111,0.471111,0.988505
2026-08-07T05:52:17+00:00,bid,L40S,24,75,0.20037,0.333704,0.537037,0.540741,0.774815,0.540741,0.998856
2026-08-07T05:52:17+00:00,bid,Q RTX 8000,2,3,0.027556,0.027611,0.027667,0.027722,0.027778,0.027667,0.99894
2026-08-07T05:52:17+00:00,bid,Quadro P4000,1,1,0.03437,0.03437,0.03437,0.03437,0.03437,,0.997764
2026-08-07T05:52:17+00:00,bid,RTX 2060,4,6,0.027259,0.030148,0.036111,0.114722,0.335556,0.041111,0.99289
2026-08-07T05:52:17+00:00,bid,RTX 2060S,4,9,0.046978,0.047211,0.047289,0.066393,0.123704,0.047289,0.995039
2026-08-07T05:52:17+00:00,bid,RTX 2070,2,11,0.041111,0.044208,0.047305,0.050401,0.053498,0.041111,0.992877
2026-08-07T05:52:17+00:00,bid,RTX 2070S,5,27,0.053498,0.053519,0.053704,0.053704,0.054074,,0.987705
2026-08-07T05:52:17+00:00,bid,RTX 2080 Ti,6,15,0.037778,0.053125,0.067361,0.0695,0.121481,0.068926,0.997432
2026-08-07T05:52:17+00:00,bid,RTX 2080S,1,1,0.037778,0.037778,0.037778,0.037778,0.037778,0.037778,0.973682
2026-08-07T05:52:17+00:00,bid,RTX 3050,1,1,1.068889,1.068889,1.068889,1.068889,1.068889,,0.976403
2026-08-07T05:52:17+00:00,bid,RTX 3060,15,51,0.025111,0.0455,0.053889,0.081481,0.13437,0.078148,0.990984
2026-08-07T05:52:17+00:00,bid,RTX 3060 Ti,2,2,0.07037,0.3,0.52963,0.759259,0.988889,0.52963,0.993228
2026-08-07T05:52:17+00:00,bid,RTX 3060 laptop,5,16,0.013352,0.013481,0.038444,0.066321,0.066815,0.066568,0.99877
2026-08-07T05:52:17+00:00,bid,RTX 3070,9,27,0.040278,0.040556,0.068519,0.07037,0.135556,0.068704,0.997143
2026-08-07T05:52:17+00:00,bid,RTX 3080,13,36,0.041111,0.066944,0.082222,0.133889,0.240415,0.134722,0.991826
2026-08-07T05:52:17+00:00,bid,RTX 3080 Ti,6,10,0.086704,0.098611,0.130833,0.155139,0.155556,0.153889,0.994568
2026-08-07T05:52:17+00:00,bid,RTX 3090,66,159,0.016296,0.080694,0.109259,0.136667,0.336296,0.134444,0.990573
2026-08-07T05:52:17+00:00,bid,RTX 4060,2,2,0.031111,0.044259,0.057407,0.070556,0.083704,0.083704,0.996113
2026-08-07T05:52:17+00:00,bid,RTX 4060 Ti,9,22,0.039778,0.075222,0.076889,0.100519,0.107222,0.100519,0.997127
2026-08-07T05:52:17+00:00,bid,RTX 4070,8,15,0.054444,0.064028,0.071778,0.103889,0.162222,0.082333,0.999108
2026-08-07T05:52:17+00:00,bid,RTX 4070 Ti,8,14,0.042111,0.085556,0.108889,0.240694,0.241111,0.108889,0.992057
2026-08-07T05:52:17+00:00,bid,RTX 4070S,6,28,0.071481,0.077523,0.081204,0.081204,0.242222,0.076296,0.977014
2026-08-07T05:52:17+00:00,bid,RTX 4070S Ti,16,38,0.094444,0.107056,0.200417,0.201389,1.211111,0.200417,0.998675
2026-08-07T05:52:17+00:00,bid,RTX 4080,23,54,0.068148,0.134056,0.137037,0.147407,0.255556,0.147037,0.994799
2026-08-07T05:52:17+00:00,bid,RTX 4080S,7,16,0.102963,0.154407,0.187185,0.214111,0.240519,0.187704,0.989179
2026-08-07T05:52:17+00:00,bid,RTX 4090,87,271,0.102099,0.190222,0.333611,0.403704,1.200556,0.374444,0.996073
2026-08-07T05:52:17+00:00,bid,RTX 4090D,15,36,0.053704,0.054815,0.055741,0.436352,0.606222,0.268148,0.970859
2026-08-07T05:52:17+00:00,bid,RTX 4500Ada,1,1,0.468889,0.468889,0.468889,0.468889,0.468889,,0.926809
2026-08-07T05:52:17+00:00,bid,RTX 5000Ada,3,4,0.268889,0.295,0.321111,0.321667,0.322222,0.321111,0.997074
2026-08-07T05:52:17+00:00,bid,RTX 5060,3,4,0.027407,0.033852,0.040296,0.067926,0.095556,,0.995331
2026-08-07T05:52:17+00:00,bid,RTX 5060 Ti,29,93,0.066741,0.080556,0.10237,0.146944,0.218222,0.134074,0.995238
2026-08-07T05:52:17+00:00,bid,RTX 5070,10,14,0.043704,0.068759,0.108704,0.140889,0.200444,0.147111,0.995235
2026-08-07T05:52:17+00:00,bid,RTX 5070 Ti,15,27,0.093889,0.107778,0.108889,0.109148,0.268,0.108889,0.993722
2026-08-07T05:52:17+00:00,bid,RTX 5080,21,46,0.015556,0.10963,0.138148,0.173741,0.442222,0.121111,0.992775
2026-08-07T05:52:17+00:00,bid,RTX 5090,91,246,0.103222,0.265704,0.34,0.440568,2.666944,0.349639,0.996607
2026-08-07T05:52:17+00:00,bid,RTX 5880Ada,7,12,0.267185,0.296111,0.297037,0.315704,0.335407,0.297037,0.995987
2026-08-07T05:52:17+00:00,bid,RTX 6000Ada,20,45,0.137778,0.400486,0.467741,0.468778,0.74963,0.467741,0.998318
2026-08-07T05:52:17+00:00,bid,RTX A2000,1,1,0.400148,0.400148,0.400148,0.400148,0.400148,,0.994388
2026-08-07T05:52:17+00:00,bid,RTX A4000,12,63,0.057111,0.087241,0.106919,0.113759,0.133611,,0.97131
2026-08-07T05:52:17+00:00,bid,RTX A4500,1,1,0.081185,0.081185,0.081185,0.081185,0.081185,,0.959178
2026-08-07T05:52:17+00:00,bid,RTX A5000,6,20,0.108519,0.139524,0.227196,0.227685,0.230999,0.227196,0.99815
2026-08-07T05:52:17+00:00,bid,RTX A6000,6,18,0.242222,0.33371,0.333981,0.334352,0.335556,,0.992933
2026-08-07T05:52:17+00:00,bid,RTX PRO 4000,15,31,0.108889,0.227778,0.240741,0.243111,0.370815,0.241111,0.995608
2026-08-07T05:52:17+00:00,bid,RTX PRO 4500,3,3,0.188889,0.201852,0.214815,0.242593,0.27037,0.22963,0.996811
2026-08-07T05:52:17+00:00,bid,RTX PRO 5000,24,44,0.135111,0.268889,0.401481,0.478736,0.533704,0.401481,0.989915
2026-08-07T05:52:17+00:00,bid,RTX PRO 6000 S,24,50,0.335556,0.402037,1.034074,1.06963,2.935556,1.067778,0.997128
2026-08-07T05:52:17+00:00,bid,RTX PRO 6000 WS,22,39,0.375111,0.668056,0.801481,1.068519,1.320926,0.801481,0.994897
2026-08-07T05:52:17+00:00,bid,Tesla P100,4,5,0.041481,0.111204,0.135,0.135556,0.135556,0.135556,0.992828
2026-08-07T05:52:17+00:00,bid,Tesla T4,3,4,3.400741,3.401111,3.401481,3.401481,3.401481,,0.972409
2026-08-07T05:52:17+00:00,bid,Tesla V100,15,32,0.027222,0.094556,0.096889,0.161389,0.202222,0.161389,0.994749
2026-08-07T05:52:17+00:00,bid,Titan RTX,7,16,0.107222,0.108333,0.128519,0.132167,0.135556,0.121667,0.998377
2026-08-07T05:52:17+00:00,bid,Titan Xp,4,9,0.040556,0.040972,0.041111,0.041389,0.042222,0.041111,0.996266
2026-08-07T05:57:14+00:00,on-demand,A100 PCIE,16,49,0.266944,0.598194,1.000833,1.053819,2.002963,0.828148,0.988166
2026-08-07T05:57:14+00:00,on-demand,A100 SXM4,22,59,0.468889,0.800926,0.934074,1.021667,1.601296,0.934815,0.993654
2026-08-07T05:57:14+00:00,on-demand,A800 PCIE,2,5,0.667222,0.667639,0.668056,0.668472,0.668889,,0.994711
2026-08-07T05:57:14+00:00,on-demand,B200,20,102,5.000521,5.502279,5.62526,5.974002,7.752083,5.62526,0.99574
2026-08-07T05:57:14+00:00,on-demand,B300,9,41,8.125521,8.75026,8.751389,10.001389,10.005556,8.438368,0.965519
2026-08-07T05:57:14+00:00,on-demand,CMP 170HX,6,22,0.236833,0.238917,0.288185,0.334259,0.935556,0.935556,0.955751
2026-08-07T05:57:14+00:00,on-demand,GTX 1050 Ti,1,1,0.611111,0.611111,0.611111,0.611111,0.611111,,0.988452
2026-08-07T05:57:14+00:00,on-demand,GTX 1060,1,1,0.088889,0.088889,0.088889,0.088889,0.088889,0.088889,0.999319
2026-08-07T05:57:14+00:00,on-demand,GTX 1070,1,1,0.531111,0.531111,0.531111,0.531111,0.531111,0.531111,0.993414
2026-08-07T05:57:14+00:00,on-demand,GTX 1070 Ti,1,2,0.049111,0.049111,0.049111,0.049111,0.049111,0.049111,0.994016
2026-08-07T05:57:14+00:00,on-demand,GTX 1080,5,14,0.027778,0.028148,0.049704,0.051222,0.051556,0.051222,0.985543
2026-08-07T05:57:14+00:00,on-demand,GTX 1080 Ti,7,20,0.042222,0.060833,0.068889,0.073862,0.074444,0.07127,0.996027
2026-08-07T05:57:14+00:00,on-demand,GTX 1650 S,1,1,0.677778,0.677778,0.677778,0.677778,0.677778,,0.991803
2026-08-07T05:57:14+00:00,on-demand,GTX 1660,1,1,0.677778,0.677778,0.677778,0.677778,0.677778,0.677778,0.996492
2026-08-07T05:57:14+00:00,on-demand,GTX 1660 S,2,5,0.033889,0.138194,0.2425,0.346806,0.451111,,0.963978
2026-08-07T05:57:14+00:00,on-demand,GTX 1660 Ti,1,2,0.067407,0.067407,0.067407,0.067407,0.067407,0.067407,0.982513
2026-08-07T05:57:14+00:00,on-demand,GTX TITAN X,1,1,0.028889,0.028889,0.028889,0.028889,0.028889,,0.992549
2026-08-07T05:57:14+00:00,on-demand,H100 NVL,4,8,2.642222,2.661111,2.667778,2.767972,3.067444,2.854833,0.9966
2026-08-07T05:57:14+00:00,on-demand,H100 PCIE,4,15,1.733481,1.834204,1.868333,1.901806,2.000556,1.868333,0.988993
2026-08-07T05:57:14+00:00,on-demand,H100 SXM,14,40,1.601481,1.852037,2.300832,3.034611,3.528278,3.001222,0.99434
2026-08-07T05:57:14+00:00,on-demand,H200,14,68,3.935673,4.145285,4.145833,4.342585,7.237386,4.178728,0.997999
2026-08-07T05:57:14+00:00,on-demand,H200 NVL,11,28,2.800278,2.885,3.467778,3.964667,4.828444,3.856111,0.997425
2026-08-07T05:57:14+00:00,on-demand,L4,2,3,0.255556,0.275278,0.295,0.314722,0.334444,0.334444,0.993687
2026-08-07T05:57:14+00:00,on-demand,L40,2,3,0.575556,0.576111,0.576667,0.577222,0.577778,0.576667,0.988505
2026-08-07T05:57:14+00:00,on-demand,L40S,11,39,0.466852,0.467037,0.80037,0.935,1.074074,0.935,0.99841
2026-08-07T05:57:14+00:00,on-demand,Q RTX 6000,1,4,0.133704,0.133704,0.133704,0.133704,0.133704,0.133704,0.999271
2026-08-07T05:57:14+00:00,on-demand,Q RTX 8000,3,4,0.241037,0.247556,0.254074,0.254444,0.254815,0.254074,0.998324
2026-08-07T05:57:14+00:00,on-demand,Quadro P4000,2,3,0.040741,0.040926,0.041111,0.041296,0.041481,,0.96441
2026-08-07T05:57:14+00:00,on-demand,RTX 2060,2,3,0.052593,0.142222,0.231852,0.321481,0.411111,0.411111,0.986662
2026-08-07T05:57:14+00:00,on-demand,RTX 2060S,3,7,0.042222,0.0546,0.066978,0.067133,0.067289,0.067133,0.995039
2026-08-07T05:57:14+00:00,on-demand,RTX 2070,2,11,0.054444,0.057541,0.060638,0.063735,0.066831,0.054444,0.992877
2026-08-07T05:57:14+00:00,on-demand,RTX 2070S,2,13,0.066831,0.066883,0.066934,0.066986,0.067037,,0.987705
2026-08-07T05:57:14+00:00,on-demand,RTX 2080 Ti,7,17,0.068889,0.070333,0.073611,0.105012,0.134815,0.080707,0.992724
2026-08-07T05:57:14+00:00,on-demand,RTX 2080S,1,1,0.744444,0.744444,0.744444,0.744444,0.744444,0.744444,0.973682
2026-08-07T05:57:14+00:00,on-demand,RTX 3050,1,1,1.322222,1.322222,1.322222,1.322222,1.322222,,0.976403
2026-08-07T05:57:14+00:00,on-demand,RTX 3060,9,28,0.022222,0.050852,0.055556,0.067778,1.334815,0.053519,0.993935
2026-08-07T05:57:14+00:00,on-demand,RTX 3060 Ti,2,2,0.055556,0.322222,0.588889,0.855556,1.122222,1.122222,0.998124
2026-08-07T05:57:14+00:00,on-demand,RTX 3060 laptop,4,12,0.026685,0.037505,0.041667,0.049407,0.070963,0.070963,0.998179
2026-08-07T05:57:14+00:00,on-demand,RTX 3070,8,31,0.041111,0.066389,0.077917,0.107014,0.161852,0.080278,0.993189
2026-08-07T05:57:14+00:00,on-demand,RTX 3080,14,43,0.060222,0.075185,0.1135,0.13912,0.268889,0.127056,0.992772
2026-08-07T05:57:14+00:00,on-demand,RTX 3080 Ti,3,3,0.082222,0.105556,0.128889,0.134815,0.140741,0.140741,0.995129
2026-08-07T05:57:14+00:00,on-demand,RTX 3090,34,95,0.08037,0.129028,0.173796,0.219617,2.001111,0.181111,0.988996
2026-08-07T05:57:14+00:00,on-demand,RTX 4060,4,14,0.053481,0.053593,0.058296,0.716667,2.677778,0.062963,0.984506
2026-08-07T05:57:14+00:00,on-demand,RTX 4060 Ti,5,13,0.081111,0.082222,0.105852,0.140556,0.141111,0.140556,0.998367
2026-08-07T05:57:14+00:00,on-demand,RTX 4070,3,5,0.09037,0.092407,0.094444,0.133111,0.171778,0.094444,0.997462
2026-08-07T05:57:14+00:00,on-demand,RTX 4070 Ti,9,18,0.091111,0.095185,0.134444,0.162222,0.282444,0.094722,0.992057
2026-08-07T05:57:14+00:00,on-demand,RTX 4070S,4,15,0.084815,0.086898,0.088611,0.090856,0.094537,0.08963,0.984161
2026-08-07T05:57:14+00:00,on-demand,RTX 4070S Ti,9,28,0.120556,0.121111,0.153333,0.246889,1.331111,0.137778,0.993563
2026-08-07T05:57:14+00:00,on-demand,RTX 4080,13,33,0.121852,0.159556,0.187593,0.227704,0.255407,0.187185,0.99037
2026-08-07T05:57:14+00:00,on-demand,RTX 4080S,12,35,0.08037,0.135185,0.155463,0.171926,0.260259,0.162222,0.989815
2026-08-07T05:57:14+00:00,on-demand,RTX 4090,49,195,0.135556,0.347407,0.402222,0.537037,1.280556,0.536111,0.996325
2026-08-07T05:57:14+00:00,on-demand,RTX 4090D,10,26,0.160185,0.160926,0.330444,0.600787,0.668889,0.401481,0.970859
2026-08-07T05:57:14+00:00,on-demand,RTX 4500Ada,1,1,1.268889,1.268889,1.268889,1.268889,1.268889,,0.926809
2026-08-07T05:57:14+00:00,on-demand,RTX 5000Ada,2,3,0.427778,0.428056,0.428333,0.428611,0.428889,0.428333,0.997074
2026-08-07T05:57:14+00:00,on-demand,RTX 5060,4,5,0.05363,0.063963,0.068889,0.086667,0.135556,0.07037,0.989068
2026-08-07T05:57:14+00:00,on-demand,RTX 5060 Ti,20,76,0.066944,0.102028,0.117333,0.170028,0.227407,0.169611,0.990505
2026-08-07T05:57:14+00:00,on-demand,RTX 5060 laptop,1,1,0.135556,0.135556,0.135556,0.135556,0.135556,,0.97099
2026-08-07T05:57:14+00:00,on-demand,RTX 5070,12,17,0.012222,0.096111,0.111889,0.135611,0.360444,0.135148,0.996681
2026-08-07T05:57:14+00:00,on-demand,RTX 5070 Ti,11,19,0.088889,0.128519,0.135556,0.1675,0.202222,0.148056,0.995603
2026-08-07T05:57:14+00:00,on-demand,RTX 5080,17,56,0.135556,0.164444,0.227407,0.333704,1.775556,0.175556,0.987601
2026-08-07T05:57:14+00:00,on-demand,RTX 5090,48,173,0.212889,0.424444,0.628148,0.815889,5.986944,0.773472,0.992073
2026-08-07T05:57:14+00:00,on-demand,RTX 5880Ada,3,7,0.413852,0.507852,0.601852,0.602778,0.603704,0.601852,0.995213
2026-08-07T05:57:14+00:00,on-demand,RTX 6000Ada,6,24,0.600278,0.664583,0.680833,0.683611,0.693611,0.680556,0.996827
2026-08-07T05:57:14+00:00,on-demand,RTX A2000,3,4,0.034074,0.035111,0.036148,0.264815,0.493481,,0.995214
2026-08-07T05:57:14+00:00,on-demand,RTX A4000,7,37,0.071778,0.09663,0.133468,0.133765,0.146889,,0.97131
2026-08-07T05:57:14+00:00,on-demand,RTX A4500,2,2,0.114519,0.404593,0.694667,0.984741,1.274815,,0.978639
2026-08-07T05:57:14+00:00,on-demand,RTX A5000,4,19,0.230984,0.231302,0.23587,0.247193,0.267778,0.23587,0.99815
2026-08-07T05:57:14+00:00,on-demand,RTX A6000,8,30,0.400317,0.400694,0.403333,1.200347,1.334444,0.404444,0.992933
2026-08-07T05:57:14+00:00,on-demand,RTX PRO 4000,8,12,0.242963,0.266296,0.302778,0.37463,0.534815,0.302778,0.987531
2026-08-07T05:57:14+00:00,on-demand,RTX PRO 4500,3,3,0.294815,0.315185,0.335556,0.33963,0.343704,0.33963,0.996811
2026-08-07T05:57:14+00:00,on-demand,RTX PRO 5000,6,20,0.565185,0.663542,0.73375,0.891028,0.944148,0.73375,0.994785
2026-08-07T05:57:14+00:00,on-demand,RTX PRO 6000 S,16,57,0.6284,1.001296,1.48287,1.733796,3.068889,1.631247,0.997128
2026-08-07T05:57:14+00:00,on-demand,RTX PRO 6000 WS,15,29,0.660741,0.988333,1.333704,1.595648,13.335556,1.47037,0.994897
2026-08-07T05:57:14+00:00,on-demand,Tesla P100,4,6,0.054815,0.074815,0.141296,0.201389,0.202222,0.201111,0.992828
2026-08-07T05:57:14+00:00,on-demand,Tesla P40,2,2,0.033334,0.075556,0.117778,0.16,0.202222,,0.974104
2026-08-07T05:57:14+00:00,on-demand,Tesla T4,2,3,12.000741,12.000926,12.001111,12.001296,12.001481,,0.972409
2026-08-07T05:57:14+00:00,on-demand,Tesla V100,12,25,0.027222,0.037639,0.083333,0.167361,0.335556,0.149481,0.992089
2026-08-07T05:57:14+00:00,on-demand,Titan RTX,4,6,0.135185,0.136574,0.149074,0.161389,0.162222,0.161667,0.996358
2026-08-07T05:57:14+00:00,on-demand,Titan Xp,2,6,0.060556,0.060694,0.060833,0.060972,0.061111,0.060833,0.996266
2026-08-07T05:57:14+00:00,bid,A100 PCIE,24,43,0.133889,0.135556,0.168148,0.587778,0.645,0.135556,0.992628
2026-08-07T05:57:14+00:00,bid,A100 SXM4,34,70,0.130686,0.477037,0.634722,0.812611,0.986944,0.601944,0.99073
2026-08-07T05:57:14+00:00,bid,A800 PCIE,6,10,0.129889,0.130722,0.131556,0.131556,0.131556,,0.994711
2026-08-07T05:57:14+00:00,bid,B200,26,128,4.375174,5.000347,5.001302,5.004557,7.377083,5.001302,0.986276
2026-08-07T05:57:14+00:00,bid,B300,9,33,3.75026,5.001389,5.002778,5.625521,5.626042,5.626042,0.965519
2026-08-07T05:57:14+00:00,bid,CMP 170HX,9,29,0.135556,0.235,0.253704,0.254444,0.668889,0.668889,0.963757
2026-08-07T05:57:14+00:00,bid,GTX 1050 Ti,1,1,0.024444,0.024444,0.024444,0.024444,0.024444,,0.988452
2026-08-07T05:57:14+00:00,bid,GTX 1060,2,2,0.014222,0.018444,0.022667,0.026889,0.031111,,0.975663
2026-08-07T05:57:14+00:00,bid,GTX 1070,1,1,0.024444,0.024444,0.024444,0.024444,0.024444,0.024444,0.993414
2026-08-07T05:57:14+00:00,bid,GTX 1070 Ti,1,2,0.041111,0.041111,0.041111,0.041111,0.041111,0.041111,0.994016
2026-08-07T05:57:14+00:00,bid,GTX 1080,4,12,0.037037,0.039537,0.040463,0.040972,0.042222,0.040556,0.996438
2026-08-07T05:57:14+00:00,bid,GTX 1080 Ti,7,23,0.040556,0.041111,0.042222,0.05377,0.054074,0.042222,0.997403
2026-08-07T05:57:14+00:00,bid,GTX 1650 S,1,1,0.04,0.04,0.04,0.04,0.04,,0.991803
2026-08-07T05:57:14+00:00,bid,GTX 1660,1,1,0.037778,0.037778,0.037778,0.037778,0.037778,0.037778,0.996492
2026-08-07T05:57:14+00:00,bid,GTX 1660 S,1,1,0.031111,0.031111,0.031111,0.031111,0.031111,,0.971337
2026-08-07T05:57:14+00:00,bid,GTX 1660 Ti,3,4,0.037778,0.040593,0.043407,0.043778,0.044148,0.043407,0.982513
2026-08-07T05:57:14+00:00,bid,H100 NVL,7,11,0.404889,0.935,0.935556,1.601852,2.000778,1.602222,0.944123
2026-08-07T05:57:14+00:00,bid,H100 PCIE,4,13,0.347778,0.356278,0.77963,1.267417,1.469222,0.77963,0.995079
2026-08-07T05:57:14+00:00,bid,H100 SXM,19,60,0.433889,0.787037,2.072,2.697361,4.002222,2.860278,0.994922
2026-08-07T05:57:14+00:00,bid,H200,24,104,1.934485,1.935307,3.751005,3.942982,6.152403,3.817251,0.997999
2026-08-07T05:57:14+00:00,bid,H200 NVL,18,41,0.535556,1.055069,1.337778,1.339555,3.201111,1.336222,0.997425
2026-08-07T05:57:14+00:00,bid,L4,4,5,0.081481,0.121204,0.175,0.242222,0.322222,0.228333,0.993687
2026-08-07T05:57:14+00:00,bid,L40,2,2,0.471111,0.471111,0.471111,0.471111,0.471111,0.471111,0.988505
2026-08-07T05:57:14+00:00,bid,L40S,24,71,0.200185,0.333704,0.537037,0.540741,0.774815,0.540741,0.997955
2026-08-07T05:57:14+00:00,bid,Q RTX 8000,3,4,0.027556,0.027667,0.027778,0.027944,0.028111,0.027778,0.99894
2026-08-07T05:57:14+00:00,bid,Quadro P4000,1,1,0.03437,0.03437,0.03437,0.03437,0.03437,,0.997764
2026-08-07T05:57:14+00:00,bid,RTX 2060,4,6,0.027259,0.030148,0.036111,0.114722,0.335556,0.041111,0.99289
2026-08-07T05:57:14+00:00,bid,RTX 2060S,4,9,0.046978,0.047211,0.047289,0.066393,0.123704,0.047289,0.995039
2026-08-07T05:57:14+00:00,bid,RTX 2070,1,9,0.053498,0.053498,0.053498,0.053498,0.053498,,0.997218
2026-08-07T05:57:14+00:00,bid,RTX 2070S,5,27,0.053498,0.053519,0.053704,0.053704,0.054074,,0.987705
2026-08-07T05:57:14+00:00,bid,RTX 2080 Ti,7,18,0.037778,0.04537,0.066944,0.068086,0.108148,0.067802,0.997148
2026-08-07T05:57:14+00:00,bid,RTX 2080S,1,1,0.037778,0.037778,0.037778,0.037778,0.037778,0.037778,0.973682
2026-08-07T05:57:14+00:00,bid,RTX 3050,1,1,1.068889,1.068889,1.068889,1.068889,1.068889,,0.976403
2026-08-07T05:57:14+00:00,bid,RTX 3060,14,50,0.037778,0.046185,0.054167,0.092593,0.121185,0.100741,0.99246
2026-08-07T05:57:14+00:00,bid,RTX 3060 Ti,1,1,0.988889,0.988889,0.988889,0.988889,0.988889,0.988889,0.998788
2026-08-07T05:57:14+00:00,bid,RTX 3060 laptop,4,12,0.013352,0.013449,0.025963,0.045241,0.06563,0.06563,0.992618
2026-08-07T05:57:14+00:00,bid,RTX 3070,7,25,0.040278,0.040556,0.068519,0.08213,0.094444,0.068519,0.997593
2026-08-07T05:57:14+00:00,bid,RTX 3080,13,36,0.041111,0.067222,0.108148,0.134444,0.240415,0.134444,0.991826
2026-08-07T05:57:14+00:00,bid,RTX 3080 Ti,6,8,0.075556,0.098889,0.131667,0.154444,0.155556,0.154444,0.994568
2026-08-07T05:57:14+00:00,bid,RTX 3090,57,140,0.014815,0.093778,0.10963,0.161111,0.367407,0.134167,0.990988
2026-08-07T05:57:14+00:00,bid,RTX 4060,1,1,0.083704,0.083704,0.083704,0.083704,0.083704,0.083704,0.998553
2026-08-07T05:57:14+00:00,bid,RTX 4060 Ti,7,19,0.075222,0.076333,0.08037,0.100778,0.107222,0.100778,0.996886
2026-08-07T05:57:14+00:00,bid,RTX 4070,6,12,0.040741,0.057639,0.074833,0.083944,0.148889,0.083444,0.994636
2026-08-07T05:57:14+00:00,bid,RTX 4070 Ti,8,14,0.042111,0.085556,0.108889,0.240694,0.241111,0.108889,0.992057
2026-08-07T05:57:14+00:00,bid,RTX 4070S,4,12,0.071481,0.075093,0.07875,0.121458,0.242222,0.076296,0.984161
2026-08-07T05:57:14+00:00,bid,RTX 4070S Ti,15,45,0.098148,0.156889,0.201111,0.201667,1.211111,0.201111,0.999323
2026-08-07T05:57:14+00:00,bid,RTX 4080,19,49,0.133593,0.134722,0.137037,0.147407,0.255556,0.147037,0.994799
2026-08-07T05:57:14+00:00,bid,RTX 4080S,9,16,0.102963,0.147407,0.187185,0.188889,0.240519,0.187704,0.989809
2026-08-07T05:57:14+00:00,bid,RTX 4090,87,288,0.122222,0.195556,0.310123,0.401852,1.200556,0.362667,0.995925
2026-08-07T05:57:14+00:00,bid,RTX 4090D,13,34,0.053519,0.054074,0.054815,0.604556,0.606222,0.268148,0.970859
2026-08-07T05:57:14+00:00,bid,RTX 4500Ada,1,1,0.468889,0.468889,0.468889,0.468889,0.468889,,0.926809
2026-08-07T05:57:14+00:00,bid,RTX 5000Ada,2,3,0.268889,0.281944,0.295,0.308056,0.321111,0.295,0.997765
2026-08-07T05:57:14+00:00,bid,RTX 5060,2,2,0.040296,0.054111,0.067926,0.081741,0.095556,,0.994765
2026-08-07T05:57:14+00:00,bid,RTX 5060 Ti,35,103,0.037185,0.080716,0.134074,0.143,0.218222,0.138954,0.997104
2026-08-07T05:57:14+00:00,bid,RTX 5070,12,17,0.047407,0.092917,0.121667,0.129,0.200444,0.122222,0.995283
2026-08-07T05:57:14+00:00,bid,RTX 5070 Ti,12,19,0.094444,0.107639,0.108333,0.115556,0.268,0.107778,0.994313
2026-08-07T05:57:14+00:00,bid,RTX 5080,18,42,0.015556,0.124468,0.147593,0.174148,0.442222,0.121111,0.971524
2026-08-07T05:57:14+00:00,bid,RTX 5090,88,218,0.103222,0.223704,0.355037,0.436117,2.666944,0.387593,0.995982
2026-08-07T05:57:14+00:00,bid,RTX 5880Ada,7,13,0.267185,0.267704,0.295185,0.297037,0.297037,0.295185,0.995987
2026-08-07T05:57:14+00:00,bid,RTX 6000Ada,17,44,0.137778,0.268889,0.467222,0.468889,0.775556,0.467463,0.998318
2026-08-07T05:57:14+00:00,bid,RTX A2000,1,1,0.400148,0.400148,0.400148,0.400148,0.400148,,0.994388
2026-08-07T05:57:14+00:00,bid,RTX A4000,12,69,0.057111,0.087241,0.106944,0.113759,0.133611,,0.97131
2026-08-07T05:57:14+00:00,bid,RTX A4500,1,1,0.081185,0.081185,0.081185,0.081185,0.081185,,0.959178
2026-08-07T05:57:14+00:00,bid,RTX A5000,3,15,0.226984,0.227196,0.227407,0.229203,0.230999,0.227407,0.99815
2026-08-07T05:57:14+00:00,bid,RTX A6000,8,22,0.202593,0.301534,0.333981,0.334444,0.335556,,0.992933
2026-08-07T05:57:14+00:00,bid,RTX PRO 4000,12,22,0.108889,0.224815,0.241111,0.300074,0.370815,0.241111,0.993534
2026-08-07T05:57:14+00:00,bid,RTX PRO 4500,2,2,0.188889,0.19537,0.201852,0.208333,0.214815,0.188889,0.882289
2026-08-07T05:57:14+00:00,bid,RTX PRO 5000,19,41,0.135111,0.392685,0.468889,0.50488,0.533704,0.468889,0.988459
2026-08-07T05:57:14+00:00,bid,RTX PRO 6000 S,24,50,0.352667,0.402222,1.000833,1.068519,2.935556,1.034815,0.996927
2026-08-07T05:57:14+00:00,bid,RTX PRO 6000 WS,21,36,0.375111,0.667037,0.800148,1.068889,1.337037,0.800444,0.995614
2026-08-07T05:57:14+00:00,bid,Tesla P100,4,5,0.041481,0.111204,0.135,0.135556,0.135556,0.135556,0.992828
2026-08-07T05:57:14+00:00,bid,Tesla T4,3,4,3.400741,3.401111,3.401481,3.401481,3.401481,,0.972409
2026-08-07T05:57:14+00:00,bid,Tesla V100,12,26,0.027222,0.073889,0.0955,0.140417,0.162222,0.14713,0.994871
2026-08-07T05:57:14+00:00,bid,Titan RTX,5,13,0.107222,0.107778,0.108889,0.128519,0.129889,0.108333,0.99434
2026-08-07T05:57:14+00:00,bid,Titan Xp,2,6,0.040556,0.040694,0.040833,0.040972,0.041111,0.040833,0.996266
2026-08-07T06:02:14+00:00,on-demand,A100 PCIE,15,45,0.266944,0.488056,1.001111,1.054028,2.002963,0.780889,0.98609
2026-08-07T06:02:14+00:00,on-demand,A100 SXM4,23,53,0.468889,0.801111,0.934074,1.015333,1.601296,0.934815,0.99134
2026-08-07T06:02:14+00:00,on-demand,A40,1,1,0.281481,0.281481,0.281481,0.281481,0.281481,0.281481,0.998408
2026-08-07T06:02:14+00:00,on-demand,A800 PCIE,3,7,0.667222,0.6675,0.667778,0.668333,0.668889,,0.994711
2026-08-07T06:02:14+00:00,on-demand,B200,20,102,5.001042,5.573177,5.625521,5.974002,7.752083,5.625521,0.993019
2026-08-07T06:02:14+00:00,on-demand,B300,7,35,8.75026,8.751042,10.000694,10.002083,10.005556,8.751042,0.965519
2026-08-07T06:02:14+00:00,on-demand,CMP 170HX,6,25,0.236833,0.238917,0.288185,0.333843,0.334444,,0.955751
2026-08-07T06:02:14+00:00,on-demand,GTX 1050 Ti,1,1,0.611111,0.611111,0.611111,0.611111,0.611111,,0.988452
2026-08-07T06:02:14+00:00,on-demand,GTX 1060,3,4,0.087778,0.088333,0.088889,0.216667,0.344444,0.088333,0.999319
2026-08-07T06:02:14+00:00,on-demand,GTX 1070,1,1,0.531111,0.531111,0.531111,0.531111,0.531111,0.531111,0.993414
2026-08-07T06:02:14+00:00,on-demand,GTX 1080,5,12,0.027778,0.050222,0.05037,0.051037,0.051778,0.051037,0.993151
2026-08-07T06:02:14+00:00,on-demand,GTX 1080 Ti,5,15,0.042222,0.060556,0.064889,0.073651,0.074444,0.06927,0.997403
2026-08-07T06:02:14+00:00,on-demand,GTX 1650 S,1,1,0.677778,0.677778,0.677778,0.677778,0.677778,,0.991803
2026-08-07T06:02:14+00:00,on-demand,GTX 1660,1,1,0.677778,0.677778,0.677778,0.677778,0.677778,0.677778,0.996492
2026-08-07T06:02:14+00:00,on-demand,GTX 1660 S,2,7,0.033704,0.138056,0.242407,0.346759,0.451111,,0.963978
2026-08-07T06:02:14+00:00,on-demand,GTX 1660 Ti,1,1,0.611111,0.611111,0.611111,0.611111,0.611111,0.611111,0.991538
2026-08-07T06:02:14+00:00,on-demand,GTX TITAN X,1,1,0.028889,0.028889,0.028889,0.028889,0.028889,,0.987975
2026-08-07T06:02:14+00:00,on-demand,H100 NVL,5,9,2.206222,2.588889,2.667407,2.668148,3.067444,2.828167,0.994561
2026-08-07T06:02:14+00:00,on-demand,H100 PCIE,4,15,1.733481,1.835037,1.934722,2.000694,2.001111,1.934722,0.995079
2026-08-07T06:02:14+00:00,on-demand,H100 SXM,14,40,1.600556,2.055972,2.235407,3.273778,4.773889,3.160667,0.994976
2026-08-07T06:02:14+00:00,on-demand,H200,15,76,3.935673,4.112527,4.145833,4.276727,7.900439,4.145833,0.99813
2026-08-07T06:02:14+00:00,on-demand,H200 NVL,9,25,2.800278,2.883333,3.467222,3.602222,3.886222,2.885,0.99177
2026-08-07T06:02:14+00:00,on-demand,L4,3,5,0.03363,0.184037,0.334444,0.334444,0.334444,0.334444,0.998012
2026-08-07T06:02:14+00:00,on-demand,L40,2,3,0.575556,0.576111,0.576667,0.577222,0.577778,0.576667,0.988505
2026-08-07T06:02:14+00:00,on-demand,L40S,14,50,0.401111,0.467037,0.767222,1.068287,1.335556,1.067593,0.995002
2026-08-07T06:02:14+00:00,on-demand,Q RTX 6000,1,4,0.133704,0.133704,0.133704,0.133704,0.133704,0.133704,0.999271
2026-08-07T06:02:14+00:00,on-demand,Q RTX 8000,3,5,0.240556,0.247315,0.254074,0.262593,0.271111,0.254074,0.998853
2026-08-07T06:02:14+00:00,on-demand,Quadro P4000,2,3,0.040741,0.040926,0.041111,0.041296,0.041481,,0.96441
2026-08-07T06:02:14+00:00,on-demand,RTX 2060,2,3,0.052593,0.143333,0.234074,0.324815,0.415556,0.415556,0.986993
2026-08-07T06:02:14+00:00,on-demand,RTX 2060S,2,6,0.065111,0.065578,0.066044,0.066511,0.066978,0.066044,0.993135
2026-08-07T06:02:14+00:00,on-demand,RTX 2070,2,11,0.054444,0.057541,0.060638,0.063735,0.066831,0.054444,0.992877
2026-08-07T06:02:14+00:00,on-demand,RTX 2070S,2,12,0.066852,0.066898,0.066944,0.066991,0.067037,,0.992461
2026-08-07T06:02:14+00:00,on-demand,RTX 2080 Ti,6,16,0.068889,0.072236,0.076917,0.085907,0.811111,0.076917,0.996994
2026-08-07T06:02:14+00:00,on-demand,RTX 2080S,1,1,0.744444,0.744444,0.744444,0.744444,0.744444,0.744444,0.973682
2026-08-07T06:02:14+00:00,on-demand,RTX 3050,1,1,1.322222,1.322222,1.322222,1.322222,1.322222,,0.976403
2026-08-07T06:02:14+00:00,on-demand,RTX 3060,9,29,0.022222,0.050815,0.057037,0.677778,1.335556,0.694537,0.989203
2026-08-07T06:02:14+00:00,on-demand,RTX 3060 Ti,2,2,0.055556,0.322222,0.588889,0.855556,1.122222,1.122222,0.998124
2026-08-07T06:02:14+00:00,on-demand,RTX 3060 laptop,4,12,0.026685,0.037505,0.041667,0.049407,0.070963,0.070963,0.997667
2026-08-07T06:02:14+00:00,on-demand,RTX 3070,10,37,0.041111,0.068849,0.077917,0.103819,0.166222,0.087361,0.991686
2026-08-07T06:02:14+00:00,on-demand,RTX 3080,12,36,0.048889,0.072361,0.1135,0.136667,0.268889,0.113556,0.992772
2026-08-07T06:02:14+00:00,on-demand,RTX 3080 Ti,3,3,0.068889,0.114889,0.160889,0.162296,0.163704,0.160889,0.954461
2026-08-07T06:02:14+00:00,on-demand,RTX 3090,35,99,0.080741,0.134444,0.173611,0.257481,2.001111,0.244259,0.987304
2026-08-07T06:02:14+00:00,on-demand,RTX 4060,3,6,0.05363,0.059037,0.064444,1.371111,2.677778,,0.985054
2026-08-07T06:02:14+00:00,on-demand,RTX 4060 Ti,4,8,0.066222,0.077389,0.081667,0.08813,0.105852,0.105852,0.991113
2026-08-07T06:02:14+00:00,on-demand,RTX 4070,6,16,0.080556,0.081389,0.083333,0.101528,0.172889,0.084444,0.991583
2026-08-07T06:02:14+00:00,on-demand,RTX 4070 Ti,10,20,0.088519,0.094306,0.121667,0.160222,0.282444,0.092315,0.987411
2026-08-07T06:02:14+00:00,on-demand,RTX 4070S,4,19,0.081852,0.087685,0.092083,0.094537,0.094537,0.08963,0.987638
2026-08-07T06:02:14+00:00,on-demand,RTX 4070S Ti,10,36,0.068889,0.130889,0.246917,0.247639,1.331111,0.246944,0.998675
2026-08-07T06:02:14+00:00,on-demand,RTX 4080,14,37,0.120926,0.160037,0.188056,0.247935,0.268889,0.207056,0.9918
2026-08-07T06:02:14+00:00,on-demand,RTX 4080S,9,27,0.08037,0.148444,0.15037,0.195407,0.260519,0.177981,0.98982
2026-08-07T06:02:14+00:00,on-demand,RTX 4090,55,244,0.253444,0.335185,0.426713,0.637963,1.337037,0.533778,0.995444
2026-08-07T06:02:14+00:00,on-demand,RTX 4090D,9,25,0.160185,0.160741,0.330074,0.667222,0.668889,,0.970859
2026-08-07T06:02:14+00:00,on-demand,RTX 4500Ada,1,1,1.268889,1.268889,1.268889,1.268889,1.268889,,0.926809
2026-08-07T06:02:14+00:00,on-demand,RTX 5000Ada,3,4,0.335556,0.381667,0.427778,0.428333,0.428889,0.427778,0.997074
2026-08-07T06:02:14+00:00,on-demand,RTX 5060,3,3,0.05363,0.062,0.07037,0.10963,0.148889,0.07037,0.994302
2026-08-07T06:02:14+00:00,on-demand,RTX 5060 Ti,18,67,0.066944,0.088009,0.112852,0.169819,0.184556,0.152398,0.995986
2026-08-07T06:02:14+00:00,on-demand,RTX 5070,6,8,0.012222,0.108704,0.123074,0.155611,0.267111,0.149,0.996502
2026-08-07T06:02:14+00:00,on-demand,RTX 5070 Ti,10,21,0.108889,0.134259,0.148704,0.193889,0.401333,0.162222,0.996655
2026-08-07T06:02:14+00:00,on-demand,RTX 5080,19,62,0.151481,0.174167,0.254259,0.400417,1.775556,0.214907,0.987601
2026-08-07T06:02:14+00:00,on-demand,RTX 5090,48,157,0.212889,0.412972,0.533611,0.800394,5.986944,0.695185,0.993253
2026-08-07T06:02:14+00:00,on-demand,RTX 5880Ada,4,9,0.413852,0.414241,0.508111,0.602315,0.603704,0.508111,0.996964
2026-08-07T06:02:14+00:00,on-demand,RTX 6000Ada,8,27,0.600278,0.601741,0.680833,0.682778,0.693611,0.680556,0.997529
2026-08-07T06:02:14+00:00,on-demand,RTX A2000,3,4,0.034074,0.035111,0.036148,0.264815,0.493481,,0.995214
2026-08-07T06:02:14+00:00,on-demand,RTX A4000,6,36,0.071778,0.088034,0.133493,0.133657,0.153556,,0.97131
2026-08-07T06:02:14+00:00,on-demand,RTX A4500,2,2,0.121185,0.409593,0.698,0.986407,1.274815,,0.978641
2026-08-07T06:02:14+00:00,on-demand,RTX A5000,3,11,0.230984,0.231196,0.231407,0.251259,0.271111,0.231407,0.99815
2026-08-07T06:02:14+00:00,on-demand,RTX A6000,9,32,0.308889,0.400556,0.401111,1.200556,1.335556,,0.987587
2026-08-07T06:02:14+00:00,on-demand,RTX PRO 4000,8,11,0.254074,0.263926,0.284778,0.361296,0.534815,0.301852,0.985912
2026-08-07T06:02:14+00:00,on-demand,RTX PRO 4500,2,2,0.294815,0.305,0.315185,0.32537,0.335556,0.335556,0.882289
2026-08-07T06:02:14+00:00,on-demand,RTX PRO 5000,7,19,0.64037,0.734028,0.735556,0.87263,0.944148,0.735,0.988459
2026-08-07T06:02:14+00:00,on-demand,RTX PRO 6000 S,15,56,0.866685,1.100963,1.37037,1.733889,3.068889,1.660272,0.997128
2026-08-07T06:02:14+00:00,on-demand,RTX PRO 6000 WS,14,27,0.868889,1.235037,1.534907,1.867963,13.335556,1.596021,0.994148
2026-08-07T06:02:14+00:00,on-demand,Tesla P100,3,4,0.054815,0.068148,0.081481,0.141852,0.202222,0.141852,0.992828
2026-08-07T06:02:14+00:00,on-demand,Tesla P40,2,2,0.033334,0.075556,0.117778,0.16,0.202222,,0.974104
2026-08-07T06:02:14+00:00,on-demand,Tesla T4,2,3,12.000741,12.000926,12.001111,12.001296,12.001481,,0.972409
2026-08-07T06:02:14+00:00,on-demand,Tesla V100,12,24,0.027222,0.037639,0.085556,0.167361,0.268889,0.149481,0.992089
2026-08-07T06:02:14+00:00,on-demand,Titan RTX,4,9,0.135185,0.15463,0.161667,0.171806,0.200556,0.161667,0.996358
2026-08-07T06:02:14+00:00,on-demand,Titan Xp,3,7,0.055556,0.058056,0.060556,0.060833,0.061111,0.060556,0.996266
2026-08-07T06:02:14+00:00,bid,A100 PCIE,22,35,0.134444,0.135556,0.135556,0.587569,0.588889,0.135556,0.988166
2026-08-07T06:02:14+00:00,bid,A100 SXM4,40,79,0.130316,0.468889,0.634722,0.811778,0.987222,0.600648,0.983984
2026-08-07T06:02:14+00:00,bid,A800 PCIE,6,11,0.129889,0.130444,0.131,0.131556,0.131556,,0.994711
2026-08-07T06:02:14+00:00,bid,B200,25,125,4.375174,5.000347,5.001302,5.002604,7.377083,5.001302,0.989133
2026-08-07T06:02:14+00:00,bid,B300,5,23,3.75026,5.000694,5.001389,5.002778,5.005556,,0.965519
2026-08-07T06:02:14+00:00,bid,CMP 170HX,9,30,0.234167,0.24,0.253889,0.254444,0.668889,0.668889,0.963757
2026-08-07T06:02:14+00:00,bid,GTX 1050 Ti,1,1,0.024444,0.024444,0.024444,0.024444,0.024444,,0.988452
2026-08-07T06:02:14+00:00,bid,GTX 1060,1,1,0.031111,0.031111,0.031111,0.031111,0.031111,,0.994426
2026-08-07T06:02:14+00:00,bid,GTX 1070,1,1,0.024444,0.024444,0.024444,0.024444,0.024444,0.024444,0.993414
2026-08-07T06:02:14+00:00,bid,GTX 1070 Ti,1,1,0.042222,0.042222,0.042222,0.042222,0.042222,0.042222,0.988319
2026-08-07T06:02:14+00:00,bid,GTX 1080,4,13,0.014815,0.033981,0.040463,0.040694,0.041111,0.040556,0.989442
2026-08-07T06:02:14+00:00,bid,GTX 1080 Ti,8,22,0.026222,0.040972,0.041667,0.053757,0.054444,0.042222,0.997526
2026-08-07T06:02:14+00:00,bid,GTX 1650 S,1,1,0.04,0.04,0.04,0.04,0.04,,0.991803
2026-08-07T06:02:14+00:00,bid,GTX 1660,1,1,0.037778,0.037778,0.037778,0.037778,0.037778,0.037778,0.996492
2026-08-07T06:02:14+00:00,bid,GTX 1660 S,1,1,0.031111,0.031111,0.031111,0.031111,0.031111,,0.971337
2026-08-07T06:02:14+00:00,bid,GTX 1660 Ti,2,3,0.037778,0.039185,0.040593,0.042,0.043407,0.040593,0.987026
2026-08-07T06:02:14+00:00,bid,H100 NVL,6,10,0.404889,0.934722,0.935556,1.435556,2.000778,1.8015,0.93357
2026-08-07T06:02:14+00:00,bid,H100 PCIE,4,13,0.347778,0.356278,0.77963,1.267417,1.469222,0.77963,0.995079
2026-08-07T06:02:14+00:00,bid,H100 SXM,20,58,0.433889,0.505926,1.834778,2.615903,4.002222,2.697361,0.994922
2026-08-07T06:02:14+00:00,bid,H200,21,95,1.321491,1.935307,3.816338,3.947917,4.328719,3.876864,0.99813
2026-08-07T06:02:14+00:00,bid,H200 NVL,19,48,0.400317,0.802778,1.200556,1.803481,3.202222,1.006667,0.99177
2026-08-07T06:02:14+00:00,bid,L4,5,8,0.134444,0.215556,0.267778,0.321111,0.322222,0.294444,0.998012
2026-08-07T06:02:14+00:00,bid,L40,3,4,0.468889,0.47,0.471111,0.471111,0.471111,0.471111,0.988505
2026-08-07T06:02:14+00:00,bid,L40S,22,70,0.200185,0.333704,0.537037,0.540741,0.774815,0.540741,0.998856
2026-08-07T06:02:14+00:00,bid,Q RTX 8000,3,4,0.027556,0.02763,0.027704,0.027741,0.027778,0.027704,0.99894
2026-08-07T06:02:14+00:00,bid,Quadro P4000,1,1,0.03437,0.03437,0.03437,0.03437,0.03437,,0.997764
2026-08-07T06:02:14+00:00,bid,RTX 2060,4,6,0.027259,0.030148,0.036111,0.114722,0.335556,0.041111,0.99289
2026-08-07T06:02:14+00:00,bid,RTX 2060S,3,7,0.046978,0.047133,0.047289,0.085496,0.123704,0.047289,0.995039
2026-08-07T06:02:14+00:00,bid,RTX 2070,2,11,0.041111,0.044208,0.047305,0.050401,0.053498,0.041111,0.992877
2026-08-07T06:02:14+00:00,bid,RTX 2070S,3,21,0.053498,0.053508,0.053519,0.053611,0.053704,,0.987705
2026-08-07T06:02:14+00:00,bid,RTX 2080 Ti,8,25,0.037778,0.066944,0.068086,0.079778,0.121481,0.06837,0.99522
2026-08-07T06:02:14+00:00,bid,RTX 2080S,1,1,0.037778,0.037778,0.037778,0.037778,0.037778,0.037778,0.973682
2026-08-07T06:02:14+00:00,bid,RTX 3050,1,1,1.068889,1.068889,1.068889,1.068889,1.068889,,0.976403
2026-08-07T06:02:14+00:00,bid,RTX 3060,14,42,0.025111,0.046185,0.054778,0.102296,0.13437,0.100741,0.9904
2026-08-07T06:02:14+00:00,bid,RTX 3060 Ti,1,1,0.988889,0.988889,0.988889,0.988889,0.988889,0.988889,0.998788
2026-08-07T06:02:14+00:00,bid,RTX 3060 laptop,5,15,0.013352,0.013481,0.038444,0.061481,0.061481,0.061481,0.989788
2026-08-07T06:02:14+00:00,bid,RTX 3070,9,24,0.038815,0.040556,0.068889,0.093889,0.135556,0.074222,0.997143
2026-08-07T06:02:14+00:00,bid,RTX 3080,13,34,0.042222,0.061481,0.067889,0.121481,0.240332,0.121481,0.991652
2026-08-07T06:02:14+00:00,bid,RTX 3080 Ti,6,8,0.086704,0.098889,0.108889,0.109056,0.154444,0.108889,0.996904
2026-08-07T06:02:14+00:00,bid,RTX 3090,57,138,0.014815,0.070556,0.108148,0.134815,0.367407,0.133796,0.991769
2026-08-07T06:02:14+00:00,bid,RTX 4060,2,2,0.031111,0.044259,0.057407,0.070556,0.083704,0.083704,0.996113
2026-08-07T06:02:14+00:00,bid,RTX 4060 Ti,6,16,0.042222,0.075361,0.076333,0.094611,0.107222,0.10387,0.991113
2026-08-07T06:02:14+00:00,bid,RTX 4070,7,13,0.054444,0.0675,0.068889,0.082333,0.148889,0.082333,0.997462
2026-08-07T06:02:14+00:00,bid,RTX 4070 Ti,8,14,0.042111,0.085556,0.108519,0.240694,0.241111,0.108889,0.991921
2026-08-07T06:02:14+00:00,bid,RTX 4070S,4,26,0.071481,0.078773,0.081204,0.081204,0.081204,0.076343,0.974756
2026-08-07T06:02:14+00:00,bid,RTX 4070S Ti,13,43,0.094444,0.107111,0.200222,0.201111,1.211111,0.200222,0.998027
2026-08-07T06:02:14+00:00,bid,RTX 4080,18,44,0.068148,0.134491,0.141944,0.147407,0.255556,0.147037,0.994799
2026-08-07T06:02:14+00:00,bid,RTX 4080S,15,34,0.073827,0.1185,0.146852,0.188037,0.240519,0.167296,0.99496
2026-08-07T06:02:14+00:00,bid,RTX 4090,92,290,0.098099,0.201759,0.328657,0.415926,1.200556,0.387778,0.995264
2026-08-07T06:02:14+00:00,bid,RTX 4090D,14,35,0.053519,0.054074,0.054815,0.604972,0.606222,0.268148,0.970859
2026-08-07T06:02:14+00:00,bid,RTX 4500Ada,1,1,0.468889,0.468889,0.468889,0.468889,0.468889,,0.926809
2026-08-07T06:02:14+00:00,bid,RTX 5000Ada,3,4,0.268889,0.295,0.321111,0.321667,0.322222,0.321111,0.997074
2026-08-07T06:02:14+00:00,bid,RTX 5060,3,4,0.027407,0.027778,0.028148,0.061852,0.095556,,0.983833
2026-08-07T06:02:14+00:00,bid,RTX 5060 Ti,31,95,0.037185,0.074537,0.108593,0.14525,0.218222,0.142444,0.997104
2026-08-07T06:02:14+00:00,bid,RTX 5070,13,18,0.043704,0.060148,0.107556,0.144889,0.200444,0.133556,0.995346
2026-08-07T06:02:14+00:00,bid,RTX 5070 Ti,14,22,0.082222,0.107778,0.108889,0.108889,0.268,0.108889,0.995667
2026-08-07T06:02:14+00:00,bid,RTX 5080,18,43,0.015556,0.112361,0.135741,0.174046,0.442222,0.121111,0.983284
2026-08-07T06:02:14+00:00,bid,RTX 5090,88,223,0.103222,0.234972,0.367593,0.465139,2.666944,0.367593,0.993701
2026-08-07T06:02:14+00:00,bid,RTX 5880Ada,9,15,0.267185,0.267704,0.268741,0.297037,0.335407,0.268741,0.997941
2026-08-07T06:02:14+00:00,bid,RTX 6000Ada,20,45,0.137778,0.400694,0.434722,0.468778,0.775556,0.4675,0.998318
2026-08-07T06:02:14+00:00,bid,RTX A2000,1,1,0.400148,0.400148,0.400148,0.400148,0.400148,,0.994388
2026-08-07T06:02:14+00:00,bid,RTX A4000,10,59,0.057111,0.097117,0.106944,0.126957,0.133611,,0.97131
2026-08-07T06:02:14+00:00,bid,RTX A4500,1,1,0.081185,0.081185,0.081185,0.081185,0.081185,,0.959178
2026-08-07T06:02:14+00:00,bid,RTX A5000,5,19,0.22083,0.226984,0.227407,0.227778,0.230999,0.227407,0.99815
2026-08-07T06:02:14+00:00,bid,RTX A6000,7,19,0.205185,0.300529,0.333889,0.334259,0.335556,,0.992933
2026-08-07T06:02:14+00:00,bid,RTX PRO 4000,12,22,0.068889,0.198148,0.234741,0.27363,0.370815,0.234741,0.991159
2026-08-07T06:02:14+00:00,bid,RTX PRO 4500,2,2,0.214815,0.228333,0.241852,0.25537,0.268889,0.268889,0.878329
2026-08-07T06:02:14+00:00,bid,RTX PRO 5000,24,47,0.135111,0.268889,0.435,0.508556,0.533704,0.468333,0.988459
2026-08-07T06:02:14+00:00,bid,RTX PRO 6000 S,26,58,0.352667,0.435111,1.03463,1.06963,2.935556,1.068148,0.997128
2026-08-07T06:02:14+00:00,bid,RTX PRO 6000 WS,22,38,0.375111,0.667778,0.801111,1.068611,1.320926,0.800741,0.995255
2026-08-07T06:02:14+00:00,bid,Tesla P100,4,5,0.041481,0.111204,0.135,0.135556,0.135556,0.135556,0.992828
2026-08-07T06:02:14+00:00,bid,Tesla T4,3,4,3.400741,3.401111,3.401481,3.401481,3.401481,,0.972409
2026-08-07T06:02:14+00:00,bid,Tesla V100,15,31,0.027222,0.088333,0.095222,0.128722,0.202222,0.127222,0.994749
2026-08-07T06:02:14+00:00,bid,Titan RTX,5,13,0.107222,0.107778,0.128519,0.129889,0.135556,0.121667,0.99434
2026-08-07T06:02:14+00:00,bid,Titan Xp,3,7,0.040556,0.040833,0.041111,0.041667,0.042222,0.041111,0.996266
