scraped_at,rental_type,gpu_name,num_offers,total_gpus,dph_per_gpu_min,dph_per_gpu_p25,dph_per_gpu_median,dph_per_gpu_p75,dph_per_gpu_max,verified_median,median_reliability
2026-08-05T00:53:14+00:00,on-demand,A100 PCIE,17,50,0.266944,0.333889,1.000556,1.053611,1.206222,0.998111,0.981437
2026-08-05T00:53:14+00:00,on-demand,A100 SXM4,26,62,0.268148,0.734028,0.89463,1.064176,1.988889,0.933889,0.995969
2026-08-05T00:53:14+00:00,on-demand,A800 PCIE,4,8,0.667222,0.667639,0.668333,0.722222,0.882222,0.882222,0.99469
2026-08-05T00:53:14+00:00,on-demand,B200,23,104,5.00026,5.750738,5.938194,6.251042,7.751042,5.938194,0.990229
2026-08-05T00:53:14+00:00,on-demand,B300,1,2,8.313542,8.313542,8.313542,8.313542,8.313542,8.313542,0.988578
2026-08-05T00:53:14+00:00,on-demand,CMP 170HX,4,10,0.268148,0.317315,0.334074,0.551389,1.202222,1.202222,0.96132
2026-08-05T00:53:14+00:00,on-demand,GTX 1050 Ti,1,1,0.611111,0.611111,0.611111,0.611111,0.611111,,0.987853
2026-08-05T00:53:14+00:00,on-demand,GTX 1060,2,2,0.088889,0.152778,0.216667,0.280556,0.344444,0.088889,0.997012
2026-08-05T00:53:14+00:00,on-demand,GTX 1070,1,1,0.531111,0.531111,0.531111,0.531111,0.531111,0.531111,0.993037
2026-08-05T00:53:14+00:00,on-demand,GTX 1070 Ti,1,1,0.080667,0.080667,0.080667,0.080667,0.080667,0.080667,0.99561
2026-08-05T00:53:14+00:00,on-demand,GTX 1080,4,11,0.027778,0.038611,0.045296,0.048556,0.049111,0.048741,0.995443
2026-08-05T00:53:14+00:00,on-demand,GTX 1080 Ti,5,10,0.036148,0.060556,0.061111,0.063778,0.066222,0.062444,0.996006
2026-08-05T00:53:14+00:00,on-demand,GTX 1650,1,1,0.046207,0.046207,0.046207,0.046207,0.046207,,0.925693
2026-08-05T00:53:14+00:00,on-demand,GTX 1650 S,1,1,0.677778,0.677778,0.677778,0.677778,0.677778,,0.990917
2026-08-05T00:53:14+00:00,on-demand,GTX 1660,1,1,0.677778,0.677778,0.677778,0.677778,0.677778,0.677778,0.996032
2026-08-05T00:53:14+00:00,on-demand,GTX 1660 S,2,2,0.055556,0.154444,0.253333,0.352222,0.451111,,0.914768
2026-08-05T00:53:14+00:00,on-demand,GTX 1660 Ti,1,2,0.068889,0.068889,0.068889,0.068889,0.068889,0.068889,0.994191
2026-08-05T00:53:14+00:00,on-demand,H100 NVL,4,6,2.161481,2.522037,2.654815,2.667593,2.668148,2.401852,0.994739
2026-08-05T00:53:14+00:00,on-demand,H100 PCIE,4,8,1.333407,1.735019,1.934722,2.034028,2.134444,2.000556,0.987275
2026-08-05T00:53:14+00:00,on-demand,H100 SXM,13,39,1.491111,1.735556,1.937779,3.376222,4.640556,3.068,0.994272
2026-08-05T00:53:14+00:00,on-demand,H200,9,37,3.684759,4.080044,4.211075,4.73739,4.963701,4.146107,0.997771
2026-08-05T00:53:14+00:00,on-demand,H200 NVL,11,33,2.133611,3.1225,3.200317,3.406111,4.692889,3.125,0.991262
2026-08-05T00:53:14+00:00,on-demand,L4,3,4,0.255556,0.294815,0.334074,0.334815,0.335556,0.334815,0.997422
2026-08-05T00:53:14+00:00,on-demand,L40,3,4,0.527407,0.527778,0.528148,0.552963,0.577778,0.528148,0.994461
2026-08-05T00:53:14+00:00,on-demand,L40S,13,55,0.454815,0.467037,0.733519,1.067593,1.074074,0.934537,0.997751
2026-08-05T00:53:14+00:00,on-demand,Q RTX 6000,1,1,0.134815,0.134815,0.134815,0.134815,0.134815,0.134815,0.998608
2026-08-05T00:53:14+00:00,on-demand,Q RTX 8000,3,7,0.253704,0.253889,0.254074,0.254444,0.254815,0.254074,0.998687
2026-08-05T00:53:14+00:00,on-demand,Quadro GV100,1,1,0.467407,0.467407,0.467407,0.467407,0.467407,,0.969581
2026-08-05T00:53:14+00:00,on-demand,Quadro P4000,2,3,0.040741,0.040926,0.041111,0.041296,0.041481,,0.962357
2026-08-05T00:53:14+00:00,on-demand,RTX 2060,2,3,0.052593,0.143333,0.234074,0.324815,0.415556,0.415556,0.986538
2026-08-05T00:53:14+00:00,on-demand,RTX 2070S,2,12,0.073519,0.073565,0.073611,0.073657,0.073704,,0.987653
2026-08-05T00:53:14+00:00,on-demand,RTX 2080 Ti,6,19,0.067778,0.068889,0.074456,0.080047,0.134815,0.080022,0.992749
2026-08-05T00:53:14+00:00,on-demand,RTX 2080S,1,1,0.744444,0.744444,0.744444,0.744444,0.744444,0.744444,0.952295
2026-08-05T00:53:14+00:00,on-demand,RTX 3050,1,1,1.322222,1.322222,1.322222,1.322222,1.322222,,0.975987
2026-08-05T00:53:14+00:00,on-demand,RTX 3060,12,37,0.028889,0.055426,0.0675,0.437067,1.335556,0.208859,0.994162
2026-08-05T00:53:14+00:00,on-demand,RTX 3060 laptop,6,17,0.026685,0.041389,0.053185,0.067148,0.167778,0.115963,0.990789
2026-08-05T00:53:14+00:00,on-demand,RTX 3070,7,30,0.054444,0.061389,0.106944,0.107083,0.134074,0.107083,0.992666
2026-08-05T00:53:14+00:00,on-demand,RTX 3070 Ti,1,1,0.175556,0.175556,0.175556,0.175556,0.175556,,0.599993
2026-08-05T00:53:14+00:00,on-demand,RTX 3070 laptop,1,1,0.042222,0.042222,0.042222,0.042222,0.042222,0.042222,0.992464
2026-08-05T00:53:14+00:00,on-demand,RTX 3080,13,37,0.060222,0.074815,0.113444,0.134815,0.240889,0.124185,0.992747
2026-08-05T00:53:14+00:00,on-demand,RTX 3080 Ti,4,4,0.082222,0.121667,0.135185,0.162222,0.242222,0.188889,0.991156
2026-08-05T00:53:14+00:00,on-demand,RTX 3090,34,102,0.107963,0.134537,0.188287,0.25163,2.001111,0.240556,0.993779
2026-08-05T00:53:14+00:00,on-demand,RTX 3090 Ti,1,1,0.175556,0.175556,0.175556,0.175556,0.175556,,0.993301
2026-08-05T00:53:14+00:00,on-demand,RTX 4000Ada,1,1,0.202222,0.202222,0.202222,0.202222,0.202222,,0.995956
2026-08-05T00:53:14+00:00,on-demand,RTX 4060,5,14,0.053531,0.05363,0.053926,0.064444,2.677778,,0.981255
2026-08-05T00:53:14+00:00,on-demand,RTX 4060 Ti,6,12,0.05363,0.065389,0.073667,0.081944,0.10637,0.10637,0.99122
2026-08-05T00:53:14+00:00,on-demand,RTX 4060 laptop,1,1,0.135556,0.135556,0.135556,0.135556,0.135556,,0.945186
2026-08-05T00:53:14+00:00,on-demand,RTX 4070,6,11,0.082222,0.09412,0.095185,0.124444,0.172889,0.095185,0.997135
2026-08-05T00:53:14+00:00,on-demand,RTX 4070 Ti,9,18,0.088519,0.091111,0.095185,0.242222,0.282444,0.095185,0.991661
2026-08-05T00:53:14+00:00,on-demand,RTX 4070S,6,24,0.081204,0.086019,0.09537,0.106181,0.108889,0.09537,0.991708
2026-08-05T00:53:14+00:00,on-demand,RTX 4070S Ti,9,22,0.068889,0.135556,0.253611,0.254444,1.331111,0.253889,0.998391
2026-08-05T00:53:14+00:00,on-demand,RTX 4080,6,11,0.157667,0.158759,0.161259,0.175759,0.268889,0.161481,0.982238
2026-08-05T00:53:14+00:00,on-demand,RTX 4080S,14,58,0.10963,0.148472,0.160833,0.213819,0.400278,0.160278,0.99485
2026-08-05T00:53:14+00:00,on-demand,RTX 4090,53,184,0.256222,0.320556,0.426944,0.540741,2.005926,0.473981,0.994788
2026-08-05T00:53:14+00:00,on-demand,RTX 4090D,9,25,0.160185,0.160741,0.386074,0.667222,0.668889,,0.967226
2026-08-05T00:53:14+00:00,on-demand,RTX 5000Ada,3,4,0.335556,0.381667,0.427778,0.428333,0.428889,0.427778,0.997014
2026-08-05T00:53:14+00:00,on-demand,RTX 5060,5,6,0.067778,0.075556,0.077037,0.135556,0.155556,0.116296,0.983666
2026-08-05T00:53:14+00:00,on-demand,RTX 5060 Ti,16,57,0.057778,0.092569,0.114722,0.176486,0.227407,0.137037,0.992834
2026-08-05T00:53:14+00:00,on-demand,RTX 5060 laptop,1,1,0.135556,0.135556,0.135556,0.135556,0.135556,,0.970915
2026-08-05T00:53:14+00:00,on-demand,RTX 5070,12,19,0.010163,0.107222,0.133889,0.153056,1.335556,0.135556,0.995945
2026-08-05T00:53:14+00:00,on-demand,RTX 5070 Ti,9,16,0.08637,0.135185,0.201111,0.201481,0.202222,0.180833,0.993159
2026-08-05T00:53:14+00:00,on-demand,RTX 5080,18,54,0.134074,0.174167,0.227241,0.313843,1.068889,0.181852,0.969315
2026-08-05T00:53:14+00:00,on-demand,RTX 5090,52,154,0.212889,0.401806,0.549259,0.772014,5.986944,0.697037,0.992808
2026-08-05T00:53:14+00:00,on-demand,RTX 5880Ada,3,7,0.600926,0.601389,0.601852,0.602778,0.603704,0.601852,0.996014
2026-08-05T00:53:14+00:00,on-demand,RTX 6000Ada,8,27,0.441111,0.638495,0.641389,0.697431,0.933778,0.640926,0.986968
2026-08-05T00:53:14+00:00,on-demand,RTX A2000,4,5,0.034074,0.03563,0.264815,0.704,1.335556,,0.994786
2026-08-05T00:53:14+00:00,on-demand,RTX A4000,7,42,0.071778,0.09663,0.133468,0.133611,0.148222,,0.97131
2026-08-05T00:53:14+00:00,on-demand,RTX A4500,2,2,0.121185,0.409593,0.698,0.986407,1.274815,,0.975401
2026-08-05T00:53:14+00:00,on-demand,RTX A5000,3,6,0.231407,0.231593,0.231778,0.30903,0.386281,0.231778,0.998142
2026-08-05T00:53:14+00:00,on-demand,RTX A6000,12,36,0.333651,0.334352,0.403333,1.200694,2.668889,0.404444,0.987639
2026-08-05T00:53:14+00:00,on-demand,RTX PRO 4000,12,21,0.135556,0.265667,0.291667,0.320926,0.534815,0.301852,0.990242
2026-08-05T00:53:14+00:00,on-demand,RTX PRO 4500,1,1,0.335556,0.335556,0.335556,0.335556,0.335556,0.335556,0.998257
2026-08-05T00:53:14+00:00,on-demand,RTX PRO 5000,10,17,0.589259,0.6475,0.755519,0.872037,0.943407,0.775333,0.99715
2026-08-05T00:53:14+00:00,on-demand,RTX PRO 6000 S,19,61,0.800093,1.200667,1.37037,1.734444,1.890955,1.666991,0.991685
2026-08-05T00:53:14+00:00,on-demand,RTX PRO 6000 WS,19,38,0.776296,1.094,1.203704,1.668519,13.335556,1.334074,0.994971
2026-08-05T00:53:14+00:00,on-demand,Tesla P100,2,3,0.068148,0.071481,0.074815,0.078148,0.081481,0.081481,0.991046
2026-08-05T00:53:14+00:00,on-demand,Tesla P40,4,8,0.046741,0.111102,0.132833,0.150389,0.202222,0.132833,0.992648
2026-08-05T00:53:14+00:00,on-demand,Tesla T4,2,3,12.000741,12.000926,12.001111,12.001296,12.001481,,0.972406
2026-08-05T00:53:14+00:00,on-demand,Tesla V100,12,38,0.026944,0.027639,0.028889,0.16713,1.467037,0.20125,0.987914
2026-08-05T00:53:14+00:00,on-demand,Titan RTX,4,6,0.135185,0.136574,0.149074,0.161389,0.162222,0.161667,0.99621
2026-08-05T00:53:14+00:00,on-demand,Titan Xp,1,1,0.055556,0.055556,0.055556,0.055556,0.055556,0.055556,0.997745
2026-08-05T00:53:14+00:00,bid,A100 PCIE,32,55,0.133889,0.135556,0.201111,0.587361,0.588889,0.175222,0.990884
2026-08-05T00:53:14+00:00,bid,A100 SXM4,35,57,0.130316,0.400741,0.401481,0.835,1.069333,0.428889,0.986604
2026-08-05T00:53:14+00:00,bid,A800 PCIE,8,13,0.129889,0.130444,0.131556,0.17237,0.402222,0.402222,0.99469
2026-08-05T00:53:14+00:00,bid,B200,17,89,3.750174,5.000347,5.001302,6.255208,7.377083,5.001302,0.991545
2026-08-05T00:53:14+00:00,bid,B300,2,4,3.751042,3.751042,3.751042,3.751042,3.751042,3.751042,0.988578
2026-08-05T00:53:14+00:00,bid,CMP 170HX,9,21,0.134815,0.253889,0.254444,0.801111,0.802222,0.802222,0.96132
2026-08-05T00:53:14+00:00,bid,GTX 1050 Ti,1,1,0.024444,0.024444,0.024444,0.024444,0.024444,,0.987853
2026-08-05T00:53:14+00:00,bid,GTX 1060,2,2,0.031111,0.04037,0.04963,0.058889,0.068148,0.068148,0.996983
2026-08-05T00:53:14+00:00,bid,GTX 1070,1,1,0.024444,0.024444,0.024444,0.024444,0.024444,0.024444,0.993037
2026-08-05T00:53:14+00:00,bid,GTX 1070 Ti,2,5,0.040556,0.04225,0.043944,0.045639,0.047333,0.043944,0.995184
2026-08-05T00:53:14+00:00,bid,GTX 1080,5,15,0.014815,0.04037,0.040556,0.041111,0.041111,0.040833,0.995443
2026-08-05T00:53:14+00:00,bid,GTX 1080 Ti,6,12,0.025481,0.040694,0.041111,0.041111,0.042222,0.041111,0.996006
2026-08-05T00:53:14+00:00,bid,GTX 1650,1,1,0.040741,0.040741,0.040741,0.040741,0.040741,,0.925693
2026-08-05T00:53:14+00:00,bid,GTX 1650 S,1,1,0.037778,0.037778,0.037778,0.037778,0.037778,,0.990917
2026-08-05T00:53:14+00:00,bid,GTX 1660,1,1,0.037778,0.037778,0.037778,0.037778,0.037778,0.037778,0.996032
2026-08-05T00:53:14+00:00,bid,GTX 1660 S,2,2,0.028889,0.029444,0.03,0.030556,0.031111,,0.914768
2026-08-05T00:53:14+00:00,bid,GTX 1660 Ti,3,7,0.037778,0.046111,0.054444,0.055,0.055556,0.054444,0.994191
2026-08-05T00:53:14+00:00,bid,H100 NVL,5,6,0.404889,0.935556,1.536444,2.121481,2.122963,2.121481,0.990499
2026-08-05T00:53:14+00:00,bid,H100 PCIE,5,10,0.347778,0.400074,1.335555,1.600556,1.601111,1.468055,0.99161
2026-08-05T00:53:14+00:00,bid,H100 SXM,19,42,0.400556,0.534444,0.936296,1.500852,4.001111,1.006519,0.991644
2026-08-05T00:53:14+00:00,bid,H200,7,29,1.935307,3.256268,3.486404,4.013706,4.218964,3.485855,0.997771
2026-08-05T00:53:14+00:00,bid,H200 NVL,20,45,0.404889,1.002917,1.103472,1.339555,2.535556,1.003333,0.991262
2026-08-05T00:53:14+00:00,bid,L4,10,14,0.134444,0.152037,0.241481,0.268056,0.321111,0.267407,0.99798
2026-08-05T00:53:14+00:00,bid,L40,2,3,0.471111,0.473519,0.475926,0.478333,0.480741,0.475926,0.991275
2026-08-05T00:53:14+00:00,bid,L40S,39,127,0.200185,0.333704,0.533704,0.536111,0.803704,0.534815,0.998454
2026-08-05T00:53:14+00:00,bid,Quadro GV100,1,1,0.134074,0.134074,0.134074,0.134074,0.134074,,0.969581
2026-08-05T00:53:14+00:00,bid,Quadro P4000,2,3,0.040741,0.040926,0.041111,0.041296,0.041481,,0.969804
2026-08-05T00:53:14+00:00,bid,RTX 2060,4,6,0.027259,0.030148,0.036111,0.114722,0.335556,0.041111,0.990699
2026-08-05T00:53:14+00:00,bid,RTX 2060S,4,9,0.041111,0.045444,0.046933,0.066159,0.123704,0.046978,0.986817
2026-08-05T00:53:14+00:00,bid,RTX 2070S,5,27,0.053667,0.066831,0.066852,0.067037,0.067037,0.053667,0.987653
2026-08-05T00:53:14+00:00,bid,RTX 2080 Ti,6,8,0.031111,0.038611,0.041667,0.063111,0.121481,0.056148,0.989766
2026-08-05T00:53:14+00:00,bid,RTX 2080S,1,1,0.037778,0.037778,0.037778,0.037778,0.037778,0.037778,0.952295
2026-08-05T00:53:14+00:00,bid,RTX 3050,1,1,1.068889,1.068889,1.068889,1.068889,1.068889,,0.975987
2026-08-05T00:53:14+00:00,bid,RTX 3060,13,36,0.037778,0.042222,0.053889,0.069259,0.102815,0.055556,0.992919
2026-08-05T00:53:14+00:00,bid,RTX 3060 laptop,8,19,0.013352,0.032204,0.064222,0.101111,0.102222,0.101111,0.992297
2026-08-05T00:53:14+00:00,bid,RTX 3070,11,34,0.014444,0.036,0.053611,0.068148,0.093889,0.068148,0.993403
2026-08-05T00:53:14+00:00,bid,RTX 3070 Ti,1,1,0.055556,0.055556,0.055556,0.055556,0.055556,,0.997055
2026-08-05T00:53:14+00:00,bid,RTX 3080,16,32,0.027407,0.065579,0.081111,0.108333,0.235556,0.095556,0.989318
2026-08-05T00:53:14+00:00,bid,RTX 3080 Ti,8,10,0.019111,0.046722,0.085667,0.096852,0.235556,0.093481,0.993478
2026-08-05T00:53:14+00:00,bid,RTX 3090,68,151,0.014815,0.095139,0.108148,0.134815,0.249889,0.11037,0.993668
2026-08-05T00:53:14+00:00,bid,RTX 4000Ada,1,1,0.162222,0.162222,0.162222,0.162222,0.162222,,0.995956
2026-08-05T00:53:14+00:00,bid,RTX 4060,1,1,0.031111,0.031111,0.031111,0.031111,0.031111,,0.995146
2026-08-05T00:53:14+00:00,bid,RTX 4060 Ti,11,33,0.040198,0.041667,0.075778,0.087926,0.107222,0.10387,0.985419
2026-08-05T00:53:14+00:00,bid,RTX 4070,5,9,0.028889,0.042222,0.067222,0.075778,0.076889,0.075778,0.996451
2026-08-05T00:53:14+00:00,bid,RTX 4070 Ti,9,14,0.055556,0.095556,0.108889,0.240556,0.241111,0.108889,0.991661
2026-08-05T00:53:14+00:00,bid,RTX 4070S,11,34,0.06787,0.071481,0.076296,0.096944,0.242222,0.076296,0.989803
2026-08-05T00:53:14+00:00,bid,RTX 4070S Ti,14,32,0.067778,0.112847,0.1675,0.168611,1.211111,0.167778,0.999121
2026-08-05T00:53:14+00:00,bid,RTX 4080,11,21,0.108889,0.133759,0.134,0.255,0.255556,0.134,0.993661
2026-08-05T00:53:14+00:00,bid,RTX 4080S,13,32,0.060494,0.108889,0.161778,0.200278,0.240519,0.188741,0.996024
2026-08-05T00:53:14+00:00,bid,RTX 4090,93,234,0.115099,0.205185,0.29358,0.388889,0.738341,0.335556,0.996156
2026-08-05T00:53:14+00:00,bid,RTX 4090D,14,34,0.054074,0.063463,0.069333,0.472102,0.606222,,0.949092
2026-08-05T00:53:14+00:00,bid,RTX 5000Ada,5,7,0.267778,0.268148,0.321111,0.322222,0.322222,0.321111,0.997014
2026-08-05T00:53:14+00:00,bid,RTX 5060,4,5,0.041111,0.051944,0.056667,0.067222,0.095556,0.056667,0.992267
2026-08-05T00:53:14+00:00,bid,RTX 5060 Ti,37,103,0.049704,0.067593,0.081481,0.146944,0.157889,0.120741,0.996845
2026-08-05T00:53:14+00:00,bid,RTX 5070,14,24,0.043704,0.061787,0.091296,0.120972,0.150815,0.120556,0.994165
2026-08-05T00:53:14+00:00,bid,RTX 5070 Ti,14,24,0.0276,0.097074,0.107778,0.118333,0.268,0.108333,0.993159
2026-08-05T00:53:14+00:00,bid,RTX 5080,25,53,0.042222,0.10963,0.147407,0.175556,0.202222,0.169444,0.98796
2026-08-05T00:53:14+00:00,bid,RTX 5090,78,180,0.103222,0.271296,0.327704,0.468287,2.666944,0.394389,0.996136
2026-08-05T00:53:14+00:00,bid,RTX 5880Ada,11,22,0.267185,0.280981,0.295185,0.297037,0.297037,0.295185,0.996014
2026-08-05T00:53:14+00:00,bid,RTX 6000Ada,22,44,0.137778,0.201389,0.400926,0.468481,0.775556,0.401111,0.996533
2026-08-05T00:53:14+00:00,bid,RTX A2000,2,2,0.043704,0.132815,0.221926,0.311037,0.400148,0.043704,0.996177
2026-08-05T00:53:14+00:00,bid,RTX A4000,11,66,0.057111,0.093796,0.106852,0.120296,0.133611,,0.97131
2026-08-05T00:53:14+00:00,bid,RTX A4500,2,2,0.081185,0.081185,0.081185,0.081185,0.081185,,0.952713
2026-08-05T00:53:14+00:00,bid,RTX A5000,8,17,0.108519,0.11037,0.21157,0.22709,0.335556,0.21157,0.99879
2026-08-05T00:53:14+00:00,bid,RTX A6000,7,9,0.138519,0.143704,0.202593,0.272889,0.308889,,0.991511
2026-08-05T00:53:14+00:00,bid,RTX PRO 4000,15,29,0.067778,0.201074,0.228889,0.241481,0.370815,0.201741,0.988911
2026-08-05T00:53:14+00:00,bid,RTX PRO 4500,1,1,0.188889,0.188889,0.188889,0.188889,0.188889,0.188889,0.998257
2026-08-05T00:53:14+00:00,bid,RTX PRO 5000,22,32,0.135111,0.202315,0.401481,0.533148,0.803704,0.401481,0.992094
2026-08-05T00:53:14+00:00,bid,RTX PRO 6000 S,32,77,0.375222,0.666829,0.79125,1.06963,2.935556,1.068148,0.997444
2026-08-05T00:53:14+00:00,bid,RTX PRO 6000 WS,28,49,0.334444,0.668889,0.801296,1.017407,1.337481,1.007407,0.995078
2026-08-05T00:53:14+00:00,bid,Tesla P100,1,1,0.041481,0.041481,0.041481,0.041481,0.041481,,0.987719
2026-08-05T00:53:14+00:00,bid,Tesla P40,4,9,0.033407,0.057769,0.066167,0.066444,0.066444,0.066444,0.993578
2026-08-05T00:53:14+00:00,bid,Tesla T4,3,4,3.400741,3.401111,3.401481,3.401481,3.401481,,0.972406
2026-08-05T00:53:14+00:00,bid,Tesla V100,24,60,0.013611,0.028611,0.095037,0.14125,0.202222,0.160556,0.991956
2026-08-05T00:53:14+00:00,bid,Titan RTX,7,15,0.107222,0.108333,0.108889,0.129204,0.135556,0.108889,0.99837
2026-08-05T00:53:14+00:00,bid,Titan Xp,1,1,0.042222,0.042222,0.042222,0.042222,0.042222,0.042222,0.992826
2026-08-05T00:58:13+00:00,on-demand,A100 PCIE,18,52,0.266944,0.334028,0.933667,1.040764,1.206222,0.873333,0.982739
2026-08-05T00:58:13+00:00,on-demand,A100 SXM4,25,59,0.468889,0.747222,0.934074,1.066944,1.988889,0.934444,0.996296
2026-08-05T00:58:13+00:00,on-demand,A800 PCIE,4,8,0.667222,0.667639,0.668333,0.722222,0.882222,0.882222,0.99469
2026-08-05T00:58:13+00:00,on-demand,B200,23,104,5.00026,5.876953,5.938194,6.251042,7.751042,5.938194,0.990229
2026-08-05T00:58:13+00:00,on-demand,B300,1,2,8.313542,8.313542,8.313542,8.313542,8.313542,8.313542,0.988578
2026-08-05T00:58:13+00:00,on-demand,CMP 170HX,5,14,0.268148,0.333704,0.333889,0.334444,1.202222,1.202222,0.96132
2026-08-05T00:58:13+00:00,on-demand,GTX 1050 Ti,1,1,0.611111,0.611111,0.611111,0.611111,0.611111,,0.987853
2026-08-05T00:58:13+00:00,on-demand,GTX 1060,1,1,0.088889,0.088889,0.088889,0.088889,0.088889,0.088889,0.999314
2026-08-05T00:58:13+00:00,on-demand,GTX 1070,1,1,0.531111,0.531111,0.531111,0.531111,0.531111,0.531111,0.993037
2026-08-05T00:58:13+00:00,on-demand,GTX 1070 Ti,2,3,0.049111,0.049389,0.049667,0.049944,0.050222,0.049667,0.993932
2026-08-05T00:58:13+00:00,on-demand,GTX 1080,3,9,0.027778,0.036333,0.044889,0.04663,0.04837,0.04837,0.965622
2026-08-05T00:58:13+00:00,on-demand,GTX 1080 Ti,4,8,0.036148,0.054454,0.060833,0.062389,0.066222,0.061111,0.996006
2026-08-05T00:58:13+00:00,on-demand,GTX 1650,1,1,0.046207,0.046207,0.046207,0.046207,0.046207,,0.925693
2026-08-05T00:58:13+00:00,on-demand,GTX 1650 S,1,1,0.677778,0.677778,0.677778,0.677778,0.677778,,0.990917
2026-08-05T00:58:13+00:00,on-demand,GTX 1660 S,2,2,0.055556,0.154444,0.253333,0.352222,0.451111,,0.914768
2026-08-05T00:58:13+00:00,on-demand,GTX 1660 Ti,2,3,0.068889,0.204444,0.34,0.475556,0.611111,0.34,0.995218
2026-08-05T00:58:13+00:00,on-demand,H100 NVL,5,7,2.123111,2.161481,2.162963,2.667407,2.668148,2.161481,0.995672
2026-08-05T00:58:13+00:00,on-demand,H100 PCIE,4,8,1.333407,1.735019,1.934722,2.034028,2.134444,2.000556,0.984755
2026-08-05T00:58:13+00:00,on-demand,H100 SXM,13,39,1.485556,1.734444,1.935557,3.068,4.640556,2.728593,0.994901
2026-08-05T00:58:13+00:00,on-demand,H200,10,39,3.684759,4.113624,4.277138,4.737802,5.001096,4.211623,0.997925
2026-08-05T00:58:13+00:00,on-demand,H200 NVL,10,32,2.133611,3.122083,3.200437,3.508611,4.651556,3.123333,0.991262
2026-08-05T00:58:13+00:00,on-demand,L4,3,4,0.255556,0.295,0.334444,0.335,0.335556,0.335,0.99798
2026-08-05T00:58:13+00:00,on-demand,L40,3,4,0.527407,0.527778,0.528148,0.552963,0.577778,0.528148,0.994461
2026-08-05T00:58:13+00:00,on-demand,L40S,13,53,0.401111,0.467037,0.733519,1.067593,1.074074,1.067593,0.998454
2026-08-05T00:58:13+00:00,on-demand,Q RTX 8000,3,7,0.253704,0.253889,0.254074,0.262593,0.271111,0.254074,0.998687
2026-08-05T00:58:13+00:00,on-demand,Quadro GV100,1,1,0.467407,0.467407,0.467407,0.467407,0.467407,,0.969581
2026-08-05T00:58:13+00:00,on-demand,Quadro P4000,2,3,0.040741,0.040926,0.041111,0.041296,0.041481,,0.962357
2026-08-05T00:58:13+00:00,on-demand,RTX 2060,2,3,0.052593,0.142222,0.231852,0.321481,0.411111,0.411111,0.985973
2026-08-05T00:58:13+00:00,on-demand,RTX 2070S,2,12,0.073519,0.073565,0.073611,0.073657,0.073704,,0.992407
2026-08-05T00:58:13+00:00,on-demand,RTX 2080 Ti,7,19,0.040444,0.068889,0.080028,0.080083,0.134815,0.080056,0.992749
2026-08-05T00:58:13+00:00,on-demand,RTX 2080S,1,1,0.744444,0.744444,0.744444,0.744444,0.744444,0.744444,0.952295
2026-08-05T00:58:13+00:00,on-demand,RTX 3050,1,1,1.322222,1.322222,1.322222,1.322222,1.322222,,0.975987
2026-08-05T00:58:13+00:00,on-demand,RTX 3060,11,40,0.028889,0.051222,0.067222,0.215164,1.335556,0.35683,0.985137
2026-08-05T00:58:13+00:00,on-demand,RTX 3060 laptop,3,11,0.026685,0.033898,0.041111,0.041667,0.042222,,0.998769
2026-08-05T00:58:13+00:00,on-demand,RTX 3070,13,40,0.041111,0.055556,0.068889,0.106944,0.135185,0.106944,0.993377
2026-08-05T00:58:13+00:00,on-demand,RTX 3070 Ti,2,3,0.174444,0.174722,0.175,0.175278,0.175556,,0.599993
2026-08-05T00:58:13+00:00,on-demand,RTX 3080,13,37,0.060222,0.074815,0.113348,0.120278,0.240889,0.1135,0.994851
2026-08-05T00:58:13+00:00,on-demand,RTX 3080 Ti,8,11,0.054444,0.091389,0.128519,0.135648,0.242222,0.136111,0.996613
2026-08-05T00:58:13+00:00,on-demand,RTX 3090,31,90,0.108593,0.135556,0.174444,0.252444,2.001111,0.251111,0.991718
2026-08-05T00:58:13+00:00,on-demand,RTX 3090 Ti,1,1,0.175556,0.175556,0.175556,0.175556,0.175556,,0.993301
2026-08-05T00:58:13+00:00,on-demand,RTX 4000Ada,1,1,0.202222,0.202222,0.202222,0.202222,0.202222,,0.995956
2026-08-05T00:58:13+00:00,on-demand,RTX 4060,4,10,0.053531,0.053827,0.054222,0.710333,2.677778,,0.981255
2026-08-05T00:58:13+00:00,on-demand,RTX 4060 Ti,8,22,0.053531,0.062241,0.073389,0.081389,0.10637,0.10637,0.985419
2026-08-05T00:58:13+00:00,on-demand,RTX 4060 laptop,1,1,0.135556,0.135556,0.135556,0.135556,0.135556,,0.945186
2026-08-05T00:58:13+00:00,on-demand,RTX 4070,2,3,0.082222,0.082222,0.082222,0.082222,0.082222,0.082222,0.988958
2026-08-05T00:58:13+00:00,on-demand,RTX 4070 Ti,9,21,0.087593,0.088519,0.097037,0.242222,0.282444,0.099074,0.993123
2026-08-05T00:58:13+00:00,on-demand,RTX 4070S,10,33,0.081204,0.084213,0.092222,0.106181,0.121185,0.095741,0.994016
2026-08-05T00:58:13+00:00,on-demand,RTX 4070S Ti,11,25,0.067778,0.109259,0.201111,0.254167,1.331111,0.25375,0.997172
2026-08-05T00:58:13+00:00,on-demand,RTX 4080,6,11,0.158,0.159259,0.170648,0.180454,0.227704,0.180259,0.983144
2026-08-05T00:58:13+00:00,on-demand,RTX 4080S,14,58,0.135556,0.160347,0.168333,0.213819,0.400278,0.202074,0.994471
2026-08-05T00:58:13+00:00,on-demand,RTX 4090,56,195,0.267222,0.322593,0.434398,0.55463,2.005926,0.467778,0.994788
2026-08-05T00:58:13+00:00,on-demand,RTX 4090D,9,25,0.160185,0.160741,0.386074,0.667222,0.668889,,0.967226
2026-08-05T00:58:13+00:00,on-demand,RTX 5000Ada,3,5,0.334444,0.367963,0.401481,0.41463,0.427778,0.401481,0.997014
2026-08-05T00:58:13+00:00,on-demand,RTX 5060,4,4,0.054815,0.071481,0.106296,0.140556,0.155556,0.116296,0.979958
2026-08-05T00:58:13+00:00,on-demand,RTX 5060 Ti,17,61,0.066944,0.087111,0.104741,0.174519,0.227407,0.118657,0.994122
2026-08-05T00:58:13+00:00,on-demand,RTX 5060 laptop,1,1,0.135556,0.135556,0.135556,0.135556,0.135556,,0.970915
2026-08-05T00:58:13+00:00,on-demand,RTX 5070,12,20,0.010163,0.09,0.114333,0.14412,1.335556,0.128056,0.994178
2026-08-05T00:58:13+00:00,on-demand,RTX 5070 Ti,9,18,0.08237,0.137037,0.161111,0.200556,0.202222,0.160741,0.996409
2026-08-05T00:58:13+00:00,on-demand,RTX 5080,17,51,0.133704,0.174444,0.202222,0.282222,1.068889,0.221944,0.990357
2026-08-05T00:58:13+00:00,on-demand,RTX 5090,52,164,0.212889,0.423694,0.562222,0.744537,5.986944,0.664139,0.993789
2026-08-05T00:58:13+00:00,on-demand,RTX 5880Ada,2,5,0.600926,0.60162,0.602315,0.603009,0.603704,0.602315,0.996014
2026-08-05T00:58:13+00:00,on-demand,RTX 6000Ada,9,28,0.441111,0.561481,0.680519,0.693611,0.933778,0.680519,0.996379
2026-08-05T00:58:13+00:00,on-demand,RTX A2000,5,6,0.034074,0.036148,0.036148,0.493481,1.335556,,0.995214
2026-08-05T00:58:13+00:00,on-demand,RTX A4000,7,47,0.071778,0.127012,0.133519,0.140324,0.153556,,0.97131
2026-08-05T00:58:13+00:00,on-demand,RTX A4500,2,2,0.121185,0.409593,0.698,0.986407,1.274815,,0.975401
2026-08-05T00:58:13+00:00,on-demand,RTX A5000,3,5,0.231778,0.280148,0.328519,0.3574,0.386281,0.328519,0.997874
2026-08-05T00:58:13+00:00,on-demand,RTX A6000,10,26,0.325185,0.350972,0.802361,1.200972,2.668889,0.404444,0.983394
2026-08-05T00:58:13+00:00,on-demand,RTX PRO 4000,10,16,0.134444,0.260593,0.291296,0.317037,0.534815,0.285444,0.990242
2026-08-05T00:58:13+00:00,on-demand,RTX PRO 4500,1,1,0.335556,0.335556,0.335556,0.335556,0.335556,0.335556,0.998257
2026-08-05T00:58:13+00:00,on-demand,RTX PRO 5000,11,18,0.562593,0.621296,0.841852,0.912259,2.538519,0.912259,0.996391
2026-08-05T00:58:13+00:00,on-demand,RTX PRO 6000 S,21,71,0.800093,1.200889,1.334815,1.734815,1.890955,1.666991,0.992541
2026-08-05T00:58:13+00:00,on-demand,RTX PRO 6000 WS,20,36,0.801111,1.058889,1.268877,1.577407,13.335556,1.337222,0.994275
2026-08-05T00:58:13+00:00,on-demand,Tesla P100,2,3,0.068148,0.071481,0.074815,0.078148,0.081481,0.081481,0.991046
2026-08-05T00:58:13+00:00,on-demand,Tesla P40,4,8,0.046741,0.111102,0.132833,0.150389,0.202222,0.132833,0.992648
2026-08-05T00:58:13+00:00,on-demand,Tesla T4,2,3,12.000741,12.000926,12.001111,12.001296,12.001481,,0.972406
2026-08-05T00:58:13+00:00,on-demand,Tesla V100,11,30,0.027222,0.027778,0.028889,0.167222,1.467037,0.179917,0.987914
2026-08-05T00:58:13+00:00,on-demand,Titan RTX,4,6,0.135185,0.136574,0.149074,0.161389,0.162222,0.161667,0.996277
2026-08-05T00:58:13+00:00,on-demand,Titan Xp,1,1,0.062222,0.062222,0.062222,0.062222,0.062222,0.062222,0.992826
2026-08-05T00:58:13+00:00,bid,A100 PCIE,34,61,0.133889,0.135556,0.201111,0.587778,0.588889,0.174111,0.990884
2026-08-05T00:58:13+00:00,bid,A100 SXM4,39,64,0.130316,0.400741,0.401481,0.835778,1.069333,0.468889,0.986604
2026-08-05T00:58:13+00:00,bid,A800 PCIE,8,13,0.129889,0.130444,0.131556,0.131556,0.402222,0.402222,0.99469
2026-08-05T00:58:13+00:00,bid,B200,24,104,3.750174,5.00115,5.003993,5.784896,7.377083,5.003993,0.982701
2026-08-05T00:58:13+00:00,bid,B300,2,4,3.751042,3.751042,3.751042,3.751042,3.751042,3.751042,0.988578
2026-08-05T00:58:13+00:00,bid,CMP 170HX,9,21,0.134815,0.253889,0.254444,0.801111,0.802222,0.802222,0.96132
2026-08-05T00:58:13+00:00,bid,GTX 1050 Ti,1,1,0.024444,0.024444,0.024444,0.024444,0.024444,,0.987853
2026-08-05T00:58:13+00:00,bid,GTX 1060,2,2,0.031111,0.04037,0.04963,0.058889,0.068148,0.068148,0.996983
2026-08-05T00:58:13+00:00,bid,GTX 1070,1,1,0.024444,0.024444,0.024444,0.024444,0.024444,0.024444,0.993037
2026-08-05T00:58:13+00:00,bid,GTX 1070 Ti,1,2,0.041111,0.041111,0.041111,0.041111,0.041111,0.041111,0.994758
2026-08-05T00:58:13+00:00,bid,GTX 1080,4,10,0.028889,0.0375,0.040741,0.044352,0.054074,0.041111,0.995443
2026-08-05T00:58:13+00:00,bid,GTX 1080 Ti,5,10,0.025481,0.040556,0.041111,0.041111,0.042222,0.041111,0.996006
2026-08-05T00:58:13+00:00,bid,GTX 1650,1,1,0.040741,0.040741,0.040741,0.040741,0.040741,,0.925693
2026-08-05T00:58:13+00:00,bid,GTX 1650 S,1,1,0.037778,0.037778,0.037778,0.037778,0.037778,,0.990917
2026-08-05T00:58:13+00:00,bid,GTX 1660,1,1,0.037778,0.037778,0.037778,0.037778,0.037778,0.037778,0.996032
2026-08-05T00:58:13+00:00,bid,GTX 1660 S,2,2,0.028889,0.029444,0.03,0.030556,0.031111,,0.914768
2026-08-05T00:58:13+00:00,bid,GTX 1660 Ti,3,7,0.037778,0.046111,0.054444,0.055,0.055556,0.054444,0.997468
2026-08-05T00:58:13+00:00,bid,H100 NVL,6,7,0.404889,0.868778,1.236,1.975222,2.122963,1.828963,0.990499
2026-08-05T00:58:13+00:00,bid,H100 PCIE,5,11,0.347222,0.347778,0.347778,0.400074,1.601111,0.347778,0.998976
2026-08-05T00:58:13+00:00,bid,H100 SXM,18,39,0.400556,0.551111,0.971407,1.58387,4.002222,0.971407,0.994336
2026-08-05T00:58:13+00:00,bid,H200,10,36,1.935307,3.092928,3.485855,3.832538,4.218964,3.485307,0.997771
2026-08-05T00:58:13+00:00,bid,H200 NVL,21,50,0.404889,1.001667,1.200278,2.255556,2.934444,1.005,0.9912
2026-08-05T00:58:13+00:00,bid,L4,8,12,0.134444,0.195556,0.267593,0.26963,0.321111,0.267778,0.997701
2026-08-05T00:58:13+00:00,bid,L40,2,3,0.471111,0.473519,0.475926,0.478333,0.480741,0.475926,0.991275
2026-08-05T00:58:13+00:00,bid,L40S,33,91,0.200185,0.466852,0.534259,0.537037,0.774074,0.534815,0.997233
2026-08-05T00:58:13+00:00,bid,Quadro GV100,1,1,0.134074,0.134074,0.134074,0.134074,0.134074,,0.969581
2026-08-05T00:58:13+00:00,bid,Quadro P4000,2,3,0.040741,0.040926,0.041111,0.041296,0.041481,,0.969804
2026-08-05T00:58:13+00:00,bid,RTX 2060,4,6,0.027259,0.030148,0.036111,0.114722,0.335556,0.041111,0.990699
2026-08-05T00:58:13+00:00,bid,RTX 2060S,5,11,0.041111,0.046978,0.047289,0.047289,0.123704,0.047289,0.993503
2026-08-05T00:58:13+00:00,bid,RTX 2070S,2,13,0.066831,0.066883,0.066934,0.066986,0.067037,,0.987653
2026-08-05T00:58:13+00:00,bid,RTX 2080 Ti,4,5,0.037778,0.040278,0.041667,0.062037,0.121481,0.042222,0.989766
2026-08-05T00:58:13+00:00,bid,RTX 2080S,1,1,0.037778,0.037778,0.037778,0.037778,0.037778,0.037778,0.952295
2026-08-05T00:58:13+00:00,bid,RTX 3050,1,1,1.068889,1.068889,1.068889,1.068889,1.068889,,0.975987
2026-08-05T00:58:13+00:00,bid,RTX 3060,10,32,0.027407,0.041389,0.0455,0.073983,0.102815,0.080681,0.985137
2026-08-05T00:58:13+00:00,bid,RTX 3060 laptop,8,19,0.013352,0.032204,0.081963,0.101389,0.102222,0.101111,0.994435
2026-08-05T00:58:13+00:00,bid,RTX 3070,10,30,0.014444,0.040889,0.05375,0.068333,0.093889,0.068148,0.993403
2026-08-05T00:58:13+00:00,bid,RTX 3080,12,27,0.027407,0.053019,0.064213,0.108333,0.235556,0.094815,0.989032
2026-08-05T00:58:13+00:00,bid,RTX 3080 Ti,11,19,0.019111,0.034259,0.085111,0.108519,0.235556,0.108889,0.989125
2026-08-05T00:58:13+00:00,bid,RTX 3090,64,156,0.054444,0.096944,0.108889,0.149259,0.249778,0.134815,0.993432
2026-08-05T00:58:13+00:00,bid,RTX 4000Ada,1,1,0.162222,0.162222,0.162222,0.162222,0.162222,,0.995956
2026-08-05T00:58:13+00:00,bid,RTX 4060,1,1,0.031111,0.031111,0.031111,0.031111,0.031111,,0.995146
2026-08-05T00:58:13+00:00,bid,RTX 4060 Ti,12,32,0.039778,0.040907,0.076333,0.080778,0.107222,0.088778,0.988198
2026-08-05T00:58:13+00:00,bid,RTX 4070,7,12,0.024444,0.048333,0.068889,0.0755,0.076889,0.075778,0.990353
2026-08-05T00:58:13+00:00,bid,RTX 4070 Ti,7,11,0.055556,0.085452,0.108889,0.228056,0.241111,0.099156,0.992551
2026-08-05T00:58:13+00:00,bid,RTX 4070S,9,34,0.06787,0.071481,0.094537,0.095741,0.102222,0.095741,0.993613
2026-08-05T00:58:13+00:00,bid,RTX 4070S Ti,12,28,0.114111,0.142593,0.167222,0.168056,1.211111,0.167222,0.999121
2026-08-05T00:58:13+00:00,bid,RTX 4080,9,18,0.081481,0.133667,0.134,0.254444,0.255556,0.134,0.992384
2026-08-05T00:58:13+00:00,bid,RTX 4080S,15,36,0.060741,0.118333,0.200278,0.221167,0.240519,0.240259,0.993098
2026-08-05T00:58:13+00:00,bid,RTX 4090,98,256,0.122222,0.20337,0.280148,0.388889,0.738341,0.335556,0.996202
2026-08-05T00:58:13+00:00,bid,RTX 4090D,12,32,0.063185,0.063648,0.064111,0.604694,0.606222,,0.949092
2026-08-05T00:58:13+00:00,bid,RTX 5000Ada,4,6,0.267778,0.268056,0.29463,0.321389,0.322222,0.29463,0.997014
2026-08-05T00:58:13+00:00,bid,RTX 5060,4,5,0.041111,0.041944,0.04837,0.064778,0.095556,0.054519,0.983666
2026-08-05T00:58:13+00:00,bid,RTX 5060 Ti,34,102,0.049704,0.068519,0.081852,0.147222,0.159556,0.135185,0.995924
2026-08-05T00:58:13+00:00,bid,RTX 5070,10,18,0.043704,0.071389,0.120833,0.122222,0.150815,0.121667,0.9963
2026-08-05T00:58:13+00:00,bid,RTX 5070 Ti,14,25,0.0276,0.094444,0.107778,0.108889,0.268,0.108333,0.995216
2026-08-05T00:58:13+00:00,bid,RTX 5080,24,52,0.042222,0.1025,0.14713,0.1745,0.202222,0.154167,0.989158
2026-08-05T00:58:13+00:00,bid,RTX 5090,88,219,0.103222,0.293785,0.374167,0.467269,2.666944,0.400602,0.993263
2026-08-05T00:58:13+00:00,bid,RTX 5880Ada,9,18,0.267185,0.295185,0.295185,0.297037,0.297037,0.295185,0.996014
2026-08-05T00:58:13+00:00,bid,RTX 6000Ada,24,50,0.134815,0.325648,0.467444,0.468778,0.774444,0.467444,0.996879
2026-08-05T00:58:13+00:00,bid,RTX A2000,1,1,0.400148,0.400148,0.400148,0.400148,0.400148,,0.994358
2026-08-05T00:58:13+00:00,bid,RTX A4000,9,51,0.057111,0.093889,0.106852,0.107037,0.134444,,0.97131
2026-08-05T00:58:13+00:00,bid,RTX A4500,2,2,0.081185,0.081185,0.081185,0.081185,0.081185,,0.952713
2026-08-05T00:58:13+00:00,bid,RTX A5000,8,21,0.108519,0.11037,0.214233,0.228305,0.335556,0.214233,0.99879
2026-08-05T00:58:13+00:00,bid,RTX A6000,6,8,0.138519,0.158426,0.203889,0.278963,0.308889,,0.991511
2026-08-05T00:58:13+00:00,bid,RTX PRO 4000,18,33,0.067778,0.201056,0.228333,0.241481,0.370815,0.202222,0.992395
2026-08-05T00:58:13+00:00,bid,RTX PRO 4500,2,2,0.188889,0.209259,0.22963,0.25,0.27037,0.22963,0.997459
2026-08-05T00:58:13+00:00,bid,RTX PRO 5000,29,43,0.135111,0.205185,0.401481,0.55337,0.803704,0.401481,0.996391
2026-08-05T00:58:13+00:00,bid,RTX PRO 6000 S,34,88,0.335556,0.667037,0.801111,1.06963,2.935556,1.002222,0.997154
2026-08-05T00:58:13+00:00,bid,RTX PRO 6000 WS,34,58,0.334444,0.536574,0.708491,0.902778,1.320926,0.669481,0.994941
2026-08-05T00:58:13+00:00,bid,Tesla P100,1,1,0.041481,0.041481,0.041481,0.041481,0.041481,,0.987719
2026-08-05T00:58:13+00:00,bid,Tesla P40,4,9,0.033407,0.057769,0.066167,0.066444,0.066444,0.066444,0.993578
2026-08-05T00:58:13+00:00,bid,Tesla T4,3,4,3.400741,3.401111,3.401481,3.401481,3.401481,,0.972406
2026-08-05T00:58:13+00:00,bid,Tesla V100,24,65,0.013611,0.028611,0.094944,0.14125,0.202222,0.160556,0.992937
2026-08-05T00:58:13+00:00,bid,Titan RTX,7,16,0.107222,0.108333,0.128519,0.132167,0.135556,0.121667,0.99837
2026-08-05T00:58:13+00:00,bid,Titan Xp,1,1,0.042222,0.042222,0.042222,0.042222,0.042222,0.042222,0.992826
2026-08-05T01:03:15+00:00,on-demand,A100 PCIE,15,41,0.266944,0.348519,1.001111,1.05375,1.206222,0.994,0.984041
2026-08-05T01:03:15+00:00,on-demand,A100 SXM4,26,59,0.268148,0.758519,0.934444,1.067014,1.988889,0.934815,0.995969
2026-08-05T01:03:15+00:00,on-demand,A10g,1,1,0.161185,0.161185,0.161185,0.161185,0.161185,,0.958488
2026-08-05T01:03:15+00:00,on-demand,A800 PCIE,4,8,0.667222,0.667639,0.668333,0.722222,0.882222,0.882222,0.99469
2026-08-05T01:03:15+00:00,on-demand,B200,23,104,5.00026,5.876302,5.938889,6.251389,7.751042,5.938889,0.990229
2026-08-05T01:03:15+00:00,on-demand,B300,1,2,8.313542,8.313542,8.313542,8.313542,8.313542,8.313542,0.988578
2026-08-05T01:03:15+00:00,on-demand,CMP 170HX,4,10,0.268148,0.317315,0.334074,0.551389,1.202222,1.202222,0.96132
2026-08-05T01:03:15+00:00,on-demand,GTX 1050 Ti,1,1,0.611111,0.611111,0.611111,0.611111,0.611111,,0.987853
2026-08-05T01:03:15+00:00,on-demand,GTX 1060,2,2,0.088148,0.152222,0.216296,0.28037,0.344444,0.088148,0.996983
2026-08-05T01:03:15+00:00,on-demand,GTX 1070,1,1,0.531111,0.531111,0.531111,0.531111,0.531111,0.531111,0.993037
2026-08-05T01:03:15+00:00,on-demand,GTX 1070 Ti,1,1,0.080667,0.080667,0.080667,0.080667,0.080667,0.080667,0.99561
2026-08-05T01:03:15+00:00,on-demand,GTX 1080,5,15,0.027778,0.042222,0.04837,0.048556,0.049111,0.048556,0.995443
2026-08-05T01:03:15+00:00,on-demand,GTX 1080 Ti,4,8,0.036148,0.054454,0.060833,0.062389,0.066222,0.061111,0.996006
2026-08-05T01:03:15+00:00,on-demand,GTX 1650,1,1,0.046207,0.046207,0.046207,0.046207,0.046207,,0.925693
2026-08-05T01:03:15+00:00,on-demand,GTX 1650 S,1,1,0.677778,0.677778,0.677778,0.677778,0.677778,,0.990917
2026-08-05T01:03:15+00:00,on-demand,GTX 1660,1,1,0.677778,0.677778,0.677778,0.677778,0.677778,0.677778,0.996032
2026-08-05T01:03:15+00:00,on-demand,GTX 1660 S,2,2,0.055556,0.154444,0.253333,0.352222,0.451111,,0.914768
2026-08-05T01:03:15+00:00,on-demand,GTX 1660 Ti,1,2,0.068889,0.068889,0.068889,0.068889,0.068889,0.068889,0.994191
2026-08-05T01:03:15+00:00,on-demand,H100 NVL,4,6,2.161481,2.522037,2.654815,2.667593,2.668148,2.401852,0.994739
2026-08-05T01:03:15+00:00,on-demand,H100 PCIE,4,8,1.333407,1.933769,2.134167,2.134722,2.135556,2.134444,0.99161
2026-08-05T01:03:15+00:00,on-demand,H100 SXM,13,39,1.485556,1.734444,1.935557,3.068,4.640556,2.708593,0.994901
2026-08-05T01:03:15+00:00,on-demand,H200,10,36,3.684759,3.971628,4.080592,4.639117,5.001096,4.080044,0.997747
2026-08-05T01:03:15+00:00,on-demand,H200 NVL,10,31,2.000278,3.122083,3.163492,3.200972,4.611556,3.125,0.991262
2026-08-05T01:03:15+00:00,on-demand,L4,3,4,0.255556,0.294815,0.334074,0.334444,0.334815,0.334444,0.99808
2026-08-05T01:03:15+00:00,on-demand,L40S,14,57,0.401111,0.467037,0.631574,0.984954,1.074074,0.902315,0.995772
2026-08-05T01:03:15+00:00,on-demand,Q RTX 8000,3,7,0.253704,0.253889,0.254074,0.254444,0.254815,0.254074,0.998687
2026-08-05T01:03:15+00:00,on-demand,Quadro GV100,1,1,0.467407,0.467407,0.467407,0.467407,0.467407,,0.969581
2026-08-05T01:03:15+00:00,on-demand,Quadro P4000,3,4,0.040741,0.044444,0.048148,0.057741,0.067333,0.067333,0.969804
2026-08-05T01:03:15+00:00,on-demand,RTX 2060,2,3,0.052593,0.143333,0.234074,0.324815,0.415556,0.415556,0.986538
2026-08-05T01:03:15+00:00,on-demand,RTX 2070S,3,16,0.060741,0.067119,0.073498,0.073601,0.073704,,0.989623
2026-08-05T01:03:15+00:00,on-demand,RTX 2080 Ti,10,31,0.040444,0.068889,0.080025,0.080097,0.811111,0.080042,0.995252
2026-08-05T01:03:15+00:00,on-demand,RTX 2080S,1,1,0.744444,0.744444,0.744444,0.744444,0.744444,0.744444,0.952295
2026-08-05T01:03:15+00:00,on-demand,RTX 3050,1,1,1.322222,1.322222,1.322222,1.322222,1.322222,,0.975987
2026-08-05T01:03:15+00:00,on-demand,RTX 3060,9,24,0.030222,0.067778,0.073519,0.677778,1.335556,0.846193,0.985137
2026-08-05T01:03:15+00:00,on-demand,RTX 3060 laptop,3,11,0.026685,0.033898,0.041111,0.041667,0.042222,,0.998769
2026-08-05T01:03:15+00:00,on-demand,RTX 3070,10,36,0.043778,0.054722,0.087361,0.107153,0.161852,0.107083,0.991127
2026-08-05T01:03:15+00:00,on-demand,RTX 3070 Ti,2,3,0.174444,0.174722,0.175,0.175278,0.175556,,0.599993
2026-08-05T01:03:15+00:00,on-demand,RTX 3080,14,45,0.060222,0.074259,0.095463,0.131181,0.240889,0.124556,0.992747
2026-08-05T01:03:15+00:00,on-demand,RTX 3080 Ti,8,10,0.062222,0.091389,0.115,0.136667,0.242222,0.125,0.993856
2026-08-05T01:03:15+00:00,on-demand,RTX 3090,31,84,0.108889,0.134167,0.174444,0.266444,2.001111,0.266444,0.994444
2026-08-05T01:03:15+00:00,on-demand,RTX 3090 Ti,1,1,0.175556,0.175556,0.175556,0.175556,0.175556,,0.993302
2026-08-05T01:03:15+00:00,on-demand,RTX 4000Ada,1,1,0.202222,0.202222,0.202222,0.202222,0.202222,,0.995956
2026-08-05T01:03:15+00:00,on-demand,RTX 4060,6,10,0.05363,0.056556,0.067407,0.11037,2.677778,0.097037,0.989446
2026-08-05T01:03:15+00:00,on-demand,RTX 4060 Ti,9,25,0.05363,0.081111,0.10037,0.106963,0.144556,0.10763,0.985947
2026-08-05T01:03:15+00:00,on-demand,RTX 4060 laptop,1,1,0.135556,0.135556,0.135556,0.135556,0.135556,,0.945186
2026-08-05T01:03:15+00:00,on-demand,RTX 4070,1,1,0.082222,0.082222,0.082222,0.082222,0.082222,,0.990353
2026-08-05T01:03:15+00:00,on-demand,RTX 4070 Ti,12,24,0.087593,0.089907,0.102963,0.184222,0.282444,0.097037,0.991661
2026-08-05T01:03:15+00:00,on-demand,RTX 4070S,9,29,0.081204,0.084815,0.091111,0.10787,0.111481,0.091111,0.993613
2026-08-05T01:03:15+00:00,on-demand,RTX 4070S Ti,9,25,0.088889,0.133889,0.253611,0.254444,1.331111,0.25375,0.998391
2026-08-05T01:03:15+00:00,on-demand,RTX 4080,6,11,0.158667,0.165843,0.180389,0.206796,0.267778,0.180519,0.986871
2026-08-05T01:03:15+00:00,on-demand,RTX 4080S,12,48,0.135556,0.157546,0.162778,0.204181,0.261593,0.1625,0.996248
2026-08-05T01:03:15+00:00,on-demand,RTX 4090,51,165,0.256222,0.350815,0.483457,0.635556,2.005926,0.540741,0.994788
2026-08-05T01:03:15+00:00,on-demand,RTX 4090D,9,25,0.160185,0.160741,0.386074,0.667222,0.668889,,0.967226
2026-08-05T01:03:15+00:00,on-demand,RTX 5000Ada,3,4,0.335556,0.368519,0.401481,0.41463,0.427778,0.401481,0.997014
2026-08-05T01:03:15+00:00,on-demand,RTX 5060,4,4,0.05363,0.071185,0.106296,0.140556,0.155556,0.116296,0.99592
2026-08-05T01:03:15+00:00,on-demand,RTX 5060 Ti,17,55,0.066944,0.083704,0.104741,0.137037,0.186222,0.134259,0.994122
2026-08-05T01:03:15+00:00,on-demand,RTX 5060 laptop,1,1,0.135556,0.135556,0.135556,0.135556,0.135556,,0.970915
2026-08-05T01:03:15+00:00,on-demand,RTX 5070,12,20,0.010163,0.097037,0.124537,0.14537,1.335556,0.135556,0.995312
2026-08-05T01:03:15+00:00,on-demand,RTX 5070 Ti,15,34,0.108889,0.128333,0.200494,0.200741,0.401333,0.200494,0.996061
2026-08-05T01:03:15+00:00,on-demand,RTX 5080,18,55,0.133704,0.177222,0.235222,0.277801,1.068889,0.254222,0.990457
2026-08-05T01:03:15+00:00,on-demand,RTX 5090,51,169,0.295556,0.401111,0.534815,0.727407,5.986944,0.536296,0.993231
2026-08-05T01:03:15+00:00,on-demand,RTX 5880Ada,4,9,0.413852,0.414241,0.508111,0.602315,0.603704,0.508111,0.996105
2026-08-05T01:03:15+00:00,on-demand,RTX 6000Ada,9,28,0.441111,0.600278,0.680519,0.693611,0.752593,0.680519,0.992948
2026-08-05T01:03:15+00:00,on-demand,RTX A2000,4,5,0.034074,0.03563,0.264815,0.704,1.335556,,0.994786
2026-08-05T01:03:15+00:00,on-demand,RTX A4000,6,36,0.072889,0.120347,0.127012,0.133645,0.153611,0.120278,0.97131
2026-08-05T01:03:15+00:00,on-demand,RTX A4500,3,3,0.114519,0.117852,0.121185,0.698,1.274815,,0.952717
2026-08-05T01:03:15+00:00,on-demand,RTX A5000,4,15,0.230984,0.231163,0.231315,0.261193,0.350548,0.231315,0.998142
2026-08-05T01:03:15+00:00,on-demand,RTX A6000,9,24,0.333889,0.335556,0.468889,1.200556,2.668889,0.404444,0.982375
2026-08-05T01:03:15+00:00,on-demand,RTX PRO 4000,11,17,0.134444,0.236333,0.280741,0.312593,0.534815,0.257111,0.988911
2026-08-05T01:03:15+00:00,on-demand,RTX PRO 4500,1,1,0.335556,0.335556,0.335556,0.335556,0.335556,0.335556,0.998257
2026-08-05T01:03:15+00:00,on-demand,RTX PRO 5000,9,15,0.535926,0.615852,0.841852,0.880741,0.943037,0.881111,0.992094
2026-08-05T01:03:15+00:00,on-demand,RTX PRO 6000 S,21,72,0.800093,1.200889,1.468889,1.734815,1.890955,1.666991,0.992541
2026-08-05T01:03:15+00:00,on-demand,RTX PRO 6000 WS,15,27,0.867778,1.049259,1.20137,1.867778,13.335556,1.427778,0.994318
2026-08-05T01:03:15+00:00,on-demand,Tesla P100,2,3,0.068148,0.071481,0.074815,0.078148,0.081481,0.081481,0.991046
2026-08-05T01:03:15+00:00,on-demand,Tesla P40,4,8,0.046741,0.111102,0.132833,0.150389,0.202222,0.132833,0.992648
2026-08-05T01:03:15+00:00,on-demand,Tesla T4,2,3,12.000741,12.000926,12.001111,12.001296,12.001481,,0.972406
2026-08-05T01:03:15+00:00,on-demand,Tesla V100,15,45,0.026944,0.028333,0.128889,0.166944,1.467037,0.134028,0.989542
2026-08-05T01:03:15+00:00,on-demand,Titan RTX,5,10,0.135185,0.137037,0.161111,0.162222,0.200556,0.161667,0.99405
2026-08-05T01:03:15+00:00,on-demand,Titan Xp,1,1,0.062222,0.062222,0.062222,0.062222,0.062222,0.062222,0.992826
2026-08-05T01:03:15+00:00,bid,A100 PCIE,31,56,0.133889,0.135556,0.175222,0.587222,0.588889,0.155389,0.990961
2026-08-05T01:03:15+00:00,bid,A100 SXM4,32,54,0.130316,0.400741,0.401481,0.800833,1.069333,0.428889,0.986604
2026-08-05T01:03:15+00:00,bid,A10g,1,1,0.081185,0.081185,0.081185,0.081185,0.081185,,0.958488
2026-08-05T01:03:15+00:00,bid,A800 PCIE,9,14,0.129889,0.130444,0.131556,0.131556,0.402222,0.402222,0.99469
2026-08-05T01:03:15+00:00,bid,B200,24,104,3.750174,5.00115,5.315278,5.785938,7.377083,5.315278,0.982805
2026-08-05T01:03:15+00:00,bid,B300,1,2,3.751042,3.751042,3.751042,3.751042,3.751042,3.751042,0.988578
2026-08-05T01:03:15+00:00,bid,CMP 170HX,8,19,0.134815,0.253843,0.254444,0.801389,0.802222,0.802222,0.96132
2026-08-05T01:03:15+00:00,bid,GTX 1050 Ti,1,1,0.024444,0.024444,0.024444,0.024444,0.024444,,0.987853
2026-08-05T01:03:15+00:00,bid,GTX 1060,2,2,0.031111,0.04037,0.04963,0.058889,0.068148,0.068148,0.996983
2026-08-05T01:03:15+00:00,bid,GTX 1070,1,1,0.024444,0.024444,0.024444,0.024444,0.024444,0.024444,0.993037
2026-08-05T01:03:15+00:00,bid,GTX 1070 Ti,1,1,0.047333,0.047333,0.047333,0.047333,0.047333,0.047333,0.99561
2026-08-05T01:03:15+00:00,bid,GTX 1080,5,15,0.014815,0.04037,0.040556,0.041111,0.041111,0.040833,0.995443
2026-08-05T01:03:15+00:00,bid,GTX 1080 Ti,6,12,0.025481,0.040694,0.041111,0.041111,0.042222,0.041111,0.996006
2026-08-05T01:03:15+00:00,bid,GTX 1650,1,1,0.040741,0.040741,0.040741,0.040741,0.040741,,0.925693
2026-08-05T01:03:15+00:00,bid,GTX 1650 S,1,1,0.037778,0.037778,0.037778,0.037778,0.037778,,0.990917
2026-08-05T01:03:15+00:00,bid,GTX 1660,1,1,0.037778,0.037778,0.037778,0.037778,0.037778,0.037778,0.996032
2026-08-05T01:03:15+00:00,bid,GTX 1660 S,3,4,0.028889,0.03,0.031111,0.039444,0.047778,0.047778,0.93723
2026-08-05T01:03:15+00:00,bid,GTX 1660 Ti,3,7,0.037778,0.046111,0.054444,0.055,0.055556,0.054444,0.997468
2026-08-05T01:03:15+00:00,bid,H100 NVL,5,6,0.935556,1.335556,1.536444,2.121481,2.122963,1.828963,0.990499
2026-08-05T01:03:15+00:00,bid,H100 PCIE,8,17,0.347222,0.347778,1.000315,1.601389,1.602222,1.600556,0.99161
2026-08-05T01:03:15+00:00,bid,H100 SXM,20,43,0.400556,0.5345,0.80437,1.767167,4.002222,1.006519,0.994336
2026-08-05T01:03:15+00:00,bid,H200,11,37,1.935307,3.158626,3.486404,3.948191,4.218964,3.486404,0.997771
2026-08-05T01:03:15+00:00,bid,H200 NVL,21,49,0.602222,1.003333,1.200278,2.255556,2.934444,1.006667,0.991262
2026-08-05T01:03:15+00:00,bid,L4,8,11,0.134444,0.135556,0.241481,0.268056,0.271852,0.267407,0.997422
2026-08-05T01:03:15+00:00,bid,L40S,26,72,0.200185,0.46787,0.536111,0.540741,0.803704,0.537037,0.998595
2026-08-05T01:03:15+00:00,bid,Quadro GV100,1,1,0.134074,0.134074,0.134074,0.134074,0.134074,,0.969581
2026-08-05T01:03:15+00:00,bid,Quadro P4000,3,4,0.040741,0.041111,0.041481,0.044407,0.047333,0.047333,0.969804
2026-08-05T01:03:15+00:00,bid,RTX 2060,5,8,0.027259,0.027259,0.031111,0.041111,0.335556,0.041111,0.987009
2026-08-05T01:03:15+00:00,bid,RTX 2060S,4,9,0.041111,0.045444,0.046933,0.066159,0.123704,0.046978,0.986817
2026-08-05T01:03:15+00:00,bid,RTX 2070S,6,29,0.053667,0.066836,0.066944,0.067037,0.067407,0.053667,0.987653
2026-08-05T01:03:15+00:00,bid,RTX 2080 Ti,8,11,0.031111,0.037222,0.041667,0.053907,0.121481,0.056148,0.992749
2026-08-05T01:03:15+00:00,bid,RTX 2080S,1,1,0.037778,0.037778,0.037778,0.037778,0.037778,0.037778,0.952295
2026-08-05T01:03:15+00:00,bid,RTX 3050,1,1,1.068889,1.068889,1.068889,1.068889,1.068889,,0.975987
2026-08-05T01:03:15+00:00,bid,RTX 3060,10,30,0.037778,0.041389,0.0455,0.075028,0.102815,0.061407,0.984665
2026-08-05T01:03:15+00:00,bid,RTX 3060 laptop,7,17,0.013352,0.025963,0.065481,0.084037,0.102222,0.084037,0.994435
2026-08-05T01:03:15+00:00,bid,RTX 3070,12,34,0.014444,0.040528,0.061065,0.074972,0.115556,0.068667,0.993447
2026-08-05T01:03:15+00:00,bid,RTX 3070 Ti,1,2,0.054444,0.054444,0.054444,0.054444,0.054444,,0.997055
2026-08-05T01:03:15+00:00,bid,RTX 3080,11,24,0.027407,0.053444,0.081111,0.114815,0.235556,0.101852,0.988502
2026-08-05T01:03:15+00:00,bid,RTX 3080 Ti,11,17,0.019111,0.034259,0.083704,0.107963,0.235556,0.107778,0.989125
2026-08-05T01:03:15+00:00,bid,RTX 3090,63,137,0.019481,0.095,0.108148,0.134815,0.250444,0.108519,0.991719
2026-08-05T01:03:15+00:00,bid,RTX 4000Ada,2,3,0.054296,0.081278,0.108259,0.135241,0.162222,0.054296,0.994016
2026-08-05T01:03:15+00:00,bid,RTX 4060,1,1,0.083704,0.083704,0.083704,0.083704,0.083704,0.083704,0.998507
2026-08-05T01:03:15+00:00,bid,RTX 4060 Ti,13,32,0.039778,0.040593,0.057037,0.076889,0.107222,0.062963,0.985419
2026-08-05T01:03:15+00:00,bid,RTX 4070,9,17,0.028889,0.067778,0.075222,0.076889,0.162222,0.076889,0.995942
2026-08-05T01:03:15+00:00,bid,RTX 4070 Ti,7,12,0.081481,0.099156,0.215556,0.240833,0.241111,0.099156,0.991661
2026-08-05T01:03:15+00:00,bid,RTX 4070S,9,24,0.069074,0.074519,0.094537,0.098148,0.242222,0.084528,0.993613
2026-08-05T01:03:15+00:00,bid,RTX 4070S Ti,13,31,0.067778,0.167222,0.167778,0.168889,1.211111,0.167778,0.999121
2026-08-05T01:03:15+00:00,bid,RTX 4080,10,19,0.081481,0.133611,0.133926,0.232759,0.255556,0.133926,0.993023
2026-08-05T01:03:15+00:00,bid,RTX 4080S,16,39,0.060494,0.108611,0.1745,0.201037,0.240519,0.201037,0.997076
2026-08-05T01:03:15+00:00,bid,RTX 4090,86,219,0.122222,0.202222,0.295324,0.388611,0.738341,0.335556,0.996579
2026-08-05T01:03:15+00:00,bid,RTX 4090D,14,35,0.05437,0.054741,0.055481,0.469213,0.606222,,0.949092
2026-08-05T01:03:15+00:00,bid,RTX 5000Ada,6,8,0.267778,0.268333,0.268889,0.308056,0.322222,0.268889,0.996081
2026-08-05T01:03:15+00:00,bid,RTX 5060,4,5,0.040296,0.040907,0.068333,0.095556,0.095556,,0.994127
2026-08-05T01:03:15+00:00,bid,RTX 5060 Ti,34,100,0.040741,0.067769,0.080716,0.135926,0.159222,0.10237,0.996118
2026-08-05T01:03:15+00:00,bid,RTX 5070,11,18,0.055556,0.065556,0.068889,0.121667,0.150815,0.120556,0.996267
2026-08-05T01:03:15+00:00,bid,RTX 5070 Ti,15,28,0.0276,0.100833,0.107778,0.122444,0.241111,0.108333,0.99509
2026-08-05T01:03:15+00:00,bid,RTX 5080,24,54,0.042222,0.114241,0.147315,0.175,0.204444,0.14787,0.991319
2026-08-05T01:03:15+00:00,bid,RTX 5090,88,231,0.062704,0.271111,0.338333,0.414444,2.666944,0.338333,0.994012
2026-08-05T01:03:15+00:00,bid,RTX 5880Ada,7,12,0.267185,0.268222,0.295185,0.297037,0.297037,0.295185,0.996014
2026-08-05T01:03:15+00:00,bid,RTX 6000Ada,20,40,0.137778,0.325648,0.401667,0.468741,0.775556,0.402222,0.995426
2026-08-05T01:03:15+00:00,bid,RTX A2000,1,1,0.400148,0.400148,0.400148,0.400148,0.400148,,0.994358
2026-08-05T01:03:15+00:00,bid,RTX A4000,16,75,0.057111,0.094306,0.106944,0.133611,0.134444,,0.970856
2026-08-05T01:03:15+00:00,bid,RTX A4500,2,2,0.081185,0.081185,0.081185,0.081185,0.081185,,0.952713
2026-08-05T01:03:15+00:00,bid,RTX A5000,8,18,0.108519,0.11037,0.214233,0.22843,0.335556,0.214233,0.99879
2026-08-05T01:03:15+00:00,bid,RTX A6000,3,3,0.242222,0.272889,0.303556,0.306222,0.308889,,0.969683
2026-08-05T01:03:15+00:00,bid,RTX PRO 4000,16,33,0.067778,0.221093,0.240741,0.241667,0.370815,0.240741,0.990713
2026-08-05T01:03:15+00:00,bid,RTX PRO 4500,1,1,0.188889,0.188889,0.188889,0.188889,0.188889,0.188889,0.998257
2026-08-05T01:03:15+00:00,bid,RTX PRO 5000,23,34,0.135111,0.202222,0.401481,0.553556,0.803704,0.435185,0.996391
2026-08-05T01:03:15+00:00,bid,RTX PRO 6000 S,30,82,0.335556,0.667037,0.801111,1.06963,2.935556,1.067407,0.997154
2026-08-05T01:03:15+00:00,bid,RTX PRO 6000 WS,29,51,0.334444,0.602222,0.801111,1.047407,1.337037,0.801481,0.995078
2026-08-05T01:03:15+00:00,bid,Tesla P100,1,1,0.041481,0.041481,0.041481,0.041481,0.041481,,0.987719
2026-08-05T01:03:15+00:00,bid,Tesla P40,4,9,0.033407,0.057769,0.066167,0.066444,0.066444,0.066444,0.993578
2026-08-05T01:03:15+00:00,bid,Tesla T4,2,3,3.400741,3.400926,3.401111,3.401296,3.401481,,0.972406
2026-08-05T01:03:15+00:00,bid,Tesla V100,24,61,0.013611,0.028611,0.094463,0.134815,0.162222,0.134815,0.993081
2026-08-05T01:03:15+00:00,bid,Titan RTX,7,16,0.107222,0.118148,0.129889,0.135,0.135556,0.135,0.99837
2026-08-05T01:03:15+00:00,bid,Titan Xp,1,1,0.042222,0.042222,0.042222,0.042222,0.042222,0.042222,0.992826
2026-08-05T01:08:13+00:00,on-demand,A100 PCIE,19,54,0.266944,0.334167,0.965333,1.027917,1.206222,0.965,0.981437
2026-08-05T01:08:13+00:00,on-demand,A100 SXM4,25,61,0.268148,0.733889,0.855556,1.066944,1.988889,0.933704,0.995641
2026-08-05T01:08:13+00:00,on-demand,A800 PCIE,4,8,0.667222,0.667639,0.668333,0.722222,0.882222,0.882222,0.99469
2026-08-05T01:08:13+00:00,on-demand,B200,23,104,5.00026,5.876953,5.938889,6.251389,7.751042,5.938889,0.988757
2026-08-05T01:08:13+00:00,on-demand,B300,1,2,8.313542,8.313542,8.313542,8.313542,8.313542,8.313542,0.988578
2026-08-05T01:08:13+00:00,on-demand,CMP 170HX,4,10,0.268148,0.317315,0.334074,0.551389,1.202222,1.202222,0.96132
2026-08-05T01:08:13+00:00,on-demand,GTX 1050 Ti,1,1,0.611111,0.611111,0.611111,0.611111,0.611111,,0.987853
2026-08-05T01:08:13+00:00,on-demand,GTX 1060,1,1,0.088889,0.088889,0.088889,0.088889,0.088889,0.088889,0.999314
2026-08-05T01:08:13+00:00,on-demand,GTX 1070,1,1,0.531111,0.531111,0.531111,0.531111,0.531111,0.531111,0.993037
2026-08-05T01:08:13+00:00,on-demand,GTX 1070 Ti,1,1,0.080667,0.080667,0.080667,0.080667,0.080667,0.080667,0.99561
2026-08-05T01:08:13+00:00,on-demand,GTX 1080,5,15,0.027778,0.044889,0.04837,0.048556,0.049111,0.048556,0.992352
2026-08-05T01:08:13+00:00,on-demand,GTX 1080 Ti,4,8,0.036148,0.054454,0.060833,0.062056,0.064889,0.061111,0.996006
2026-08-05T01:08:13+00:00,on-demand,GTX 1650,1,1,0.046207,0.046207,0.046207,0.046207,0.046207,,0.925693
2026-08-05T01:08:13+00:00,on-demand,GTX 1650 S,1,1,0.677778,0.677778,0.677778,0.677778,0.677778,,0.990917
2026-08-05T01:08:13+00:00,on-demand,GTX 1660 S,2,2,0.055556,0.154444,0.253333,0.352222,0.451111,,0.914768
2026-08-05T01:08:13+00:00,on-demand,GTX 1660 Ti,2,3,0.068889,0.204444,0.34,0.475556,0.611111,0.34,0.993579
2026-08-05T01:08:13+00:00,on-demand,H100 NVL,5,7,2.123111,2.161481,2.162963,2.667407,2.668148,2.161481,0.995672
2026-08-05T01:08:13+00:00,on-demand,H100 PCIE,4,8,1.333407,1.834185,2.0675,2.134306,2.135556,2.133889,0.99161
2026-08-05T01:08:13+00:00,on-demand,H100 SXM,15,45,1.485556,1.735,3.028889,3.050389,4.640556,2.521111,0.994901
2026-08-05T01:08:13+00:00,on-demand,H200,7,29,3.816703,4.080318,4.211623,4.540296,4.963701,4.146382,0.997771
2026-08-05T01:08:13+00:00,on-demand,H200 NVL,12,37,2.133611,3.108472,3.163492,3.303611,4.570222,3.125,0.993462
2026-08-05T01:08:13+00:00,on-demand,L4,4,6,0.255556,0.307778,0.329815,0.334444,0.334444,0.334444,0.996526
2026-08-05T01:08:13+00:00,on-demand,L40S,10,38,0.401111,0.466898,0.467037,0.732963,1.067222,0.802222,0.995969
2026-08-05T01:08:13+00:00,on-demand,Q RTX 8000,3,7,0.253704,0.253889,0.254074,0.254444,0.254815,0.254074,0.998687
2026-08-05T01:08:13+00:00,on-demand,Quadro GV100,1,1,0.467407,0.467407,0.467407,0.467407,0.467407,,0.969581
2026-08-05T01:08:13+00:00,on-demand,Quadro P4000,3,4,0.040741,0.044444,0.048148,0.057815,0.067481,0.067481,0.969804
2026-08-05T01:08:13+00:00,on-demand,RTX 2060,2,3,0.052593,0.142222,0.231852,0.321481,0.411111,0.411111,0.985973
2026-08-05T01:08:13+00:00,on-demand,RTX 2060S,1,4,0.066978,0.066978,0.066978,0.066978,0.066978,0.066978,0.993503
2026-08-05T01:08:13+00:00,on-demand,RTX 2070S,3,14,0.061111,0.067315,0.073519,0.073611,0.073704,,0.989623
2026-08-05T01:08:13+00:00,on-demand,RTX 2080 Ti,9,23,0.040444,0.068889,0.080022,0.080111,0.811111,0.080056,0.992749
2026-08-05T01:08:13+00:00,on-demand,RTX 2080S,1,1,0.744444,0.744444,0.744444,0.744444,0.744444,0.744444,0.952295
2026-08-05T01:08:13+00:00,on-demand,RTX 3050,1,1,1.322222,1.322222,1.322222,1.322222,1.322222,,0.975987
2026-08-05T01:08:13+00:00,on-demand,RTX 3060,12,34,0.027407,0.05537,0.070638,0.437067,1.335556,0.35683,0.992911
2026-08-05T01:08:13+00:00,on-demand,RTX 3060 laptop,4,14,0.026685,0.037505,0.041667,0.048914,0.068988,0.068988,0.998692
2026-08-05T01:08:13+00:00,on-demand,RTX 3070,9,31,0.042222,0.054444,0.067778,0.106944,0.134074,0.107083,0.990277
2026-08-05T01:08:13+00:00,on-demand,RTX 3070 Ti,2,3,0.174444,0.174722,0.175,0.175278,0.175556,,0.599993
2026-08-05T01:08:13+00:00,on-demand,RTX 3080,13,43,0.060222,0.074815,0.113444,0.120278,0.240889,0.113519,0.992747
2026-08-05T01:08:13+00:00,on-demand,RTX 3080 Ti,9,14,0.054074,0.055556,0.082222,0.137037,0.242222,0.189074,0.993187
2026-08-05T01:08:13+00:00,on-demand,RTX 3090,31,94,0.082222,0.134444,0.147222,0.248241,2.001111,0.188148,0.994444
2026-08-05T01:08:13+00:00,on-demand,RTX 3090 Ti,1,1,0.175556,0.175556,0.175556,0.175556,0.175556,,0.993302
2026-08-05T01:08:13+00:00,on-demand,RTX 4000Ada,1,1,0.202222,0.202222,0.202222,0.202222,0.202222,,0.995956
2026-08-05T01:08:13+00:00,on-demand,RTX 4060,6,12,0.053531,0.056185,0.066667,0.11037,2.677778,0.097037,0.989446
2026-08-05T01:08:13+00:00,on-demand,RTX 4060 Ti,8,20,0.065111,0.081667,0.082222,0.10613,0.144556,0.094037,0.988949
2026-08-05T01:08:13+00:00,on-demand,RTX 4060 laptop,1,1,0.135556,0.135556,0.135556,0.135556,0.135556,,0.945186
2026-08-05T01:08:13+00:00,on-demand,RTX 4070,3,4,0.074963,0.078593,0.082222,0.082222,0.082222,0.078593,0.987564
2026-08-05T01:08:13+00:00,on-demand,RTX 4070 Ti,12,24,0.087593,0.09,0.105,0.182222,0.282444,0.101111,0.992106
2026-08-05T01:08:13+00:00,on-demand,RTX 4070S,8,27,0.081204,0.084352,0.100833,0.109537,0.121185,0.100833,0.993938
2026-08-05T01:08:13+00:00,on-demand,RTX 4070S Ti,8,21,0.121111,0.183241,0.25375,0.254722,1.331111,0.253889,0.998756
2026-08-05T01:08:13+00:00,on-demand,RTX 4080,5,9,0.135556,0.166222,0.180259,0.180519,0.295556,0.180389,0.983144
2026-08-05T01:08:13+00:00,on-demand,RTX 4080S,14,57,0.147407,0.160694,0.188259,0.249667,0.400278,0.202074,0.994471
2026-08-05T01:08:13+00:00,on-demand,RTX 4090,51,162,0.201481,0.322037,0.402222,0.552741,2.005926,0.467778,0.99548
2026-08-05T01:08:13+00:00,on-demand,RTX 4090D,9,25,0.160185,0.160741,0.386074,0.667222,0.668889,,0.967226
2026-08-05T01:08:13+00:00,on-demand,RTX 5000Ada,3,5,0.334444,0.367963,0.401481,0.41463,0.427778,0.401481,0.997014
2026-08-05T01:08:13+00:00,on-demand,RTX 5060,4,4,0.068889,0.075,0.106296,0.140556,0.155556,0.116296,0.99592
2026-08-05T01:08:13+00:00,on-demand,RTX 5060 Ti,17,60,0.066944,0.085511,0.104741,0.135185,0.227407,0.120278,0.994882
2026-08-05T01:08:13+00:00,on-demand,RTX 5060 laptop,1,1,0.135556,0.135556,0.135556,0.135556,0.135556,,0.970915
2026-08-05T01:08:13+00:00,on-demand,RTX 5070,9,13,0.010163,0.094815,0.117037,0.174815,1.335556,0.15463,0.996267
2026-08-05T01:08:13+00:00,on-demand,RTX 5070 Ti,10,25,0.118741,0.160972,0.18713,0.200694,0.202222,0.162222,0.996409
2026-08-05T01:08:13+00:00,on-demand,RTX 5080,17,50,0.161111,0.174815,0.215556,0.400278,1.068889,0.188519,0.991528
2026-08-05T01:08:13+00:00,on-demand,RTX 5090,50,161,0.212889,0.427731,0.563333,0.804537,5.986944,0.680588,0.993279
2026-08-05T01:08:13+00:00,on-demand,RTX 5880Ada,4,9,0.413852,0.414241,0.508111,0.602315,0.603704,0.508111,0.996105
2026-08-05T01:08:13+00:00,on-demand,RTX 6000Ada,8,26,0.442222,0.604514,0.680778,0.697431,0.788889,0.680519,0.993384
2026-08-05T01:08:13+00:00,on-demand,RTX A2000,4,5,0.034074,0.03563,0.264815,0.704,1.335556,,0.994786
2026-08-05T01:08:13+00:00,on-demand,RTX A4000,7,36,0.067407,0.070519,0.12037,0.133586,0.146944,,0.97131
2026-08-05T01:08:13+00:00,on-demand,RTX A4500,2,2,0.121185,0.409593,0.698,0.986407,1.274815,,0.975401
2026-08-05T01:08:13+00:00,on-demand,RTX A5000,5,15,0.230984,0.231222,0.232889,0.325852,0.350548,0.232889,0.998142
2026-08-05T01:08:13+00:00,on-demand,RTX A6000,10,26,0.300889,0.351944,0.834583,1.200972,2.668889,0.404444,0.982375
2026-08-05T01:08:13+00:00,on-demand,RTX PRO 4000,14,29,0.134444,0.258519,0.281111,0.316296,0.534815,0.267704,0.990713
2026-08-05T01:08:13+00:00,on-demand,RTX PRO 5000,9,13,0.601185,0.669259,0.720444,0.843704,0.881481,0.760556,0.992094
2026-08-05T01:08:13+00:00,on-demand,RTX PRO 6000 S,16,59,0.800093,1.100852,1.34963,1.664143,1.890955,1.37037,0.991229
2026-08-05T01:08:13+00:00,on-demand,RTX PRO 6000 WS,17,37,0.774815,1.134074,1.201827,1.867407,13.335556,1.369444,0.992648
2026-08-05T01:08:13+00:00,on-demand,Tesla P100,2,3,0.068148,0.071481,0.074815,0.078148,0.081481,0.081481,0.991046
2026-08-05T01:08:13+00:00,on-demand,Tesla P40,4,8,0.046741,0.111102,0.132833,0.150389,0.202222,0.132833,0.992648
2026-08-05T01:08:13+00:00,on-demand,Tesla T4,2,3,12.000741,12.000926,12.001111,12.001296,12.001481,,0.972406
2026-08-05T01:08:13+00:00,on-demand,Tesla V100,14,47,0.026944,0.027361,0.028889,0.159167,1.467037,0.135556,0.987914
2026-08-05T01:08:13+00:00,on-demand,Titan RTX,5,10,0.135185,0.137037,0.161111,0.162222,0.200556,0.161667,0.99405
2026-08-05T01:08:13+00:00,on-demand,Titan Xp,1,1,0.062222,0.062222,0.062222,0.062222,0.062222,0.062222,0.992826
2026-08-05T01:08:13+00:00,bid,A100 PCIE,29,46,0.134444,0.135556,0.201481,0.587222,0.601111,0.242222,0.990884
2026-08-05T01:08:13+00:00,bid,A100 SXM4,33,55,0.130316,0.400741,0.467778,0.802222,1.001852,0.600741,0.986604
2026-08-05T01:08:13+00:00,bid,A800 PCIE,7,12,0.129889,0.130444,0.131556,0.131556,0.402222,0.402222,0.99469
2026-08-05T01:08:13+00:00,bid,B200,19,91,3.750174,4.954688,5.002604,5.627083,7.377083,5.002604,0.991545
2026-08-05T01:08:13+00:00,bid,B300,1,2,3.751042,3.751042,3.751042,3.751042,3.751042,3.751042,0.988578
2026-08-05T01:08:13+00:00,bid,CMP 170HX,8,19,0.134815,0.253843,0.254444,0.801389,0.802222,0.802222,0.96132
2026-08-05T01:08:13+00:00,bid,GTX 1050 Ti,1,1,0.024444,0.024444,0.024444,0.024444,0.024444,,0.987853
2026-08-05T01:08:13+00:00,bid,GTX 1060,2,2,0.031111,0.04037,0.04963,0.058889,0.068148,0.068148,0.996983
2026-08-05T01:08:13+00:00,bid,GTX 1070,1,1,0.024444,0.024444,0.024444,0.024444,0.024444,0.024444,0.993037
2026-08-05T01:08:13+00:00,bid,GTX 1070 Ti,3,7,0.040556,0.040833,0.041111,0.044222,0.047333,0.041111,0.994758
2026-08-05T01:08:13+00:00,bid,GTX 1080,4,13,0.028889,0.0375,0.040463,0.040694,0.041111,0.040556,0.995443
2026-08-05T01:08:13+00:00,bid,GTX 1080 Ti,6,12,0.025481,0.040694,0.041111,0.041111,0.042222,0.041111,0.996006
2026-08-05T01:08:13+00:00,bid,GTX 1650,1,1,0.040741,0.040741,0.040741,0.040741,0.040741,,0.925693
2026-08-05T01:08:13+00:00,bid,GTX 1650 S,1,1,0.037778,0.037778,0.037778,0.037778,0.037778,,0.990917
2026-08-05T01:08:13+00:00,bid,GTX 1660,1,1,0.037778,0.037778,0.037778,0.037778,0.037778,0.037778,0.996032
2026-08-05T01:08:13+00:00,bid,GTX 1660 S,3,4,0.028889,0.03,0.031111,0.039444,0.047778,0.047778,0.93723
2026-08-05T01:08:13+00:00,bid,GTX 1660 Ti,3,7,0.037778,0.046111,0.054444,0.055,0.055556,0.054444,0.997468
2026-08-05T01:08:13+00:00,bid,H100 NVL,5,6,0.935556,1.335556,1.536444,2.121481,2.122963,1.828963,0.990499
2026-08-05T01:08:13+00:00,bid,H100 PCIE,8,16,0.347222,0.387,1.169074,1.335555,1.600556,1.334445,0.987275
2026-08-05T01:08:13+00:00,bid,H100 SXM,15,35,0.400556,0.534167,0.602222,2.114278,2.668889,0.936296,0.994108
2026-08-05T01:08:13+00:00,bid,H200,8,31,1.935307,2.754249,3.485581,3.981223,4.218964,3.484759,0.997771
2026-08-05T01:08:13+00:00,bid,H200 NVL,17,41,0.602222,1.001667,1.200278,1.339555,2.534444,1.003333,0.991262
2026-08-05T01:08:13+00:00,bid,L4,7,10,0.134444,0.168519,0.215556,0.268148,0.321111,0.234444,0.99798
2026-08-05T01:08:13+00:00,bid,L40S,19,65,0.200185,0.333611,0.47037,0.534815,0.933889,0.534815,0.998016
2026-08-05T01:08:13+00:00,bid,Quadro GV100,1,1,0.134074,0.134074,0.134074,0.134074,0.134074,,0.969581
2026-08-05T01:08:13+00:00,bid,Quadro P4000,3,4,0.040741,0.040778,0.040815,0.041148,0.041481,0.040815,0.969804
2026-08-05T01:08:13+00:00,bid,RTX 2060,4,6,0.027259,0.030148,0.036111,0.114722,0.335556,0.041111,0.990699
2026-08-05T01:08:13+00:00,bid,RTX 2060S,4,9,0.041111,0.045444,0.046933,0.066159,0.123704,0.046978,0.986817
2026-08-05T01:08:13+00:00,bid,RTX 2070S,4,17,0.053667,0.06354,0.066934,0.06713,0.067407,0.053667,0.987653
2026-08-05T01:08:13+00:00,bid,RTX 2080 Ti,8,11,0.031111,0.037222,0.041667,0.053907,0.108889,0.056148,0.993576
2026-08-05T01:08:13+00:00,bid,RTX 2080S,1,1,0.037778,0.037778,0.037778,0.037778,0.037778,0.037778,0.952295
2026-08-05T01:08:13+00:00,bid,RTX 3050,1,1,1.068889,1.068889,1.068889,1.068889,1.068889,,0.975987
2026-08-05T01:08:13+00:00,bid,RTX 3060,12,35,0.027407,0.041019,0.0455,0.066296,0.102815,0.070741,0.985137
2026-08-05T01:08:13+00:00,bid,RTX 3060 laptop,7,18,0.013352,0.025963,0.062815,0.101111,0.102222,0.101111,0.992434
2026-08-05T01:08:13+00:00,bid,RTX 3070,13,37,0.014444,0.040556,0.067778,0.068667,0.093889,0.068519,0.993447
2026-08-05T01:08:13+00:00,bid,RTX 3070 Ti,1,2,0.054444,0.054444,0.054444,0.054444,0.054444,,0.997055
2026-08-05T01:08:13+00:00,bid,RTX 3080,14,27,0.027407,0.060926,0.07463,0.103611,0.235556,0.09,0.989244
2026-08-05T01:08:13+00:00,bid,RTX 3080 Ti,11,18,0.019111,0.058889,0.095556,0.125185,0.235556,0.125,0.993187
2026-08-05T01:08:13+00:00,bid,RTX 3090,64,145,0.016296,0.093991,0.108111,0.134815,0.249889,0.10963,0.991721
2026-08-05T01:08:13+00:00,bid,RTX 4000Ada,2,3,0.054296,0.081278,0.108259,0.135241,0.162222,0.054296,0.994016
2026-08-05T01:08:13+00:00,bid,RTX 4060,3,4,0.031111,0.046963,0.062815,0.073259,0.083704,0.073259,0.995146
2026-08-05T01:08:13+00:00,bid,RTX 4060 Ti,17,44,0.03037,0.040593,0.075778,0.080593,0.107778,0.100519,0.985947
2026-08-05T01:08:13+00:00,bid,RTX 4070,6,10,0.024444,0.038472,0.072056,0.082,0.162222,0.083704,0.993148
2026-08-05T01:08:13+00:00,bid,RTX 4070 Ti,6,11,0.095556,0.135556,0.228056,0.240972,0.241111,0.162222,0.991661
2026-08-05T01:08:13+00:00,bid,RTX 4070S,12,28,0.071481,0.075852,0.08838,0.096343,0.242222,0.094537,0.991708
2026-08-05T01:08:13+00:00,bid,RTX 4070S Ti,11,28,0.096296,0.167083,0.167778,0.168333,1.211111,0.167778,0.999121
2026-08-05T01:08:13+00:00,bid,RTX 4080,8,17,0.133593,0.133806,0.150852,0.254722,0.255556,0.150852,0.988402
2026-08-05T01:08:13+00:00,bid,RTX 4080S,17,40,0.060494,0.107407,0.161778,0.201037,0.240519,0.201037,0.996548
2026-08-05T01:08:13+00:00,bid,RTX 4090,79,214,0.134444,0.201074,0.280889,0.375926,0.738341,0.335556,0.994824
2026-08-05T01:08:13+00:00,bid,RTX 4090D,13,34,0.064185,0.064741,0.064741,0.065481,0.606222,,0.949092
2026-08-05T01:08:13+00:00,bid,RTX 5000Ada,5,7,0.267778,0.268148,0.321111,0.322222,0.322222,0.321111,0.997014
2026-08-05T01:08:13+00:00,bid,RTX 5060,4,4,0.042222,0.051444,0.075037,0.095556,0.095556,0.054519,0.988458
2026-08-05T01:08:13+00:00,bid,RTX 5060 Ti,29,82,0.049704,0.055556,0.080741,0.136296,0.159778,0.107037,0.997089
2026-08-05T01:08:13+00:00,bid,RTX 5070,11,20,0.043704,0.063019,0.068148,0.121111,0.150815,0.120556,0.996267
2026-08-05T01:08:13+00:00,bid,RTX 5070 Ti,16,30,0.0276,0.093889,0.101667,0.108889,0.162963,0.095556,0.995659
2026-08-05T01:08:13+00:00,bid,RTX 5080,27,58,0.042222,0.081667,0.147222,0.173944,0.202222,0.148519,0.98713
2026-08-05T01:08:13+00:00,bid,RTX 5090,73,200,0.101704,0.271111,0.374815,0.432889,2.666944,0.375926,0.99461
2026-08-05T01:08:13+00:00,bid,RTX 5880Ada,8,13,0.267185,0.268481,0.281963,0.297037,0.297037,0.281963,0.996995
2026-08-05T01:08:13+00:00,bid,RTX 6000Ada,14,34,0.137778,0.391736,0.434704,0.468741,0.774444,0.402222,0.996275
2026-08-05T01:08:13+00:00,bid,RTX A2000,2,2,0.03037,0.122815,0.215259,0.307704,0.400148,0.03037,0.996259
2026-08-05T01:08:13+00:00,bid,RTX A4000,13,62,0.057111,0.093704,0.106801,0.133556,0.134444,,0.970856
2026-08-05T01:08:13+00:00,bid,RTX A4500,2,2,0.081185,0.081185,0.081185,0.081185,0.081185,,0.952713
2026-08-05T01:08:13+00:00,bid,RTX A5000,8,18,0.108519,0.178704,0.214233,0.2275,0.335556,0.214233,0.998142
2026-08-05T01:08:13+00:00,bid,RTX A6000,4,4,0.242222,0.261111,0.285481,0.304889,0.308889,,0.973536
2026-08-05T01:08:13+00:00,bid,RTX PRO 4000,17,31,0.067778,0.201111,0.228889,0.241481,0.370815,0.217037,0.988911
2026-08-05T01:08:13+00:00,bid,RTX PRO 4500,1,1,0.188889,0.188889,0.188889,0.188889,0.188889,0.188889,0.998257
2026-08-05T01:08:13+00:00,bid,RTX PRO 5000,17,22,0.135111,0.165185,0.205185,0.531481,0.803704,0.202222,0.992094
2026-08-05T01:08:13+00:00,bid,RTX PRO 6000 S,34,89,0.335556,0.666898,0.901481,1.06963,2.935556,1.067778,0.997277
2026-08-05T01:08:13+00:00,bid,RTX PRO 6000 WS,29,53,0.335556,0.668519,0.734963,0.937037,1.337037,0.801111,0.993804
2026-08-05T01:08:13+00:00,bid,Tesla P100,1,1,0.041481,0.041481,0.041481,0.041481,0.041481,,0.987719
2026-08-05T01:08:13+00:00,bid,Tesla P40,4,9,0.033407,0.057769,0.066167,0.066444,0.066444,0.066444,0.993578
2026-08-05T01:08:13+00:00,bid,Tesla T4,2,3,3.400741,3.400926,3.401111,3.401296,3.401481,,0.972406
2026-08-05T01:08:13+00:00,bid,Tesla V100,23,66,0.013611,0.023667,0.094852,0.134259,0.202222,0.160556,0.991956
2026-08-05T01:08:13+00:00,bid,Titan RTX,8,17,0.107222,0.108611,0.118704,0.131028,0.135556,0.108889,0.99837
2026-08-05T01:08:13+00:00,bid,Titan Xp,1,1,0.042222,0.042222,0.042222,0.042222,0.042222,0.042222,0.997745
2026-08-05T01:13:12+00:00,on-demand,A100 PCIE,18,52,0.266944,0.334028,0.882667,1.040764,1.204556,0.882667,0.981437
2026-08-05T01:13:12+00:00,on-demand,A100 SXM4,25,61,0.268148,0.733889,0.855556,1.001333,1.320926,0.933889,0.995641
2026-08-05T01:13:12+00:00,on-demand,A800 PCIE,4,8,0.667222,0.667639,0.668333,0.722222,0.882222,0.882222,0.99469
2026-08-05T01:13:12+00:00,on-demand,B200,23,103,5.00026,5.876302,6.242014,6.69401,7.752083,6.242014,0.991545
2026-08-05T01:13:12+00:00,on-demand,B300,1,2,8.313542,8.313542,8.313542,8.313542,8.313542,8.313542,0.988578
2026-08-05T01:13:12+00:00,on-demand,CMP 170HX,4,8,0.268148,0.317454,0.334167,0.551389,1.202222,1.202222,0.96132
2026-08-05T01:13:12+00:00,on-demand,GTX 1050 Ti,1,1,0.611111,0.611111,0.611111,0.611111,0.611111,,0.98787
2026-08-05T01:13:12+00:00,on-demand,GTX 1060,2,2,0.088148,0.152222,0.216296,0.28037,0.344444,0.088148,0.996987
2026-08-05T01:13:12+00:00,on-demand,GTX 1070,1,1,0.531111,0.531111,0.531111,0.531111,0.531111,0.531111,0.993053
2026-08-05T01:13:12+00:00,on-demand,GTX 1070 Ti,1,1,0.080667,0.080667,0.080667,0.080667,0.080667,0.080667,0.995653
2026-08-05T01:13:12+00:00,on-demand,GTX 1080,4,11,0.027778,0.029056,0.038926,0.048556,0.049111,0.048741,0.99431
2026-08-05T01:13:12+00:00,on-demand,GTX 1080 Ti,4,8,0.036148,0.054454,0.060833,0.062056,0.064889,0.061111,0.996006
2026-08-05T01:13:12+00:00,on-demand,GTX 1650,1,1,0.046207,0.046207,0.046207,0.046207,0.046207,,0.925693
2026-08-05T01:13:12+00:00,on-demand,GTX 1650 S,1,1,0.677778,0.677778,0.677778,0.677778,0.677778,,0.990937
2026-08-05T01:13:12+00:00,on-demand,GTX 1660 S,2,2,0.055556,0.154444,0.253333,0.352222,0.451111,,0.915411
2026-08-05T01:13:12+00:00,on-demand,GTX 1660 Ti,2,3,0.068889,0.204444,0.34,0.475556,0.611111,0.34,0.995228
2026-08-05T01:13:12+00:00,on-demand,H100 NVL,4,6,2.161481,2.162593,2.415185,2.667593,2.668148,2.162222,0.994563
2026-08-05T01:13:12+00:00,on-demand,H100 PCIE,5,16,1.333407,1.733481,2.133889,2.134444,2.135556,2.134167,0.99161
2026-08-05T01:13:12+00:00,on-demand,H100 SXM,10,33,1.333407,1.767824,3.029721,3.290361,4.640556,3.493556,0.978999
2026-08-05T01:13:12+00:00,on-demand,H200,7,29,3.816703,4.080318,4.211623,4.540296,4.963701,4.146382,0.997772
2026-08-05T01:13:12+00:00,on-demand,H200 NVL,11,31,2.133611,3.068148,3.123333,3.268333,4.530222,3.123333,0.991262
2026-08-05T01:13:12+00:00,on-demand,L4,3,4,0.255556,0.295,0.334444,0.33463,0.334815,0.33463,0.997422
2026-08-05T01:13:12+00:00,on-demand,L40S,15,57,0.401111,0.467037,0.533704,0.934167,1.074074,0.934167,0.998405
2026-08-05T01:13:12+00:00,on-demand,Q RTX 6000,1,2,0.134074,0.134074,0.134074,0.134074,0.134074,0.134074,0.998608
2026-08-05T01:13:12+00:00,on-demand,Q RTX 8000,3,7,0.253704,0.253889,0.254074,0.262593,0.271111,0.254074,0.998687
2026-08-05T01:13:12+00:00,on-demand,Quadro GV100,1,1,0.467407,0.467407,0.467407,0.467407,0.467407,,0.969581
2026-08-05T01:13:12+00:00,on-demand,Quadro P4000,2,3,0.040741,0.040926,0.041111,0.041296,0.041481,,0.962357
2026-08-05T01:13:12+00:00,on-demand,RTX 2060,2,3,0.052593,0.143333,0.234074,0.324815,0.415556,0.415556,0.986538
2026-08-05T01:13:12+00:00,on-demand,RTX 2060S,1,4,0.066978,0.066978,0.066978,0.066978,0.066978,0.066978,0.993503
2026-08-05T01:13:12+00:00,on-demand,RTX 2070S,3,16,0.060741,0.067119,0.073498,0.073601,0.073704,,0.989623
2026-08-05T01:13:12+00:00,on-demand,RTX 2080 Ti,8,22,0.040444,0.065926,0.080039,0.082602,0.134815,0.080111,0.992069
2026-08-05T01:13:12+00:00,on-demand,RTX 2080S,1,1,0.744444,0.744444,0.744444,0.744444,0.744444,0.744444,0.952904
2026-08-05T01:13:12+00:00,on-demand,RTX 3050,1,1,1.322222,1.322222,1.322222,1.322222,1.322222,,0.975987
2026-08-05T01:13:12+00:00,on-demand,RTX 3060,13,34,0.027407,0.056889,0.067778,0.35683,1.335556,0.245822,0.99612
2026-08-05T01:13:12+00:00,on-demand,RTX 3060 laptop,4,13,0.026685,0.037505,0.041667,0.04837,0.066815,0.066815,0.997796
2026-08-05T01:13:12+00:00,on-demand,RTX 3070,11,36,0.042222,0.055,0.068889,0.107083,0.161852,0.107083,0.990277
2026-08-05T01:13:12+00:00,on-demand,RTX 3070 Ti,2,3,0.174444,0.174722,0.175,0.175278,0.175556,,0.599993
2026-08-05T01:13:12+00:00,on-demand,RTX 3080,14,38,0.048889,0.074259,0.097833,0.118597,0.240889,0.113519,0.991154
2026-08-05T01:13:12+00:00,on-demand,RTX 3080 Ti,7,11,0.080519,0.081667,0.122222,0.135556,0.242222,0.135556,0.995759
2026-08-05T01:13:12+00:00,on-demand,RTX 3090,28,78,0.121111,0.133981,0.147778,0.243426,2.001111,0.160741,0.994258
2026-08-05T01:13:12+00:00,on-demand,RTX 3090 Ti,1,1,0.175556,0.175556,0.175556,0.175556,0.175556,,0.993302
2026-08-05T01:13:12+00:00,on-demand,RTX 4000Ada,1,1,0.202222,0.202222,0.202222,0.202222,0.202222,,0.995962
2026-08-05T01:13:12+00:00,on-demand,RTX 4060,5,11,0.053531,0.053926,0.054519,0.062963,2.677778,0.062963,0.981255
2026-08-05T01:13:12+00:00,on-demand,RTX 4060 Ti,8,25,0.053926,0.080972,0.091235,0.102019,0.145111,0.10037,0.985448
2026-08-05T01:13:12+00:00,on-demand,RTX 4060 laptop,1,1,0.135556,0.135556,0.135556,0.135556,0.135556,,0.945186
2026-08-05T01:13:12+00:00,on-demand,RTX 4070,3,6,0.082222,0.086667,0.091111,0.0925,0.093889,0.0925,0.992424
2026-08-05T01:13:12+00:00,on-demand,RTX 4070 Ti,12,24,0.087593,0.088519,0.1,0.184222,0.282444,0.091111,0.992842
2026-08-05T01:13:12+00:00,on-demand,RTX 4070S,8,29,0.081204,0.08338,0.098194,0.108935,0.121185,0.098194,0.993996
2026-08-05T01:13:12+00:00,on-demand,RTX 4070S Ti,12,29,0.067778,0.114306,0.168704,0.254028,1.331111,0.25375,0.997526
2026-08-05T01:13:12+00:00,on-demand,RTX 4080,6,11,0.157667,0.158759,0.170778,0.186796,0.268889,0.180519,0.986871
2026-08-05T01:13:12+00:00,on-demand,RTX 4080S,12,42,0.135556,0.149574,0.168333,0.213681,0.400278,0.175481,0.996251
2026-08-05T01:13:12+00:00,on-demand,RTX 4090,46,163,0.156643,0.336974,0.402222,0.557037,2.005926,0.467778,0.994806
2026-08-05T01:13:12+00:00,on-demand,RTX 4090D,9,25,0.160185,0.160741,0.386074,0.667222,0.668889,,0.967226
2026-08-05T01:13:12+00:00,on-demand,RTX 5000Ada,2,3,0.401481,0.408056,0.41463,0.421204,0.427778,0.41463,0.997241
2026-08-05T01:13:12+00:00,on-demand,RTX 5060,4,4,0.05363,0.071185,0.106296,0.140556,0.155556,0.116296,0.995126
2026-08-05T01:13:12+00:00,on-demand,RTX 5060 Ti,15,53,0.066944,0.087056,0.115185,0.17725,0.227407,0.148278,0.993707
2026-08-05T01:13:12+00:00,on-demand,RTX 5060 laptop,1,1,0.135556,0.135556,0.135556,0.135556,0.135556,,0.970915
2026-08-05T01:13:12+00:00,on-demand,RTX 5070,8,13,0.010163,0.106759,0.130278,0.214593,1.335556,0.154352,0.995991
2026-08-05T01:13:12+00:00,on-demand,RTX 5070 Ti,12,25,0.08237,0.136667,0.200463,0.201204,0.401333,0.20037,0.996549
2026-08-05T01:13:12+00:00,on-demand,RTX 5080,19,60,0.134444,0.176111,0.201481,0.366991,1.068889,0.201296,0.98581
2026-08-05T01:13:12+00:00,on-demand,RTX 5090,49,168,0.212889,0.413111,0.579259,0.697037,5.986944,0.681111,0.995202
2026-08-05T01:13:12+00:00,on-demand,RTX 5880Ada,3,7,0.413852,0.414111,0.41437,0.509037,0.603704,0.41437,0.997976
2026-08-05T01:13:12+00:00,on-demand,RTX 6000Ada,7,25,0.600278,0.680778,0.682074,0.70125,0.933778,0.681037,0.99825
2026-08-05T01:13:12+00:00,on-demand,RTX A2000,4,5,0.034074,0.03563,0.264815,0.704,1.335556,,0.994786
2026-08-05T01:13:12+00:00,on-demand,RTX A4000,8,47,0.071778,0.120471,0.133611,0.138426,0.152278,,0.97131
2026-08-05T01:13:12+00:00,on-demand,RTX A4500,2,2,0.114519,0.404593,0.694667,0.984741,1.274815,,0.975397
2026-08-05T01:13:12+00:00,on-demand,RTX A5000,6,18,0.230984,0.231269,0.290978,30.088193,40.001481,0.231315,0.997327
2026-08-05T01:13:12+00:00,on-demand,RTX A6000,9,22,0.333889,0.335556,0.404444,1.201111,2.668889,0.404444,0.982375
2026-08-05T01:13:12+00:00,on-demand,RTX PRO 4000,11,19,0.134444,0.260741,0.301852,0.321111,0.534815,0.301852,0.988911
2026-08-05T01:13:12+00:00,on-demand,RTX PRO 5000,6,8,0.645185,0.764352,0.842778,0.871481,0.881481,0.880741,0.992094
2026-08-05T01:13:12+00:00,on-demand,RTX PRO 6000 S,18,62,0.800093,1.217611,1.369259,1.710517,3.068889,1.600556,0.991657
2026-08-05T01:13:12+00:00,on-demand,RTX PRO 6000 WS,15,32,0.894015,1.147481,1.283333,1.429444,5.334815,1.323056,0.994972
2026-08-05T01:13:12+00:00,on-demand,Tesla P100,2,3,0.068148,0.074815,0.081481,0.088148,0.094815,0.094815,0.977973
2026-08-05T01:13:12+00:00,on-demand,Tesla P40,4,8,0.046741,0.111102,0.132833,0.150389,0.202222,0.132833,0.992648
2026-08-05T01:13:12+00:00,on-demand,Tesla T4,2,3,12.000741,12.000926,12.001111,12.001296,12.001481,,0.972406
2026-08-05T01:13:12+00:00,on-demand,Tesla V100,11,27,0.027222,0.028333,0.128889,0.167222,1.467037,0.133611,0.989371
2026-08-05T01:13:12+00:00,on-demand,Titan RTX,4,6,0.135185,0.136574,0.149074,0.161389,0.162222,0.161667,0.996277
2026-08-05T01:13:12+00:00,on-demand,Titan Xp,1,1,0.062222,0.062222,0.062222,0.062222,0.062222,0.062222,0.992826
2026-08-05T01:13:12+00:00,bid,A100 PCIE,35,63,0.133889,0.135556,0.200741,0.5875,0.601111,0.222222,0.989366
2026-08-05T01:13:12+00:00,bid,A100 SXM4,38,57,0.130316,0.400741,0.428889,0.802037,1.069333,0.468889,0.986604
2026-08-05T01:13:12+00:00,bid,A800 PCIE,9,14,0.129889,0.130444,0.131556,0.131556,0.402222,0.402222,0.99469
2026-08-05T01:13:12+00:00,bid,B200,19,96,3.750174,5.001302,5.625347,6.257812,7.376042,5.625347,0.990229
2026-08-05T01:13:12+00:00,bid,B300,1,2,3.751042,3.751042,3.751042,3.751042,3.751042,3.751042,0.988578
2026-08-05T01:13:12+00:00,bid,CMP 170HX,9,21,0.134815,0.253889,0.254444,0.801111,0.802222,0.802222,0.96132
2026-08-05T01:13:12+00:00,bid,GTX 1050 Ti,1,1,0.024444,0.024444,0.024444,0.024444,0.024444,,0.98787
2026-08-05T01:13:12+00:00,bid,GTX 1060,2,2,0.031111,0.04037,0.04963,0.058889,0.068148,0.068148,0.996987
2026-08-05T01:13:12+00:00,bid,GTX 1070,1,1,0.026204,0.026204,0.026204,0.026204,0.026204,0.026204,0.993053
2026-08-05T01:13:12+00:00,bid,GTX 1070 Ti,1,1,0.047333,0.047333,0.047333,0.047333,0.047333,0.047333,0.995653
2026-08-05T01:13:12+00:00,bid,GTX 1080,5,15,0.037037,0.04037,0.040556,0.041111,0.041111,0.040833,0.995443
2026-08-05T01:13:12+00:00,bid,GTX 1080 Ti,5,10,0.025481,0.040556,0.041111,0.041111,0.042222,0.041111,0.996006
2026-08-05T01:13:12+00:00,bid,GTX 1650,1,1,0.040741,0.040741,0.040741,0.040741,0.040741,,0.925693
2026-08-05T01:13:12+00:00,bid,GTX 1650 S,1,1,0.037778,0.037778,0.037778,0.037778,0.037778,,0.990937
2026-08-05T01:13:12+00:00,bid,GTX 1660,1,1,0.037778,0.037778,0.037778,0.037778,0.037778,0.037778,0.996045
2026-08-05T01:13:12+00:00,bid,GTX 1660 S,2,2,0.028889,0.029444,0.03,0.030556,0.031111,,0.915411
2026-08-05T01:13:12+00:00,bid,GTX 1660 Ti,3,7,0.037778,0.046111,0.054444,0.055,0.055556,0.054444,0.997468
2026-08-05T01:13:12+00:00,bid,H100 NVL,6,7,0.404889,0.537556,1.236,1.975222,2.122963,2.121481,0.949921
2026-08-05T01:13:12+00:00,bid,H100 PCIE,8,23,0.347222,0.65013,1.534333,1.601389,1.602222,1.600556,0.99161
2026-08-05T01:13:12+00:00,bid,H100 SXM,15,42,0.400556,0.534167,0.936296,2.161389,4.002222,0.936296,0.994108
2026-08-05T01:13:12+00:00,bid,H200,7,29,1.935307,3.255994,3.486404,4.01398,4.218964,3.485581,0.997772
2026-08-05T01:13:12+00:00,bid,H200 NVL,17,40,0.602222,1.001667,1.006667,1.339555,3.344444,1.005,0.991262
2026-08-05T01:13:12+00:00,bid,L4,9,12,0.134444,0.201481,0.267407,0.268148,0.322222,0.267593,0.998077
2026-08-05T01:13:12+00:00,bid,L40S,29,90,0.200185,0.333704,0.534815,0.537037,0.77363,0.536111,0.998708
2026-08-05T01:13:12+00:00,bid,Quadro GV100,1,1,0.134074,0.134074,0.134074,0.134074,0.134074,,0.969581
2026-08-05T01:13:12+00:00,bid,Quadro P4000,2,3,0.040741,0.040926,0.041111,0.041296,0.041481,,0.969804
2026-08-05T01:13:12+00:00,bid,RTX 2060,5,8,0.027259,0.027259,0.031111,0.041111,0.335556,0.041111,0.987009
2026-08-05T01:13:12+00:00,bid,RTX 2060S,5,11,0.041111,0.046889,0.046978,0.047289,0.123704,0.047133,0.987012
2026-08-05T01:13:12+00:00,bid,RTX 2070,1,2,0.041111,0.041111,0.041111,0.041111,0.041111,,0.832809
2026-08-05T01:13:12+00:00,bid,RTX 2070S,5,21,0.053667,0.066831,0.067037,0.067037,0.067407,0.053667,0.987653
2026-08-05T01:13:12+00:00,bid,RTX 2080 Ti,7,9,0.031111,0.036667,0.042222,0.078704,0.121481,0.108889,0.992752
2026-08-05T01:13:12+00:00,bid,RTX 2080S,1,1,0.037778,0.037778,0.037778,0.037778,0.037778,0.037778,0.952904
2026-08-05T01:13:12+00:00,bid,RTX 3050,1,1,1.068889,1.068889,1.068889,1.068889,1.068889,,0.975987
2026-08-05T01:13:12+00:00,bid,RTX 3060,12,36,0.04,0.044667,0.054167,0.066037,0.102815,0.099704,0.989042
2026-08-05T01:13:12+00:00,bid,RTX 3060 laptop,9,21,0.013352,0.038444,0.065481,0.101111,0.102222,0.08337,0.995326
2026-08-05T01:13:12+00:00,bid,RTX 3070,13,38,0.014444,0.041111,0.053889,0.068519,0.093889,0.068519,0.993454
2026-08-05T01:13:12+00:00,bid,RTX 3080,14,28,0.027407,0.060926,0.081667,0.108704,0.235556,0.108889,0.990402
2026-08-05T01:13:12+00:00,bid,RTX 3080 Ti,11,14,0.014444,0.06163,0.085111,0.104259,0.235556,0.092926,0.993198
2026-08-05T01:13:12+00:00,bid,RTX 3090,65,146,0.016296,0.10737,0.108889,0.134815,0.261852,0.134074,0.99223
2026-08-05T01:13:12+00:00,bid,RTX 4000Ada,2,3,0.054296,0.081278,0.108259,0.135241,0.162222,0.054296,0.994019
2026-08-05T01:13:12+00:00,bid,RTX 4060 Ti,17,41,0.039778,0.042222,0.075778,0.100519,0.107778,0.10137,0.986028
2026-08-05T01:13:12+00:00,bid,RTX 4070,7,11,0.028889,0.060833,0.076889,0.080667,0.162222,0.076889,0.997617
2026-08-05T01:13:12+00:00,bid,RTX 4070 Ti,8,13,0.055556,0.104022,0.162222,0.240694,0.241111,0.108889,0.991661
2026-08-05T01:13:12+00:00,bid,RTX 4070S,12,30,0.071481,0.071481,0.08838,0.096343,0.242222,0.094537,0.987012
2026-08-05T01:13:12+00:00,bid,RTX 4070S Ti,11,27,0.068889,0.167083,0.167778,0.168889,1.211111,0.167778,0.999121
2026-08-05T01:13:12+00:00,bid,RTX 4080,10,19,0.081481,0.133713,0.134333,0.232759,0.255556,0.134333,0.987764
2026-08-05T01:13:12+00:00,bid,RTX 4080S,16,35,0.060494,0.107685,0.148296,0.200347,0.240519,0.188741,0.992021
2026-08-05T01:13:12+00:00,bid,RTX 4090,83,211,0.122222,0.201111,0.293611,0.388333,0.738341,0.335556,0.996099
2026-08-05T01:13:12+00:00,bid,RTX 4090D,15,36,0.072185,0.072741,0.073481,0.339019,0.606222,,0.949092
2026-08-05T01:13:12+00:00,bid,RTX 5000Ada,4,6,0.267778,0.268056,0.29463,0.321389,0.322222,0.29463,0.997014
2026-08-05T01:13:12+00:00,bid,RTX 5060,4,5,0.040296,0.040907,0.049444,0.067222,0.095556,0.057778,0.994127
2026-08-05T01:13:12+00:00,bid,RTX 5060 Ti,33,88,0.040741,0.068296,0.081037,0.146944,0.160889,0.121296,0.996106
2026-08-05T01:13:12+00:00,bid,RTX 5070,14,22,0.043704,0.065639,0.081481,0.120972,0.150815,0.120556,0.995623
2026-08-05T01:13:12+00:00,bid,RTX 5070 Ti,13,27,0.093889,0.094074,0.107778,0.108889,0.268,0.107778,0.995979
2026-08-05T01:13:12+00:00,bid,RTX 5080,30,60,0.042222,0.108241,0.142407,0.171259,0.202222,0.153796,0.989158
2026-08-05T01:13:12+00:00,bid,RTX 5090,82,196,0.102222,0.272593,0.373843,0.453367,2.666944,0.375556,0.995232
2026-08-05T01:13:12+00:00,bid,RTX 5880Ada,7,13,0.267185,0.281444,0.297037,0.297037,0.33437,0.297037,0.996015
2026-08-05T01:13:12+00:00,bid,RTX 6000Ada,19,39,0.137778,0.139259,0.402222,0.468741,0.775556,0.401667,0.996584
2026-08-05T01:13:12+00:00,bid,RTX A2000,1,1,0.400148,0.400148,0.400148,0.400148,0.400148,,0.994358
2026-08-05T01:13:12+00:00,bid,RTX A4000,15,69,0.057111,0.093796,0.106852,0.120358,0.134444,,0.97131
2026-08-05T01:13:12+00:00,bid,RTX A4500,2,2,0.081185,0.081185,0.081185,0.081185,0.081185,,0.952713
2026-08-05T01:13:12+00:00,bid,RTX A5000,12,26,0.11037,0.194861,0.227196,0.334259,0.335556,0.201481,0.998037
2026-08-05T01:13:12+00:00,bid,RTX A6000,3,3,0.242222,0.272889,0.303556,0.306222,0.308889,,0.969683
2026-08-05T01:13:12+00:00,bid,RTX PRO 4000,16,29,0.067778,0.201926,0.240617,0.242222,0.370815,0.240494,0.992395
2026-08-05T01:13:12+00:00,bid,RTX PRO 4500,2,2,0.188889,0.209259,0.22963,0.25,0.27037,0.22963,0.997459
2026-08-05T01:13:12+00:00,bid,RTX PRO 5000,17,23,0.135111,0.165185,0.202593,0.401481,0.803704,0.202222,0.992096
2026-08-05T01:13:12+00:00,bid,RTX PRO 6000 S,26,62,0.402222,0.666782,0.67,1.051111,2.935556,0.902593,0.995593
2026-08-05T01:13:12+00:00,bid,RTX PRO 6000 WS,31,50,0.335556,0.503704,0.734019,0.862037,1.337481,0.667407,0.99494
2026-08-05T01:13:12+00:00,bid,Tesla P100,1,1,0.041481,0.041481,0.041481,0.041481,0.041481,,0.987719
2026-08-05T01:13:12+00:00,bid,Tesla P40,4,9,0.033407,0.057769,0.066167,0.066444,0.066444,0.066444,0.993578
2026-08-05T01:13:12+00:00,bid,Tesla T4,3,4,3.400741,3.401111,3.401481,3.401481,3.401481,,0.972406
2026-08-05T01:13:12+00:00,bid,Tesla V100,25,71,0.013611,0.027778,0.094852,0.133704,0.162222,0.160556,0.991958
2026-08-05T01:13:12+00:00,bid,Titan RTX,7,16,0.107222,0.108333,0.128519,0.132167,0.135556,0.121667,0.99837
2026-08-05T01:13:12+00:00,bid,Titan Xp,1,1,0.042222,0.042222,0.042222,0.042222,0.042222,0.042222,0.992826
2026-08-05T01:18:12+00:00,on-demand,A100 PCIE,17,48,0.266944,0.333889,0.935333,1.053611,1.206222,0.935333,0.981454
2026-08-05T01:18:12+00:00,on-demand,A100 SXM4,25,61,0.468889,0.734815,0.933704,1.066944,1.988889,0.934444,0.994875
2026-08-05T01:18:12+00:00,on-demand,A800 PCIE,4,8,0.667222,0.667639,0.668333,0.722222,0.882222,0.882222,0.99469
2026-08-05T01:18:12+00:00,on-demand,B200,23,104,5.00026,5.750738,5.938194,6.251389,7.751042,5.938194,0.982911
2026-08-05T01:18:12+00:00,on-demand,B300,1,2,8.313542,8.313542,8.313542,8.313542,8.313542,8.313542,0.988613
2026-08-05T01:18:12+00:00,on-demand,CMP 170HX,5,14,0.268148,0.333704,0.333889,0.334444,1.202222,1.202222,0.961368
2026-08-05T01:18:12+00:00,on-demand,GTX 1050 Ti,1,1,0.611111,0.611111,0.611111,0.611111,0.611111,,0.98787
2026-08-05T01:18:12+00:00,on-demand,GTX 1060,1,1,0.088889,0.088889,0.088889,0.088889,0.088889,0.088889,0.999314
2026-08-05T01:18:12+00:00,on-demand,GTX 1070,1,1,0.531111,0.531111,0.531111,0.531111,0.531111,0.531111,0.993053
2026-08-05T01:18:12+00:00,on-demand,GTX 1070 Ti,2,5,0.048556,0.056583,0.064611,0.072639,0.080667,0.064611,0.995228
2026-08-05T01:18:12+00:00,on-demand,GTX 1080,4,11,0.027778,0.040611,0.04663,0.048556,0.049111,0.048741,0.97901
2026-08-05T01:18:12+00:00,on-demand,GTX 1080 Ti,4,8,0.036148,0.054454,0.062167,0.064389,0.066222,0.063778,0.996475
2026-08-05T01:18:12+00:00,on-demand,GTX 1650,1,1,0.046207,0.046207,0.046207,0.046207,0.046207,,0.927665
2026-08-05T01:18:12+00:00,on-demand,GTX 1650 S,1,1,0.677778,0.677778,0.677778,0.677778,0.677778,,0.990937
2026-08-05T01:18:12+00:00,on-demand,GTX 1660,1,1,0.677778,0.677778,0.677778,0.677778,0.677778,0.677778,0.996045
2026-08-05T01:18:12+00:00,on-demand,GTX 1660 S,2,2,0.055556,0.154444,0.253333,0.352222,0.451111,,0.917457
2026-08-05T01:18:12+00:00,on-demand,GTX 1660 Ti,1,2,0.068889,0.068889,0.068889,0.068889,0.068889,0.068889,0.997464
2026-08-05T01:18:12+00:00,on-demand,H100 NVL,4,6,2.161481,2.162593,2.415185,2.667593,2.668148,2.162222,0.994564
2026-08-05T01:18:12+00:00,on-demand,H100 PCIE,5,16,1.333407,1.733481,2.001111,2.133889,2.135556,2.0675,0.991741
2026-08-05T01:18:12+00:00,on-demand,H100 SXM,12,40,1.491111,1.735278,3.030001,3.145056,4.640556,3.068,0.99167
2026-08-05T01:18:12+00:00,on-demand,H200,9,32,3.816703,4.079496,4.211623,4.737939,5.001096,4.146382,0.997772
2026-08-05T01:18:12+00:00,on-demand,H200 NVL,10,35,2.133611,3.082083,3.161825,3.200694,4.490222,3.123333,0.991268
2026-08-05T01:18:12+00:00,on-demand,L4,3,4,0.255556,0.295,0.334444,0.335,0.335556,0.335,0.997423
2026-08-05T01:18:12+00:00,on-demand,L40S,13,49,0.401111,0.467037,0.52963,1.067222,1.074074,1.067222,0.998595
2026-08-05T01:18:12+00:00,on-demand,Q RTX 6000,1,2,0.134074,0.134074,0.134074,0.134074,0.134074,0.134074,0.998608
2026-08-05T01:18:12+00:00,on-demand,Q RTX 8000,3,7,0.253704,0.253889,0.254074,0.254444,0.254815,0.254074,0.998687
2026-08-05T01:18:12+00:00,on-demand,Quadro GV100,1,1,0.467407,0.467407,0.467407,0.467407,0.467407,,0.969585
2026-08-05T01:18:12+00:00,on-demand,Quadro P4000,2,3,0.041481,0.042963,0.044444,0.045926,0.047407,,0.966105
2026-08-05T01:18:12+00:00,on-demand,RTX 2060,2,3,0.052593,0.143333,0.234074,0.324815,0.415556,0.415556,0.986548
2026-08-05T01:18:12+00:00,on-demand,RTX 2060S,1,4,0.066978,0.066978,0.066978,0.066978,0.066978,0.066978,0.993525
2026-08-05T01:18:12+00:00,on-demand,RTX 2070S,3,15,0.060741,0.06713,0.073519,0.073611,0.073704,,0.989624
2026-08-05T01:18:12+00:00,on-demand,RTX 2080 Ti,11,32,0.040444,0.068889,0.080028,0.101167,0.811111,0.080056,0.992752
2026-08-05T01:18:12+00:00,on-demand,RTX 2080S,1,1,0.744444,0.744444,0.744444,0.744444,0.744444,0.744444,0.952904
2026-08-05T01:18:12+00:00,on-demand,RTX 3050,1,1,1.322222,1.322222,1.322222,1.322222,1.322222,,0.975991
2026-08-05T01:18:12+00:00,on-demand,RTX 3060,9,27,0.050852,0.067222,0.073519,0.677778,1.335556,0.846193,0.99612
2026-08-05T01:18:12+00:00,on-demand,RTX 3060 laptop,5,14,0.026685,0.041111,0.042222,0.066815,0.06963,0.068222,0.996823
2026-08-05T01:18:12+00:00,on-demand,RTX 3070,9,34,0.041111,0.055556,0.106944,0.107222,0.161852,0.107222,0.992668
2026-08-05T01:18:12+00:00,on-demand,RTX 3070 Ti,2,3,0.174444,0.174722,0.175,0.175278,0.175556,,0.654748
2026-08-05T01:18:12+00:00,on-demand,RTX 3080,14,45,0.060222,0.064537,0.097833,0.131181,0.240889,0.124556,0.993807
2026-08-05T01:18:12+00:00,on-demand,RTX 3080 Ti,9,12,0.054074,0.081037,0.134815,0.137037,0.27037,0.136111,0.989135
2026-08-05T01:18:12+00:00,on-demand,RTX 3090,29,87,0.116296,0.134444,0.146944,0.242222,2.001111,0.248889,0.994319
2026-08-05T01:18:12+00:00,on-demand,RTX 3090 Ti,1,1,0.175556,0.175556,0.175556,0.175556,0.175556,,0.993302
2026-08-05T01:18:12+00:00,on-demand,RTX 4000Ada,1,1,0.202222,0.202222,0.202222,0.202222,0.202222,,0.995962
2026-08-05T01:18:12+00:00,on-demand,RTX 4060,7,17,0.053531,0.053778,0.054519,0.060667,2.677778,0.060667,0.981307
2026-08-05T01:18:12+00:00,on-demand,RTX 4060 Ti,11,37,0.053531,0.072833,0.081852,0.103605,0.145111,0.104012,0.985448
2026-08-05T01:18:12+00:00,on-demand,RTX 4060 laptop,1,1,0.135556,0.135556,0.135556,0.135556,0.135556,,0.945501
2026-08-05T01:18:12+00:00,on-demand,RTX 4070,3,4,0.082222,0.088519,0.094815,0.095185,0.095556,0.095185,0.996658
2026-08-05T01:18:12+00:00,on-demand,RTX 4070 Ti,11,23,0.087593,0.089444,0.102222,0.202222,0.282444,0.102222,0.993132
2026-08-05T01:18:12+00:00,on-demand,RTX 4070S,7,29,0.081204,0.082685,0.094074,0.101806,0.108889,0.089352,0.993623
2026-08-05T01:18:12+00:00,on-demand,RTX 4070S Ti,9,22,0.087556,0.153333,0.253611,0.254444,1.331111,0.253889,0.998393
2026-08-05T01:18:12+00:00,on-demand,RTX 4080,6,11,0.121852,0.165843,0.180389,0.206796,0.227704,0.180519,0.989592
2026-08-05T01:18:12+00:00,on-demand,RTX 4080S,14,58,0.135556,0.151458,0.161667,0.213819,0.400278,0.160278,0.995365
2026-08-05T01:18:12+00:00,on-demand,RTX 4090,49,161,0.135556,0.333651,0.401111,0.563704,2.005926,0.467778,0.994863
2026-08-05T01:18:12+00:00,on-demand,RTX 4090D,9,25,0.160185,0.160741,0.386074,0.667222,0.668889,,0.967226
2026-08-05T01:18:12+00:00,on-demand,RTX 5000Ada,3,5,0.334444,0.367963,0.401481,0.41463,0.427778,0.401481,0.997016
2026-08-05T01:18:12+00:00,on-demand,RTX 5060,4,4,0.05363,0.071185,0.106296,0.140556,0.155556,0.116296,0.995921
2026-08-05T01:18:12+00:00,on-demand,RTX 5060 Ti,14,52,0.066944,0.08438,0.110333,0.166468,0.227407,0.137037,0.995457
2026-08-05T01:18:12+00:00,on-demand,RTX 5060 laptop,1,1,0.135556,0.135556,0.135556,0.135556,0.135556,,0.970916
2026-08-05T01:18:12+00:00,on-demand,RTX 5070,11,18,0.010163,0.106667,0.133889,0.155185,1.335556,0.135,0.996331
2026-08-05T01:18:12+00:00,on-demand,RTX 5070 Ti,12,30,0.120556,0.154167,0.200463,0.200833,0.401333,0.162222,0.996411
2026-08-05T01:18:12+00:00,on-demand,RTX 5080,21,63,0.134074,0.174074,0.227037,0.333704,1.068889,0.188889,0.97078
2026-08-05T01:18:12+00:00,on-demand,RTX 5090,54,179,0.212889,0.401111,0.561944,0.698148,5.986944,0.636884,0.99355
2026-08-05T01:18:12+00:00,on-demand,RTX 5880Ada,3,7,0.413852,0.507852,0.601852,0.602778,0.603704,0.601852,0.994431
2026-08-05T01:18:12+00:00,on-demand,RTX 6000Ada,7,25,0.600278,0.680815,0.682074,0.70125,0.788889,0.681111,0.992961
2026-08-05T01:18:12+00:00,on-demand,RTX A2000,5,6,0.034074,0.036148,0.036148,0.493481,1.335556,,0.995214
2026-08-05T01:18:12+00:00,on-demand,RTX A4000,7,39,0.06963,0.120694,0.133468,0.133765,0.149556,0.120278,0.97131
2026-08-05T01:18:12+00:00,on-demand,RTX A4500,2,2,0.121185,0.409593,0.698,0.986407,1.274815,,0.975485
2026-08-05T01:18:12+00:00,on-demand,RTX A5000,5,14,0.230984,0.231407,0.386281,40.000741,40.001481,0.231407,0.99687
2026-08-05T01:18:12+00:00,on-demand,RTX A6000,9,25,0.287407,0.334444,1.200278,1.201111,2.668889,0.404444,0.982504
2026-08-05T01:18:12+00:00,on-demand,RTX PRO 4000,13,25,0.134444,0.255556,0.280741,0.320741,0.534815,0.267407,0.988924
2026-08-05T01:18:12+00:00,on-demand,RTX PRO 4500,1,1,0.343704,0.343704,0.343704,0.343704,0.343704,0.343704,0.996665
2026-08-05T01:18:12+00:00,on-demand,RTX PRO 5000,12,29,0.601037,0.634838,0.663148,0.852917,0.922519,0.685185,0.992109
2026-08-05T01:18:12+00:00,on-demand,RTX PRO 6000 S,18,61,0.800093,1.200556,1.401852,1.733981,1.890955,1.733704,0.9917
2026-08-05T01:18:12+00:00,on-demand,RTX PRO 6000 WS,18,44,0.868889,1.108815,1.201599,1.771296,13.335556,1.314802,0.973268
2026-08-05T01:18:12+00:00,on-demand,Tesla P100,2,3,0.068148,0.071481,0.074815,0.078148,0.081481,0.081481,0.991051
2026-08-05T01:18:12+00:00,on-demand,Tesla P40,4,8,0.046741,0.111102,0.132833,0.150389,0.202222,0.132833,0.992649
2026-08-05T01:18:12+00:00,on-demand,Tesla T4,2,3,12.000741,12.000926,12.001111,12.001296,12.001481,,0.972406
2026-08-05T01:18:12+00:00,on-demand,Tesla V100,12,38,0.026944,0.028611,0.134583,0.16713,1.467037,0.135556,0.987971
2026-08-05T01:18:12+00:00,on-demand,Titan RTX,5,10,0.135185,0.137037,0.161111,0.162222,0.200556,0.161667,0.994055
2026-08-05T01:18:12+00:00,on-demand,Titan Xp,1,1,0.062222,0.062222,0.062222,0.062222,0.062222,0.062222,0.99287
2026-08-05T01:18:12+00:00,bid,A100 PCIE,31,58,0.133889,0.135556,0.200741,0.587222,0.601111,0.201111,0.990987
2026-08-05T01:18:12+00:00,bid,A100 SXM4,34,56,0.130316,0.400741,0.401481,0.768056,1.069333,0.428889,0.98666
2026-08-05T01:18:12+00:00,bid,A10g,1,1,0.081185,0.081185,0.081185,0.081185,0.081185,,0.958576
2026-08-05T01:18:12+00:00,bid,A800 PCIE,7,12,0.129889,0.130444,0.131556,0.131556,0.402222,0.402222,0.99469
2026-08-05T01:18:12+00:00,bid,B200,23,104,3.750174,5.000998,5.005208,5.940799,7.376042,5.005208,0.982911
2026-08-05T01:18:12+00:00,bid,B300,2,4,3.751042,3.751042,3.751042,3.751042,3.751042,3.751042,0.988613
2026-08-05T01:18:12+00:00,bid,CMP 170HX,7,18,0.134815,0.253796,0.254444,0.527778,0.802222,0.801667,0.961368
2026-08-05T01:18:12+00:00,bid,GTX 1050 Ti,1,1,0.024444,0.024444,0.024444,0.024444,0.024444,,0.98787
2026-08-05T01:18:12+00:00,bid,GTX 1060,2,2,0.031111,0.04037,0.04963,0.058889,0.068148,0.068148,0.996987
2026-08-05T01:18:12+00:00,bid,GTX 1070,1,1,0.026204,0.026204,0.026204,0.026204,0.026204,0.026204,0.993053
2026-08-05T01:18:12+00:00,bid,GTX 1070 Ti,2,6,0.040556,0.040694,0.040833,0.040972,0.041111,0.040833,0.994803
2026-08-05T01:18:12+00:00,bid,GTX 1080,4,10,0.014815,0.033981,0.040741,0.041389,0.042222,0.041111,0.992778
2026-08-05T01:18:12+00:00,bid,GTX 1080 Ti,5,10,0.025481,0.040556,0.041111,0.041111,0.042222,0.041111,0.996006
2026-08-05T01:18:12+00:00,bid,GTX 1650,1,1,0.040741,0.040741,0.040741,0.040741,0.040741,,0.927665
2026-08-05T01:18:12+00:00,bid,GTX 1650 S,1,1,0.037778,0.037778,0.037778,0.037778,0.037778,,0.990937
2026-08-05T01:18:12+00:00,bid,GTX 1660,1,1,0.037778,0.037778,0.037778,0.037778,0.037778,0.037778,0.996045
2026-08-05T01:18:12+00:00,bid,GTX 1660 S,2,2,0.028889,0.029444,0.03,0.030556,0.031111,,0.917457
2026-08-05T01:18:12+00:00,bid,GTX 1660 Ti,3,7,0.037778,0.046111,0.054444,0.055,0.055556,0.054444,0.997464
2026-08-05T01:18:12+00:00,bid,H100 NVL,6,7,0.404889,1.035556,1.436,1.975222,2.122963,1.828963,0.987984
2026-08-05T01:18:12+00:00,bid,H100 PCIE,7,19,0.347222,0.373926,0.733481,1.601667,1.602222,1.167296,0.991741
2026-08-05T01:18:12+00:00,bid,H100 SXM,18,49,0.400556,0.551111,1.301593,2.161944,4.002222,0.936296,0.994233
2026-08-05T01:18:12+00:00,bid,H200,9,31,1.935307,3.484759,3.486404,3.817251,4.218964,3.485855,0.997772
2026-08-05T01:18:12+00:00,bid,H200 NVL,18,45,0.602222,1.002083,1.103472,1.339555,2.534074,1.005,0.991268
2026-08-05T01:18:12+00:00,bid,L4,7,10,0.134444,0.201481,0.215556,0.267593,0.268889,0.234444,0.997981
2026-08-05T01:18:12+00:00,bid,L40S,23,77,0.200185,0.333704,0.534259,0.538889,0.77363,0.537037,0.998708
2026-08-05T01:18:12+00:00,bid,Quadro GV100,1,1,0.134074,0.134074,0.134074,0.134074,0.134074,,0.969585
2026-08-05T01:18:12+00:00,bid,Quadro P4000,2,3,0.040741,0.040926,0.041111,0.041296,0.041481,,0.969808
2026-08-05T01:18:12+00:00,bid,RTX 2060,4,6,0.027259,0.030148,0.036111,0.114722,0.335556,0.041111,0.990712
2026-08-05T01:18:12+00:00,bid,RTX 2060S,5,11,0.041111,0.046889,0.046978,0.047289,0.123704,0.047133,0.987048
2026-08-05T01:18:12+00:00,bid,RTX 2070,1,2,0.041111,0.041111,0.041111,0.041111,0.041111,0.041111,0.922421
2026-08-05T01:18:12+00:00,bid,RTX 2070S,5,25,0.053667,0.066831,0.066852,0.067037,0.067407,0.053667,0.987654
2026-08-05T01:18:12+00:00,bid,RTX 2080 Ti,7,9,0.031111,0.036667,0.042222,0.078704,0.121481,0.108889,0.992752
2026-08-05T01:18:12+00:00,bid,RTX 2080S,1,1,0.037778,0.037778,0.037778,0.037778,0.037778,0.037778,0.952904
2026-08-05T01:18:12+00:00,bid,RTX 3050,1,1,1.068889,1.068889,1.068889,1.068889,1.068889,,0.975991
2026-08-05T01:18:12+00:00,bid,RTX 3060,11,34,0.027407,0.043852,0.053889,0.080926,0.102815,0.100741,0.987298
2026-08-05T01:18:12+00:00,bid,RTX 3060 laptop,10,24,0.013352,0.044204,0.065235,0.092241,0.102222,0.06563,0.995436
2026-08-05T01:18:12+00:00,bid,RTX 3070,11,34,0.014444,0.0405,0.053611,0.068148,0.093889,0.068148,0.994241
2026-08-05T01:18:12+00:00,bid,RTX 3070 Ti,1,2,0.054444,0.054444,0.054444,0.054444,0.054444,,0.997056
2026-08-05T01:18:12+00:00,bid,RTX 3080,13,33,0.027407,0.060741,0.067222,0.082222,0.235556,0.082222,0.988032
2026-08-05T01:18:12+00:00,bid,RTX 3080 Ti,12,17,0.014444,0.064667,0.101481,0.108333,0.235556,0.107778,0.993204
2026-08-05T01:18:12+00:00,bid,RTX 3090,56,118,0.016296,0.082037,0.107778,0.134074,0.202222,0.107037,0.992606
2026-08-05T01:18:12+00:00,bid,RTX 4000Ada,1,1,0.162222,0.162222,0.162222,0.162222,0.162222,,0.995962
2026-08-05T01:18:12+00:00,bid,RTX 4060,1,1,0.031111,0.031111,0.031111,0.031111,0.031111,,0.995147
2026-08-05T01:18:12+00:00,bid,RTX 4060 Ti,12,31,0.039778,0.040519,0.076333,0.088472,0.107778,0.1075,0.985738
2026-08-05T01:18:12+00:00,bid,RTX 4070,6,9,0.028889,0.0495,0.076333,0.082,0.162222,0.080296,0.99678
2026-08-05T01:18:12+00:00,bid,RTX 4070 Ti,8,13,0.081481,0.103467,0.162222,0.240694,0.241111,0.099156,0.991668
2026-08-05T01:18:12+00:00,bid,RTX 4070S,11,25,0.068889,0.071481,0.082222,0.096944,0.242222,0.083009,0.984384
2026-08-05T01:18:12+00:00,bid,RTX 4070S Ti,12,29,0.094444,0.162616,0.1675,0.168056,1.211111,0.167778,0.999121
2026-08-05T01:18:12+00:00,bid,RTX 4080,9,18,0.108889,0.133667,0.134,0.254444,0.255556,0.134,0.983148
2026-08-05T01:18:12+00:00,bid,RTX 4080S,12,32,0.060494,0.108611,0.175259,0.200528,0.240259,0.200519,0.996297
2026-08-05T01:18:12+00:00,bid,RTX 4090,77,199,0.122222,0.202593,0.279778,0.401852,0.738341,0.396889,0.996059
2026-08-05T01:18:12+00:00,bid,RTX 4090D,13,33,0.053704,0.054815,0.073741,0.074481,0.606222,,0.949796
2026-08-05T01:18:12+00:00,bid,RTX 5000Ada,4,6,0.267778,0.268611,0.295,0.321389,0.322222,0.295,0.996085
2026-08-05T01:18:12+00:00,bid,RTX 5060,6,7,0.040296,0.044241,0.055704,0.086111,0.095556,0.055704,0.99414
2026-08-05T01:18:12+00:00,bid,RTX 5060 Ti,32,89,0.040741,0.054093,0.082074,0.138958,0.160889,0.134074,0.995928
2026-08-05T01:18:12+00:00,bid,RTX 5070,11,19,0.037778,0.056444,0.094815,0.121667,0.150815,0.121111,0.994982
2026-08-05T01:18:12+00:00,bid,RTX 5070 Ti,14,26,0.005741,0.094722,0.107778,0.108889,0.268,0.107778,0.995279
2026-08-05T01:18:12+00:00,bid,RTX 5080,25,52,0.042222,0.122222,0.148148,0.174148,0.202222,0.148889,0.990366
2026-08-05T01:18:12+00:00,bid,RTX 5090,72,186,0.102222,0.272593,0.400333,0.521444,2.666944,0.394481,0.994923
2026-08-05T01:18:12+00:00,bid,RTX 5880Ada,6,11,0.267185,0.295648,0.297037,0.297037,0.33437,0.297037,0.995223
2026-08-05T01:18:12+00:00,bid,RTX 6000Ada,16,35,0.137778,0.397431,0.467444,0.468778,0.775556,0.467185,0.996163
2026-08-05T01:18:12+00:00,bid,RTX A2000,1,1,0.400148,0.400148,0.400148,0.400148,0.400148,,0.994358
2026-08-05T01:18:12+00:00,bid,RTX A4000,16,73,0.013889,0.073111,0.100623,0.107068,0.134444,,0.97131
2026-08-05T01:18:12+00:00,bid,RTX A4500,2,2,0.081185,0.081185,0.081185,0.081185,0.081185,,0.952879
2026-08-05T01:18:12+00:00,bid,RTX A5000,8,17,0.11037,0.220608,0.280741,0.334815,0.335556,0.226984,0.997402
2026-08-05T01:18:12+00:00,bid,RTX PRO 4000,14,27,0.067778,0.219722,0.240617,0.242037,0.370815,0.240494,0.99072
2026-08-05T01:18:12+00:00,bid,RTX PRO 4500,2,2,0.188889,0.209259,0.22963,0.25,0.27037,0.22963,0.997462
2026-08-05T01:18:12+00:00,bid,RTX PRO 5000,24,43,0.135111,0.2025,0.401481,0.485069,0.803704,0.4675,0.991928
2026-08-05T01:18:12+00:00,bid,RTX PRO 6000 S,25,61,0.334444,0.534222,0.667407,1.068148,2.935556,1.067778,0.992555
2026-08-05T01:18:12+00:00,bid,RTX PRO 6000 WS,28,55,0.335556,0.668889,0.802222,0.993667,1.337037,0.858296,0.992067
2026-08-05T01:18:12+00:00,bid,Tesla P100,1,1,0.041481,0.041481,0.041481,0.041481,0.041481,,0.98772
2026-08-05T01:18:12+00:00,bid,Tesla P40,4,9,0.033407,0.057769,0.066167,0.066444,0.066444,0.066444,0.99358
2026-08-05T01:18:12+00:00,bid,Tesla T4,3,4,3.400741,3.401111,3.401481,3.401481,3.401481,,0.972406
2026-08-05T01:18:12+00:00,bid,Tesla V100,22,57,0.013611,0.088056,0.095222,0.134537,0.202222,0.133704,0.993683
2026-08-05T01:18:12+00:00,bid,Titan RTX,7,16,0.107222,0.108333,0.108889,0.129204,0.134444,0.108889,0.99837
2026-08-05T01:18:12+00:00,bid,Titan Xp,1,1,0.042222,0.042222,0.042222,0.042222,0.042222,0.042222,0.99287
2026-08-05T01:23:14+00:00,on-demand,A100 PCIE,18,49,0.266944,0.334028,0.773667,1.002222,1.055556,0.773667,0.959092
2026-08-05T01:23:14+00:00,on-demand,A100 SXM4,22,55,0.268148,0.750602,0.933889,1.066921,1.323704,0.934074,0.991434
2026-08-05T01:23:14+00:00,on-demand,A800 PCIE,4,8,0.667222,0.667639,0.668333,0.722222,0.882222,0.882222,0.99469
2026-08-05T01:23:14+00:00,on-demand,B200,14,78,5.00026,5.145638,5.751389,6.172222,7.75026,5.751389,0.994848
2026-08-05T01:23:14+00:00,on-demand,B300,1,2,8.313542,8.313542,8.313542,8.313542,8.313542,8.313542,0.988613
2026-08-05T01:23:14+00:00,on-demand,CMP 170HX,4,8,0.268148,0.317454,0.334167,0.551389,1.202222,1.202222,0.961368
2026-08-05T01:23:14+00:00,on-demand,GTX 1050 Ti,1,1,0.611111,0.611111,0.611111,0.611111,0.611111,,0.98787
2026-08-05T01:23:14+00:00,on-demand,GTX 1060,2,2,0.088889,0.152778,0.216667,0.280556,0.344444,0.088889,0.997016
2026-08-05T01:23:14+00:00,on-demand,GTX 1070,2,2,0.048889,0.169444,0.29,0.410556,0.531111,0.29,0.995383
2026-08-05T01:23:14+00:00,on-demand,GTX 1070 Ti,1,1,0.080667,0.080667,0.080667,0.080667,0.080667,0.080667,0.995653
2026-08-05T01:23:14+00:00,on-demand,GTX 1080,5,15,0.027778,0.04837,0.048556,0.049111,0.05037,0.048556,0.995449
2026-08-05T01:23:14+00:00,on-demand,GTX 1080 Ti,5,10,0.036148,0.060556,0.061111,0.063778,0.066222,0.062444,0.996006
2026-08-05T01:23:14+00:00,on-demand,GTX 1650,1,1,0.046207,0.046207,0.046207,0.046207,0.046207,,0.927665
2026-08-05T01:23:14+00:00,on-demand,GTX 1650 S,1,1,0.677778,0.677778,0.677778,0.677778,0.677778,,0.990937
2026-08-05T01:23:14+00:00,on-demand,GTX 1660,1,1,0.677778,0.677778,0.677778,0.677778,0.677778,0.677778,0.996045
2026-08-05T01:23:14+00:00,on-demand,GTX 1660 S,2,2,0.055556,0.154444,0.253333,0.352222,0.451111,,0.917457
2026-08-05T01:23:14+00:00,on-demand,GTX 1660 Ti,1,2,0.068889,0.068889,0.068889,0.068889,0.068889,0.068889,0.997464
2026-08-05T01:23:14+00:00,on-demand,H100 NVL,5,7,2.123111,2.162963,2.667407,2.668148,3.067778,2.162963,0.995675
2026-08-05T01:23:14+00:00,on-demand,H100 PCIE,5,16,1.333407,1.733481,2.001111,2.133889,2.135556,2.0675,0.991741
2026-08-05T01:23:14+00:00,on-demand,H100 SXM,10,19,1.491111,1.958472,3.233277,4.640972,4.673185,4.641111,0.994628
2026-08-05T01:23:14+00:00,on-demand,H200,8,30,3.816703,4.043951,4.146107,4.497915,5.001096,4.08114,0.997772
2026-08-05T01:23:14+00:00,on-demand,H200 NVL,7,18,2.133611,3.095278,3.123333,3.788444,4.655556,3.125,0.997785
2026-08-05T01:23:14+00:00,on-demand,L4,4,6,0.255556,0.314722,0.334444,0.334537,0.334815,0.334444,0.998045
2026-08-05T01:23:14+00:00,on-demand,L40S,14,55,0.466852,0.467037,0.667,1.001157,1.074074,0.934722,0.998174
2026-08-05T01:23:14+00:00,on-demand,Q RTX 8000,3,7,0.253704,0.253889,0.254074,0.262593,0.271111,0.254074,0.998687
2026-08-05T01:23:14+00:00,on-demand,Quadro GV100,1,1,0.467407,0.467407,0.467407,0.467407,0.467407,,0.969585
2026-08-05T01:23:14+00:00,on-demand,Quadro P4000,2,3,0.040741,0.040926,0.041111,0.041296,0.041481,,0.962402
2026-08-05T01:23:14+00:00,on-demand,RTX 2060,2,3,0.052593,0.143333,0.234074,0.324815,0.415556,0.415556,0.986548
2026-08-05T01:23:14+00:00,on-demand,RTX 2070S,3,16,0.060741,0.067119,0.073498,0.073601,0.073704,,0.989624
2026-08-05T01:23:14+00:00,on-demand,RTX 2080 Ti,8,20,0.040444,0.065926,0.074458,0.080069,0.134815,0.080056,0.994401
2026-08-05T01:23:14+00:00,on-demand,RTX 2080S,1,1,0.744444,0.744444,0.744444,0.744444,0.744444,0.744444,0.952904
2026-08-05T01:23:14+00:00,on-demand,RTX 3050,1,1,1.322222,1.322222,1.322222,1.322222,1.322222,,0.975991
2026-08-05T01:23:14+00:00,on-demand,RTX 3060,11,33,0.028889,0.059019,0.068889,0.517304,1.335556,0.846193,0.987298
2026-08-05T01:23:14+00:00,on-demand,RTX 3060 laptop,3,11,0.026685,0.033898,0.041111,0.041667,0.042222,,0.998769
2026-08-05T01:23:14+00:00,on-demand,RTX 3070,11,38,0.041111,0.054167,0.067407,0.107083,0.135185,0.107083,0.992567
2026-08-05T01:23:14+00:00,on-demand,RTX 3070 Ti,2,3,0.174444,0.174722,0.175,0.175278,0.175556,,0.654748
2026-08-05T01:23:14+00:00,on-demand,RTX 3080,14,45,0.060222,0.072315,0.097833,0.131181,0.240889,0.113556,0.993807
2026-08-05T01:23:14+00:00,on-demand,RTX 3080 Ti,7,8,0.082222,0.128333,0.134815,0.18963,0.27037,0.137037,0.99596
2026-08-05T01:23:14+00:00,on-demand,RTX 3090,31,93,0.116296,0.137148,0.147778,0.250519,2.001111,0.246815,0.992655
2026-08-05T01:23:14+00:00,on-demand,RTX 3090 Ti,1,1,0.175556,0.175556,0.175556,0.175556,0.175556,,0.993302
2026-08-05T01:23:14+00:00,on-demand,RTX 4000Ada,1,1,0.202222,0.202222,0.202222,0.202222,0.202222,,0.995962
2026-08-05T01:23:14+00:00,on-demand,RTX 4060,6,15,0.053531,0.053704,0.057852,0.063778,2.677778,0.061778,0.983174
2026-08-05T01:23:14+00:00,on-demand,RTX 4060 Ti,7,18,0.053531,0.073,0.081111,0.082037,0.106963,0.08137,0.985448
2026-08-05T01:23:14+00:00,on-demand,RTX 4060 laptop,1,1,0.135556,0.135556,0.135556,0.135556,0.135556,,0.945501
2026-08-05T01:23:14+00:00,on-demand,RTX 4070,3,3,0.082222,0.082222,0.082222,0.088889,0.095556,0.095556,0.990381
2026-08-05T01:23:14+00:00,on-demand,RTX 4070 Ti,10,22,0.087593,0.090556,0.098333,0.222222,0.282444,0.101111,0.992846
2026-08-05T01:23:14+00:00,on-demand,RTX 4070S,6,20,0.080926,0.088148,0.101806,0.108634,0.242222,0.090679,0.994317
2026-08-05T01:23:14+00:00,on-demand,RTX 4070S Ti,8,23,0.068889,0.174306,0.25375,0.254722,1.331111,0.254444,0.998757
2026-08-05T01:23:14+00:00,on-demand,RTX 4080,6,11,0.121852,0.157917,0.159852,0.175648,0.268889,0.158667,0.985862
2026-08-05T01:23:14+00:00,on-demand,RTX 4080S,13,44,0.133359,0.148519,0.162222,0.213889,0.400278,0.201037,0.996289
2026-08-05T01:23:14+00:00,on-demand,RTX 4090,50,176,0.256222,0.311111,0.428519,0.557963,2.002963,0.552222,0.996386
2026-08-05T01:23:14+00:00,on-demand,RTX 4090D,9,25,0.160185,0.160741,0.386074,0.667222,0.668889,,0.967226
2026-08-05T01:23:14+00:00,on-demand,RTX 5000Ada,4,6,0.334444,0.335278,0.381667,0.434722,0.455556,0.381667,0.995155
2026-08-05T01:23:14+00:00,on-demand,RTX 5060,4,5,0.067778,0.074722,0.106296,0.140556,0.155556,0.116296,0.989459
2026-08-05T01:23:14+00:00,on-demand,RTX 5060 Ti,16,59,0.057778,0.087028,0.112509,0.146069,0.227407,0.135185,0.993574
2026-08-05T01:23:14+00:00,on-demand,RTX 5060 laptop,1,1,0.135556,0.135556,0.135556,0.135556,0.135556,,0.970916
2026-08-05T01:23:14+00:00,on-demand,RTX 5070,12,20,0.010163,0.09,0.117222,0.153056,1.335556,0.134722,0.996331
2026-08-05T01:23:14+00:00,on-demand,RTX 5070 Ti,11,19,0.118741,0.160833,0.174444,0.201296,0.401333,0.163704,0.996411
2026-08-05T01:23:14+00:00,on-demand,RTX 5080,17,50,0.134815,0.173889,0.227074,0.257037,1.068889,0.201481,0.985923
2026-08-05T01:23:14+00:00,on-demand,RTX 5090,47,140,0.212889,0.402963,0.55107,0.693519,5.986944,0.632255,0.993277
2026-08-05T01:23:14+00:00,on-demand,RTX 5880Ada,3,7,0.413852,0.507852,0.601852,0.602778,0.603704,0.601852,0.994431
2026-08-05T01:23:14+00:00,on-demand,RTX 6000Ada,7,25,0.600278,0.680778,0.682074,0.70125,0.933778,0.681037,0.99825
2026-08-05T01:23:14+00:00,on-demand,RTX A2000,4,5,0.034074,0.03563,0.264815,0.704,1.335556,,0.994786
2026-08-05T01:23:14+00:00,on-demand,RTX A4000,8,47,0.068148,0.108431,0.133586,0.137093,0.153611,0.120278,0.97131
2026-08-05T01:23:14+00:00,on-demand,RTX A4500,2,2,0.121185,0.409593,0.698,0.986407,1.274815,,0.975485
2026-08-05T01:23:14+00:00,on-demand,RTX A5000,6,16,0.230984,0.2315,0.30903,30.097126,40.001481,0.231593,0.997506
2026-08-05T01:23:14+00:00,on-demand,RTX A6000,8,24,0.333889,0.386944,1.200417,1.567778,2.668889,0.404444,0.982504
2026-08-05T01:23:14+00:00,on-demand,RTX PRO 4000,10,15,0.135556,0.254722,0.281111,0.303241,0.534815,0.255556,0.985666
2026-08-05T01:23:14+00:00,on-demand,RTX PRO 4500,1,1,0.343704,0.343704,0.343704,0.343704,0.343704,0.343704,0.996665
2026-08-05T01:23:14+00:00,on-demand,RTX PRO 5000,10,26,0.589259,0.610847,0.741204,0.871343,0.882222,0.880556,0.991928
2026-08-05T01:23:14+00:00,on-demand,RTX PRO 6000 S,16,50,0.800093,1.100519,1.300694,1.733796,3.068889,1.733704,0.979614
2026-08-05T01:23:14+00:00,on-demand,RTX PRO 6000 WS,18,45,0.867778,1.10863,1.26963,1.477963,13.335556,1.428333,0.994968
2026-08-05T01:23:14+00:00,on-demand,Tesla P100,2,3,0.068148,0.071481,0.074815,0.078148,0.081481,0.081481,0.991051
2026-08-05T01:23:14+00:00,on-demand,Tesla P40,4,8,0.046741,0.111102,0.132833,0.150389,0.202222,0.132833,0.992649
2026-08-05T01:23:14+00:00,on-demand,Tesla T4,2,3,12.000741,12.000926,12.001111,12.001296,12.001481,,0.972406
2026-08-05T01:23:14+00:00,on-demand,Tesla V100,11,36,0.026944,0.028333,0.167037,0.217389,1.467037,0.217389,0.987971
2026-08-05T01:23:14+00:00,on-demand,Titan RTX,4,6,0.135185,0.136574,0.149074,0.161389,0.162222,0.161667,0.996213
2026-08-05T01:23:14+00:00,bid,A100 PCIE,32,50,0.134444,0.135556,0.201296,0.587778,0.588889,0.201111,0.990973
2026-08-05T01:23:14+00:00,bid,A100 SXM4,37,64,0.130316,0.400741,0.428889,0.802222,1.069333,0.448333,0.98666
2026-08-05T01:23:14+00:00,bid,A800 PCIE,9,15,0.129889,0.130444,0.131556,0.131556,0.402222,0.402222,0.99469
2026-08-05T01:23:14+00:00,bid,B200,17,75,4.909028,5.001302,5.625347,5.627778,7.377083,5.625347,0.990231
2026-08-05T01:23:14+00:00,bid,B300,1,2,3.751042,3.751042,3.751042,3.751042,3.751042,3.751042,0.988613
2026-08-05T01:23:14+00:00,bid,CMP 170HX,7,15,0.134815,0.254074,0.254444,0.801667,0.802222,0.802222,0.961368
2026-08-05T01:23:14+00:00,bid,GTX 1050 Ti,1,1,0.024444,0.024444,0.024444,0.024444,0.024444,,0.98787
2026-08-05T01:23:14+00:00,bid,GTX 1060,2,2,0.031111,0.04037,0.04963,0.058889,0.068148,0.068148,0.996987
2026-08-05T01:23:14+00:00,bid,GTX 1070,1,1,0.026204,0.026204,0.026204,0.026204,0.026204,0.026204,0.993053
2026-08-05T01:23:14+00:00,bid,GTX 1070 Ti,1,4,0.040556,0.040556,0.040556,0.040556,0.040556,0.040556,0.994803
2026-08-05T01:23:14+00:00,bid,GTX 1080,4,10,0.037037,0.039537,0.040741,0.041389,0.042222,0.041111,0.986228
2026-08-05T01:23:14+00:00,bid,GTX 1080 Ti,5,10,0.025481,0.040556,0.041111,0.041111,0.042222,0.041111,0.996006
2026-08-05T01:23:14+00:00,bid,GTX 1650,1,1,0.040741,0.040741,0.040741,0.040741,0.040741,,0.927665
2026-08-05T01:23:14+00:00,bid,GTX 1650 S,1,1,0.037778,0.037778,0.037778,0.037778,0.037778,,0.990937
2026-08-05T01:23:14+00:00,bid,GTX 1660,1,1,0.037778,0.037778,0.037778,0.037778,0.037778,0.037778,0.996045
2026-08-05T01:23:14+00:00,bid,GTX 1660 S,2,2,0.028889,0.029444,0.03,0.030556,0.031111,,0.917457
2026-08-05T01:23:14+00:00,bid,GTX 1660 Ti,3,7,0.037778,0.046111,0.054444,0.055,0.055556,0.054444,0.997464
2026-08-05T01:23:14+00:00,bid,H100 NVL,6,7,0.404889,1.035556,1.436,1.584944,1.602222,1.568778,0.984865
2026-08-05T01:23:14+00:00,bid,H100 PCIE,7,21,0.400074,1.033685,1.469222,1.600833,1.602222,1.534889,0.990754
2026-08-05T01:23:14+00:00,bid,H100 SXM,15,33,0.400556,0.534444,1.006519,2.163333,4.000556,1.006519,0.991766
2026-08-05T01:23:14+00:00,bid,H200,9,32,1.935307,3.02723,3.486404,3.948465,4.218964,3.485581,0.997772
2026-08-05T01:23:14+00:00,bid,H200 NVL,20,41,0.602222,1.002917,1.006667,1.337222,2.535556,1.006667,0.994527
2026-08-05T01:23:14+00:00,bid,L4,9,12,0.134444,0.201481,0.267407,0.268148,0.322222,0.267593,0.998077
2026-08-05T01:23:14+00:00,bid,L40S,29,91,0.200185,0.333704,0.534815,0.540741,0.933889,0.538889,0.998595
2026-08-05T01:23:14+00:00,bid,Quadro GV100,1,1,0.134074,0.134074,0.134074,0.134074,0.134074,,0.969585
2026-08-05T01:23:14+00:00,bid,Quadro P4000,2,3,0.040741,0.040926,0.041111,0.041296,0.041481,,0.969808
2026-08-05T01:23:14+00:00,bid,RTX 2060,5,8,0.027259,0.027259,0.031111,0.041111,0.335556,0.041111,0.987016
2026-08-05T01:23:14+00:00,bid,RTX 2060S,4,9,0.041111,0.045444,0.046933,0.066159,0.123704,0.046978,0.986872
2026-08-05T01:23:14+00:00,bid,RTX 2070S,5,25,0.053667,0.066831,0.066852,0.067037,0.067407,0.053667,0.987654
2026-08-05T01:23:14+00:00,bid,RTX 2080 Ti,5,6,0.035556,0.037778,0.042222,0.048519,0.108889,0.075556,0.99441
2026-08-05T01:23:14+00:00,bid,RTX 2080S,1,1,0.037778,0.037778,0.037778,0.037778,0.037778,0.037778,0.952904
2026-08-05T01:23:14+00:00,bid,RTX 3050,1,1,1.068889,1.068889,1.068889,1.068889,1.068889,,0.975991
2026-08-05T01:23:14+00:00,bid,RTX 3060,12,35,0.027407,0.041019,0.0455,0.066019,0.102815,0.070741,0.986998
2026-08-05T01:23:14+00:00,bid,RTX 3060 laptop,8,19,0.013352,0.032204,0.066222,0.101111,0.102222,0.101111,0.99489
2026-08-05T01:23:14+00:00,bid,RTX 3070,10,33,0.014444,0.040472,0.047917,0.064861,0.114444,0.068519,0.993848
2026-08-05T01:23:14+00:00,bid,RTX 3080,18,39,0.027407,0.062847,0.081111,0.108704,0.235556,0.095556,0.99129
2026-08-05T01:23:14+00:00,bid,RTX 3080 Ti,14,22,0.014444,0.043463,0.098148,0.133611,0.235556,0.107778,0.993196
2026-08-05T01:23:14+00:00,bid,RTX 3090,58,137,0.014815,0.085278,0.108111,0.134815,0.249889,0.108519,0.9927
2026-08-05T01:23:14+00:00,bid,RTX 4000Ada,1,1,0.162222,0.162222,0.162222,0.162222,0.162222,,0.995962
2026-08-05T01:23:14+00:00,bid,RTX 4060,3,4,0.031111,0.046963,0.062815,0.073259,0.083704,0.073259,0.995147
2026-08-05T01:23:14+00:00,bid,RTX 4060 Ti,12,36,0.040198,0.066694,0.078593,0.102639,0.107778,0.1075,0.985738
2026-08-05T01:23:14+00:00,bid,RTX 4070,9,15,0.028889,0.055556,0.067778,0.083704,0.162222,0.085556,0.990381
2026-08-05T01:23:14+00:00,bid,RTX 4070 Ti,7,12,0.081481,0.102222,0.215556,0.240833,0.241111,0.108889,0.991668
2026-08-05T01:23:14+00:00,bid,RTX 4070S,9,24,0.069074,0.074519,0.094537,0.098148,0.242222,0.094537,0.993623
2026-08-05T01:23:14+00:00,bid,RTX 4070S Ti,13,31,0.067778,0.166944,0.167778,0.168889,1.211111,0.167778,0.999121
2026-08-05T01:23:14+00:00,bid,RTX 4080,11,21,0.133593,0.133852,0.134667,0.215,0.255556,0.134667,0.983148
2026-08-05T01:23:14+00:00,bid,RTX 4080S,17,42,0.060494,0.107778,0.161778,0.200556,0.240519,0.201296,0.996552
2026-08-05T01:23:14+00:00,bid,RTX 4090,87,226,0.134444,0.201111,0.297037,0.402222,0.738341,0.374815,0.996059
2026-08-05T01:23:14+00:00,bid,RTX 4090D,12,31,0.078185,0.078648,0.079481,0.604694,0.606222,,0.949796
2026-08-05T01:23:14+00:00,bid,RTX 5000Ada,4,6,0.267778,0.268611,0.295,0.321389,0.322222,0.295,0.996085
2026-08-05T01:23:14+00:00,bid,RTX 5060,4,5,0.040296,0.040907,0.068333,0.095556,0.095556,,0.99414
2026-08-05T01:23:14+00:00,bid,RTX 5060 Ti,30,86,0.049704,0.067769,0.080716,0.144282,0.159222,0.107037,0.99612
2026-08-05T01:23:14+00:00,bid,RTX 5070,11,20,0.032222,0.045556,0.068148,0.120833,0.150815,0.103889,0.995629
2026-08-05T01:23:14+00:00,bid,RTX 5070 Ti,9,17,0.07037,0.095556,0.107778,0.108889,0.268,0.1075,0.995979
2026-08-05T01:23:14+00:00,bid,RTX 5080,29,62,0.042222,0.081111,0.147407,0.174815,0.202222,0.167963,0.987753
2026-08-05T01:23:14+00:00,bid,RTX 5090,82,198,0.094815,0.272037,0.374074,0.528646,2.666944,0.338333,0.995232
2026-08-05T01:23:14+00:00,bid,RTX 5880Ada,6,11,0.267185,0.274574,0.296111,0.297037,0.297037,0.296111,0.995223
2026-08-05T01:23:14+00:00,bid,RTX 6000Ada,19,38,0.137778,0.139259,0.401111,0.468741,0.775556,0.401111,0.996481
2026-08-05T01:23:14+00:00,bid,RTX A2000,1,1,0.400148,0.400148,0.400148,0.400148,0.400148,,0.994358
2026-08-05T01:23:14+00:00,bid,RTX A4000,12,57,0.057111,0.093843,0.106919,0.113759,0.134444,,0.971084
2026-08-05T01:23:14+00:00,bid,RTX A4500,2,2,0.081185,0.081185,0.081185,0.081185,0.081185,,0.952879
2026-08-05T01:23:14+00:00,bid,RTX A5000,11,25,0.108519,0.214233,0.227407,0.334444,0.335556,0.227103,0.998142
2026-08-05T01:23:14+00:00,bid,RTX PRO 4000,16,32,0.067778,0.225093,0.240617,0.241667,0.370815,0.240617,0.988924
2026-08-05T01:23:14+00:00,bid,RTX PRO 4500,2,2,0.188889,0.209259,0.22963,0.25,0.27037,0.22963,0.997462
2026-08-05T01:23:14+00:00,bid,RTX PRO 5000,25,42,0.135111,0.205185,0.467778,0.534445,0.803704,0.472222,0.992096
2026-08-05T01:23:14+00:00,bid,RTX PRO 6000 S,35,93,0.335556,0.666852,0.800278,1.084074,2.935556,1.068889,0.996508
2026-08-05T01:23:14+00:00,bid,RTX PRO 6000 WS,38,69,0.335556,0.603704,0.741241,0.912259,1.337481,0.801481,0.994285
2026-08-05T01:23:14+00:00,bid,Tesla P100,1,1,0.041481,0.041481,0.041481,0.041481,0.041481,,0.98772
2026-08-05T01:23:14+00:00,bid,Tesla P40,4,9,0.033407,0.057769,0.066167,0.066444,0.066444,0.066444,0.99358
2026-08-05T01:23:14+00:00,bid,Tesla T4,2,3,3.400741,3.400926,3.401111,3.401296,3.401481,,0.972406
2026-08-05T01:23:14+00:00,bid,Tesla V100,17,42,0.013611,0.088889,0.095407,0.160556,0.202222,0.160556,0.993683
2026-08-05T01:23:14+00:00,bid,Titan RTX,6,15,0.107222,0.112963,0.129204,0.133306,0.135556,0.134444,0.996213
2026-08-05T01:23:14+00:00,bid,Titan Xp,1,1,0.042222,0.042222,0.042222,0.042222,0.042222,0.042222,0.99287
2026-08-05T01:28:13+00:00,on-demand,A100 PCIE,18,53,0.267222,0.334028,0.870741,1.001944,1.055556,0.868148,0.982768
2026-08-05T01:28:13+00:00,on-demand,A100 SXM4,25,62,0.468889,0.734444,0.934815,1.067407,1.988889,0.934074,0.994875
2026-08-05T01:28:13+00:00,on-demand,A800 PCIE,4,8,0.667222,0.667639,0.668333,0.722222,0.882222,0.882222,0.99469
2026-08-05T01:28:13+00:00,on-demand,B200,22,102,5.00026,5.580122,5.938021,6.251215,7.751042,5.938021,0.982807
2026-08-05T01:28:13+00:00,on-demand,B300,1,2,8.313542,8.313542,8.313542,8.313542,8.313542,8.313542,0.988613
2026-08-05T01:28:13+00:00,on-demand,CMP 170HX,5,14,0.268148,0.333704,0.333889,0.334444,1.202222,1.202222,0.961368
2026-08-05T01:28:13+00:00,on-demand,GTX 1050 Ti,1,1,0.611111,0.611111,0.611111,0.611111,0.611111,,0.98787
2026-08-05T01:28:13+00:00,on-demand,GTX 1060,2,2,0.016296,0.034444,0.052593,0.070741,0.088889,0.088889,0.973446
2026-08-05T01:28:13+00:00,on-demand,GTX 1070,1,1,0.531111,0.531111,0.531111,0.531111,0.531111,0.531111,0.993053
2026-08-05T01:28:13+00:00,on-demand,GTX 1070 Ti,2,5,0.048556,0.056583,0.064611,0.072639,0.080667,0.064611,0.995228
2026-08-05T01:28:13+00:00,on-demand,GTX 1080,4,11,0.027778,0.043222,0.048741,0.049426,0.05037,0.048741,0.981066
2026-08-05T01:28:13+00:00,on-demand,GTX 1080 Ti,3,7,0.060556,0.062722,0.064889,0.065,0.065111,0.064889,0.996945
2026-08-05T01:28:13+00:00,on-demand,GTX 1650,1,1,0.046207,0.046207,0.046207,0.046207,0.046207,,0.927665
2026-08-05T01:28:13+00:00,on-demand,GTX 1650 S,1,1,0.677778,0.677778,0.677778,0.677778,0.677778,,0.990937
2026-08-05T01:28:13+00:00,on-demand,GTX 1660 S,2,2,0.055556,0.154444,0.253333,0.352222,0.451111,,0.917457
2026-08-05T01:28:13+00:00,on-demand,GTX 1660 Ti,2,3,0.068889,0.204444,0.34,0.475556,0.611111,0.34,0.993594
2026-08-05T01:28:13+00:00,on-demand,H100 NVL,5,7,2.642222,2.667407,2.668148,3.067778,3.073185,3.067778,0.998593
2026-08-05T01:28:13+00:00,on-demand,H100 PCIE,4,15,1.333407,1.633463,1.933685,2.134028,2.134444,2.133889,0.991248
2026-08-05T01:28:13+00:00,on-demand,H100 SXM,11,34,1.485556,1.735,3.029443,3.204499,4.640556,2.614667,0.994348
2026-08-05T01:28:13+00:00,on-demand,H200,8,30,3.816703,4.04354,4.080592,4.497915,5.001096,4.080044,0.997772
2026-08-05T01:28:13+00:00,on-demand,H200 NVL,11,35,2.133611,3.1225,3.200317,3.201667,4.410222,3.125,0.991268
2026-08-05T01:28:13+00:00,on-demand,L4,3,4,0.255556,0.295,0.334444,0.33463,0.334815,0.33463,0.997423
2026-08-05T01:28:13+00:00,on-demand,L40S,13,49,0.401111,0.467037,0.800296,1.067593,1.074074,1.067593,0.998595
2026-08-05T01:28:13+00:00,on-demand,Q RTX 8000,2,3,0.254074,0.258333,0.262593,0.266852,0.271111,0.262593,0.998767
2026-08-05T01:28:13+00:00,on-demand,Quadro GV100,1,1,0.467407,0.467407,0.467407,0.467407,0.467407,,0.969585
2026-08-05T01:28:13+00:00,on-demand,Quadro P4000,3,4,0.040741,0.041111,0.041481,0.054407,0.067333,0.067333,0.962402
2026-08-05T01:28:13+00:00,on-demand,RTX 2060,2,3,0.052593,0.142222,0.231852,0.321481,0.411111,0.411111,0.985991
2026-08-05T01:28:13+00:00,on-demand,RTX 2060S,1,4,0.066978,0.066978,0.066978,0.066978,0.066978,0.066978,0.993525
2026-08-05T01:28:13+00:00,on-demand,RTX 2070S,3,15,0.060741,0.06713,0.073519,0.073611,0.073704,,0.987654
2026-08-05T01:28:13+00:00,on-demand,RTX 2080 Ti,10,31,0.040444,0.068889,0.080025,0.080097,0.811111,0.080042,0.993581
2026-08-05T01:28:13+00:00,on-demand,RTX 2080S,1,1,0.744444,0.744444,0.744444,0.744444,0.744444,0.744444,0.952904
2026-08-05T01:28:13+00:00,on-demand,RTX 3050,1,1,1.322222,1.322222,1.322222,1.322222,1.322222,,0.975991
2026-08-05T01:28:13+00:00,on-demand,RTX 3060,10,30,0.028889,0.067361,0.071204,0.593107,1.335556,0.837326,0.98611
2026-08-05T01:28:13+00:00,on-demand,RTX 3060 laptop,4,13,0.026685,0.037505,0.041667,0.04837,0.066815,0.066815,0.997796
2026-08-05T01:28:13+00:00,on-demand,RTX 3070,8,29,0.042222,0.055278,0.106944,0.110694,0.134074,0.114167,0.993024
2026-08-05T01:28:13+00:00,on-demand,RTX 3070 Ti,2,3,0.174444,0.174722,0.175,0.175278,0.175556,,0.654748
2026-08-05T01:28:13+00:00,on-demand,RTX 3080,14,45,0.060222,0.064537,0.111167,0.131181,0.240889,0.124556,0.993807
2026-08-05T01:28:13+00:00,on-demand,RTX 3080 Ti,9,12,0.054444,0.094444,0.134815,0.137037,0.27037,0.136111,0.993196
2026-08-05T01:28:13+00:00,on-demand,RTX 3090,34,105,0.080222,0.134944,0.147778,0.245833,2.001111,0.236907,0.993072
2026-08-05T01:28:13+00:00,on-demand,RTX 3090 Ti,1,1,0.175556,0.175556,0.175556,0.175556,0.175556,,0.993302
2026-08-05T01:28:13+00:00,on-demand,RTX 4000Ada,1,1,0.202222,0.202222,0.202222,0.202222,0.202222,,0.995962
2026-08-05T01:28:13+00:00,on-demand,RTX 4060,5,11,0.053531,0.053926,0.054519,0.064444,2.677778,0.064444,0.981307
2026-08-05T01:28:13+00:00,on-demand,RTX 4060 Ti,7,23,0.053531,0.073111,0.082222,0.103667,0.144556,0.122463,0.985448
2026-08-05T01:28:13+00:00,on-demand,RTX 4060 laptop,1,1,0.135556,0.135556,0.135556,0.135556,0.135556,,0.945501
2026-08-05T01:28:13+00:00,on-demand,RTX 4070,5,7,0.082222,0.082222,0.084444,0.134074,0.134815,0.083333,0.987633
2026-08-05T01:28:13+00:00,on-demand,RTX 4070 Ti,10,22,0.087593,0.088611,0.09037,0.215556,0.282444,0.09037,0.993132
2026-08-05T01:28:13+00:00,on-demand,RTX 4070S,7,27,0.081204,0.083519,0.094074,0.101157,0.108889,0.08963,0.993623
2026-08-05T01:28:13+00:00,on-demand,RTX 4070S Ti,12,26,0.067778,0.113056,0.177222,0.254028,1.331111,0.25375,0.995773
2026-08-05T01:28:13+00:00,on-demand,RTX 4080,7,15,0.120926,0.141444,0.166222,0.180389,0.268889,0.173241,0.988575
2026-08-05T01:28:13+00:00,on-demand,RTX 4080S,13,56,0.135556,0.160556,0.174444,0.213889,0.400278,0.214889,0.99448
2026-08-05T01:28:13+00:00,on-demand,RTX 4090,55,181,0.135556,0.334954,0.402222,0.604815,2.005926,0.537037,0.99483
2026-08-05T01:28:13+00:00,on-demand,RTX 4090D,9,25,0.160185,0.160741,0.386074,0.667222,0.668889,,0.967226
2026-08-05T01:28:13+00:00,on-demand,RTX 5000Ada,4,6,0.334444,0.335278,0.381667,0.428056,0.428889,0.381667,0.996085
2026-08-05T01:28:13+00:00,on-demand,RTX 5060,4,4,0.05363,0.070074,0.105556,0.140556,0.155556,0.115556,0.995801
2026-08-05T01:28:13+00:00,on-demand,RTX 5060 Ti,15,53,0.066944,0.083815,0.092741,0.124815,0.189889,0.113019,0.995928
2026-08-05T01:28:13+00:00,on-demand,RTX 5060 laptop,1,1,0.135556,0.135556,0.135556,0.135556,0.135556,,0.970916
2026-08-05T01:28:13+00:00,on-demand,RTX 5070,11,19,0.010163,0.103333,0.133889,0.170556,1.335556,0.135,0.996268
2026-08-05T01:28:13+00:00,on-demand,RTX 5070 Ti,11,23,0.08237,0.148796,0.179215,0.200833,0.401333,0.170163,0.996411
2026-08-05T01:28:13+00:00,on-demand,RTX 5080,19,59,0.160317,0.175,0.228148,0.400417,1.068889,0.188519,0.990366
2026-08-05T01:28:13+00:00,on-demand,RTX 5090,52,160,0.212889,0.401944,0.563333,0.809861,5.986944,0.596389,0.99516
2026-08-05T01:28:13+00:00,on-demand,RTX 5880Ada,2,3,0.601852,0.602315,0.602778,0.603241,0.603704,0.602778,0.994431
2026-08-05T01:28:13+00:00,on-demand,RTX 6000Ada,7,25,0.600278,0.667269,0.708889,0.756111,0.788889,0.724444,0.988953
2026-08-05T01:28:13+00:00,on-demand,RTX A2000,4,5,0.034074,0.03563,0.264815,0.704,1.335556,,0.994786
2026-08-05T01:28:13+00:00,on-demand,RTX A4000,7,39,0.068148,0.09663,0.133468,0.133673,0.152278,,0.97131
2026-08-05T01:28:13+00:00,on-demand,RTX A4500,2,2,0.121185,0.409593,0.698,0.986407,1.274815,,0.975485
2026-08-05T01:28:13+00:00,on-demand,RTX A5000,5,11,0.231111,0.320519,0.350548,40.000741,40.001481,0.320519,0.996781
2026-08-05T01:28:13+00:00,on-demand,RTX A6000,8,24,0.333889,0.386944,1.200417,1.567778,2.668889,0.404444,0.982504
2026-08-05T01:28:13+00:00,on-demand,RTX PRO 4000,11,17,0.134444,0.25963,0.281481,0.312593,0.534815,0.282778,0.988924
2026-08-05T01:28:13+00:00,on-demand,RTX PRO 4500,2,2,0.335556,0.337593,0.33963,0.341667,0.343704,0.33963,0.997462
2026-08-05T01:28:13+00:00,on-demand,RTX PRO 5000,11,27,0.565185,0.640417,0.658519,0.86213,0.881481,0.658519,0.992096
2026-08-05T01:28:13+00:00,on-demand,RTX PRO 6000 S,17,59,0.800093,1.200889,1.37037,1.734074,1.890955,1.733704,0.9917
2026-08-05T01:28:13+00:00,on-demand,RTX PRO 6000 WS,18,43,0.868889,1.201485,1.336389,1.765093,13.335556,1.428889,0.973268
2026-08-05T01:28:13+00:00,on-demand,Tesla P100,2,3,0.068148,0.074815,0.081481,0.088148,0.094815,0.094815,0.977978
2026-08-05T01:28:13+00:00,on-demand,Tesla P40,5,10,0.046704,0.046741,0.132556,0.133111,0.202222,0.132833,0.991719
2026-08-05T01:28:13+00:00,on-demand,Tesla T4,2,3,12.000741,12.000926,12.001111,12.001296,12.001481,,0.972406
2026-08-05T01:28:13+00:00,on-demand,Tesla V100,10,26,0.027222,0.055069,0.149111,0.167315,1.467037,0.149111,0.987971
2026-08-05T01:28:13+00:00,on-demand,Titan RTX,5,10,0.135185,0.137037,0.161111,0.162222,0.200556,0.161667,0.994055
2026-08-05T01:28:13+00:00,on-demand,Titan Xp,1,1,0.062222,0.062222,0.062222,0.062222,0.062222,0.062222,0.99287
2026-08-05T01:28:13+00:00,bid,A100 PCIE,35,60,0.133889,0.135556,0.200741,0.587778,0.601111,0.135556,0.990973
2026-08-05T01:28:13+00:00,bid,A100 SXM4,36,55,0.130316,0.400741,0.415185,0.802222,1.069333,0.428889,0.98666
2026-08-05T01:28:13+00:00,bid,A800 PCIE,8,13,0.129889,0.130444,0.131556,0.131556,0.402222,0.402222,0.99469
2026-08-05T01:28:13+00:00,bid,B200,22,102,3.750174,5.000846,5.315278,6.09605,7.376042,5.315278,0.982703
2026-08-05T01:28:13+00:00,bid,B300,2,4,3.751042,3.751042,3.751042,3.751042,3.751042,3.751042,0.988613
2026-08-05T01:28:13+00:00,bid,CMP 170HX,9,21,0.134815,0.253889,0.254444,0.801111,0.802222,0.802222,0.961368
2026-08-05T01:28:13+00:00,bid,GTX 1050 Ti,1,1,0.024444,0.024444,0.024444,0.024444,0.024444,,0.98787
2026-08-05T01:28:13+00:00,bid,GTX 1060,2,2,0.031111,0.04037,0.04963,0.058889,0.068148,0.068148,0.996987
2026-08-05T01:28:13+00:00,bid,GTX 1070,1,1,0.026204,0.026204,0.026204,0.026204,0.026204,0.026204,0.993053
2026-08-05T01:28:13+00:00,bid,GTX 1070 Ti,2,5,0.040556,0.04225,0.043944,0.045639,0.047333,0.043944,0.995228
2026-08-05T01:28:13+00:00,bid,GTX 1080,4,11,0.014815,0.033981,0.040741,0.041111,0.041111,0.041111,0.995449
2026-08-05T01:28:13+00:00,bid,GTX 1080 Ti,5,10,0.025481,0.040556,0.041111,0.041111,0.042222,0.041111,0.996006
2026-08-05T01:28:13+00:00,bid,GTX 1650,1,1,0.040741,0.040741,0.040741,0.040741,0.040741,,0.927665
2026-08-05T01:28:13+00:00,bid,GTX 1650 S,1,1,0.037778,0.037778,0.037778,0.037778,0.037778,,0.990937
2026-08-05T01:28:13+00:00,bid,GTX 1660,1,1,0.037778,0.037778,0.037778,0.037778,0.037778,0.037778,0.996045
2026-08-05T01:28:13+00:00,bid,GTX 1660 S,2,2,0.028889,0.029444,0.03,0.030556,0.031111,,0.917457
2026-08-05T01:28:13+00:00,bid,GTX 1660 Ti,3,7,0.037778,0.046111,0.054444,0.055,0.055556,0.054444,0.994198
2026-08-05T01:28:13+00:00,bid,H100 NVL,6,7,0.404889,1.085778,1.568778,1.601944,2.122963,1.601667,0.984865
2026-08-05T01:28:13+00:00,bid,H100 PCIE,8,23,0.347222,0.387,1.167019,1.601389,1.602222,1.600556,0.991741
2026-08-05T01:28:13+00:00,bid,H100 SXM,15,42,0.450074,0.601667,2.160556,2.163333,4.002222,0.602222,0.994348
2026-08-05T01:28:13+00:00,bid,H200,8,30,1.935307,3.370376,3.651827,3.981223,4.218964,3.486404,0.997772
2026-08-05T01:28:13+00:00,bid,H200 NVL,15,39,0.602222,1.005,1.336445,2.53377,3.344444,1.006667,0.995666
2026-08-05T01:28:13+00:00,bid,L4,10,14,0.134444,0.152037,0.208889,0.267685,0.322222,0.202222,0.99803
2026-08-05T01:28:13+00:00,bid,L40S,24,74,0.200185,0.333704,0.534537,0.537963,0.540741,0.537037,0.998708
2026-08-05T01:28:13+00:00,bid,Quadro GV100,1,1,0.134074,0.134074,0.134074,0.134074,0.134074,,0.969585
2026-08-05T01:28:13+00:00,bid,Quadro P4000,3,4,0.040741,0.041111,0.041481,0.047741,0.054,0.054,0.969808
2026-08-05T01:28:13+00:00,bid,RTX 2060,5,8,0.027259,0.027259,0.031111,0.041111,0.335556,0.041111,0.987016
2026-08-05T01:28:13+00:00,bid,RTX 2060S,4,9,0.041111,0.045444,0.046933,0.066159,0.123704,0.046978,0.986872
2026-08-05T01:28:13+00:00,bid,RTX 2070S,5,25,0.053667,0.066831,0.066852,0.067037,0.067407,0.053667,0.987654
2026-08-05T01:28:13+00:00,bid,RTX 2080 Ti,7,9,0.031111,0.036667,0.042222,0.059296,0.121481,0.070074,0.992752
2026-08-05T01:28:13+00:00,bid,RTX 2080S,1,1,0.037778,0.037778,0.037778,0.037778,0.037778,0.037778,0.952904
2026-08-05T01:28:13+00:00,bid,RTX 3050,1,1,1.068889,1.068889,1.068889,1.068889,1.068889,,0.975991
2026-08-05T01:28:13+00:00,bid,RTX 3060,13,38,0.027407,0.041111,0.045519,0.054815,0.102815,0.095407,0.987298
2026-08-05T01:28:13+00:00,bid,RTX 3060 laptop,7,17,0.013352,0.025963,0.062815,0.08337,0.102222,0.08337,0.994436
2026-08-05T01:28:13+00:00,bid,RTX 3070,11,32,0.014444,0.0405,0.053611,0.081389,0.115556,0.081389,0.994241
2026-08-05T01:28:13+00:00,bid,RTX 3070 Ti,1,2,0.054444,0.054444,0.054444,0.054444,0.054444,,0.997056
2026-08-05T01:28:13+00:00,bid,RTX 3080,14,28,0.027407,0.045426,0.064213,0.082222,0.235556,0.082222,0.989053
2026-08-05T01:28:13+00:00,bid,RTX 3080 Ti,16,27,0.014444,0.035278,0.090889,0.108333,0.235556,0.107778,0.993204
2026-08-05T01:28:13+00:00,bid,RTX 3090,59,135,0.016296,0.08088,0.107778,0.134407,0.249778,0.105185,0.991637
2026-08-05T01:28:13+00:00,bid,RTX 4000Ada,2,3,0.054296,0.081278,0.108259,0.135241,0.162222,0.054296,0.994028
2026-08-05T01:28:13+00:00,bid,RTX 4060 Ti,16,40,0.039778,0.040593,0.06613,0.080778,0.107778,0.101037,0.985738
2026-08-05T01:28:13+00:00,bid,RTX 4070,6,7,0.015556,0.025556,0.041667,0.079167,0.162222,0.070926,0.995107
2026-08-05T01:28:13+00:00,bid,RTX 4070 Ti,8,13,0.055556,0.092037,0.162222,0.240694,0.241111,0.108889,0.991668
2026-08-05T01:28:13+00:00,bid,RTX 4070S,11,33,0.069074,0.076296,0.082222,0.096944,0.242222,0.081204,0.984384
2026-08-05T01:28:13+00:00,bid,RTX 4070S Ti,13,30,0.084889,0.166944,0.167778,0.168889,1.211111,0.167778,0.999121
2026-08-05T01:28:13+00:00,bid,RTX 4080,9,15,0.108889,0.133852,0.202222,0.255556,0.255556,0.202222,0.99367
2026-08-05T01:28:13+00:00,bid,RTX 4080S,15,35,0.060494,0.107593,0.161778,0.200537,0.240519,0.19463,0.994053
2026-08-05T01:28:13+00:00,bid,RTX 4090,83,214,0.11037,0.201204,0.268148,0.388889,0.738341,0.337778,0.995588
2026-08-05T01:28:13+00:00,bid,RTX 4090D,13,33,0.054741,0.063481,0.082741,0.604556,0.606222,,0.949796
2026-08-05T01:28:13+00:00,bid,RTX 5000Ada,5,7,0.267778,0.268148,0.268889,0.321111,0.322222,0.268889,0.997016
2026-08-05T01:28:13+00:00,bid,RTX 5060,5,6,0.040296,0.041111,0.057778,0.095556,0.095556,0.057778,0.99501
2026-08-05T01:28:13+00:00,bid,RTX 5060 Ti,32,92,0.049704,0.068287,0.080716,0.147222,0.160889,0.134815,0.996847
2026-08-05T01:28:13+00:00,bid,RTX 5070,11,19,0.032222,0.040741,0.065481,0.120833,0.150815,0.094722,0.995629
2026-08-05T01:28:13+00:00,bid,RTX 5070 Ti,12,21,0.093889,0.095278,0.107778,0.115944,0.268,0.095556,0.996061
2026-08-05T01:28:13+00:00,bid,RTX 5080,26,52,0.042222,0.115926,0.148148,0.174648,0.202222,0.148889,0.987449
2026-08-05T01:28:13+00:00,bid,RTX 5090,82,203,0.102222,0.272037,0.381704,0.508796,2.666944,0.400694,0.993536
2026-08-05T01:28:13+00:00,bid,RTX 5880Ada,6,9,0.267704,0.295648,0.297037,0.297037,0.33437,0.297037,0.995223
2026-08-05T01:28:13+00:00,bid,RTX 6000Ada,18,38,0.137778,0.188148,0.401667,0.468741,0.680889,0.401667,0.99611
2026-08-05T01:28:13+00:00,bid,RTX A2000,1,1,0.400148,0.400148,0.400148,0.400148,0.400148,,0.994358
2026-08-05T01:28:13+00:00,bid,RTX A4000,14,60,0.057111,0.094028,0.106827,0.10713,0.134444,,0.97131
2026-08-05T01:28:13+00:00,bid,RTX A4500,2,2,0.081185,0.081185,0.081185,0.081185,0.081185,,0.952879
2026-08-05T01:28:13+00:00,bid,RTX A5000,11,24,0.108519,0.155926,0.227407,0.334444,0.335556,0.214233,0.998142
2026-08-05T01:28:13+00:00,bid,RTX A6000,1,1,0.303556,0.303556,0.303556,0.303556,0.303556,,0.969687
2026-08-05T01:28:13+00:00,bid,RTX PRO 4000,15,29,0.067778,0.202296,0.240494,0.241481,0.370815,0.221432,0.988924
2026-08-05T01:28:13+00:00,bid,RTX PRO 4500,1,1,0.188889,0.188889,0.188889,0.188889,0.188889,0.188889,0.998259
2026-08-05T01:28:13+00:00,bid,RTX PRO 5000,25,44,0.135111,0.202593,0.401481,0.535556,0.803704,0.50125,0.99176
2026-08-05T01:28:13+00:00,bid,RTX PRO 6000 S,24,67,0.402222,0.666829,0.667407,1.068519,2.935556,1.068148,0.979614
2026-08-05T01:28:13+00:00,bid,RTX PRO 6000 WS,28,56,0.401481,0.587407,0.767556,1.006963,1.337481,0.800815,0.99433
2026-08-05T01:28:13+00:00,bid,Tesla P100,1,1,0.041481,0.041481,0.041481,0.041481,0.041481,,0.98772
2026-08-05T01:28:13+00:00,bid,Tesla P40,5,11,0.03337,0.033407,0.065889,0.066444,0.066444,0.066444,0.99358
2026-08-05T01:28:13+00:00,bid,Tesla T4,3,4,3.400741,3.401111,3.401481,3.401481,3.401481,,0.972406
2026-08-05T01:28:13+00:00,bid,Tesla V100,22,54,0.013611,0.090139,0.095407,0.160556,0.202222,0.160556,0.993683
2026-08-05T01:28:13+00:00,bid,Titan RTX,7,16,0.107222,0.108333,0.108889,0.129204,0.134444,0.108889,0.99837
2026-08-05T01:28:13+00:00,bid,Titan Xp,1,1,0.042222,0.042222,0.042222,0.042222,0.042222,0.042222,0.99287
2026-08-05T01:33:11+00:00,on-demand,A100 PCIE,15,45,0.266944,0.301019,0.868148,1.027917,1.055556,0.868148,0.981454
2026-08-05T01:33:11+00:00,on-demand,A100 SXM4,20,52,0.468889,0.735139,0.855,1.038713,1.323704,0.881222,0.995261
2026-08-05T01:33:11+00:00,on-demand,A800 PCIE,4,8,0.667222,0.667639,0.668333,0.722222,0.882222,0.882222,0.99469
2026-08-05T01:33:11+00:00,on-demand,B200,12,72,5.002083,5.81352,5.916406,6.250347,7.75026,5.916406,0.99385
2026-08-05T01:33:11+00:00,on-demand,B300,1,2,8.313542,8.313542,8.313542,8.313542,8.313542,8.313542,0.988613
2026-08-05T01:33:11+00:00,on-demand,CMP 170HX,4,8,0.268148,0.317454,0.334167,0.551389,1.202222,1.202222,0.961368
2026-08-05T01:33:11+00:00,on-demand,GTX 1050 Ti,1,1,0.611111,0.611111,0.611111,0.611111,0.611111,,0.98787
2026-08-05T01:33:11+00:00,on-demand,GTX 1060,1,1,0.088148,0.088148,0.088148,0.088148,0.088148,0.088148,0.999256
2026-08-05T01:33:11+00:00,on-demand,GTX 1070,1,1,0.531111,0.531111,0.531111,0.531111,0.531111,0.531111,0.993053
2026-08-05T01:33:11+00:00,on-demand,GTX 1070 Ti,1,1,0.080667,0.080667,0.080667,0.080667,0.080667,0.080667,0.995653
2026-08-05T01:33:11+00:00,on-demand,GTX 1080,5,15,0.027778,0.042222,0.04837,0.048556,0.049111,0.048556,0.995449
2026-08-05T01:33:11+00:00,on-demand,GTX 1080 Ti,4,8,0.036148,0.054454,0.062167,0.064389,0.066222,0.063778,0.996475
2026-08-05T01:33:11+00:00,on-demand,GTX 1650,1,1,0.046207,0.046207,0.046207,0.046207,0.046207,,0.927665
2026-08-05T01:33:11+00:00,on-demand,GTX 1650 S,1,1,0.677778,0.677778,0.677778,0.677778,0.677778,,0.990937
2026-08-05T01:33:11+00:00,on-demand,GTX 1660 S,2,2,0.055556,0.154444,0.253333,0.352222,0.451111,,0.917457
2026-08-05T01:33:11+00:00,on-demand,GTX 1660 Ti,2,3,0.068889,0.204444,0.34,0.475556,0.611111,0.34,0.993594
2026-08-05T01:33:11+00:00,on-demand,H100 NVL,5,7,2.123111,2.522222,2.667407,2.668148,3.067778,2.522222,0.995675
2026-08-05T01:33:11+00:00,on-demand,H100 PCIE,5,16,1.333407,1.733481,2.000556,2.001111,2.135556,2.000833,0.991741
2026-08-05T01:33:11+00:00,on-demand,H100 SXM,8,17,1.485556,2.291296,3.031668,3.925472,4.642222,4.163833,0.994348
2026-08-05T01:33:11+00:00,on-demand,H200,8,30,3.816703,4.044773,4.211349,4.441475,4.963701,4.211075,0.997926
2026-08-05T01:33:11+00:00,on-demand,H200 NVL,10,26,2.133611,3.082083,3.125,4.075611,4.655556,3.125,0.994527
2026-08-05T01:33:11+00:00,on-demand,L4,4,6,0.255556,0.314722,0.334444,0.334722,0.335556,0.334444,0.997981
2026-08-05T01:33:11+00:00,on-demand,L40S,14,55,0.466852,0.467037,0.667,1.001065,1.074074,0.934537,0.998595
2026-08-05T01:33:11+00:00,on-demand,Q RTX 6000,1,1,0.134815,0.134815,0.134815,0.134815,0.134815,0.134815,0.998608
2026-08-05T01:33:11+00:00,on-demand,Q RTX 8000,2,3,0.254074,0.254259,0.254444,0.25463,0.254815,0.254444,0.998687
2026-08-05T01:33:11+00:00,on-demand,Quadro GV100,1,1,0.467407,0.467407,0.467407,0.467407,0.467407,,0.969585
2026-08-05T01:33:11+00:00,on-demand,Quadro P4000,3,4,0.041481,0.044444,0.047407,0.05737,0.067333,0.067333,0.969808
2026-08-05T01:33:11+00:00,on-demand,RTX 2060,2,3,0.052593,0.142222,0.231852,0.321481,0.411111,0.411111,0.985991
2026-08-05T01:33:11+00:00,on-demand,RTX 2060S,1,4,0.066978,0.066978,0.066978,0.066978,0.066978,0.066978,0.993525
2026-08-05T01:33:11+00:00,on-demand,RTX 2070S,3,15,0.060741,0.06713,0.073519,0.073611,0.073704,,0.987654
2026-08-05T01:33:11+00:00,on-demand,RTX 2080 Ti,8,22,0.055185,0.065926,0.074456,0.080069,0.134815,0.080056,0.994401
2026-08-05T01:33:11+00:00,on-demand,RTX 2080S,1,1,0.744444,0.744444,0.744444,0.744444,0.744444,0.744444,0.952904
2026-08-05T01:33:11+00:00,on-demand,RTX 3050,1,1,1.322222,1.322222,1.322222,1.322222,1.322222,,0.975991
2026-08-05T01:33:11+00:00,on-demand,RTX 3060,9,26,0.028148,0.055556,0.073519,0.677778,1.335556,0.837326,0.992917
2026-08-05T01:33:11+00:00,on-demand,RTX 3060 laptop,4,12,0.026685,0.037505,0.041667,0.048741,0.068296,0.068296,0.997796
2026-08-05T01:33:11+00:00,on-demand,RTX 3070,11,37,0.041111,0.054167,0.067778,0.107083,0.134074,0.107083,0.990302
2026-08-05T01:33:11+00:00,on-demand,RTX 3070 Ti,2,3,0.174444,0.174722,0.175,0.175278,0.175556,,0.654748
2026-08-05T01:33:11+00:00,on-demand,RTX 3080,13,43,0.060222,0.074815,0.113444,0.128,0.240889,0.120778,0.992752
2026-08-05T01:33:11+00:00,on-demand,RTX 3080 Ti,9,13,0.082222,0.102222,0.134815,0.137037,0.27037,0.135185,0.993212
2026-08-05T01:33:11+00:00,on-demand,RTX 3090,29,74,0.116296,0.135556,0.173611,0.247407,2.001111,0.215,0.992655
2026-08-05T01:33:11+00:00,on-demand,RTX 3090 Ti,1,1,0.175556,0.175556,0.175556,0.175556,0.175556,,0.993302
2026-08-05T01:33:11+00:00,on-demand,RTX 4000Ada,1,1,0.202222,0.202222,0.202222,0.202222,0.202222,,0.995962
2026-08-05T01:33:11+00:00,on-demand,RTX 4060,5,9,0.05363,0.053926,0.054519,0.07037,2.677778,0.07037,0.981307
2026-08-05T01:33:11+00:00,on-demand,RTX 4060 Ti,9,27,0.05363,0.081111,0.100247,0.105852,0.106963,0.103296,0.995219
2026-08-05T01:33:11+00:00,on-demand,RTX 4060 laptop,1,1,0.135556,0.135556,0.135556,0.135556,0.135556,,0.945501
2026-08-05T01:33:11+00:00,on-demand,RTX 4070,7,9,0.076296,0.081667,0.082222,0.11463,0.172889,0.094444,0.98904
2026-08-05T01:33:11+00:00,on-demand,RTX 4070 Ti,12,24,0.08637,0.089907,0.105,0.182222,0.282444,0.101111,0.991668
2026-08-05T01:33:11+00:00,on-demand,RTX 4070S,6,31,0.081204,0.089329,0.101204,0.108634,0.111481,0.101204,0.994317
2026-08-05T01:33:11+00:00,on-demand,RTX 4070S Ti,10,23,0.068889,0.133296,0.227361,0.254306,1.331111,0.253889,0.997783
2026-08-05T01:33:11+00:00,on-demand,RTX 4080,6,11,0.135556,0.14575,0.153519,0.175648,0.268889,0.146,0.986878
2026-08-05T01:33:11+00:00,on-demand,RTX 4080S,15,60,0.133359,0.160556,0.161111,0.21375,0.400278,0.181074,0.996289
2026-08-05T01:33:11+00:00,on-demand,RTX 4090,50,181,0.135556,0.311806,0.401389,0.587037,2.005926,0.480741,0.994809
2026-08-05T01:33:11+00:00,on-demand,RTX 4090D,9,25,0.160185,0.160741,0.386074,0.667222,0.668889,,0.967226
2026-08-05T01:33:11+00:00,on-demand,RTX 5000Ada,3,5,0.334444,0.381111,0.427778,0.428333,0.428889,0.427778,0.997016
2026-08-05T01:33:11+00:00,on-demand,RTX 5060,4,4,0.068889,0.075,0.112963,0.150556,0.155556,0.116296,0.99426
2026-08-05T01:33:11+00:00,on-demand,RTX 5060 Ti,16,57,0.057778,0.088694,0.117269,0.176347,0.227407,0.156657,0.995027
2026-08-05T01:33:11+00:00,on-demand,RTX 5060 laptop,1,1,0.135556,0.135556,0.135556,0.135556,0.135556,,0.970916
2026-08-05T01:33:11+00:00,on-demand,RTX 5070,11,18,0.010163,0.099815,0.133889,0.155185,1.335556,0.135,0.996268
2026-08-05T01:33:11+00:00,on-demand,RTX 5070 Ti,8,13,0.083704,0.156667,0.200556,0.201389,0.401333,0.200556,0.996613
2026-08-05T01:33:11+00:00,on-demand,RTX 5080,19,56,0.148889,0.173981,0.215556,0.300787,1.068889,0.175556,0.991442
2026-08-05T01:33:11+00:00,on-demand,RTX 5090,45,147,0.212889,0.428889,0.563704,0.697037,5.986944,0.664139,0.994098
2026-08-05T01:33:11+00:00,on-demand,RTX 5880Ada,2,3,0.601852,0.602315,0.602778,0.603241,0.603704,0.602778,0.995223
2026-08-05T01:33:11+00:00,on-demand,RTX 6000Ada,7,25,0.600278,0.643222,0.681111,0.70125,0.933778,0.680519,0.995739
2026-08-05T01:33:11+00:00,on-demand,RTX A2000,4,5,0.034074,0.03563,0.264815,0.704,1.335556,,0.994786
2026-08-05T01:33:11+00:00,on-demand,RTX A4000,9,49,0.067407,0.081481,0.133468,0.133827,0.146944,,0.97131
2026-08-05T01:33:11+00:00,on-demand,RTX A4500,2,2,0.121185,0.409593,0.698,0.986407,1.274815,,0.975485
2026-08-05T01:33:11+00:00,on-demand,RTX A5000,7,20,0.230984,0.231315,0.231778,20.175644,40.001481,0.231407,0.996781
2026-08-05T01:33:11+00:00,on-demand,RTX A6000,8,24,0.333889,0.386944,1.200417,1.567778,2.668889,0.404444,0.982504
2026-08-05T01:33:11+00:00,on-demand,RTX PRO 4000,11,17,0.134444,0.215,0.281481,0.312593,0.534815,0.215556,0.988924
2026-08-05T01:33:11+00:00,on-demand,RTX PRO 5000,10,24,0.535926,0.610847,0.741481,0.871343,0.882222,0.880556,0.99176
2026-08-05T01:33:11+00:00,on-demand,RTX PRO 6000 S,16,50,0.800093,1.100519,1.335556,1.734259,3.068889,1.733889,0.991248
2026-08-05T01:33:11+00:00,on-demand,RTX PRO 6000 WS,17,42,0.867111,1.134074,1.334074,1.46963,5.334815,1.368889,0.991805
2026-08-05T01:33:11+00:00,on-demand,Tesla P100,2,3,0.068148,0.071481,0.074815,0.078148,0.081481,0.081481,0.991051
2026-08-05T01:33:11+00:00,on-demand,Tesla P40,4,8,0.046741,0.111102,0.132833,0.150389,0.202222,0.132833,0.992649
2026-08-05T01:33:11+00:00,on-demand,Tesla T4,2,3,12.000741,12.000926,12.001111,12.001296,12.001481,,0.972406
2026-08-05T01:33:11+00:00,on-demand,Tesla V100,10,32,0.026944,0.028056,0.134583,0.167315,1.467037,0.135556,0.98754
2026-08-05T01:33:11+00:00,on-demand,Titan RTX,4,6,0.135185,0.136574,0.149074,0.161389,0.162222,0.161667,0.996213
2026-08-05T01:33:11+00:00,on-demand,Titan Xp,1,1,0.062222,0.062222,0.062222,0.062222,0.062222,0.062222,0.99287
2026-08-05T01:33:11+00:00,bid,A100 PCIE,30,56,0.133889,0.135556,0.138333,0.587222,0.588889,0.135556,0.990987
2026-08-05T01:33:11+00:00,bid,A100 SXM4,32,48,0.130316,0.400741,0.401481,0.802222,1.069333,0.428889,0.98666
2026-08-05T01:33:11+00:00,bid,A800 PCIE,8,14,0.129889,0.130444,0.131556,0.172185,0.402222,0.402222,0.99469
2026-08-05T01:33:11+00:00,bid,B200,18,94,3.750174,5.000846,5.313976,6.259115,7.376042,5.313976,0.986467
2026-08-05T01:33:11+00:00,bid,B300,1,2,3.751042,3.751042,3.751042,3.751042,3.751042,3.751042,0.988613
2026-08-05T01:33:11+00:00,bid,CMP 170HX,9,21,0.134815,0.253889,0.254444,0.801111,0.802222,0.802222,0.961368
2026-08-05T01:33:11+00:00,bid,GTX 1050 Ti,1,1,0.024444,0.024444,0.024444,0.024444,0.024444,,0.98787
2026-08-05T01:33:11+00:00,bid,GTX 1060,2,2,0.031111,0.04037,0.04963,0.058889,0.068148,0.068148,0.996987
2026-08-05T01:33:11+00:00,bid,GTX 1070,2,2,0.026204,0.030208,0.034213,0.038218,0.042222,0.034213,0.995383
2026-08-05T01:33:11+00:00,bid,GTX 1070 Ti,1,1,0.047333,0.047333,0.047333,0.047333,0.047333,0.047333,0.995653
2026-08-05T01:33:11+00:00,bid,GTX 1080,4,13,0.014815,0.033981,0.040463,0.040694,0.041111,0.040556,0.994314
2026-08-05T01:33:11+00:00,bid,GTX 1080 Ti,6,12,0.025481,0.040694,0.041111,0.041111,0.042222,0.041111,0.996475
2026-08-05T01:33:11+00:00,bid,GTX 1650,1,1,0.040741,0.040741,0.040741,0.040741,0.040741,,0.927665
2026-08-05T01:33:11+00:00,bid,GTX 1650 S,1,1,0.037778,0.037778,0.037778,0.037778,0.037778,,0.990937
2026-08-05T01:33:11+00:00,bid,GTX 1660,1,1,0.037778,0.037778,0.037778,0.037778,0.037778,0.037778,0.996045
2026-08-05T01:33:11+00:00,bid,GTX 1660 S,2,2,0.028889,0.029444,0.03,0.030556,0.031111,,0.917457
2026-08-05T01:33:11+00:00,bid,GTX 1660 Ti,3,7,0.037778,0.046111,0.054444,0.055,0.055556,0.054444,0.997464
2026-08-05T01:33:11+00:00,bid,H100 NVL,5,6,0.806519,0.935556,1.536444,1.602222,2.121481,1.569333,0.990534
2026-08-05T01:33:11+00:00,bid,H100 PCIE,6,18,0.347222,0.483426,1.100796,1.468944,1.601111,1.468111,0.986897
2026-08-05T01:33:11+00:00,bid,H100 SXM,15,39,0.361852,0.534481,0.936296,2.163333,4.002222,0.936296,0.994118
2026-08-05T01:33:11+00:00,bid,H200,9,31,1.935307,3.484759,3.486404,3.948465,4.218964,3.486404,0.997772
2026-08-05T01:33:11+00:00,bid,H200 NVL,18,49,0.602222,1.003333,1.103472,1.338778,3.344444,1.006667,0.996726
2026-08-05T01:33:11+00:00,bid,L4,7,11,0.134444,0.208519,0.267407,0.268333,0.321111,0.267593,0.997981
2026-08-05T01:33:11+00:00,bid,L40S,26,79,0.200185,0.333889,0.535,0.540741,0.774074,0.538889,0.998708
2026-08-05T01:33:11+00:00,bid,Quadro GV100,1,1,0.134074,0.134074,0.134074,0.134074,0.134074,,0.969585
2026-08-05T01:33:11+00:00,bid,Quadro P4000,3,4,0.040741,0.041111,0.041481,0.047741,0.054,0.054,0.969808
2026-08-05T01:33:11+00:00,bid,RTX 2060,4,6,0.027259,0.030148,0.036111,0.114722,0.335556,0.041111,0.990712
2026-08-05T01:33:11+00:00,bid,RTX 2060S,3,7,0.041111,0.044044,0.046978,0.085341,0.123704,0.085341,0.987048
2026-08-05T01:33:11+00:00,bid,RTX 2070S,5,25,0.053667,0.066831,0.066852,0.067037,0.067407,0.053667,0.987654
2026-08-05T01:33:11+00:00,bid,RTX 2080 Ti,7,9,0.031111,0.036667,0.042222,0.078704,0.121481,0.108889,0.992752
2026-08-05T01:33:11+00:00,bid,RTX 2080S,1,1,0.037778,0.037778,0.037778,0.037778,0.037778,0.037778,0.952904
2026-08-05T01:33:11+00:00,bid,RTX 3050,1,1,1.068889,1.068889,1.068889,1.068889,1.068889,,0.975991
2026-08-05T01:33:11+00:00,bid,RTX 3060,9,23,0.04,0.042222,0.053889,0.100741,0.102815,0.100741,0.986998
2026-08-05T01:33:11+00:00,bid,RTX 3060 Ti,1,2,0.041852,0.041852,0.041852,0.041852,0.041852,0.041852,0.998686
2026-08-05T01:33:11+00:00,bid,RTX 3060 laptop,7,17,0.013352,0.025963,0.062815,0.101667,0.102222,0.101667,0.994436
2026-08-05T01:33:11+00:00,bid,RTX 3070,12,34,0.014444,0.038222,0.047361,0.068519,0.093889,0.068519,0.994158
2026-08-05T01:33:11+00:00,bid,RTX 3070 Ti,1,2,0.054444,0.054444,0.054444,0.054444,0.054444,,0.997056
2026-08-05T01:33:11+00:00,bid,RTX 3080,13,26,0.027407,0.045407,0.066944,0.108148,0.235556,0.095185,0.988538
2026-08-05T01:33:11+00:00,bid,RTX 3080 Ti,14,22,0.014444,0.034722,0.077259,0.107685,0.235556,0.107407,0.9907
2026-08-05T01:33:11+00:00,bid,RTX 3090,64,143,0.016296,0.082194,0.1075,0.133796,0.24083,0.108148,0.992207
2026-08-05T01:33:11+00:00,bid,RTX 4000Ada,1,1,0.162222,0.162222,0.162222,0.162222,0.162222,,0.995962
2026-08-05T01:33:11+00:00,bid,RTX 4060,2,3,0.062815,0.068037,0.073259,0.078481,0.083704,0.073259,0.985774
2026-08-05T01:33:11+00:00,bid,RTX 4060 Ti,14,33,0.03037,0.040722,0.066407,0.095463,0.107778,0.101037,0.986028
2026-08-05T01:33:11+00:00,bid,RTX 4070,6,8,0.028889,0.059778,0.076333,0.084778,0.162222,0.076889,0.997617
2026-08-05T01:33:11+00:00,bid,RTX 4070 Ti,5,10,0.081481,0.215556,0.240556,0.241111,0.241111,0.148519,0.991668
2026-08-05T01:33:11+00:00,bid,RTX 4070S,10,25,0.068889,0.072241,0.08838,0.097546,0.242222,0.074519,0.993623
2026-08-05T01:33:11+00:00,bid,RTX 4070S Ti,13,31,0.068889,0.166944,0.167778,0.167778,1.211111,0.167778,0.999121
2026-08-05T01:33:11+00:00,bid,RTX 4080,10,20,0.133593,0.133889,0.134333,0.241389,0.255556,0.134333,0.983148
2026-08-05T01:33:11+00:00,bid,RTX 4080S,16,37,0.015556,0.106574,0.147926,0.200935,0.240519,0.187704,0.994991
2026-08-05T01:33:11+00:00,bid,RTX 4090,77,205,0.122222,0.201111,0.268889,0.387778,0.738341,0.334815,0.996602
2026-08-05T01:33:11+00:00,bid,RTX 4090D,12,32,0.063185,0.063648,0.064111,0.604694,0.606222,,0.949796
2026-08-05T01:33:11+00:00,bid,RTX 5000Ada,3,5,0.267778,0.294444,0.321111,0.321667,0.322222,0.321111,0.997016
2026-08-05T01:33:11+00:00,bid,RTX 5060,3,4,0.040296,0.040704,0.041111,0.068333,0.095556,,0.99501
2026-08-05T01:33:11+00:00,bid,RTX 5060 Ti,31,97,0.049704,0.067944,0.082667,0.147083,0.159222,0.136296,0.996847
2026-08-05T01:33:11+00:00,bid,RTX 5070,11,19,0.037778,0.056444,0.094815,0.120833,0.150815,0.120833,0.992707
2026-08-05T01:33:11+00:00,bid,RTX 5070 Ti,13,25,0.093889,0.094444,0.107222,0.108889,0.268,0.101389,0.995345
2026-08-05T01:33:11+00:00,bid,RTX 5080,25,56,0.042222,0.107222,0.147222,0.173741,0.202222,0.1475,0.992291
2026-08-05T01:33:11+00:00,bid,RTX 5090,83,182,0.102222,0.293958,0.367111,0.48663,2.666944,0.335833,0.995261
2026-08-05T01:33:11+00:00,bid,RTX 5880Ada,5,7,0.267704,0.295185,0.297037,0.297037,0.297037,0.297037,0.994431
2026-08-05T01:33:11+00:00,bid,RTX 6000Ada,19,38,0.137778,0.394583,0.467704,0.468815,0.775556,0.467444,0.997235
2026-08-05T01:33:11+00:00,bid,RTX A2000,1,1,0.400148,0.400148,0.400148,0.400148,0.400148,,0.994358
2026-08-05T01:33:11+00:00,bid,RTX A4000,12,58,0.057111,0.093843,0.106919,0.113759,0.134444,,0.97131
2026-08-05T01:33:11+00:00,bid,RTX A4500,2,2,0.081185,0.081185,0.081185,0.081185,0.081185,,0.952879
2026-08-05T01:33:11+00:00,bid,RTX A5000,11,25,0.108519,0.214233,0.227407,0.334444,0.335556,0.227103,0.998142
2026-08-05T01:33:11+00:00,bid,RTX PRO 4000,16,31,0.067778,0.202037,0.240617,0.241481,0.370815,0.240494,0.993224
2026-08-05T01:33:11+00:00,bid,RTX PRO 4500,1,1,0.27037,0.27037,0.27037,0.27037,0.27037,0.27037,0.996665
2026-08-05T01:33:11+00:00,bid,RTX PRO 5000,26,38,0.165185,0.20463,0.401481,0.535278,0.803704,0.468889,0.991928
2026-08-05T01:33:11+00:00,bid,RTX PRO 6000 S,27,64,0.369222,0.666944,0.782222,1.06963,2.935556,1.06963,0.992555
2026-08-05T01:33:11+00:00,bid,RTX PRO 6000 WS,36,65,0.177444,0.546852,0.767556,0.802407,1.337037,0.733778,0.992933
2026-08-05T01:33:11+00:00,bid,Tesla P100,1,1,0.041481,0.041481,0.041481,0.041481,0.041481,,0.98772
2026-08-05T01:33:11+00:00,bid,Tesla P40,4,9,0.033407,0.057769,0.066167,0.066444,0.066444,0.066444,0.99358
2026-08-05T01:33:11+00:00,bid,Tesla T4,3,4,3.400741,3.401111,3.401481,3.401481,3.401481,,0.972406
2026-08-05T01:33:11+00:00,bid,Tesla V100,19,51,0.013611,0.08463,0.095037,0.133889,0.162222,0.134074,0.993012
2026-08-05T01:33:11+00:00,bid,Titan RTX,7,16,0.107222,0.108333,0.128519,0.132167,0.135556,0.121667,0.99837
2026-08-05T01:39:03+00:00,on-demand,A100 PCIE,16,49,0.266944,0.317454,0.953944,1.015069,1.055556,0.907333,0.975175
2026-08-05T01:39:03+00:00,on-demand,A100 SXM4,21,50,0.468889,0.828741,0.934074,1.067037,1.988889,0.934444,0.996463
2026-08-05T01:39:03+00:00,on-demand,A10g,1,1,0.161185,0.161185,0.161185,0.161185,0.161185,,0.958576
2026-08-05T01:39:03+00:00,on-demand,A800 PCIE,4,8,0.667222,0.667639,0.668333,0.722222,0.882222,0.882222,0.99469
2026-08-05T01:39:03+00:00,on-demand,B200,9,32,5.000521,5.002083,5.625174,5.917708,6.697917,5.625174,0.997262
2026-08-05T01:39:03+00:00,on-demand,B300,1,2,8.313542,8.313542,8.313542,8.313542,8.313542,8.313542,0.988613
2026-08-05T01:39:03+00:00,on-demand,CMP 170HX,5,14,0.268148,0.333704,0.333889,0.334444,1.202222,1.202222,0.961368
2026-08-05T01:39:03+00:00,on-demand,GTX 1050 Ti,1,1,0.611111,0.611111,0.611111,0.611111,0.611111,,0.98787
2026-08-05T01:39:03+00:00,on-demand,GTX 1060,2,2,0.088148,0.152222,0.216296,0.28037,0.344444,0.088148,0.996987
2026-08-05T01:39:03+00:00,on-demand,GTX 1070,1,1,0.531111,0.531111,0.531111,0.531111,0.531111,0.531111,0.993053
2026-08-05T01:39:03+00:00,on-demand,GTX 1070 Ti,1,1,0.050222,0.050222,0.050222,0.050222,0.050222,0.050222,0.993176
2026-08-05T01:39:03+00:00,on-demand,GTX 1080,4,11,0.027778,0.029056,0.038926,0.048556,0.049111,0.048741,0.992778
2026-08-05T01:39:03+00:00,on-demand,GTX 1080 Ti,5,10,0.036148,0.060556,0.061111,0.063778,0.066222,0.062444,0.996006
2026-08-05T01:39:03+00:00,on-demand,GTX 1650,1,1,0.046207,0.046207,0.046207,0.046207,0.046207,,0.927665
2026-08-05T01:39:03+00:00,on-demand,GTX 1650 S,1,1,0.677778,0.677778,0.677778,0.677778,0.677778,,0.990937
2026-08-05T01:39:03+00:00,on-demand,GTX 1660 S,2,2,0.055556,0.154444,0.253333,0.352222,0.451111,,0.917457
2026-08-05T01:39:03+00:00,on-demand,GTX 1660 Ti,2,3,0.068889,0.204444,0.34,0.475556,0.611111,0.34,0.995226
2026-08-05T01:39:03+00:00,on-demand,H100 NVL,5,7,2.123111,2.667407,2.668148,2.802222,3.067778,2.802222,0.995675
2026-08-05T01:39:03+00:00,on-demand,H100 PCIE,5,16,1.333407,1.733481,1.867778,2.133889,2.135556,2.000833,0.990754
2026-08-05T01:39:03+00:00,on-demand,H100 SXM,12,31,1.333407,1.701806,3.030001,3.405556,4.640556,3.493556,0.994628
2026-08-05T01:39:03+00:00,on-demand,H200,9,32,3.816703,3.935673,4.080044,4.342654,5.001096,4.07977,0.997726
2026-08-05T01:39:03+00:00,on-demand,H200 NVL,12,38,2.133611,3.108472,3.163492,3.472,4.655556,3.125,0.991268
2026-08-05T01:39:03+00:00,on-demand,L4,4,6,0.255556,0.314722,0.334444,0.334722,0.335556,0.334444,0.997702
2026-08-05T01:39:03+00:00,on-demand,L40S,14,57,0.401111,0.467037,0.631574,0.801296,1.07037,0.801111,0.997494
2026-08-05T01:39:03+00:00,on-demand,Q RTX 8000,2,3,0.254074,0.254259,0.254444,0.25463,0.254815,0.254444,0.998687
2026-08-05T01:39:03+00:00,on-demand,Quadro GV100,1,1,0.467407,0.467407,0.467407,0.467407,0.467407,,0.969585
2026-08-05T01:39:03+00:00,on-demand,Quadro P4000,2,3,0.040741,0.040926,0.041111,0.041296,0.041481,,0.962402
2026-08-05T01:39:03+00:00,on-demand,RTX 2060,2,3,0.052593,0.143333,0.234074,0.324815,0.415556,0.415556,0.986548
2026-08-05T01:39:03+00:00,on-demand,RTX 2060S,1,4,0.066978,0.066978,0.066978,0.066978,0.066978,0.066978,0.993525
2026-08-05T01:39:03+00:00,on-demand,RTX 2070S,3,15,0.060741,0.06713,0.073519,0.073611,0.073704,,0.989624
2026-08-05T01:39:03+00:00,on-demand,RTX 2080 Ti,11,32,0.055185,0.068889,0.080028,0.101167,0.811111,0.080056,0.996051
2026-08-05T01:39:03+00:00,on-demand,RTX 2080S,1,1,0.744444,0.744444,0.744444,0.744444,0.744444,0.744444,0.952904
2026-08-05T01:39:03+00:00,on-demand,RTX 3050,1,1,1.322222,1.322222,1.322222,1.322222,1.322222,,0.975991
2026-08-05T01:39:03+00:00,on-demand,RTX 3060,10,31,0.028889,0.058472,0.070638,0.541889,1.335556,0.734889,0.989972
2026-08-05T01:39:03+00:00,on-demand,RTX 3060 laptop,4,13,0.026685,0.037505,0.041667,0.047704,0.064148,,0.997622
2026-08-05T01:39:03+00:00,on-demand,RTX 3070,8,34,0.042222,0.051153,0.055,0.106944,0.107222,0.106944,0.987489
2026-08-05T01:39:03+00:00,on-demand,RTX 3070 Ti,2,3,0.174444,0.174722,0.175,0.175278,0.175556,,0.654748
2026-08-05T01:39:03+00:00,on-demand,RTX 3080,14,45,0.060222,0.074259,0.111167,0.131181,0.240889,0.124556,0.992752
2026-08-05T01:39:03+00:00,on-demand,RTX 3080 Ti,5,5,0.055556,0.082222,0.137037,0.242222,0.27037,0.18963,0.98812
2026-08-05T01:39:03+00:00,on-demand,RTX 3090,35,109,0.111852,0.137716,0.187778,0.254019,2.001111,0.246815,0.991729
2026-08-05T01:39:03+00:00,on-demand,RTX 3090 Ti,1,1,0.175556,0.175556,0.175556,0.175556,0.175556,,0.993302
2026-08-05T01:39:03+00:00,on-demand,RTX 4000Ada,1,1,0.202222,0.202222,0.202222,0.202222,0.202222,,0.995962
2026-08-05T01:39:03+00:00,on-demand,RTX 4060,6,15,0.053531,0.053704,0.054222,0.059963,2.677778,0.061778,0.981307
2026-08-05T01:39:03+00:00,on-demand,RTX 4060 Ti,6,17,0.053531,0.069111,0.081667,0.095833,0.10637,0.10337,0.990333
2026-08-05T01:39:03+00:00,on-demand,RTX 4060 laptop,1,1,0.135556,0.135556,0.135556,0.135556,0.135556,,0.945501
2026-08-05T01:39:03+00:00,on-demand,RTX 4070,5,9,0.082222,0.082222,0.091111,0.093889,0.094444,0.093889,0.992443
2026-08-05T01:39:03+00:00,on-demand,RTX 4070 Ti,10,22,0.087593,0.089259,0.095648,0.222222,0.282444,0.097037,0.992114
2026-08-05T01:39:03+00:00,on-demand,RTX 4070S,6,26,0.081204,0.085324,0.09463,0.104699,0.108889,0.095185,0.993647
2026-08-05T01:39:03+00:00,on-demand,RTX 4070S Ti,11,25,0.067778,0.123519,0.201111,0.254167,1.331111,0.25375,0.997174
2026-08-05T01:39:03+00:00,on-demand,RTX 4080,5,9,0.135556,0.135556,0.180259,0.267778,0.268889,0.224019,0.99367
2026-08-05T01:39:03+00:00,on-demand,RTX 4080S,15,60,0.133359,0.155241,0.162222,0.237741,0.400278,0.211907,0.996289
2026-08-05T01:39:03+00:00,on-demand,RTX 4090,56,192,0.241481,0.320972,0.400833,0.668889,2.005926,0.480741,0.994789
2026-08-05T01:39:03+00:00,on-demand,RTX 4090D,9,25,0.160185,0.160741,0.386074,0.667222,0.668889,,0.967226
2026-08-05T01:39:03+00:00,on-demand,RTX 5000Ada,2,3,0.427778,0.434722,0.441667,0.448611,0.455556,0.441667,0.993215
2026-08-05T01:39:03+00:00,on-demand,RTX 5060,4,5,0.067778,0.074722,0.106296,0.140556,0.155556,0.116296,0.995921
2026-08-05T01:39:03+00:00,on-demand,RTX 5060 Ti,18,62,0.057778,0.07938,0.114722,0.165148,0.227407,0.137037,0.993658
2026-08-05T01:39:03+00:00,on-demand,RTX 5060 laptop,1,1,0.135556,0.135556,0.135556,0.135556,0.135556,,0.970916
2026-08-05T01:39:03+00:00,on-demand,RTX 5070,12,20,0.010163,0.090278,0.123685,0.153056,1.335556,0.135,0.99525
2026-08-05T01:39:03+00:00,on-demand,RTX 5070 Ti,12,28,0.083704,0.132037,0.169885,0.200694,0.202222,0.154722,0.995578
2026-08-05T01:39:03+00:00,on-demand,RTX 5080,19,53,0.134074,0.172389,0.188148,0.262454,1.068889,0.188148,0.97078
2026-08-05T01:39:03+00:00,on-demand,RTX 5090,54,171,0.212889,0.404741,0.562222,0.701204,5.986944,0.665588,0.992833
2026-08-05T01:39:03+00:00,on-demand,RTX 5880Ada,2,3,0.601852,0.602315,0.602778,0.603241,0.603704,0.602778,0.994431
2026-08-05T01:39:03+00:00,on-demand,RTX 6000Ada,8,26,0.442222,0.630764,0.662037,0.697431,0.788889,0.641852,0.977238
2026-08-05T01:39:03+00:00,on-demand,RTX A2000,4,5,0.034074,0.03563,0.264815,0.704,1.335556,,0.994786
2026-08-05T01:39:03+00:00,on-demand,RTX A4000,7,40,0.067407,0.102623,0.133519,0.133765,0.146944,,0.97131
2026-08-05T01:39:03+00:00,on-demand,RTX A4500,2,2,0.114519,0.404593,0.694667,0.984741,1.274815,,0.975481
2026-08-05T01:39:03+00:00,on-demand,RTX A5000,4,7,0.231407,0.347563,20.193511,40.000926,40.001481,0.308844,0.984355
2026-08-05T01:39:03+00:00,on-demand,RTX A6000,10,27,0.300889,0.351389,0.802361,1.200972,2.668889,0.403333,0.987026
2026-08-05T01:39:03+00:00,on-demand,RTX PRO 4000,11,19,0.135556,0.258,0.280741,0.312593,0.534815,0.267407,0.991602
2026-08-05T01:39:03+00:00,on-demand,RTX PRO 4500,1,1,0.343704,0.343704,0.343704,0.343704,0.343704,0.343704,0.996665
2026-08-05T01:39:03+00:00,on-demand,RTX PRO 5000,12,29,0.601037,0.640509,0.682815,0.852917,0.881481,0.760556,0.992096
2026-08-05T01:39:03+00:00,on-demand,RTX PRO 6000 S,17,59,0.800093,1.200889,1.600278,1.734074,1.890955,1.733704,0.9917
2026-08-05T01:39:03+00:00,on-demand,RTX PRO 6000 WS,17,42,0.867111,1.057037,1.201827,1.46963,13.335556,1.270889,0.993214
2026-08-05T01:39:03+00:00,on-demand,Tesla P100,2,3,0.068148,0.074815,0.081481,0.088148,0.094815,0.094815,0.977978
2026-08-05T01:39:03+00:00,on-demand,Tesla P40,4,8,0.046741,0.111102,0.132833,0.150389,0.202222,0.132833,0.992649
2026-08-05T01:39:03+00:00,on-demand,Tesla T4,2,3,12.000741,12.000926,12.001111,12.001296,12.001481,,0.972406
2026-08-05T01:39:03+00:00,on-demand,Tesla V100,10,33,0.026944,0.028056,0.150324,0.210685,1.467037,0.225111,0.987971
2026-08-05T01:39:03+00:00,on-demand,Titan RTX,5,10,0.135185,0.137037,0.161111,0.162222,0.200556,0.161667,0.994055
2026-08-05T01:39:03+00:00,on-demand,Titan Xp,1,1,0.062222,0.062222,0.062222,0.062222,0.062222,0.062222,0.99287
2026-08-05T01:39:03+00:00,bid,A100 PCIE,37,64,0.133889,0.135556,0.200741,0.587778,0.601111,0.135556,0.984082
2026-08-05T01:39:03+00:00,bid,A100 SXM4,35,60,0.130316,0.400741,0.401481,0.668241,1.069333,0.428889,0.98666
2026-08-05T01:39:03+00:00,bid,A800 PCIE,9,14,0.129889,0.130444,0.131556,0.131556,0.402222,0.402222,0.99469
2026-08-05T01:39:03+00:00,bid,B200,20,92,3.750174,4.977889,5.003906,5.783681,7.377083,5.003906,0.99385
2026-08-05T01:39:03+00:00,bid,B300,1,2,3.751042,3.751042,3.751042,3.751042,3.751042,3.751042,0.988613
2026-08-05T01:39:03+00:00,bid,CMP 170HX,9,21,0.134815,0.253889,0.254444,0.801111,0.802222,0.802222,0.961368
2026-08-05T01:39:03+00:00,bid,GTX 1050 Ti,1,1,0.024444,0.024444,0.024444,0.024444,0.024444,,0.98787
2026-08-05T01:39:03+00:00,bid,GTX 1060,2,2,0.031111,0.04037,0.04963,0.058889,0.068148,0.068148,0.996987
2026-08-05T01:39:03+00:00,bid,GTX 1070,1,1,0.026204,0.026204,0.026204,0.026204,0.026204,0.026204,0.993053
2026-08-05T01:39:03+00:00,bid,GTX 1070 Ti,2,5,0.040556,0.04225,0.043944,0.045639,0.047333,0.043944,0.995228
2026-08-05T01:39:03+00:00,bid,GTX 1080,3,9,0.014815,0.027593,0.04037,0.040741,0.041111,0.040741,0.995449
2026-08-05T01:39:03+00:00,bid,GTX 1080 Ti,5,10,0.025481,0.040556,0.041111,0.041111,0.042222,0.041111,0.996006
2026-08-05T01:39:03+00:00,bid,GTX 1650,1,1,0.040741,0.040741,0.040741,0.040741,0.040741,,0.927665
2026-08-05T01:39:03+00:00,bid,GTX 1650 S,1,1,0.037778,0.037778,0.037778,0.037778,0.037778,,0.990937
2026-08-05T01:39:03+00:00,bid,GTX 1660,1,1,0.037778,0.037778,0.037778,0.037778,0.037778,0.037778,0.996045
2026-08-05T01:39:03+00:00,bid,GTX 1660 S,2,2,0.028889,0.029444,0.03,0.030556,0.031111,,0.917457
2026-08-05T01:39:03+00:00,bid,GTX 1660 Ti,2,5,0.037778,0.041944,0.046111,0.050278,0.054444,0.046111,0.995226
2026-08-05T01:39:03+00:00,bid,H100 NVL,7,8,0.404889,0.871037,1.536444,1.601667,2.122963,1.601111,0.984865
2026-08-05T01:39:03+00:00,bid,H100 PCIE,8,21,0.347778,0.387,1.101352,1.600694,1.602222,1.469222,0.991741
2026-08-05T01:39:03+00:00,bid,H100 SXM,15,33,0.361852,0.534444,1.006519,2.164444,4.001111,1.006519,0.994348
2026-08-05T01:39:03+00:00,bid,H200,8,30,1.935307,3.370376,3.651827,3.981223,4.218964,3.486404,0.997772
2026-08-05T01:39:03+00:00,bid,H200 NVL,21,44,0.602222,1.003333,1.200278,2.533889,2.535556,1.006667,0.991268
2026-08-05T01:39:03+00:00,bid,L4,9,13,0.134444,0.201481,0.267407,0.271852,0.322222,0.267593,0.997981
2026-08-05T01:39:03+00:00,bid,L40S,30,93,0.200185,0.333889,0.534167,0.537037,0.773704,0.535,0.998595
2026-08-05T01:39:03+00:00,bid,Quadro GV100,1,1,0.134074,0.134074,0.134074,0.134074,0.134074,,0.969585
2026-08-05T01:39:03+00:00,bid,Quadro P4000,2,3,0.040741,0.040926,0.041111,0.041296,0.041481,,0.969808
2026-08-05T01:39:03+00:00,bid,RTX 2060,4,6,0.027259,0.030148,0.036111,0.114722,0.335556,0.041111,0.990712
2026-08-05T01:39:03+00:00,bid,RTX 2060S,3,7,0.046889,0.046933,0.046978,0.085341,0.123704,0.046978,0.986696
2026-08-05T01:39:03+00:00,bid,RTX 2070,1,2,0.041111,0.041111,0.041111,0.041111,0.041111,0.041111,0.922421
2026-08-05T01:39:03+00:00,bid,RTX 2070S,7,30,0.015556,0.060249,0.066852,0.067037,0.067407,0.053667,0.987654
2026-08-05T01:39:03+00:00,bid,RTX 2080 Ti,5,7,0.031111,0.037778,0.042222,0.048519,0.121481,0.081852,0.991003
2026-08-05T01:39:03+00:00,bid,RTX 2080S,1,1,0.037778,0.037778,0.037778,0.037778,0.037778,0.037778,0.952904
2026-08-05T01:39:03+00:00,bid,RTX 3050,1,1,1.068889,1.068889,1.068889,1.068889,1.068889,,0.975991
2026-08-05T01:39:03+00:00,bid,RTX 3060,9,26,0.04,0.042222,0.045519,0.066074,0.102815,0.053407,0.986998
2026-08-05T01:39:03+00:00,bid,RTX 3060 laptop,8,19,0.013352,0.032204,0.065556,0.101111,0.102222,0.101111,0.99489
2026-08-05T01:39:03+00:00,bid,RTX 3070,11,34,0.014444,0.041333,0.053889,0.061667,0.093889,0.055556,0.993454
2026-08-05T01:39:03+00:00,bid,RTX 3070 Ti,1,1,0.055556,0.055556,0.055556,0.055556,0.055556,,0.997056
2026-08-05T01:39:03+00:00,bid,RTX 3080,11,26,0.027407,0.051852,0.067222,0.121852,0.235556,0.135556,0.988538
2026-08-05T01:39:03+00:00,bid,RTX 3080 Ti,12,20,0.014444,0.034352,0.07163,0.091963,0.235556,0.086815,0.993762
2026-08-05T01:39:03+00:00,bid,RTX 3090,70,170,0.053556,0.098796,0.108519,0.144537,0.349963,0.133611,0.991662
2026-08-05T01:39:03+00:00,bid,RTX 4000Ada,2,3,0.054296,0.081278,0.108259,0.135241,0.162222,0.054296,0.994028
2026-08-05T01:39:03+00:00,bid,RTX 4060 Ti,15,40,0.039778,0.040593,0.057037,0.081259,0.107222,0.100519,0.986028
2026-08-05T01:39:03+00:00,bid,RTX 4070,7,9,0.028889,0.068333,0.075778,0.082148,0.162222,0.082148,0.995942
2026-08-05T01:39:03+00:00,bid,RTX 4070 Ti,7,12,0.081481,0.102222,0.215556,0.240833,0.241111,0.108889,0.991668
2026-08-05T01:39:03+00:00,bid,RTX 4070S,12,46,0.06787,0.069074,0.08838,0.096343,0.242222,0.094537,0.991724
2026-08-05T01:39:03+00:00,bid,RTX 4070S Ti,12,30,0.111481,0.167153,0.167778,0.168056,1.211111,0.167778,0.999121
2026-08-05T01:39:03+00:00,bid,RTX 4080,8,18,0.133593,0.133806,0.133926,0.164611,0.255556,0.133926,0.983148
2026-08-05T01:39:03+00:00,bid,RTX 4080S,14,37,0.060494,0.108056,0.174741,0.200546,0.240519,0.220389,0.996118
2026-08-05T01:39:03+00:00,bid,RTX 4090,102,270,0.122222,0.230556,0.287235,0.388889,0.738341,0.335556,0.995588
2026-08-05T01:39:03+00:00,bid,RTX 4090D,13,33,0.054074,0.06237,0.06337,0.604556,0.606222,,0.949796
2026-08-05T01:39:03+00:00,bid,RTX 5000Ada,5,7,0.267778,0.268889,0.321111,0.322222,0.322222,0.321111,0.997016
2026-08-05T01:39:03+00:00,bid,RTX 5060,4,5,0.040296,0.040907,0.068333,0.095556,0.095556,,0.99414
2026-08-05T01:39:03+00:00,bid,RTX 5060 Ti,31,97,0.049704,0.067685,0.080556,0.147083,0.159556,0.134815,0.996313
2026-08-05T01:39:03+00:00,bid,RTX 5070,10,17,0.032222,0.0575,0.095556,0.120972,0.150815,0.120556,0.994168
2026-08-05T01:39:03+00:00,bid,RTX 5070 Ti,16,33,0.093889,0.096111,0.1075,0.140926,0.268,0.1075,0.99522
2026-08-05T01:39:03+00:00,bid,RTX 5080,27,59,0.042222,0.084089,0.147037,0.174148,0.202222,0.149444,0.987753
2026-08-05T01:39:03+00:00,bid,RTX 5090,101,237,0.095556,0.272444,0.362593,0.467222,2.666944,0.336296,0.99504
2026-08-05T01:39:03+00:00,bid,RTX 5880Ada,6,8,0.267704,0.275352,0.296111,0.297037,0.297037,0.296111,0.995223
2026-08-05T01:39:03+00:00,bid,RTX 6000Ada,20,40,0.137778,0.285926,0.434704,0.468778,0.775556,0.434704,0.99611
2026-08-05T01:39:03+00:00,bid,RTX A2000,1,1,0.400148,0.400148,0.400148,0.400148,0.400148,,0.994358
2026-08-05T01:39:03+00:00,bid,RTX A4000,15,77,0.057111,0.093796,0.106852,0.120358,0.134444,,0.97131
2026-08-05T01:39:03+00:00,bid,RTX A4500,2,2,0.081185,0.081185,0.081185,0.081185,0.081185,,0.952879
2026-08-05T01:39:03+00:00,bid,RTX A5000,13,27,0.108519,0.201481,0.227407,0.334074,0.335556,0.214233,0.998142
2026-08-05T01:39:03+00:00,bid,RTX A6000,2,3,0.202593,0.203241,0.203889,0.204537,0.205185,,0.991521
2026-08-05T01:39:03+00:00,bid,RTX PRO 4000,15,30,0.068889,0.215074,0.240741,0.241481,0.370815,0.240617,0.995883
2026-08-05T01:39:03+00:00,bid,RTX PRO 4500,1,1,0.27037,0.27037,0.27037,0.27037,0.27037,0.27037,0.996665
2026-08-05T01:39:03+00:00,bid,RTX PRO 5000,24,44,0.165185,0.203981,0.401481,0.53375,0.803704,0.467778,0.992096
2026-08-05T01:39:03+00:00,bid,RTX PRO 6000 S,35,87,0.402222,0.667037,0.802963,1.135093,2.935556,1.06963,0.994955
2026-08-05T01:39:03+00:00,bid,RTX PRO 6000 WS,37,71,0.177444,0.468148,0.734019,0.936296,1.337037,0.774519,0.99424
2026-08-05T01:39:03+00:00,bid,Tesla P100,1,1,0.041481,0.041481,0.041481,0.041481,0.041481,,0.98772
2026-08-05T01:39:03+00:00,bid,Tesla P40,4,9,0.033407,0.057769,0.066167,0.066444,0.066444,0.066444,0.99358
2026-08-05T01:39:03+00:00,bid,Tesla T4,3,4,3.400741,3.401111,3.401481,3.401481,3.401481,,0.972406
2026-08-05T01:39:03+00:00,bid,Tesla V100,17,47,0.013611,0.08037,0.095037,0.160556,0.202222,0.160556,0.993012
2026-08-05T01:39:03+00:00,bid,Titan RTX,6,15,0.107222,0.112963,0.129204,0.133306,0.135556,0.134444,0.996213
2026-08-05T01:39:03+00:00,bid,Titan Xp,1,1,0.042222,0.042222,0.042222,0.042222,0.042222,0.042222,0.99287
2026-08-05T01:43:15+00:00,on-demand,A100 PCIE,18,52,0.266944,0.334028,0.772593,1.001944,1.055556,0.671852,0.981454
2026-08-05T01:43:15+00:00,on-demand,A100 SXM4,20,48,0.468889,0.784722,0.933889,1.066968,1.321852,0.933889,0.995261
2026-08-05T01:43:15+00:00,on-demand,A800 PCIE,4,8,0.667222,0.667639,0.668333,0.722222,0.882222,0.882222,0.99469
2026-08-05T01:43:15+00:00,on-demand,B200,12,68,5.000521,5.595182,5.876302,6.015972,7.75026,5.876302,0.99324
2026-08-05T01:43:15+00:00,on-demand,B300,1,2,8.313542,8.313542,8.313542,8.313542,8.313542,8.313542,0.988613
2026-08-05T01:43:15+00:00,on-demand,CMP 170HX,4,8,0.268148,0.317454,0.334167,0.551389,1.202222,1.202222,0.961368
2026-08-05T01:43:15+00:00,on-demand,GTX 1050 Ti,1,1,0.611111,0.611111,0.611111,0.611111,0.611111,,0.98787
2026-08-05T01:43:15+00:00,on-demand,GTX 1060,1,1,0.088148,0.088148,0.088148,0.088148,0.088148,0.088148,0.999256
2026-08-05T01:43:15+00:00,on-demand,GTX 1070,1,1,0.531111,0.531111,0.531111,0.531111,0.531111,0.531111,0.993053
2026-08-05T01:43:15+00:00,on-demand,GTX 1070 Ti,1,1,0.080667,0.080667,0.080667,0.080667,0.080667,0.080667,0.995653
2026-08-05T01:43:15+00:00,on-demand,GTX 1080,4,11,0.027778,0.043222,0.048741,0.049426,0.05037,0.048741,0.982601
2026-08-05T01:43:15+00:00,on-demand,GTX 1080 Ti,4,8,0.036148,0.054454,0.060833,0.062389,0.066222,0.061111,0.996006
2026-08-05T01:43:15+00:00,on-demand,GTX 1650,1,1,0.046207,0.046207,0.046207,0.046207,0.046207,,0.927665
2026-08-05T01:43:15+00:00,on-demand,GTX 1650 S,1,1,0.677778,0.677778,0.677778,0.677778,0.677778,,0.990937
2026-08-05T01:43:15+00:00,on-demand,GTX 1660 S,2,2,0.055556,0.154444,0.253333,0.352222,0.451111,,0.917457
2026-08-05T01:43:15+00:00,on-demand,GTX 1660 Ti,2,3,0.068889,0.204444,0.34,0.475556,0.611111,0.34,0.993594
2026-08-05T01:43:15+00:00,on-demand,H100 NVL,6,8,2.123111,2.287963,2.667778,2.768704,2.913185,2.481852,0.997134
2026-08-05T01:43:15+00:00,on-demand,H100 PCIE,4,14,1.333407,1.633463,1.801185,1.935139,2.133889,1.868889,0.986897
2026-08-05T01:43:15+00:00,on-demand,H100 SXM,11,20,1.485556,2.163704,2.787224,4.138056,4.642222,4.138056,0.994348
2026-08-05T01:43:15+00:00,on-demand,H200,8,30,3.816703,4.044773,4.211349,4.497915,5.001096,4.211075,0.997772
2026-08-05T01:43:15+00:00,on-demand,H200 NVL,9,24,2.133611,3.068889,3.123333,4.244444,4.655556,3.125,0.997785
2026-08-05T01:43:15+00:00,on-demand,L4,2,3,0.255556,0.275278,0.295,0.314722,0.334444,0.334444,0.992495
2026-08-05T01:43:15+00:00,on-demand,L40S,14,59,0.466852,0.467037,0.633611,0.78463,1.074074,0.767778,0.996763
2026-08-05T01:43:15+00:00,on-demand,Q RTX 6000,1,2,0.134074,0.134074,0.134074,0.134074,0.134074,0.134074,0.998608
2026-08-05T01:43:15+00:00,on-demand,Q RTX 8000,3,7,0.253704,0.253889,0.254074,0.254444,0.254815,0.254074,0.998687
2026-08-05T01:43:15+00:00,on-demand,Quadro GV100,1,1,0.467407,0.467407,0.467407,0.467407,0.467407,,0.969585
2026-08-05T01:43:15+00:00,on-demand,Quadro P4000,2,3,0.040741,0.040926,0.041111,0.041296,0.041481,,0.962402
2026-08-05T01:43:15+00:00,on-demand,RTX 2060,2,3,0.052593,0.142222,0.231852,0.321481,0.411111,0.411111,0.985991
2026-08-05T01:43:15+00:00,on-demand,RTX 2070S,3,15,0.061111,0.067305,0.073498,0.073601,0.073704,,0.987654
2026-08-05T01:43:15+00:00,on-demand,RTX 2080 Ti,8,20,0.055185,0.068889,0.074458,0.080069,0.122222,0.080056,0.99527
2026-08-05T01:43:15+00:00,on-demand,RTX 2080S,1,1,0.744444,0.744444,0.744444,0.744444,0.744444,0.744444,0.952904
2026-08-05T01:43:15+00:00,on-demand,RTX 3050,1,1,1.322222,1.322222,1.322222,1.322222,1.322222,,0.975991
2026-08-05T01:43:15+00:00,on-demand,RTX 3060,11,29,0.028889,0.061389,0.068889,0.508437,1.335556,0.339096,0.992946
2026-08-05T01:43:15+00:00,on-demand,RTX 3060 laptop,3,11,0.026685,0.033898,0.041111,0.041667,0.042222,,0.998769
2026-08-05T01:43:15+00:00,on-demand,RTX 3070,7,29,0.041111,0.054167,0.055556,0.106944,0.107222,0.106944,0.993381
2026-08-05T01:43:15+00:00,on-demand,RTX 3070 Ti,2,3,0.174444,0.174722,0.175,0.175278,0.175556,,0.654748
2026-08-05T01:43:15+00:00,on-demand,RTX 3080,15,45,0.048889,0.067685,0.113444,0.128519,0.240889,0.124556,0.992188
2026-08-05T01:43:15+00:00,on-demand,RTX 3080 Ti,7,8,0.080519,0.102222,0.134815,0.188889,0.27037,0.135556,0.993196
2026-08-05T01:43:15+00:00,on-demand,RTX 3090,34,98,0.111852,0.134617,0.17375,0.247963,2.001111,0.219556,0.992742
2026-08-05T01:43:15+00:00,on-demand,RTX 3090 Ti,1,1,0.175556,0.175556,0.175556,0.175556,0.175556,,0.993302
2026-08-05T01:43:15+00:00,on-demand,RTX 4000Ada,1,1,0.202222,0.202222,0.202222,0.202222,0.202222,,0.995962
2026-08-05T01:43:15+00:00,on-demand,RTX 4060,6,11,0.05363,0.054074,0.058148,0.062111,2.677778,0.062,0.983174
2026-08-05T01:43:15+00:00,on-demand,RTX 4060 Ti,8,22,0.053531,0.081944,0.092815,0.107444,0.144556,0.104815,0.985738
2026-08-05T01:43:15+00:00,on-demand,RTX 4060 laptop,1,1,0.135556,0.135556,0.135556,0.135556,0.135556,,0.945501
2026-08-05T01:43:15+00:00,on-demand,RTX 4070,5,9,0.082222,0.082222,0.094259,0.11037,0.172889,0.11037,0.995942
2026-08-05T01:43:15+00:00,on-demand,RTX 4070 Ti,10,22,0.087593,0.088981,0.103333,0.215556,0.282444,0.104444,0.993132
2026-08-05T01:43:15+00:00,on-demand,RTX 4070S,8,27,0.081111,0.08912,0.10088,0.109537,0.121185,0.10088,0.99383
2026-08-05T01:43:15+00:00,on-demand,RTX 4070S Ti,13,30,0.067778,0.093889,0.134815,0.253889,1.331111,0.25375,0.997174
2026-08-05T01:43:15+00:00,on-demand,RTX 4080,5,9,0.161037,0.166222,0.180259,0.180519,0.215556,0.180389,0.990608
2026-08-05T01:43:15+00:00,on-demand,RTX 4080S,14,44,0.135556,0.161389,0.187741,0.213819,0.400278,0.201556,0.995261
2026-08-05T01:43:15+00:00,on-demand,RTX 4090,55,194,0.204444,0.307704,0.400556,0.521944,2.002963,0.474259,0.994789
2026-08-05T01:43:15+00:00,on-demand,RTX 4090D,9,25,0.160185,0.160741,0.386074,0.667222,0.668889,,0.967226
2026-08-05T01:43:15+00:00,on-demand,RTX 5000Ada,2,3,0.427778,0.428056,0.428333,0.428611,0.428889,0.428333,0.997016
2026-08-05T01:43:15+00:00,on-demand,RTX 5060,4,4,0.05363,0.067074,0.110222,0.150556,0.155556,0.113556,0.99414
2026-08-05T01:43:15+00:00,on-demand,RTX 5060 Ti,17,61,0.066944,0.09237,0.108,0.176278,0.227407,0.156657,0.994987
2026-08-05T01:43:15+00:00,on-demand,RTX 5060 laptop,1,1,0.135556,0.135556,0.135556,0.135556,0.135556,,0.970916
2026-08-05T01:43:15+00:00,on-demand,RTX 5070,10,14,0.010163,0.083704,0.116667,0.164722,1.335556,0.15463,0.990595
2026-08-05T01:43:15+00:00,on-demand,RTX 5070 Ti,11,23,0.10963,0.134444,0.160556,0.200525,0.202222,0.160556,0.996411
2026-08-05T01:43:15+00:00,on-demand,RTX 5080,17,45,0.134074,0.174074,0.231111,0.400278,1.068889,0.254259,0.969034
2026-08-05T01:43:15+00:00,on-demand,RTX 5090,42,128,0.212889,0.419903,0.563704,0.726481,5.986944,0.664139,0.992822
2026-08-05T01:43:15+00:00,on-demand,RTX 5880Ada,3,4,0.41437,0.414889,0.415407,0.509556,0.603704,0.415407,0.997976
2026-08-05T01:43:15+00:00,on-demand,RTX 6000Ada,7,25,0.600278,0.680778,0.682074,0.70125,0.933778,0.681037,0.99825
2026-08-05T01:43:15+00:00,on-demand,RTX A2000,4,5,0.034074,0.03563,0.264815,0.704,1.335556,,0.994786
2026-08-05T01:43:15+00:00,on-demand,RTX A4000,8,54,0.071778,0.13017,0.133611,0.137106,0.153556,0.120278,0.97131
2026-08-05T01:43:15+00:00,on-demand,RTX A4500,3,3,0.114519,0.117852,0.121185,0.698,1.274815,,0.952883
2026-08-05T01:43:15+00:00,on-demand,RTX A5000,5,14,0.230984,0.231407,0.350548,40.000741,40.001481,0.231407,0.996781
2026-08-05T01:43:15+00:00,on-demand,RTX A6000,8,24,0.333889,0.386944,1.200417,1.567778,2.668889,0.404444,0.982504
2026-08-05T01:43:15+00:00,on-demand,RTX PRO 4000,10,15,0.134444,0.225278,0.281111,0.303241,0.534815,0.235,0.986071
2026-08-05T01:43:15+00:00,on-demand,RTX PRO 5000,10,25,0.601037,0.641713,0.781148,0.871343,0.882222,0.880556,0.99176
2026-08-05T01:43:15+00:00,on-demand,RTX PRO 6000 S,14,47,0.800093,0.9175,1.50125,1.73463,3.068889,1.734074,0.992128
2026-08-05T01:43:15+00:00,on-demand,RTX PRO 6000 WS,18,45,0.774815,1.028056,1.38063,1.469352,5.334815,1.43,0.993961
2026-08-05T01:43:15+00:00,on-demand,Tesla P100,2,3,0.068148,0.071481,0.074815,0.078148,0.081481,0.081481,0.991051
2026-08-05T01:43:15+00:00,on-demand,Tesla P40,4,8,0.046741,0.111102,0.132833,0.150389,0.202222,0.132833,0.992649
2026-08-05T01:43:15+00:00,on-demand,Tesla T4,2,3,12.000741,12.000926,12.001111,12.001296,12.001481,,0.972406
2026-08-05T01:43:15+00:00,on-demand,Tesla V100,10,31,0.026944,0.028056,0.104148,0.158958,1.467037,0.133611,0.987971
2026-08-05T01:43:15+00:00,on-demand,Titan RTX,4,6,0.135185,0.136574,0.149074,0.161389,0.162222,0.161667,0.996279
2026-08-05T01:43:15+00:00,on-demand,Titan Xp,1,1,0.062222,0.062222,0.062222,0.062222,0.062222,0.062222,0.99287
2026-08-05T01:43:15+00:00,bid,A100 PCIE,36,63,0.133889,0.135556,0.174981,0.587361,0.588889,0.149222,0.987535
2026-08-05T01:43:15+00:00,bid,A100 SXM4,34,54,0.130316,0.400741,0.401481,0.718333,1.069333,0.428889,0.986541
2026-08-05T01:43:15+00:00,bid,A800 PCIE,8,13,0.129889,0.130444,0.131556,0.131556,0.402222,0.402222,0.99469
2026-08-05T01:43:15+00:00,bid,B200,13,80,3.750174,5.000347,5.001302,5.625347,7.37526,5.001302,0.992906
2026-08-05T01:43:15+00:00,bid,B300,1,2,3.751042,3.751042,3.751042,3.751042,3.751042,3.751042,0.988613
2026-08-05T01:43:15+00:00,bid,CMP 170HX,9,21,0.134815,0.253889,0.254444,0.801111,0.802222,0.802222,0.961368
2026-08-05T01:43:15+00:00,bid,GTX 1050 Ti,1,1,0.024444,0.024444,0.024444,0.024444,0.024444,,0.98787
2026-08-05T01:43:15+00:00,bid,GTX 1060,2,2,0.031111,0.04037,0.04963,0.058889,0.068148,0.068148,0.996987
2026-08-05T01:43:15+00:00,bid,GTX 1070,1,1,0.026204,0.026204,0.026204,0.026204,0.026204,0.026204,0.993053
2026-08-05T01:43:15+00:00,bid,GTX 1070 Ti,1,1,0.042222,0.042222,0.042222,0.042222,0.042222,0.042222,0.993176
2026-08-05T01:43:15+00:00,bid,GTX 1080,5,15,0.037037,0.04037,0.040556,0.041111,0.041111,0.040833,0.992377
2026-08-05T01:43:15+00:00,bid,GTX 1080 Ti,5,10,0.025481,0.040556,0.041111,0.041111,0.042222,0.041111,0.996006
2026-08-05T01:43:15+00:00,bid,GTX 1650,1,1,0.040741,0.040741,0.040741,0.040741,0.040741,,0.927665
2026-08-05T01:43:15+00:00,bid,GTX 1650 S,1,1,0.037778,0.037778,0.037778,0.037778,0.037778,,0.990937
2026-08-05T01:43:15+00:00,bid,GTX 1660,1,1,0.037778,0.037778,0.037778,0.037778,0.037778,0.037778,0.996045
2026-08-05T01:43:15+00:00,bid,GTX 1660 S,2,2,0.028889,0.029444,0.03,0.030556,0.031111,,0.917457
2026-08-05T01:43:15+00:00,bid,GTX 1660 Ti,2,5,0.037778,0.041944,0.046111,0.050278,0.054444,0.046111,0.995226
2026-08-05T01:43:15+00:00,bid,H100 NVL,8,9,0.404889,0.706111,1.236,1.601389,2.122963,1.601111,0.984865
2026-08-05T01:43:15+00:00,bid,H100 PCIE,7,20,0.347778,0.566778,1.468111,1.600833,1.602222,1.534333,0.991741
2026-08-05T01:43:15+00:00,bid,H100 SXM,14,24,0.361852,0.534444,0.602222,1.873296,4.002222,0.769259,0.995232
2026-08-05T01:43:15+00:00,bid,H200,9,31,1.935307,3.486404,3.817251,3.948465,4.218964,3.651827,0.997773
2026-08-05T01:43:15+00:00,bid,H200 NVL,16,32,0.602222,0.918472,1.006667,1.235306,2.534444,1.006667,0.994527
2026-08-05T01:43:15+00:00,bid,L4,10,14,0.134444,0.205556,0.267593,0.268889,0.322222,0.267778,0.997981
2026-08-05T01:43:15+00:00,bid,L40S,30,95,0.200185,0.333889,0.534167,0.537037,0.77363,0.534815,0.9985
2026-08-05T01:43:15+00:00,bid,Quadro GV100,1,1,0.134074,0.134074,0.134074,0.134074,0.134074,,0.969585
2026-08-05T01:43:15+00:00,bid,Quadro P4000,2,3,0.040741,0.040926,0.041111,0.041296,0.041481,,0.969808
2026-08-05T01:43:15+00:00,bid,RTX 2060,5,8,0.027259,0.027259,0.031111,0.041111,0.335556,0.041111,0.987016
2026-08-05T01:43:15+00:00,bid,RTX 2060S,4,9,0.041111,0.045444,0.046933,0.066159,0.123704,0.046978,0.986872
2026-08-05T01:43:15+00:00,bid,RTX 2070S,5,25,0.053667,0.066831,0.066852,0.067037,0.067407,0.053667,0.987654
2026-08-05T01:43:15+00:00,bid,RTX 2080 Ti,6,10,0.035556,0.040463,0.057204,0.069028,0.121481,0.070074,0.992706
2026-08-05T01:43:15+00:00,bid,RTX 2080S,1,1,0.037778,0.037778,0.037778,0.037778,0.037778,0.037778,0.952904
2026-08-05T01:43:15+00:00,bid,RTX 3050,1,1,1.068889,1.068889,1.068889,1.068889,1.068889,,0.975991
2026-08-05T01:43:15+00:00,bid,RTX 3060,12,35,0.027407,0.041852,0.046315,0.054028,0.102815,0.047111,0.987148
2026-08-05T01:43:15+00:00,bid,RTX 3060 laptop,8,19,0.013352,0.032204,0.064815,0.101389,0.102222,0.101111,0.995436
2026-08-05T01:43:15+00:00,bid,RTX 3070,12,36,0.014444,0.040528,0.060833,0.069093,0.094444,0.068593,0.994241
2026-08-05T01:43:15+00:00,bid,RTX 3080,17,37,0.027407,0.055556,0.067222,0.09,0.235556,0.085556,0.990972
2026-08-05T01:43:15+00:00,bid,RTX 3080 Ti,8,10,0.014444,0.054278,0.090889,0.117222,0.235556,0.108889,0.993513
2026-08-05T01:43:15+00:00,bid,RTX 3090,74,169,0.014815,0.099352,0.108111,0.134815,0.349963,0.114815,0.99173
2026-08-05T01:43:15+00:00,bid,RTX 4000Ada,2,3,0.054296,0.081278,0.108259,0.135241,0.162222,0.054296,0.994028
2026-08-05T01:43:15+00:00,bid,RTX 4060,2,3,0.062815,0.068037,0.073259,0.078481,0.083704,0.073259,0.985774
2026-08-05T01:43:15+00:00,bid,RTX 4060 Ti,16,40,0.039778,0.040593,0.068481,0.100648,0.107778,0.100778,0.986028
2026-08-05T01:43:15+00:00,bid,RTX 4070,6,8,0.028889,0.070611,0.079741,0.086481,0.162222,0.085556,0.995942
2026-08-05T01:43:15+00:00,bid,RTX 4070 Ti,7,11,0.055556,0.088519,0.108889,0.228056,0.241111,0.108889,0.991668
2026-08-05T01:43:15+00:00,bid,RTX 4070S,12,38,0.06787,0.07088,0.08838,0.098148,0.242222,0.094537,0.987105
2026-08-05T01:43:15+00:00,bid,RTX 4070S Ti,14,32,0.067778,0.128958,0.1675,0.168611,1.211111,0.1675,0.999121
2026-08-05T01:43:15+00:00,bid,RTX 4080,10,20,0.108889,0.133713,0.133926,0.241389,0.255556,0.133926,0.988409
2026-08-05T01:43:15+00:00,bid,RTX 4080S,13,33,0.060494,0.107778,0.187704,0.202074,0.240519,0.221167,0.996043
2026-08-05T01:43:15+00:00,bid,RTX 4090,90,220,0.122222,0.202222,0.256444,0.387639,0.738341,0.334444,0.995576
2026-08-05T01:43:15+00:00,bid,RTX 4090D,14,35,0.071185,0.071741,0.072111,0.471537,0.606222,,0.949796
2026-08-05T01:43:15+00:00,bid,RTX 5000Ada,4,6,0.267778,0.268611,0.295,0.321389,0.322222,0.295,0.996085
2026-08-05T01:43:15+00:00,bid,RTX 5060,4,4,0.042222,0.051444,0.075037,0.095556,0.095556,0.054519,0.988469
2026-08-05T01:43:15+00:00,bid,RTX 5060 Ti,34,93,0.049704,0.067963,0.081296,0.144282,0.159556,0.134815,0.9965
2026-08-05T01:43:15+00:00,bid,RTX 5070,14,24,0.032222,0.04463,0.076352,0.120972,0.150815,0.103889,0.995629
2026-08-05T01:43:15+00:00,bid,RTX 5070 Ti,15,30,0.07037,0.094444,0.107778,0.122481,0.268,0.107222,0.995979
2026-08-05T01:43:15+00:00,bid,RTX 5080,26,55,0.042222,0.089778,0.147407,0.176111,0.204444,0.167037,0.989163
2026-08-05T01:43:15+00:00,bid,RTX 5090,97,230,0.095556,0.269222,0.307778,0.403704,2.666944,0.300741,0.994403
2026-08-05T01:43:15+00:00,bid,RTX 5880Ada,6,9,0.267704,0.274574,0.296111,0.297037,0.297037,0.296111,0.995223
2026-08-05T01:43:15+00:00,bid,RTX 6000Ada,17,36,0.137778,0.388889,0.467185,0.468741,0.680889,0.434704,0.996812
2026-08-05T01:43:15+00:00,bid,RTX A2000,1,1,0.400148,0.400148,0.400148,0.400148,0.400148,,0.994358
2026-08-05T01:43:15+00:00,bid,RTX A4000,13,65,0.057111,0.093889,0.107037,0.133611,0.134444,,0.970857
2026-08-05T01:43:15+00:00,bid,RTX A4500,1,1,0.081185,0.081185,0.081185,0.081185,0.081185,,0.952883
2026-08-05T01:43:15+00:00,bid,RTX A5000,9,21,0.108519,0.11037,0.221659,0.227407,0.335556,0.221659,0.999438
2026-08-05T01:43:15+00:00,bid,RTX A6000,2,3,0.202593,0.227833,0.253074,0.278315,0.303556,,0.980604
2026-08-05T01:43:15+00:00,bid,RTX PRO 4000,16,30,0.067778,0.202333,0.234691,0.241481,0.370815,0.217037,0.991392
2026-08-05T01:43:15+00:00,bid,RTX PRO 4500,1,1,0.27037,0.27037,0.27037,0.27037,0.27037,0.27037,0.996665
2026-08-05T01:43:15+00:00,bid,RTX PRO 5000,21,38,0.165185,0.202593,0.401481,0.534445,0.803704,0.500694,0.992096
2026-08-05T01:43:15+00:00,bid,RTX PRO 6000 S,22,50,0.335556,0.666898,0.724815,1.06963,2.935556,1.068148,0.993761
2026-08-05T01:43:15+00:00,bid,RTX PRO 6000 WS,32,59,0.177444,0.535648,0.70775,0.981778,1.337037,0.667407,0.99421
2026-08-05T01:43:15+00:00,bid,Tesla P100,1,1,0.041481,0.041481,0.041481,0.041481,0.041481,,0.98772
2026-08-05T01:43:15+00:00,bid,Tesla P40,4,9,0.033407,0.057769,0.066167,0.066444,0.066444,0.066444,0.99358
2026-08-05T01:43:15+00:00,bid,Tesla T4,3,4,3.400741,3.401111,3.401481,3.401481,3.401481,,0.972406
2026-08-05T01:43:15+00:00,bid,Tesla V100,24,58,0.013611,0.088611,0.095222,0.133981,0.202222,0.133704,0.993348
2026-08-05T01:43:15+00:00,bid,Titan RTX,6,14,0.107222,0.113796,0.129204,0.133306,0.135556,0.134444,0.996213
2026-08-05T01:43:15+00:00,bid,Titan Xp,1,1,0.042222,0.042222,0.042222,0.042222,0.042222,0.042222,0.99287
