scraped_at,rental_type,gpu_name,num_offers,total_gpus,dph_per_gpu_min,dph_per_gpu_p25,dph_per_gpu_median,dph_per_gpu_p75,dph_per_gpu_max,verified_median,median_reliability
2026-07-30T00:03:49+00:00,on-demand,A100 PCIE,9,22,0.333611,0.759556,0.997733,1.043073,1.365739,1.020403,0.997653
2026-07-30T00:03:49+00:00,on-demand,A100 SXM4,31,84,0.267037,0.836667,1.001111,1.175,1.847073,1.028889,0.992258
2026-07-30T00:03:49+00:00,on-demand,A10g,1,1,0.161185,0.161185,0.161185,0.161185,0.161185,,0.773621
2026-07-30T00:03:49+00:00,on-demand,A800 PCIE,1,4,0.667222,0.667222,0.667222,0.667222,0.667222,,0.994256
2026-07-30T00:03:49+00:00,on-demand,B200,21,86,5.625174,5.867708,6.251042,7.127604,7.752083,6.751302,0.98419
2026-07-30T00:03:49+00:00,on-demand,B300,2,5,5.625521,6.094661,6.563802,7.032943,7.502083,7.502083,0.986789
2026-07-30T00:03:49+00:00,on-demand,CMP 170HX,4,15,0.186944,0.187153,0.1875,0.188056,0.188889,,0.928653
2026-07-30T00:03:49+00:00,on-demand,GTX 1050 Ti,1,1,0.611111,0.611111,0.611111,0.611111,0.611111,,0.9789
2026-07-30T00:03:49+00:00,on-demand,GTX 1060,4,5,0.067407,0.082685,0.088333,0.152778,0.344444,0.088333,0.993818
2026-07-30T00:03:49+00:00,on-demand,GTX 1070,2,2,0.202222,0.284444,0.366667,0.448889,0.531111,0.531111,0.988751
2026-07-30T00:03:49+00:00,on-demand,GTX 1080,4,10,0.030815,0.043981,0.048741,0.049722,0.051556,0.049111,0.994427
2026-07-30T00:03:49+00:00,on-demand,GTX 1080 Ti,4,9,0.061111,0.061944,0.068056,0.074028,0.074444,0.068056,0.99729
2026-07-30T00:03:49+00:00,on-demand,GTX 1660 S,2,2,0.451111,0.605556,0.76,0.914444,1.068889,1.068889,0.920592
2026-07-30T00:03:49+00:00,on-demand,GTX 1660 Ti,1,1,0.611111,0.611111,0.611111,0.611111,0.611111,0.611111,0.982691
2026-07-30T00:03:49+00:00,on-demand,H100 NVL,7,9,2.121481,2.195556,2.348889,2.468444,2.993185,2.375111,0.98398
2026-07-30T00:03:49+00:00,on-demand,H100 PCIE,4,22,1.733481,1.934204,2.067361,2.133681,2.133889,2.067361,0.986468
2026-07-30T00:03:49+00:00,on-demand,H100 SXM,15,47,1.672222,1.734074,2.467259,3.638574,5.202222,2.866868,0.993573
2026-07-30T00:03:49+00:00,on-demand,H200,9,21,3.934576,3.934942,3.935673,4.080044,4.211075,4.07977,0.997564
2026-07-30T00:03:49+00:00,on-demand,H200 NVL,10,29,2.800317,2.801389,2.934028,3.447222,4.922222,4.269444,0.988197
2026-07-30T00:03:49+00:00,on-demand,L4,5,9,0.027111,0.202222,0.322222,0.333778,0.334815,0.334296,0.984049
2026-07-30T00:03:49+00:00,on-demand,L40,4,10,0.454074,0.544352,0.575,0.576111,0.577778,0.575,0.986479
2026-07-30T00:03:49+00:00,on-demand,L40S,13,46,0.400741,0.467037,0.734259,1.066944,1.074074,0.934213,0.995121
2026-07-30T00:03:49+00:00,on-demand,Q RTX 5000,1,2,0.080741,0.080741,0.080741,0.080741,0.080741,,0.982977
2026-07-30T00:03:49+00:00,on-demand,Q RTX 8000,4,8,0.253704,0.253981,0.254444,0.259333,0.272889,0.254444,0.998678
2026-07-30T00:03:49+00:00,on-demand,Quadro GV100,1,1,0.467407,0.467407,0.467407,0.467407,0.467407,,0.96873
2026-07-30T00:03:49+00:00,on-demand,Quadro P4000,4,6,0.047407,0.04763,0.057352,0.067083,0.067333,0.067167,0.9883
2026-07-30T00:03:49+00:00,on-demand,RTX 2060,2,2,0.053185,0.143778,0.23437,0.324963,0.415556,0.415556,0.986611
2026-07-30T00:03:49+00:00,on-demand,RTX 2060S,1,1,0.283704,0.283704,0.283704,0.283704,0.283704,0.283704,0.951353
2026-07-30T00:03:49+00:00,on-demand,RTX 2070S,1,9,0.073498,0.073498,0.073498,0.073498,0.073498,,0.987475
2026-07-30T00:03:49+00:00,on-demand,RTX 2080 Ti,9,35,0.068889,0.080022,0.080032,0.080111,0.811111,0.080032,0.994712
2026-07-30T00:03:49+00:00,on-demand,RTX 2080S,1,1,0.744444,0.744444,0.744444,0.744444,0.744444,0.744444,0.88378
2026-07-30T00:03:49+00:00,on-demand,RTX 3060,7,31,0.034815,0.056833,0.067778,0.08125,1.334815,0.078231,0.994698
2026-07-30T00:03:49+00:00,on-demand,RTX 3060 laptop,3,11,0.026685,0.033898,0.041111,0.041667,0.042222,,0.998769
2026-07-30T00:03:49+00:00,on-demand,RTX 3070,9,28,0.041111,0.074444,0.081852,0.106944,0.107222,0.081852,0.992288
2026-07-30T00:03:49+00:00,on-demand,RTX 3080,11,32,0.060222,0.09487,0.120278,0.199985,0.388889,0.148889,0.996084
2026-07-30T00:03:49+00:00,on-demand,RTX 3080 Ti,5,5,0.068889,0.142222,0.154074,0.295556,1.268889,0.218889,0.994563
2026-07-30T00:03:49+00:00,on-demand,RTX 3090,37,120,0.106944,0.139185,0.213667,0.446963,1.336296,0.227852,0.989274
2026-07-30T00:03:49+00:00,on-demand,RTX 3090 Ti,1,1,0.175556,0.175556,0.175556,0.175556,0.175556,,0.993186
2026-07-30T00:03:49+00:00,on-demand,RTX 4000Ada,1,1,0.202222,0.202222,0.202222,0.202222,0.202222,,0.994734
2026-07-30T00:03:49+00:00,on-demand,RTX 4060,10,30,0.060198,0.060565,0.061667,0.064074,2.677778,0.061667,0.995474
2026-07-30T00:03:49+00:00,on-demand,RTX 4060 Ti,4,6,0.062963,0.077407,0.088333,0.107111,0.145111,0.094444,0.992188
2026-07-30T00:03:49+00:00,on-demand,RTX 4070,3,7,0.091111,0.0925,0.093889,0.094722,0.095556,0.093889,0.995045
2026-07-30T00:03:49+00:00,on-demand,RTX 4070 Ti,9,28,0.088519,0.094259,0.107222,0.242222,0.282444,0.10213,0.994278
2026-07-30T00:03:49+00:00,on-demand,RTX 4070S,9,36,0.080556,0.082222,0.084815,0.08763,0.107778,0.087222,0.990136
2026-07-30T00:03:49+00:00,on-demand,RTX 4070S Ti,9,19,0.068889,0.114444,0.12563,0.247222,0.248889,0.186426,0.994161
2026-07-30T00:03:49+00:00,on-demand,RTX 4080,5,9,0.161111,0.177037,0.186926,0.20163,0.295556,0.181981,0.988095
2026-07-30T00:03:49+00:00,on-demand,RTX 4080S,19,61,0.118148,0.194361,0.201111,0.25037,0.803704,0.286944,0.990144
2026-07-30T00:03:49+00:00,on-demand,RTX 4090,55,226,0.133889,0.307704,0.375926,0.516296,1.138341,0.465542,0.994517
2026-07-30T00:03:49+00:00,on-demand,RTX 4090D,2,6,0.667222,0.667361,0.6675,0.667639,0.667778,,0.967226
2026-07-30T00:03:49+00:00,on-demand,RTX 5000Ada,3,4,0.374444,0.415,0.455556,0.495185,0.534815,0.45463,0.993934
2026-07-30T00:03:49+00:00,on-demand,RTX 5060,4,4,0.068889,0.075,0.112963,0.157222,0.182222,0.12963,0.991441
2026-07-30T00:03:49+00:00,on-demand,RTX 5060 Ti,17,43,0.068889,0.106025,0.160741,0.294542,1.204444,0.174444,0.995404
2026-07-30T00:03:49+00:00,on-demand,RTX 5070,7,12,0.075556,0.088056,0.096296,0.136296,0.162963,0.111111,0.992674
2026-07-30T00:03:49+00:00,on-demand,RTX 5070 Ti,7,12,0.118444,0.148333,0.161111,0.162222,0.200741,0.161111,0.995456
2026-07-30T00:03:49+00:00,on-demand,RTX 5080,17,59,0.160042,0.162222,0.173778,0.177778,0.802963,0.176667,0.986806
2026-07-30T00:03:49+00:00,on-demand,RTX 5090,66,225,0.212889,0.450564,0.574398,1.163875,3.615556,0.666944,0.991035
2026-07-30T00:03:49+00:00,on-demand,RTX 5880Ada,5,17,0.453593,0.453852,0.45437,0.568519,0.57037,0.45437,0.997658
2026-07-30T00:03:49+00:00,on-demand,RTX 6000Ada,11,27,0.362444,0.440833,0.632593,0.661019,0.735556,0.640926,0.996149
2026-07-30T00:03:49+00:00,on-demand,RTX A2000,4,5,0.034074,0.03563,0.264815,0.704,1.335556,,0.994728
2026-07-30T00:03:49+00:00,on-demand,RTX A4000,4,37,0.133468,0.133506,0.142204,0.151569,0.153611,,0.966935
2026-07-30T00:03:49+00:00,on-demand,RTX A4500,1,1,1.274815,1.274815,1.274815,1.274815,1.274815,,0.998029
2026-07-30T00:03:49+00:00,on-demand,RTX A5000,1,7,0.230984,0.230984,0.230984,0.230984,0.230984,0.230984,0.998093
2026-07-30T00:03:49+00:00,on-demand,RTX A6000,8,24,0.317037,0.373829,0.374259,0.400694,1.202222,,0.991034
2026-07-30T00:03:49+00:00,on-demand,RTX PRO 4000,6,15,0.167037,0.200972,0.228889,0.260278,0.337037,0.261852,0.987915
2026-07-30T00:03:49+00:00,on-demand,RTX PRO 4500,1,1,0.282222,0.282222,0.282222,0.282222,0.282222,,0.99533
2026-07-30T00:03:49+00:00,on-demand,RTX PRO 5000,10,23,0.605185,0.647204,0.842778,0.887593,1.258519,0.763704,0.991629
2026-07-30T00:03:49+00:00,on-demand,RTX PRO 6000 S,16,62,1.336296,1.535139,1.600278,1.600694,1.736296,1.600417,0.996106
2026-07-30T00:03:49+00:00,on-demand,RTX PRO 6000 WS,22,58,0.660741,1.067028,1.201481,1.524005,26.66963,1.201852,0.988163
2026-07-30T00:03:49+00:00,on-demand,Tesla P100,5,10,0.068148,0.094074,0.094815,0.201111,0.202222,0.147963,0.987424
2026-07-30T00:03:49+00:00,on-demand,Tesla P4,1,1,0.025481,0.025481,0.025481,0.025481,0.025481,,0.989852
2026-07-30T00:03:49+00:00,on-demand,Tesla T4,2,3,12.000741,12.000926,12.001111,12.001296,12.001481,,0.9724
2026-07-30T00:03:49+00:00,on-demand,Tesla V100,13,32,0.027222,0.079407,0.107778,0.167407,0.335556,0.300833,0.991528
2026-07-30T00:03:49+00:00,on-demand,Titan RTX,1,1,0.162963,0.162963,0.162963,0.162963,0.162963,0.162963,0.985794
2026-07-30T00:03:49+00:00,on-demand,Titan Xp,1,1,0.055556,0.055556,0.055556,0.055556,0.055556,0.055556,0.998002
2026-07-30T00:03:49+00:00,bid,A100 PCIE,20,30,0.133889,0.135278,0.135556,0.202222,0.46963,0.202222,0.995031
2026-07-30T00:03:49+00:00,bid,A100 SXM4,36,77,0.135556,0.531204,0.788111,0.885069,1.002222,0.680741,0.991703
2026-07-30T00:03:49+00:00,bid,A10g,1,1,0.081185,0.081185,0.081185,0.081185,0.081185,,0.773621
2026-07-30T00:03:49+00:00,bid,A800 PCIE,6,11,0.129889,0.130444,0.131,0.131556,0.131556,,0.994256
2026-07-30T00:03:49+00:00,bid,B200,14,44,4.552431,5.627214,5.75651,7.094596,7.377083,6.251302,0.978022
2026-07-30T00:03:49+00:00,bid,B300,1,1,3.940083,3.940083,3.940083,3.940083,3.940083,3.940083,0.980456
2026-07-30T00:03:49+00:00,bid,CMP 170HX,5,21,0.160185,0.160556,0.161111,0.161111,0.162222,,0.928653
2026-07-30T00:03:49+00:00,bid,GTX 1050 Ti,1,1,0.024444,0.024444,0.024444,0.024444,0.024444,,0.9789
2026-07-30T00:03:49+00:00,bid,GTX 1060,2,2,0.014074,0.018333,0.022593,0.026852,0.031111,,0.9765
2026-07-30T00:03:49+00:00,bid,GTX 1070,2,2,0.015556,0.018218,0.02088,0.023542,0.026204,0.026204,0.988751
2026-07-30T00:03:49+00:00,bid,GTX 1070 Ti,1,1,0.042222,0.042222,0.042222,0.042222,0.042222,0.042222,0.988018
2026-07-30T00:03:49+00:00,bid,GTX 1080,4,13,0.014815,0.033981,0.040463,0.040694,0.041111,0.040556,0.996139
2026-07-30T00:03:49+00:00,bid,GTX 1080 Ti,4,11,0.040556,0.040972,0.041667,0.045139,0.053889,0.041667,0.996955
2026-07-30T00:03:49+00:00,bid,GTX 1650 S,1,1,0.037778,0.037778,0.037778,0.037778,0.037778,,0.980953
2026-07-30T00:03:49+00:00,bid,GTX 1660,1,1,0.037778,0.037778,0.037778,0.037778,0.037778,,0.988202
2026-07-30T00:03:49+00:00,bid,GTX 1660 S,1,1,0.031111,0.031111,0.031111,0.031111,0.031111,,0.935299
2026-07-30T00:03:49+00:00,bid,GTX 1660 Ti,1,1,0.037778,0.037778,0.037778,0.037778,0.037778,0.037778,0.982691
2026-07-30T00:03:49+00:00,bid,H100 NVL,7,11,0.806519,1.568444,1.602667,1.934722,2.06963,1.602,0.98398
2026-07-30T00:03:49+00:00,bid,H100 PCIE,5,20,1.333611,1.333889,1.334445,1.600556,1.601111,1.334445,0.967689
2026-07-30T00:03:49+00:00,bid,H100 SXM,18,47,0.267222,1.013778,1.067407,1.804778,4.002222,1.067407,0.991774
2026-07-30T00:03:49+00:00,bid,H200,9,19,2.63231,3.486404,3.81652,3.817251,3.947917,3.651645,0.997559
2026-07-30T00:03:49+00:00,bid,H200 NVL,9,28,1.333611,1.339111,1.867222,2.254445,3.211111,2.255,0.987322
2026-07-30T00:03:49+00:00,bid,L4,7,15,0.134444,0.168519,0.215556,0.3205,0.322222,0.260963,0.997918
2026-07-30T00:03:49+00:00,bid,L40,6,13,0.267407,0.468056,0.468889,0.470556,0.471111,0.468889,0.986479
2026-07-30T00:03:49+00:00,bid,L40S,28,91,0.20137,0.433889,0.535,0.540741,0.803704,0.537037,0.998055
2026-07-30T00:03:49+00:00,bid,Q RTX 5000,1,2,0.054074,0.054074,0.054074,0.054074,0.054074,,0.982977
2026-07-30T00:03:49+00:00,bid,Q RTX 8000,2,2,0.041037,0.068667,0.096296,0.123926,0.151556,0.096296,0.996782
2026-07-30T00:03:49+00:00,bid,Quadro GV100,1,1,0.134074,0.134074,0.134074,0.134074,0.134074,,0.96873
2026-07-30T00:03:49+00:00,bid,Quadro P4000,4,6,0.040741,0.041296,0.048926,0.056463,0.056741,0.056556,0.976696
2026-07-30T00:03:49+00:00,bid,RTX 2060,3,3,0.027852,0.029481,0.031111,0.183333,0.335556,0.183333,0.988282
2026-07-30T00:03:49+00:00,bid,RTX 2060S,2,5,0.046978,0.066159,0.085341,0.104522,0.123704,0.085341,0.965225
2026-07-30T00:03:49+00:00,bid,RTX 2070S,2,17,0.066831,0.066836,0.066842,0.066847,0.066852,,0.987475
2026-07-30T00:03:49+00:00,bid,RTX 2080 Ti,4,5,0.040593,0.041815,0.055,0.078056,0.108889,0.067778,0.993979
2026-07-30T00:03:49+00:00,bid,RTX 2080S,1,1,0.037778,0.037778,0.037778,0.037778,0.037778,0.037778,0.88378
2026-07-30T00:03:49+00:00,bid,RTX 3060,15,55,0.028889,0.042972,0.054444,0.068963,0.13437,0.067843,0.994698
2026-07-30T00:03:49+00:00,bid,RTX 3060 Ti,2,3,0.041852,0.042315,0.042778,0.043241,0.043704,,0.997017
2026-07-30T00:03:49+00:00,bid,RTX 3060 laptop,3,11,0.013352,0.013491,0.01363,0.026037,0.038444,,0.985549
2026-07-30T00:03:49+00:00,bid,RTX 3070,9,28,0.026944,0.041111,0.067778,0.068519,0.093889,0.068519,0.996636
2026-07-30T00:03:49+00:00,bid,RTX 3080,9,25,0.051222,0.066944,0.067778,0.240332,0.322222,0.154055,0.988028
2026-07-30T00:03:49+00:00,bid,RTX 3080 Ti,7,9,0.054963,0.092222,0.107407,0.142222,0.188889,0.108889,0.995171
2026-07-30T00:03:49+00:00,bid,RTX 3090,58,143,0.053778,0.095556,0.133657,0.16963,0.375556,0.148148,0.989131
2026-07-30T00:03:49+00:00,bid,RTX 3090 Ti,1,1,0.068889,0.068889,0.068889,0.068889,0.068889,,0.995483
2026-07-30T00:03:49+00:00,bid,RTX 4000Ada,1,1,0.162222,0.162222,0.162222,0.162222,0.162222,,0.994734
2026-07-30T00:03:49+00:00,bid,RTX 4060,7,17,0.039259,0.05358,0.053926,0.055037,0.083704,0.055556,0.982335
2026-07-30T00:03:49+00:00,bid,RTX 4060 Ti,5,9,0.039778,0.041111,0.041111,0.042222,0.107778,0.041667,0.996653
2026-07-30T00:03:49+00:00,bid,RTX 4070,2,3,0.075778,0.097389,0.119,0.140611,0.162222,0.119,0.998581
2026-07-30T00:03:49+00:00,bid,RTX 4070 Ti,6,11,0.081481,0.135556,0.228056,0.240972,0.241111,0.108889,0.990412
2026-07-30T00:03:49+00:00,bid,RTX 4070S,16,50,0.067222,0.069028,0.073778,0.077523,0.084815,0.074222,0.989634
2026-07-30T00:03:49+00:00,bid,RTX 4070S Ti,7,13,0.095741,0.098148,0.108889,0.201667,0.202222,0.108889,0.994706
2026-07-30T00:03:49+00:00,bid,RTX 4080,7,12,0.133593,0.134519,0.135556,0.191926,0.255556,0.13537,0.994384
2026-07-30T00:03:49+00:00,bid,RTX 4080S,17,56,0.068481,0.128889,0.187185,0.200556,0.24037,0.149074,0.989944
2026-07-30T00:03:49+00:00,bid,RTX 4090,73,231,0.134074,0.231852,0.334519,0.604444,0.762222,0.537037,0.994556
2026-07-30T00:03:49+00:00,bid,RTX 4090D,4,8,0.604556,0.604972,0.605667,0.606222,0.606222,,0.967226
2026-07-30T00:03:49+00:00,bid,RTX 5000Ada,4,5,0.334444,0.335278,0.335556,0.352037,0.401481,0.335556,0.993934
2026-07-30T00:03:49+00:00,bid,RTX 5060,4,5,0.041111,0.0505,0.074593,0.108889,0.148889,0.101259,0.985068
2026-07-30T00:03:49+00:00,bid,RTX 5060 Ti,24,52,0.046444,0.068796,0.081012,0.120185,0.801481,0.081481,0.996148
2026-07-30T00:03:49+00:00,bid,RTX 5070,4,5,0.055556,0.055556,0.068889,0.098704,0.148148,0.101852,0.980597
2026-07-30T00:03:49+00:00,bid,RTX 5070 Ti,9,14,0.078444,0.107778,0.108889,0.108889,0.183704,0.107778,0.997439
2026-07-30T00:03:49+00:00,bid,RTX 5080,18,47,0.093376,0.130598,0.136148,0.148611,0.241111,0.1475,0.992762
2026-07-30T00:03:49+00:00,bid,RTX 5090,78,217,0.102222,0.311454,0.400315,0.534815,0.908889,0.402037,0.994834
2026-07-30T00:03:49+00:00,bid,RTX 5880Ada,4,6,0.295185,0.296574,0.297037,0.30637,0.33437,0.297037,0.995913
2026-07-30T00:03:49+00:00,bid,RTX 6000Ada,18,39,0.134815,0.297917,0.400417,0.528611,0.74963,0.402222,0.993259
2026-07-30T00:03:49+00:00,bid,RTX A2000,1,1,0.400148,0.400148,0.400148,0.400148,0.400148,,0.994265
2026-07-30T00:03:49+00:00,bid,RTX A4000,8,46,0.058222,0.075315,0.093796,0.11349,0.133611,0.067037,0.970954
2026-07-30T00:03:49+00:00,bid,RTX A5000,2,11,0.020556,0.072163,0.12377,0.175377,0.226984,0.12377,0.952291
2026-07-30T00:03:49+00:00,bid,RTX A6000,12,34,0.202593,0.253819,0.285528,0.334306,0.374444,0.373889,0.981355
2026-07-30T00:03:49+00:00,bid,RTX PRO 4000,10,17,0.067222,0.067944,0.068889,0.178611,0.241481,0.217037,0.985018
2026-07-30T00:03:49+00:00,bid,RTX PRO 5000,20,42,0.135926,0.400648,0.50125,0.605682,1.202593,0.435185,0.991629
2026-07-30T00:03:49+00:00,bid,RTX PRO 6000 S,23,66,0.66963,0.802963,1.067407,1.254922,1.493611,1.001111,0.996616
2026-07-30T00:03:49+00:00,bid,RTX PRO 6000 WS,26,54,0.534074,0.661019,0.760907,0.908889,1.32363,0.787111,0.986105
2026-07-30T00:03:49+00:00,bid,Tesla P100,4,5,0.041481,0.111204,0.135,0.135556,0.135556,0.135556,0.989013
2026-07-30T00:03:49+00:00,bid,Tesla T4,3,4,3.400741,3.401111,3.401481,3.401481,3.401481,,0.9724
2026-07-30T00:03:49+00:00,bid,Tesla V100,11,21,0.017889,0.057481,0.095407,0.161389,0.242222,0.162222,0.991528
2026-07-30T00:03:49+00:00,bid,Titan RTX,2,3,0.094444,0.098056,0.101667,0.105278,0.108889,0.101667,0.974368
2026-07-30T00:03:49+00:00,bid,Titan Xp,1,1,0.042222,0.042222,0.042222,0.042222,0.042222,0.042222,0.998002
2026-07-30T00:08:47+00:00,on-demand,A100 PCIE,8,13,0.334444,0.734167,0.93463,1.002222,1.365739,0.935185,0.995383
2026-07-30T00:08:47+00:00,on-demand,A100 SXM4,27,78,0.267037,0.867778,1.066944,1.175,1.847073,1.054139,0.991703
2026-07-30T00:08:47+00:00,on-demand,A10g,1,1,0.161185,0.161185,0.161185,0.161185,0.161185,,0.773621
2026-07-30T00:08:47+00:00,on-demand,B200,15,59,5.625174,5.837413,5.876302,7.126519,7.752083,6.190104,0.978022
2026-07-30T00:08:47+00:00,on-demand,B300,2,5,5.625521,6.094661,6.563802,7.032943,7.502083,7.502083,0.986789
2026-07-30T00:08:47+00:00,on-demand,CMP 170HX,4,15,0.186944,0.187153,0.1875,0.188056,0.188889,,0.928653
2026-07-30T00:08:47+00:00,on-demand,GTX 1050 Ti,1,1,0.611111,0.611111,0.611111,0.611111,0.611111,,0.9789
2026-07-30T00:08:47+00:00,on-demand,GTX 1060,4,5,0.067407,0.082685,0.088333,0.152778,0.344444,0.088333,0.993818
2026-07-30T00:08:47+00:00,on-demand,GTX 1070,2,2,0.202222,0.284444,0.366667,0.448889,0.531111,0.531111,0.988751
2026-07-30T00:08:47+00:00,on-demand,GTX 1070 Ti,1,1,0.050222,0.050222,0.050222,0.050222,0.050222,0.050222,0.988018
2026-07-30T00:08:47+00:00,on-demand,GTX 1080,3,9,0.030815,0.039593,0.04837,0.048741,0.049111,0.048741,0.99681
2026-07-30T00:08:47+00:00,on-demand,GTX 1080 Ti,4,9,0.061111,0.061944,0.068056,0.074028,0.074444,0.068056,0.996776
2026-07-30T00:08:47+00:00,on-demand,GTX 1660 S,2,2,0.451111,0.605556,0.76,0.914444,1.068889,1.068889,0.920592
2026-07-30T00:08:47+00:00,on-demand,GTX 1660 Ti,1,1,0.611111,0.611111,0.611111,0.611111,0.611111,0.611111,0.982691
2026-07-30T00:08:47+00:00,on-demand,H100 NVL,5,9,2.121481,2.268889,2.348889,2.953185,3.333889,2.651037,0.986389
2026-07-30T00:08:47+00:00,on-demand,H100 PCIE,3,14,2.000556,2.067083,2.133611,2.134028,2.134444,2.133611,0.967689
2026-07-30T00:08:47+00:00,on-demand,H100 SXM,13,37,1.468889,1.677778,2.200741,3.001333,4.413778,2.429185,0.994332
2026-07-30T00:08:47+00:00,on-demand,H200,10,29,3.816155,3.934942,3.935673,4.080729,6.974232,4.079496,0.997559
2026-07-30T00:08:47+00:00,on-demand,H200 NVL,8,27,2.800317,2.800694,2.867917,3.502778,4.921111,3.577778,0.988197
2026-07-30T00:08:47+00:00,on-demand,L4,5,6,0.027111,0.202222,0.322222,0.334444,0.334815,0.33463,0.984049
2026-07-30T00:08:47+00:00,on-demand,L40,4,9,0.455185,0.54463,0.575,0.576111,0.577778,0.575,0.986479
2026-07-30T00:08:47+00:00,on-demand,L40S,15,52,0.400741,0.498333,0.667407,0.934352,1.074074,0.801111,0.995121
2026-07-30T00:08:47+00:00,on-demand,Q RTX 5000,1,2,0.080741,0.080741,0.080741,0.080741,0.080741,,0.982977
2026-07-30T00:08:47+00:00,on-demand,Q RTX 6000,1,2,0.134074,0.134074,0.134074,0.134074,0.134074,0.134074,0.998583
2026-07-30T00:08:47+00:00,on-demand,Q RTX 8000,4,8,0.253704,0.253981,0.254444,0.259333,0.272889,0.254444,0.998678
2026-07-30T00:08:47+00:00,on-demand,Quadro GV100,1,1,0.467407,0.467407,0.467407,0.467407,0.467407,,0.96873
2026-07-30T00:08:47+00:00,on-demand,Quadro P4000,4,6,0.047407,0.047963,0.052593,0.059528,0.067,0.062019,0.97476
2026-07-30T00:08:47+00:00,on-demand,RTX 2060,2,2,0.053185,0.142667,0.232148,0.32163,0.411111,0.411111,0.983155
2026-07-30T00:08:47+00:00,on-demand,RTX 2060S,1,1,0.283704,0.283704,0.283704,0.283704,0.283704,0.283704,0.951353
2026-07-30T00:08:47+00:00,on-demand,RTX 2070S,1,9,0.073498,0.073498,0.073498,0.073498,0.073498,,0.987475
2026-07-30T00:08:47+00:00,on-demand,RTX 2080 Ti,10,37,0.040444,0.075672,0.08003,0.080097,0.811111,0.080032,0.995056
2026-07-30T00:08:47+00:00,on-demand,RTX 2080S,1,1,0.744444,0.744444,0.744444,0.744444,0.744444,0.744444,0.88378
2026-07-30T00:08:47+00:00,on-demand,RTX 3060,12,51,0.034815,0.052852,0.065315,0.084514,1.335556,0.062852,0.993007
2026-07-30T00:08:47+00:00,on-demand,RTX 3060 laptop,3,11,0.026685,0.033898,0.041111,0.041667,0.042222,,0.998769
2026-07-30T00:08:47+00:00,on-demand,RTX 3070,11,45,0.042222,0.067937,0.080278,0.094398,0.107222,0.077361,0.989305
2026-07-30T00:08:47+00:00,on-demand,RTX 3080,12,37,0.048889,0.104157,0.127546,0.251019,0.388889,0.197944,0.994147
2026-07-30T00:08:47+00:00,on-demand,RTX 3080 Ti,4,4,0.142222,0.151111,0.224815,0.538889,1.268889,0.218889,0.994799
2026-07-30T00:08:47+00:00,on-demand,RTX 3090,35,123,0.106944,0.144028,0.200315,0.391259,1.187778,0.213667,0.98819
2026-07-30T00:08:47+00:00,on-demand,RTX 3090 Ti,1,1,0.175556,0.175556,0.175556,0.175556,0.175556,,0.993186
2026-07-30T00:08:47+00:00,on-demand,RTX 4000Ada,1,1,0.202222,0.202222,0.202222,0.202222,0.202222,,0.994734
2026-07-30T00:08:47+00:00,on-demand,RTX 4060,8,25,0.060198,0.060972,0.061852,0.063333,0.082222,0.061667,0.996895
2026-07-30T00:08:47+00:00,on-demand,RTX 4060 Ti,4,11,0.079778,0.081611,0.097901,0.121463,0.145111,0.11358,0.995776
2026-07-30T00:08:47+00:00,on-demand,RTX 4070,2,3,0.095185,0.095278,0.09537,0.095463,0.095556,0.09537,0.99196
2026-07-30T00:08:47+00:00,on-demand,RTX 4070 Ti,8,21,0.088519,0.093944,0.10213,0.252139,0.282444,0.10213,0.991875
2026-07-30T00:08:47+00:00,on-demand,RTX 4070S,10,44,0.080556,0.081134,0.083519,0.087801,0.107222,0.087593,0.992094
2026-07-30T00:08:47+00:00,on-demand,RTX 4070S Ti,7,13,0.088889,0.120093,0.124815,0.224444,0.248889,0.124815,0.995959
2026-07-30T00:08:47+00:00,on-demand,RTX 4080,5,9,0.162222,0.175185,0.177037,0.186926,0.295556,0.181981,0.994384
2026-07-30T00:08:47+00:00,on-demand,RTX 4080S,19,64,0.098222,0.161389,0.200556,0.202222,0.287037,0.181389,0.990144
2026-07-30T00:08:47+00:00,on-demand,RTX 4090,48,180,0.133889,0.303444,0.371235,0.572315,1.138341,0.549444,0.992297
2026-07-30T00:08:47+00:00,on-demand,RTX 4090D,1,2,0.667778,0.667778,0.667778,0.667778,0.667778,,0.967226
2026-07-30T00:08:47+00:00,on-demand,RTX 5000Ada,3,4,0.374444,0.408333,0.442222,0.448889,0.455556,0.408333,0.993934
2026-07-30T00:08:47+00:00,on-demand,RTX 5060,4,4,0.068889,0.075,0.112963,0.157222,0.182222,0.12963,0.991441
2026-07-30T00:08:47+00:00,on-demand,RTX 5060 Ti,15,45,0.071852,0.10116,0.107778,0.228648,1.204444,0.150833,0.993967
2026-07-30T00:08:47+00:00,on-demand,RTX 5070,7,13,0.075556,0.085648,0.095185,0.108889,0.147407,0.094722,0.987651
2026-07-30T00:08:47+00:00,on-demand,RTX 5070 Ti,5,10,0.118444,0.133889,0.134444,0.201111,0.202222,0.1675,0.996477
2026-07-30T00:08:47+00:00,on-demand,RTX 5080,18,63,0.121111,0.161389,0.173889,0.177222,0.802963,0.175556,0.982799
2026-07-30T00:08:47+00:00,on-demand,RTX 5090,56,180,0.212889,0.449219,0.522361,0.919361,3.615556,0.801296,0.991412
2026-07-30T00:08:47+00:00,on-demand,RTX 5880Ada,4,15,0.453593,0.453787,0.511185,0.568981,0.57037,0.511185,0.995664
2026-07-30T00:08:47+00:00,on-demand,RTX 6000Ada,11,28,0.362444,0.440833,0.640278,0.681389,0.788148,0.680556,0.993259
2026-07-30T00:08:47+00:00,on-demand,RTX A2000,5,6,0.034074,0.036148,0.036148,0.493481,1.335556,,0.995192
2026-07-30T00:08:47+00:00,on-demand,RTX A4000,2,16,0.133519,0.136875,0.140231,0.143588,0.146944,,0.966936
2026-07-30T00:08:47+00:00,on-demand,RTX A4500,1,1,1.274815,1.274815,1.274815,1.274815,1.274815,,0.998029
2026-07-30T00:08:47+00:00,on-demand,RTX A5000,1,7,0.230984,0.230984,0.230984,0.230984,0.230984,0.230984,0.998093
2026-07-30T00:08:47+00:00,on-demand,RTX A6000,7,24,0.266944,0.373981,0.374444,0.400833,1.202222,,0.991034
2026-07-30T00:08:47+00:00,on-demand,RTX PRO 4000,9,23,0.167037,0.202222,0.263704,0.317852,0.337037,0.317852,0.990812
2026-07-30T00:08:47+00:00,on-demand,RTX PRO 4500,1,1,0.282222,0.282222,0.282222,0.282222,0.282222,,0.99533
2026-07-30T00:08:47+00:00,on-demand,RTX PRO 5000,10,26,0.631852,0.640694,0.754778,0.876204,0.888148,0.641111,0.991629
2026-07-30T00:08:47+00:00,on-demand,RTX PRO 6000 S,14,54,1.334074,1.538403,1.600278,1.601944,1.736296,1.601111,0.996616
2026-07-30T00:08:47+00:00,on-demand,RTX PRO 6000 WS,19,47,0.735556,1.055704,1.33463,1.594722,26.66963,1.328111,0.986105
2026-07-30T00:08:47+00:00,on-demand,Tesla P100,5,10,0.068148,0.081481,0.094074,0.201111,0.202222,0.147593,0.989013
2026-07-30T00:08:47+00:00,on-demand,Tesla P4,1,1,0.025481,0.025481,0.025481,0.025481,0.025481,,0.989852
2026-07-30T00:08:47+00:00,on-demand,Tesla T4,2,3,12.000741,12.000926,12.001111,12.001296,12.001481,,0.9724
2026-07-30T00:08:47+00:00,on-demand,Tesla V100,12,34,0.027222,0.0665,0.107083,0.182111,0.335556,0.333889,0.991528
2026-07-30T00:08:47+00:00,on-demand,Titan RTX,1,1,0.162222,0.162222,0.162222,0.162222,0.162222,0.162222,0.998475
2026-07-30T00:08:47+00:00,on-demand,Titan Xp,1,1,0.055556,0.055556,0.055556,0.055556,0.055556,0.055556,0.996734
2026-07-30T00:08:47+00:00,bid,A100 PCIE,20,30,0.133889,0.135278,0.135556,0.201667,0.464406,0.168889,0.995031
2026-07-30T00:08:47+00:00,bid,A100 SXM4,38,71,0.135556,0.401481,0.603889,0.868611,1.069333,0.601296,0.991703
2026-07-30T00:08:47+00:00,bid,A10g,1,1,0.081185,0.081185,0.081185,0.081185,0.081185,,0.773621
2026-07-30T00:08:47+00:00,bid,A800 PCIE,5,9,0.129889,0.130444,0.131556,0.131556,0.131556,,0.994256
2026-07-30T00:08:47+00:00,bid,B200,16,65,3.750174,5.625304,5.632812,6.533268,7.377083,6.251302,0.981106
2026-07-30T00:08:47+00:00,bid,B300,1,1,3.940083,3.940083,3.940083,3.940083,3.940083,3.940083,0.980456
2026-07-30T00:08:47+00:00,bid,CMP 170HX,6,31,0.160185,0.160347,0.160556,0.160972,0.162222,,0.928653
2026-07-30T00:08:47+00:00,bid,GTX 1050 Ti,1,1,0.024444,0.024444,0.024444,0.024444,0.024444,,0.9789
2026-07-30T00:08:47+00:00,bid,GTX 1060,2,2,0.014074,0.018333,0.022593,0.026852,0.031111,,0.9765
2026-07-30T00:08:47+00:00,bid,GTX 1070,2,2,0.015556,0.018218,0.02088,0.023542,0.026204,0.026204,0.988751
2026-07-30T00:08:47+00:00,bid,GTX 1080,4,10,0.014815,0.033981,0.040741,0.041389,0.042222,0.041111,0.994572
2026-07-30T00:08:47+00:00,bid,GTX 1080 Ti,5,11,0.041111,0.041111,0.053889,0.054444,0.055556,0.053889,0.996955
2026-07-30T00:08:47+00:00,bid,GTX 1650 S,1,1,0.037778,0.037778,0.037778,0.037778,0.037778,,0.980953
2026-07-30T00:08:47+00:00,bid,GTX 1660 S,1,1,0.031111,0.031111,0.031111,0.031111,0.031111,,0.935299
2026-07-30T00:08:47+00:00,bid,GTX 1660 Ti,1,1,0.037778,0.037778,0.037778,0.037778,0.037778,0.037778,0.982691
2026-07-30T00:08:47+00:00,bid,H100 NVL,7,11,0.806519,1.435556,1.601333,1.934722,2.06963,1.568444,0.98398
2026-07-30T00:08:47+00:00,bid,H100 PCIE,6,19,0.359111,1.33382,1.4675,1.600972,1.602222,1.4675,0.989893
2026-07-30T00:08:47+00:00,bid,H100 SXM,20,52,0.267778,1.006519,1.068148,2.003333,4.002222,1.534407,0.993952
2026-07-30T00:08:47+00:00,bid,H200,11,33,2.631944,3.816429,3.817251,3.88295,6.711075,3.817617,0.997564
2026-07-30T00:08:47+00:00,bid,H200 NVL,9,24,1.333611,1.866984,1.868889,2.254444,3.211111,2.255,0.988197
2026-07-30T00:08:47+00:00,bid,L4,6,8,0.134444,0.205,0.241481,0.268519,0.322222,0.267407,0.997894
2026-07-30T00:08:47+00:00,bid,L40,4,8,0.467778,0.468611,0.47,0.471111,0.471111,0.47,0.986479
2026-07-30T00:08:47+00:00,bid,L40S,23,67,0.200185,0.467778,0.535185,0.540741,0.801852,0.540741,0.998369
2026-07-30T00:08:47+00:00,bid,Q RTX 5000,1,2,0.054074,0.054074,0.054074,0.054074,0.054074,,0.982977
2026-07-30T00:08:47+00:00,bid,Q RTX 8000,3,3,0.041037,0.070407,0.099778,0.125667,0.151556,0.099778,0.999026
2026-07-30T00:08:47+00:00,bid,Quadro GV100,1,1,0.134074,0.134074,0.134074,0.134074,0.134074,,0.96873
2026-07-30T00:08:47+00:00,bid,Quadro P4000,5,8,0.040741,0.042222,0.045667,0.054,0.05637,0.054,0.980474
2026-07-30T00:08:47+00:00,bid,RTX 2060,3,3,0.027852,0.029481,0.031111,0.183333,0.335556,0.183333,0.988282
2026-07-30T00:08:47+00:00,bid,RTX 2060S,3,7,0.046889,0.046933,0.046978,0.085341,0.123704,0.046978,0.956232
2026-07-30T00:08:47+00:00,bid,RTX 2070S,2,11,0.053667,0.056958,0.060249,0.06354,0.066831,0.053667,0.986768
2026-07-30T00:08:47+00:00,bid,RTX 2080 Ti,4,5,0.040593,0.041815,0.055,0.078056,0.108889,0.067778,0.993979
2026-07-30T00:08:47+00:00,bid,RTX 2080S,1,1,0.037778,0.037778,0.037778,0.037778,0.037778,0.037778,0.88378
2026-07-30T00:08:47+00:00,bid,RTX 3060,13,47,0.025111,0.040463,0.054444,0.068148,0.13437,0.066944,0.991316
2026-07-30T00:08:47+00:00,bid,RTX 3060 Ti,2,3,0.041852,0.042315,0.042778,0.043241,0.043704,,0.997017
2026-07-30T00:08:47+00:00,bid,RTX 3060 laptop,2,10,0.013352,0.019625,0.025898,0.032171,0.038444,,0.992159
2026-07-30T00:08:47+00:00,bid,RTX 3070,10,30,0.026944,0.040694,0.048704,0.068352,0.094444,0.067852,0.994325
2026-07-30T00:08:47+00:00,bid,RTX 3080,10,25,0.042222,0.070764,0.121852,0.240394,0.322222,0.240332,0.994316
2026-07-30T00:08:47+00:00,bid,RTX 3080 Ti,9,11,0.055556,0.07037,0.095556,0.107407,0.188889,0.107407,0.995035
2026-07-30T00:08:47+00:00,bid,RTX 3090,62,146,0.016889,0.103009,0.134704,0.184324,0.375556,0.148889,0.98214
2026-07-30T00:08:47+00:00,bid,RTX 3090 Ti,1,1,0.068889,0.068889,0.068889,0.068889,0.068889,,0.995483
2026-07-30T00:08:47+00:00,bid,RTX 4000Ada,1,1,0.162222,0.162222,0.162222,0.162222,0.162222,,0.994734
2026-07-30T00:08:47+00:00,bid,RTX 4060,5,15,0.031111,0.053531,0.05363,0.053926,0.053926,,0.982335
2026-07-30T00:08:47+00:00,bid,RTX 4060 Ti,6,9,0.039778,0.041389,0.059556,0.100056,0.108889,0.107778,0.996937
2026-07-30T00:08:47+00:00,bid,RTX 4070,4,8,0.033741,0.059269,0.071778,0.097389,0.162222,0.071778,0.992835
2026-07-30T00:08:47+00:00,bid,RTX 4070 Ti,6,11,0.081481,0.135556,0.228056,0.240972,0.241111,0.108889,0.990412
2026-07-30T00:08:47+00:00,bid,RTX 4070S,15,60,0.067222,0.06838,0.069074,0.076296,0.081204,0.071481,0.982235
2026-07-30T00:08:47+00:00,bid,RTX 4070S Ti,6,12,0.098148,0.127361,0.200833,0.201111,0.202222,0.200833,0.999462
2026-07-30T00:08:47+00:00,bid,RTX 4080,9,14,0.067778,0.135185,0.137037,0.18163,0.255556,0.135556,0.99158
2026-07-30T00:08:47+00:00,bid,RTX 4080S,19,62,0.092889,0.150278,0.187704,0.200796,0.240741,0.201037,0.989944
2026-07-30T00:08:47+00:00,bid,RTX 4090,75,230,0.134074,0.202259,0.27037,0.403704,0.762222,0.367741,0.994556
2026-07-30T00:08:47+00:00,bid,RTX 4090D,3,7,0.604556,0.604833,0.605111,0.605667,0.606222,,0.967226
2026-07-30T00:08:47+00:00,bid,RTX 5000Ada,3,4,0.268889,0.301667,0.334444,0.335,0.335556,0.334444,0.993934
2026-07-30T00:08:47+00:00,bid,RTX 5060,6,8,0.040296,0.044204,0.05563,0.086111,0.148889,0.057778,0.990805
2026-07-30T00:08:47+00:00,bid,RTX 5060 Ti,24,55,0.059259,0.070556,0.081222,0.134259,0.160889,0.094167,0.995402
2026-07-30T00:08:47+00:00,bid,RTX 5070,6,8,0.054815,0.055556,0.075185,0.095926,0.121111,0.055556,0.968184
2026-07-30T00:08:47+00:00,bid,RTX 5070 Ti,12,20,0.082222,0.094444,0.107778,0.108056,0.158963,0.095,0.99502
2026-07-30T00:08:47+00:00,bid,RTX 5080,22,53,0.081111,0.108389,0.135093,0.16975,0.242222,0.1475,0.987814
2026-07-30T00:08:47+00:00,bid,RTX 5090,78,202,0.102222,0.272037,0.373642,0.53463,0.906944,0.387315,0.995425
2026-07-30T00:08:47+00:00,bid,RTX 5880Ada,4,5,0.295185,0.296574,0.297037,0.297037,0.297037,0.297037,0.99367
2026-07-30T00:08:47+00:00,bid,RTX 6000Ada,20,41,0.139259,0.387639,0.400694,0.501898,0.74963,0.402222,0.991338
2026-07-30T00:08:47+00:00,bid,RTX A2000,1,1,0.400148,0.400148,0.400148,0.400148,0.400148,,0.994265
2026-07-30T00:08:47+00:00,bid,RTX A4000,9,51,0.057111,0.067259,0.094444,0.106852,0.133611,0.067037,0.97131
2026-07-30T00:08:47+00:00,bid,RTX A5000,1,4,0.020556,0.020556,0.020556,0.020556,0.020556,0.020556,0.906489
2026-07-30T00:08:47+00:00,bid,RTX A6000,13,32,0.143704,0.253611,0.302167,0.321111,0.374444,,0.98424
2026-07-30T00:08:47+00:00,bid,RTX PRO 4000,12,19,0.067222,0.068278,0.068889,0.221667,0.241481,0.238519,0.985018
2026-07-30T00:08:47+00:00,bid,RTX PRO 5000,21,41,0.165185,0.400741,0.468889,0.534444,1.202593,0.468889,0.987729
2026-07-30T00:08:47+00:00,bid,RTX PRO 6000 S,16,43,0.780229,1.046944,1.06963,1.268889,1.493611,1.068148,0.997895
2026-07-30T00:08:47+00:00,bid,RTX PRO 6000 WS,26,51,0.467778,0.537407,0.602,0.798444,1.32363,0.668343,0.988813
2026-07-30T00:08:47+00:00,bid,Tesla P100,3,4,0.041481,0.087963,0.134444,0.135,0.135556,0.135,0.989013
2026-07-30T00:08:47+00:00,bid,Tesla T4,3,4,3.400741,3.401111,3.401481,3.401481,3.401481,,0.9724
2026-07-30T00:08:47+00:00,bid,Tesla V100,13,24,0.017889,0.088889,0.095407,0.162222,0.242222,0.166222,0.991528
2026-07-30T00:08:47+00:00,bid,Titan RTX,3,4,0.094444,0.101667,0.108889,0.122222,0.135556,0.108889,0.998347
2026-07-30T00:08:47+00:00,bid,Titan Xp,1,1,0.042222,0.042222,0.042222,0.042222,0.042222,0.042222,0.998002
2026-07-30T00:13:49+00:00,on-demand,A100 PCIE,10,25,0.333611,0.425278,0.876994,1.0011,1.365739,0.996083,0.996519
2026-07-30T00:13:49+00:00,on-demand,A100 SXM4,25,64,0.267037,0.92037,1.067037,1.188,1.735185,0.948741,0.992117
2026-07-30T00:13:49+00:00,on-demand,A10g,1,1,0.161185,0.161185,0.161185,0.161185,0.161185,,0.773621
2026-07-30T00:13:49+00:00,on-demand,A800 PCIE,4,8,0.468148,0.617454,0.6675,0.668056,0.668889,,0.994263
2026-07-30T00:13:49+00:00,on-demand,B200,12,49,5.804861,5.871615,6.314453,7.562891,7.752083,6.751302,0.980248
2026-07-30T00:13:49+00:00,on-demand,B300,2,5,5.625521,6.094661,6.563802,7.032943,7.502083,7.502083,0.986848
2026-07-30T00:13:49+00:00,on-demand,CMP 170HX,5,27,0.186852,0.186944,0.187222,0.187778,0.188889,,0.929538
2026-07-30T00:13:49+00:00,on-demand,GTX 1050 Ti,1,1,0.611111,0.611111,0.611111,0.611111,0.611111,,0.979066
2026-07-30T00:13:49+00:00,on-demand,GTX 1060,4,5,0.067407,0.082685,0.088333,0.152778,0.344444,0.088333,0.993887
2026-07-30T00:13:49+00:00,on-demand,GTX 1070,2,2,0.202222,0.284444,0.366667,0.448889,0.531111,0.531111,0.988823
2026-07-30T00:13:49+00:00,on-demand,GTX 1070 Ti,2,5,0.048556,0.048972,0.049389,0.049806,0.050222,0.049389,0.992696
2026-07-30T00:13:49+00:00,on-demand,GTX 1080,3,9,0.04837,0.048741,0.049111,0.049741,0.05037,0.048741,0.996811
2026-07-30T00:13:49+00:00,on-demand,GTX 1080 Ti,5,13,0.060556,0.061111,0.064889,0.073889,0.074444,0.064889,0.996971
2026-07-30T00:13:49+00:00,on-demand,GTX 1650 S,1,1,0.677778,0.677778,0.677778,0.677778,0.677778,,0.98113
2026-07-30T00:13:49+00:00,on-demand,GTX 1660 S,2,2,0.451111,0.605556,0.76,0.914444,1.068889,1.068889,0.922203
2026-07-30T00:13:49+00:00,on-demand,GTX 1660 Ti,1,1,0.611111,0.611111,0.611111,0.611111,0.611111,0.611111,0.982872
2026-07-30T00:13:49+00:00,on-demand,H100 NVL,6,10,2.122222,2.302,2.402,2.785556,3.333889,2.402667,0.983322
2026-07-30T00:13:49+00:00,on-demand,H100 PCIE,3,13,1.733481,1.867019,2.000556,2.068056,2.135556,2.000556,0.967799
2026-07-30T00:13:49+00:00,on-demand,H100 SXM,13,29,1.468889,1.677778,2.385926,3.001333,4.413778,3.000667,0.994335
2026-07-30T00:13:49+00:00,on-demand,H200,9,25,3.684759,3.934942,3.935673,4.080044,6.974232,4.007858,0.997566
2026-07-30T00:13:49+00:00,on-demand,H200 NVL,6,14,2.933611,3.171111,3.507778,4.575278,4.922222,4.229444,0.986532
2026-07-30T00:13:49+00:00,on-demand,L4,5,6,0.027111,0.202222,0.322222,0.334444,0.335556,0.335,0.984055
2026-07-30T00:13:49+00:00,on-demand,L40,3,7,0.574444,0.575,0.575556,0.576667,0.577778,0.575556,0.986495
2026-07-30T00:13:49+00:00,on-demand,L40S,13,43,0.400185,0.428296,0.666852,0.801852,1.074074,0.769444,0.995978
2026-07-30T00:13:49+00:00,on-demand,Q RTX 5000,1,2,0.080741,0.080741,0.080741,0.080741,0.080741,,0.983109
2026-07-30T00:13:49+00:00,on-demand,Q RTX 6000,1,2,0.134074,0.134074,0.134074,0.134074,0.134074,0.134074,0.998583
2026-07-30T00:13:49+00:00,on-demand,Q RTX 8000,4,8,0.253704,0.253981,0.262593,0.271556,0.272889,0.262593,0.998678
2026-07-30T00:13:49+00:00,on-demand,Quadro GV100,1,1,0.467407,0.467407,0.467407,0.467407,0.467407,,0.968738
2026-07-30T00:13:49+00:00,on-demand,Quadro P4000,4,6,0.048148,0.05287,0.060741,0.067111,0.067333,0.067185,0.974833
2026-07-30T00:13:49+00:00,on-demand,RTX 2060,2,2,0.053185,0.143778,0.23437,0.324963,0.415556,0.415556,0.98662
2026-07-30T00:13:49+00:00,on-demand,RTX 2070S,1,9,0.073498,0.073498,0.073498,0.073498,0.073498,,0.987476
2026-07-30T00:13:49+00:00,on-demand,RTX 2080 Ti,8,27,0.068889,0.078572,0.080044,0.093787,0.811111,0.080044,0.995029
2026-07-30T00:13:49+00:00,on-demand,RTX 2080S,1,1,0.744444,0.744444,0.744444,0.744444,0.744444,0.744444,0.886383
2026-07-30T00:13:49+00:00,on-demand,RTX 3060,11,42,0.030222,0.059315,0.073498,0.385694,1.335556,0.093611,0.995996
2026-07-30T00:13:49+00:00,on-demand,RTX 3060 laptop,4,13,0.026685,0.037505,0.041667,0.065278,0.134444,0.134444,0.997874
2026-07-30T00:13:49+00:00,on-demand,RTX 3070,12,41,0.041111,0.067163,0.077917,0.107014,0.562222,0.077917,0.989306
2026-07-30T00:13:49+00:00,on-demand,RTX 3080,10,30,0.060278,0.113472,0.127546,0.225286,0.388889,0.148148,0.995872
2026-07-30T00:13:49+00:00,on-demand,RTX 3080 Ti,6,6,0.082222,0.127222,0.148148,0.260185,1.268889,0.218889,0.995104
2026-07-30T00:13:49+00:00,on-demand,RTX 3090,38,124,0.106944,0.136019,0.220898,0.405556,1.336296,0.247556,0.98803
2026-07-30T00:13:49+00:00,on-demand,RTX 3090 Ti,1,1,0.175556,0.175556,0.175556,0.175556,0.175556,,0.993186
2026-07-30T00:13:49+00:00,on-demand,RTX 4000Ada,2,2,0.088444,0.116889,0.145333,0.173778,0.202222,,0.991145
2026-07-30T00:13:49+00:00,on-demand,RTX 4060,8,18,0.060198,0.061389,0.062593,0.068889,2.677778,0.062222,0.996389
2026-07-30T00:13:49+00:00,on-demand,RTX 4060 Ti,5,15,0.079778,0.11358,0.144556,0.145111,0.146222,0.144556,0.998168
2026-07-30T00:13:49+00:00,on-demand,RTX 4070,5,10,0.081111,0.082222,0.088889,0.094444,0.172889,0.094444,0.992416
2026-07-30T00:13:49+00:00,on-demand,RTX 4070 Ti,9,28,0.093111,0.097037,0.107778,0.242222,0.282444,0.1075,0.994283
2026-07-30T00:13:49+00:00,on-demand,RTX 4070S,9,29,0.078815,0.080617,0.081111,0.08963,0.107222,0.080926,0.99285
2026-07-30T00:13:49+00:00,on-demand,RTX 4070S Ti,6,14,0.068889,0.118611,0.121759,0.216019,0.247778,0.122407,0.994591
2026-07-30T00:13:49+00:00,on-demand,RTX 4080,6,10,0.123704,0.161333,0.168704,0.183991,0.268889,0.175185,0.988187
2026-07-30T00:13:49+00:00,on-demand,RTX 4080S,14,47,0.098222,0.163611,0.201556,0.213819,0.287407,0.286852,0.990162
2026-07-30T00:13:49+00:00,on-demand,RTX 4090,55,194,0.133889,0.307667,0.347407,0.569444,1.138341,0.486898,0.994562
2026-07-30T00:13:49+00:00,on-demand,RTX 4090D,3,7,0.667222,0.6675,0.667778,0.668333,0.668889,,0.967226
2026-07-30T00:13:49+00:00,on-demand,RTX 5000Ada,4,5,0.374444,0.375278,0.408889,0.445556,0.455556,0.375556,0.993945
2026-07-30T00:13:49+00:00,on-demand,RTX 5060,5,6,0.075185,0.075556,0.077037,0.148889,0.182222,0.077037,0.994932
2026-07-30T00:13:49+00:00,on-demand,RTX 5060 Ti,16,43,0.071852,0.091611,0.154852,0.27419,1.204444,0.176556,0.993996
2026-07-30T00:13:49+00:00,on-demand,RTX 5070,7,14,0.074259,0.085,0.104444,0.122222,0.161481,0.089815,0.990556
2026-07-30T00:13:49+00:00,on-demand,RTX 5070 Ti,7,13,0.118444,0.134444,0.154222,0.161667,0.200556,0.157667,0.995463
2026-07-30T00:13:49+00:00,on-demand,RTX 5080,16,50,0.160042,0.163889,0.173843,0.237617,0.802963,0.208352,0.982828
2026-07-30T00:13:49+00:00,on-demand,RTX 5090,53,164,0.212889,0.414222,0.467407,0.669037,3.615556,0.660398,0.994288
2026-07-30T00:13:49+00:00,on-demand,RTX 5880Ada,4,15,0.453593,0.453787,0.511185,0.568981,0.57037,0.511185,0.995671
2026-07-30T00:13:49+00:00,on-demand,RTX 6000Ada,11,30,0.362444,0.440833,0.534815,0.661019,0.788889,0.640926,0.992421
2026-07-30T00:13:49+00:00,on-demand,RTX A2000,4,5,0.034074,0.03563,0.264815,0.704,1.335556,,0.994729
2026-07-30T00:13:49+00:00,on-demand,RTX A4000,5,38,0.072889,0.133468,0.133519,0.146889,0.150944,,0.97131
2026-07-30T00:13:49+00:00,on-demand,RTX A4500,1,1,1.274815,1.274815,1.274815,1.274815,1.274815,,0.99803
2026-07-30T00:13:49+00:00,on-demand,RTX A5000,3,6,0.231407,20.116074,40.000741,40.001111,40.001481,0.231407,0.971787
2026-07-30T00:13:49+00:00,on-demand,RTX A6000,7,23,0.373651,0.373981,0.374444,0.400833,1.202222,,0.991041
2026-07-30T00:13:49+00:00,on-demand,RTX PRO 4000,7,15,0.167037,0.191667,0.267704,0.320593,0.335185,0.320593,0.995113
2026-07-30T00:13:49+00:00,on-demand,RTX PRO 4500,1,1,0.282222,0.282222,0.282222,0.282222,0.282222,,0.995333
2026-07-30T00:13:49+00:00,on-demand,RTX PRO 5000,12,29,0.631852,0.640972,0.776852,0.887222,1.255926,0.676481,0.991258
2026-07-30T00:13:49+00:00,on-demand,RTX PRO 6000 S,11,37,1.334074,1.361111,1.533889,1.54125,1.734815,1.385926,0.997896
2026-07-30T00:13:49+00:00,on-demand,RTX PRO 6000 WS,18,44,0.660741,1.080667,1.265204,1.587477,13.335556,1.20137,0.986145
2026-07-30T00:13:49+00:00,on-demand,Tesla P100,4,8,0.068148,0.078148,0.087778,0.121111,0.202222,0.094074,0.988236
2026-07-30T00:13:49+00:00,on-demand,Tesla P4,1,1,0.025481,0.025481,0.025481,0.025481,0.025481,,0.989892
2026-07-30T00:13:49+00:00,on-demand,Tesla P40,2,6,0.132556,0.132694,0.132833,0.132972,0.133111,0.132833,0.993368
2026-07-30T00:13:49+00:00,on-demand,Tesla T4,2,3,12.000741,12.000926,12.001111,12.001296,12.001481,,0.9724
2026-07-30T00:13:49+00:00,on-demand,Tesla V100,11,30,0.027222,0.053963,0.108889,0.217315,0.333889,0.268889,0.991531
2026-07-30T00:13:49+00:00,on-demand,Titan RTX,2,3,0.134444,0.141574,0.148704,0.155833,0.162963,0.148704,0.968134
2026-07-30T00:13:49+00:00,on-demand,Titan Xp,1,1,0.055556,0.055556,0.055556,0.055556,0.055556,0.055556,0.998005
2026-07-30T00:13:49+00:00,bid,A100 PCIE,19,29,0.133889,0.135,0.135556,0.347889,0.46963,0.347889,0.995037
2026-07-30T00:13:49+00:00,bid,A100 SXM4,33,65,0.135556,0.401481,0.775556,0.933611,1.069333,0.640833,0.991705
2026-07-30T00:13:49+00:00,bid,A10g,1,1,0.081185,0.081185,0.081185,0.081185,0.081185,,0.790209
2026-07-30T00:13:49+00:00,bid,A40,1,2,0.234074,0.234074,0.234074,0.234074,0.234074,0.234074,0.997266
2026-07-30T00:13:49+00:00,bid,A800 PCIE,7,12,0.129889,0.130444,0.131556,0.131556,0.131556,,0.994263
2026-07-30T00:13:49+00:00,bid,B200,16,65,3.750174,5.625304,5.632812,6.533268,7.377083,6.251302,0.978115
2026-07-30T00:13:49+00:00,bid,B300,1,1,3.752083,3.752083,3.752083,3.752083,3.752083,3.752083,0.980561
2026-07-30T00:13:49+00:00,bid,CMP 170HX,5,27,0.160185,0.160278,0.160556,0.161111,0.162222,,0.929538
2026-07-30T00:13:49+00:00,bid,GTX 1050 Ti,1,1,0.024444,0.024444,0.024444,0.024444,0.024444,,0.979066
2026-07-30T00:13:49+00:00,bid,GTX 1060,2,2,0.014074,0.018333,0.022593,0.026852,0.031111,,0.976584
2026-07-30T00:13:49+00:00,bid,GTX 1070,2,2,0.015556,0.017778,0.02,0.022222,0.024444,0.024444,0.988823
2026-07-30T00:13:49+00:00,bid,GTX 1070 Ti,2,5,0.040556,0.040972,0.041389,0.041806,0.042222,0.041389,0.995939
2026-07-30T00:13:49+00:00,bid,GTX 1080,3,9,0.014815,0.027593,0.04037,0.040741,0.041111,0.040741,0.99547
2026-07-30T00:13:49+00:00,bid,GTX 1080 Ti,5,13,0.040556,0.041111,0.041111,0.042222,0.053889,0.041111,0.996971
2026-07-30T00:13:49+00:00,bid,GTX 1650 S,1,1,0.037778,0.037778,0.037778,0.037778,0.037778,,0.98113
2026-07-30T00:13:49+00:00,bid,GTX 1660,1,1,0.037778,0.037778,0.037778,0.037778,0.037778,,0.988358
2026-07-30T00:13:49+00:00,bid,GTX 1660 S,1,1,0.031111,0.031111,0.031111,0.031111,0.031111,,0.936543
2026-07-30T00:13:49+00:00,bid,GTX 1660 Ti,1,1,0.037778,0.037778,0.037778,0.037778,0.037778,0.037778,0.982872
2026-07-30T00:13:49+00:00,bid,H100 NVL,7,11,0.806519,1.435556,1.868889,2.034352,2.06963,1.768056,0.984079
2026-07-30T00:13:49+00:00,bid,H100 PCIE,6,22,0.347222,0.347778,0.840694,1.333819,1.601111,0.840694,0.994435
2026-07-30T00:13:49+00:00,bid,H100 SXM,16,46,0.267222,1.028296,1.208333,2.001167,4.002222,1.534037,0.993586
2026-07-30T00:13:49+00:00,bid,H200,10,29,3.816155,3.81652,3.817069,3.8178,6.711075,3.817251,0.998252
2026-07-30T00:13:49+00:00,bid,H200 NVL,8,22,1.333611,1.338222,1.934603,2.254722,3.211111,2.255,0.986532
2026-07-30T00:13:49+00:00,bid,L4,6,8,0.135556,0.228519,0.267778,0.268704,0.269259,0.268148,0.997612
2026-07-30T00:13:49+00:00,bid,L40,4,8,0.467778,0.468611,0.47,0.471111,0.471111,0.47,0.986495
2026-07-30T00:13:49+00:00,bid,L40S,24,76,0.200185,0.334259,0.535,0.540741,0.933889,0.537037,0.997086
2026-07-30T00:13:49+00:00,bid,Q RTX 5000,1,2,0.054074,0.054074,0.054074,0.054074,0.054074,,0.983109
2026-07-30T00:13:49+00:00,bid,Q RTX 8000,2,2,0.099778,0.112722,0.125667,0.138611,0.151556,0.125667,0.997023
2026-07-30T00:13:49+00:00,bid,Quadro GV100,1,1,0.134074,0.134074,0.134074,0.134074,0.134074,,0.968738
2026-07-30T00:13:49+00:00,bid,Quadro P4000,5,8,0.041111,0.041481,0.045667,0.05637,0.056741,0.05637,0.980618
2026-07-30T00:13:49+00:00,bid,RTX 2060,3,3,0.027852,0.029481,0.031111,0.183333,0.335556,0.183333,0.988429
2026-07-30T00:13:49+00:00,bid,RTX 2060S,2,5,0.046978,0.066159,0.085341,0.104522,0.123704,0.085341,0.965419
2026-07-30T00:13:49+00:00,bid,RTX 2070S,2,17,0.066831,0.066836,0.066842,0.066847,0.066852,,0.987476
2026-07-30T00:13:49+00:00,bid,RTX 2080 Ti,4,5,0.037778,0.041111,0.055,0.078056,0.108889,0.067778,0.993991
2026-07-30T00:13:49+00:00,bid,RTX 2080S,1,1,0.037778,0.037778,0.037778,0.037778,0.037778,0.037778,0.886383
2026-07-30T00:13:49+00:00,bid,RTX 3060,15,58,0.026222,0.040231,0.053519,0.067546,0.13437,0.060231,0.991317
2026-07-30T00:13:49+00:00,bid,RTX 3060 laptop,5,15,0.013352,0.01363,0.038444,0.061481,0.101111,0.081296,0.985588
2026-07-30T00:13:49+00:00,bid,RTX 3070,13,34,0.026944,0.041111,0.068889,0.094444,0.495556,0.08213,0.99664
2026-07-30T00:13:49+00:00,bid,RTX 3080,9,25,0.045481,0.066944,0.108148,0.240415,0.322222,0.240373,0.996694
2026-07-30T00:13:49+00:00,bid,RTX 3080 Ti,7,8,0.07037,0.092222,0.100741,0.141667,0.188889,0.141667,0.995036
2026-07-30T00:13:49+00:00,bid,RTX 3090,59,142,0.015778,0.097778,0.113704,0.190056,0.375556,0.148056,0.988229
2026-07-30T00:13:49+00:00,bid,RTX 3090 Ti,1,1,0.068889,0.068889,0.068889,0.068889,0.068889,,0.995483
2026-07-30T00:13:49+00:00,bid,RTX 4000Ada,2,3,0.074222,0.096222,0.118222,0.140222,0.162222,,0.991145
2026-07-30T00:13:49+00:00,bid,RTX 4060,5,12,0.053531,0.053926,0.054519,0.062815,0.083704,0.073259,0.982347
2026-07-30T00:13:49+00:00,bid,RTX 4060 Ti,7,14,0.041111,0.041667,0.082222,0.107241,0.107778,0.107222,0.998168
2026-07-30T00:13:49+00:00,bid,RTX 4070,6,11,0.027407,0.028056,0.041667,0.070444,0.162222,0.075778,0.990216
2026-07-30T00:13:49+00:00,bid,RTX 4070 Ti,4,9,0.215556,0.234306,0.240833,0.241111,0.241111,0.215556,0.990322
2026-07-30T00:13:49+00:00,bid,RTX 4070S,15,60,0.067222,0.068981,0.073926,0.07863,0.082407,0.071481,0.984815
2026-07-30T00:13:49+00:00,bid,RTX 4070S Ti,8,17,0.094444,0.097546,0.154722,0.201389,0.202222,0.154722,0.997244
2026-07-30T00:13:49+00:00,bid,RTX 4080,6,11,0.067778,0.133991,0.136111,0.185926,0.255556,0.136111,0.995541
2026-07-30T00:13:49+00:00,bid,RTX 4080S,15,51,0.068481,0.148472,0.188741,0.201315,0.240741,0.22113,0.989967
2026-07-30T00:13:49+00:00,bid,RTX 4090,66,196,0.147778,0.233731,0.280444,0.536574,0.762222,0.403704,0.994508
2026-07-30T00:13:49+00:00,bid,RTX 4090D,3,7,0.604556,0.604833,0.605111,0.605667,0.606222,,0.967226
2026-07-30T00:13:49+00:00,bid,RTX 5000Ada,3,4,0.268889,0.301667,0.334444,0.335,0.335556,0.334444,0.993945
2026-07-30T00:13:49+00:00,bid,RTX 5060,5,6,0.041111,0.042222,0.05363,0.095556,0.148889,0.101259,0.982189
2026-07-30T00:13:49+00:00,bid,RTX 5060 Ti,22,48,0.060926,0.071111,0.081222,0.134352,0.159222,0.093889,0.996153
2026-07-30T00:13:49+00:00,bid,RTX 5070,6,8,0.068148,0.08387,0.095556,0.114907,0.122222,0.121111,0.992214
2026-07-30T00:13:49+00:00,bid,RTX 5070 Ti,12,22,0.093889,0.104028,0.107778,0.109037,0.158963,0.101111,0.995127
2026-07-30T00:13:49+00:00,bid,RTX 5080,22,49,0.02963,0.0975,0.126056,0.161111,0.242222,0.136944,0.990165
2026-07-30T00:13:49+00:00,bid,RTX 5090,68,194,0.102222,0.29537,0.400417,0.534259,0.908889,0.400741,0.995028
2026-07-30T00:13:49+00:00,bid,RTX 5880Ada,5,7,0.295185,0.297037,0.297037,0.297037,0.33437,0.297037,0.995915
2026-07-30T00:13:49+00:00,bid,RTX 6000Ada,16,34,0.134815,0.357454,0.400509,0.468889,0.748148,0.401111,0.994089
2026-07-30T00:13:49+00:00,bid,RTX A2000,1,1,0.400148,0.400148,0.400148,0.400148,0.400148,,0.994266
2026-07-30T00:13:49+00:00,bid,RTX A4000,8,42,0.041111,0.057944,0.080463,0.11349,0.133611,0.067037,0.970955
2026-07-30T00:13:49+00:00,bid,RTX A5000,6,15,0.226984,0.246111,0.318148,0.33463,0.334815,0.227407,0.98485
2026-07-30T00:13:49+00:00,bid,RTX A6000,10,27,0.143704,0.217292,0.261389,0.316375,0.374444,,0.989538
2026-07-30T00:13:49+00:00,bid,RTX PRO 4000,6,8,0.068444,0.131926,0.208111,0.234907,0.242222,0.228333,0.995001
2026-07-30T00:13:49+00:00,bid,RTX PRO 5000,14,32,0.135111,0.400741,0.4675,0.533681,0.534815,0.468333,0.988009
2026-07-30T00:13:49+00:00,bid,RTX PRO 6000 S,17,43,0.672593,0.801481,1.067407,1.06963,1.466944,1.002222,0.99662
2026-07-30T00:13:49+00:00,bid,RTX PRO 6000 WS,25,50,0.467407,0.537037,0.668889,0.922222,1.320463,0.760565,0.982291
2026-07-30T00:13:49+00:00,bid,Tesla P100,3,4,0.041481,0.087963,0.134444,0.135,0.135556,0.135,0.989047
2026-07-30T00:13:49+00:00,bid,Tesla P40,3,8,0.065889,0.066167,0.066444,0.066444,0.066444,0.066444,0.993368
2026-07-30T00:13:49+00:00,bid,Tesla T4,3,4,3.400741,3.401111,3.401481,3.401481,3.401481,,0.9724
2026-07-30T00:13:49+00:00,bid,Tesla V100,12,24,0.017889,0.071556,0.095407,0.160972,0.242222,0.161389,0.991531
2026-07-30T00:13:49+00:00,bid,Titan RTX,2,3,0.094444,0.104722,0.115,0.125278,0.135556,0.115,0.974904
2026-07-30T00:13:49+00:00,bid,Titan Xp,1,1,0.042222,0.042222,0.042222,0.042222,0.042222,0.042222,0.996735
2026-07-30T00:18:47+00:00,on-demand,A100 PCIE,11,26,0.333611,0.515,0.867037,1.022647,1.365739,0.997733,0.995384
2026-07-30T00:18:47+00:00,on-demand,A100 SXM4,25,61,0.267037,0.747222,0.934815,1.187333,1.847073,0.928148,0.991705
2026-07-30T00:18:47+00:00,on-demand,A10g,1,1,0.161185,0.161185,0.161185,0.161185,0.161185,,0.790209
2026-07-30T00:18:47+00:00,on-demand,A800 PCIE,2,5,0.667222,0.667639,0.668056,0.668472,0.668889,,0.994263
2026-07-30T00:18:47+00:00,on-demand,B200,12,49,5.625174,5.853212,6.033203,7.562891,7.752083,6.190104,0.978115
2026-07-30T00:18:47+00:00,on-demand,B300,2,5,5.625521,6.094661,6.563802,7.032943,7.502083,7.502083,0.986848
2026-07-30T00:18:47+00:00,on-demand,CMP 170HX,4,19,0.186852,0.18713,0.1875,0.188056,0.188889,,0.929538
2026-07-30T00:18:47+00:00,on-demand,GTX 1050 Ti,1,1,0.611111,0.611111,0.611111,0.611111,0.611111,,0.979066
2026-07-30T00:18:47+00:00,on-demand,GTX 1060,4,5,0.067407,0.082685,0.088333,0.152778,0.344444,0.088333,0.993887
2026-07-30T00:18:47+00:00,on-demand,GTX 1070,2,2,0.202222,0.284444,0.366667,0.448889,0.531111,0.531111,0.988823
2026-07-30T00:18:47+00:00,on-demand,GTX 1070 Ti,1,1,0.050222,0.050222,0.050222,0.050222,0.050222,0.050222,0.988023
2026-07-30T00:18:47+00:00,on-demand,GTX 1080,3,9,0.030815,0.039593,0.04837,0.048741,0.049111,0.048741,0.996811
2026-07-30T00:18:47+00:00,on-demand,GTX 1080 Ti,5,13,0.060556,0.061111,0.064889,0.073889,0.074444,0.064889,0.996971
2026-07-30T00:18:47+00:00,on-demand,GTX 1650 S,1,1,0.677778,0.677778,0.677778,0.677778,0.677778,,0.98113
2026-07-30T00:18:47+00:00,on-demand,GTX 1660 S,2,2,0.451111,0.605556,0.76,0.914444,1.068889,1.068889,0.922203
2026-07-30T00:18:47+00:00,on-demand,GTX 1660 Ti,1,1,0.611111,0.611111,0.611111,0.611111,0.611111,0.611111,0.982872
2026-07-30T00:18:47+00:00,on-demand,H100 NVL,6,10,1.735556,2.302,2.402,2.755556,3.333889,2.637926,0.968723
2026-07-30T00:18:47+00:00,on-demand,H100 PCIE,4,15,1.733481,1.934204,2.0675,2.134306,2.135556,2.0675,0.986528
2026-07-30T00:18:47+00:00,on-demand,H100 SXM,11,27,1.600556,1.93963,2.345926,3.001,5.202222,3.000667,0.994337
2026-07-30T00:18:47+00:00,on-demand,H200,9,25,3.684759,3.934942,3.935673,4.080044,6.842654,4.007858,0.99756
2026-07-30T00:18:47+00:00,on-demand,H200 NVL,6,14,2.933611,3.171111,3.487778,4.565278,4.922222,4.209444,0.986438
2026-07-30T00:18:47+00:00,on-demand,L4,5,6,0.058963,0.202222,0.322222,0.334074,0.335556,0.334815,0.985796
2026-07-30T00:18:47+00:00,on-demand,L40,3,7,0.574444,0.575,0.575556,0.576667,0.577778,0.575556,0.986495
2026-07-30T00:18:47+00:00,on-demand,L40S,13,45,0.40037,0.454815,0.467037,0.667407,1.074074,0.667222,0.995122
2026-07-30T00:18:47+00:00,on-demand,Q RTX 5000,1,2,0.080741,0.080741,0.080741,0.080741,0.080741,,0.983109
2026-07-30T00:18:47+00:00,on-demand,Q RTX 8000,4,8,0.253704,0.253981,0.254444,0.259333,0.272889,0.254444,0.998678
2026-07-30T00:18:47+00:00,on-demand,Quadro GV100,1,1,0.467407,0.467407,0.467407,0.467407,0.467407,,0.968738
2026-07-30T00:18:47+00:00,on-demand,Quadro P4000,4,6,0.048148,0.05287,0.058333,0.063426,0.067037,0.06463,0.976735
2026-07-30T00:18:47+00:00,on-demand,RTX 2060,2,2,0.053185,0.143778,0.23437,0.324963,0.415556,0.415556,0.98662
2026-07-30T00:18:47+00:00,on-demand,RTX 2070S,2,17,0.073498,0.073503,0.073508,0.073513,0.073519,,0.987476
2026-07-30T00:18:47+00:00,on-demand,RTX 2080 Ti,7,23,0.068889,0.074456,0.080032,0.107463,0.811111,0.080032,0.99243
2026-07-30T00:18:47+00:00,on-demand,RTX 2080S,1,1,0.744444,0.744444,0.744444,0.744444,0.744444,0.744444,0.886383
2026-07-30T00:18:47+00:00,on-demand,RTX 3060,10,41,0.034444,0.057083,0.071193,0.531736,1.335556,0.093611,0.996488
2026-07-30T00:18:47+00:00,on-demand,RTX 3060 laptop,3,11,0.026685,0.033898,0.041111,0.041667,0.042222,,0.998769
2026-07-30T00:18:47+00:00,on-demand,RTX 3070,12,35,0.041111,0.067163,0.078704,0.114213,0.562222,0.09125,0.992324
2026-07-30T00:18:47+00:00,on-demand,RTX 3080,10,32,0.060222,0.113472,0.127546,0.225286,0.388889,0.148148,0.995872
2026-07-30T00:18:47+00:00,on-demand,RTX 3080 Ti,9,11,0.068889,0.114444,0.135185,0.179556,1.268889,0.135185,0.995036
2026-07-30T00:18:47+00:00,on-demand,RTX 3090,40,119,0.109074,0.140625,0.18738,0.433407,1.336296,0.267593,0.988359
2026-07-30T00:18:47+00:00,on-demand,RTX 3090 Ti,1,1,0.175556,0.175556,0.175556,0.175556,0.175556,,0.993186
2026-07-30T00:18:47+00:00,on-demand,RTX 4000Ada,2,3,0.087556,0.116222,0.144889,0.173556,0.202222,,0.991145
2026-07-30T00:18:47+00:00,on-demand,RTX 4060,7,17,0.060198,0.061296,0.062222,0.073333,2.677778,0.061667,0.994772
2026-07-30T00:18:47+00:00,on-demand,RTX 4060 Ti,3,7,0.066222,0.105389,0.144556,0.144833,0.145111,0.144833,0.998168
2026-07-30T00:18:47+00:00,on-demand,RTX 4070,3,5,0.080741,0.081481,0.082222,0.088889,0.095556,0.095556,0.982677
2026-07-30T00:18:47+00:00,on-demand,RTX 4070 Ti,9,25,0.09037,0.094222,0.107778,0.242222,0.282444,0.107778,0.993449
2026-07-30T00:18:47+00:00,on-demand,RTX 4070S,10,34,0.080556,0.081389,0.083611,0.088009,0.107222,0.084815,0.992587
2026-07-30T00:18:47+00:00,on-demand,RTX 4070S Ti,7,13,0.067778,0.095,0.12963,0.2475,0.248889,0.247222,0.995027
2026-07-30T00:18:47+00:00,on-demand,RTX 4080,5,9,0.161037,0.177037,0.186926,0.187185,0.295556,0.187056,0.986996
2026-07-30T00:18:47+00:00,on-demand,RTX 4080S,15,48,0.118148,0.178111,0.202074,0.21375,0.287407,0.244537,0.990162
2026-07-30T00:18:47+00:00,on-demand,RTX 4090,55,197,0.134444,0.309691,0.39358,0.602778,1.138341,0.561852,0.994568
2026-07-30T00:18:47+00:00,on-demand,RTX 4090D,3,7,0.667222,0.6675,0.667778,0.668333,0.668889,,0.967226
2026-07-30T00:18:47+00:00,on-demand,RTX 5000Ada,4,5,0.374444,0.375278,0.408889,0.445556,0.455556,0.375556,0.993945
2026-07-30T00:18:47+00:00,on-demand,RTX 5060,4,4,0.075556,0.076667,0.112963,0.157222,0.182222,0.12963,0.991476
2026-07-30T00:18:47+00:00,on-demand,RTX 5060 Ti,17,48,0.071852,0.094444,0.134815,0.228148,1.204444,0.176556,0.993594
2026-07-30T00:18:47+00:00,on-demand,RTX 5070,7,13,0.074259,0.078704,0.097037,0.141481,0.162963,0.097037,0.987644
2026-07-30T00:18:47+00:00,on-demand,RTX 5070 Ti,7,14,0.122222,0.135,0.162222,0.188426,0.200741,0.176296,0.994293
2026-07-30T00:18:47+00:00,on-demand,RTX 5080,18,60,0.160042,0.162222,0.175,0.247435,0.802963,0.208352,0.982828
2026-07-30T00:18:47+00:00,on-demand,RTX 5090,54,169,0.212889,0.412972,0.47037,0.667213,3.615556,0.667185,0.994344
2026-07-30T00:18:47+00:00,on-demand,RTX 5880Ada,4,15,0.453593,0.453787,0.511185,0.568981,0.57037,0.511185,0.996787
2026-07-30T00:18:47+00:00,on-demand,RTX 6000Ada,10,26,0.362444,0.440694,0.54125,0.68125,0.788148,0.681019,0.994709
2026-07-30T00:18:47+00:00,on-demand,RTX A2000,4,5,0.034074,0.03563,0.264815,0.704,1.335556,,0.994729
2026-07-30T00:18:47+00:00,on-demand,RTX A4000,4,29,0.093889,0.123573,0.140206,0.150277,0.160277,0.127083,0.982828
2026-07-30T00:18:47+00:00,on-demand,RTX A4500,1,1,1.274815,1.274815,1.274815,1.274815,1.274815,,0.99803
2026-07-30T00:18:47+00:00,on-demand,RTX A5000,3,10,0.230984,20.115862,40.000741,40.001111,40.001481,0.230984,0.971787
2026-07-30T00:18:47+00:00,on-demand,RTX A6000,11,43,0.266944,0.37377,0.400278,0.400833,1.202222,0.400417,0.993479
2026-07-30T00:18:47+00:00,on-demand,RTX PRO 4000,10,21,0.167037,0.187222,0.257815,0.304315,0.335185,0.290778,0.990845
2026-07-30T00:18:47+00:00,on-demand,RTX PRO 4500,1,1,0.282222,0.282222,0.282222,0.282222,0.282222,,0.995333
2026-07-30T00:18:47+00:00,on-demand,RTX PRO 5000,10,26,0.640278,0.645463,0.754778,0.876343,0.888148,0.658519,0.989683
2026-07-30T00:18:47+00:00,on-demand,RTX PRO 6000 S,10,33,1.334074,1.534306,1.574028,1.601944,1.736296,1.601667,0.99662
2026-07-30T00:18:47+00:00,on-demand,RTX PRO 6000 WS,18,47,0.867407,1.050074,1.263815,1.587477,13.335556,1.263815,0.986367
2026-07-30T00:18:47+00:00,on-demand,Tesla P100,4,8,0.068148,0.087593,0.094444,0.121667,0.202222,0.094815,0.976902
2026-07-30T00:18:47+00:00,on-demand,Tesla P4,1,1,0.025481,0.025481,0.025481,0.025481,0.025481,,0.989892
2026-07-30T00:18:47+00:00,on-demand,Tesla P40,2,6,0.132556,0.132694,0.132833,0.132972,0.133111,0.132833,0.993368
2026-07-30T00:18:47+00:00,on-demand,Tesla T4,2,3,12.000741,12.000926,12.001111,12.001296,12.001481,,0.9724
2026-07-30T00:18:47+00:00,on-demand,Tesla V100,9,26,0.027222,0.028889,0.108889,0.167407,0.333889,0.268889,0.991531
2026-07-30T00:18:47+00:00,on-demand,Titan RTX,3,4,0.134444,0.135,0.135556,0.148889,0.162222,0.135556,0.998347
2026-07-30T00:18:47+00:00,on-demand,Titan Xp,1,1,0.062222,0.062222,0.062222,0.062222,0.062222,0.062222,0.995725
2026-07-30T00:18:47+00:00,bid,A100 PCIE,16,21,0.131556,0.135556,0.135556,0.316389,0.46963,0.235,0.988936
2026-07-30T00:18:47+00:00,bid,A100 SXM4,39,88,0.135556,0.487963,0.801333,0.915546,1.069333,0.68037,0.991705
2026-07-30T00:18:47+00:00,bid,A10g,1,1,0.081185,0.081185,0.081185,0.081185,0.081185,,0.790209
2026-07-30T00:18:47+00:00,bid,A40,1,2,0.234074,0.234074,0.234074,0.234074,0.234074,0.234074,0.997266
2026-07-30T00:18:47+00:00,bid,A800 PCIE,6,11,0.129889,0.130444,0.131,0.131556,0.131556,,0.994263
2026-07-30T00:18:47+00:00,bid,B200,13,43,3.750174,4.559722,5.630208,6.252604,7.377083,5.939323,0.990064
2026-07-30T00:18:47+00:00,bid,B300,1,1,3.752083,3.752083,3.752083,3.752083,3.752083,3.752083,0.980561
2026-07-30T00:18:47+00:00,bid,CMP 170HX,8,34,0.160185,0.160486,0.160833,0.161389,0.162222,,0.929538
2026-07-30T00:18:47+00:00,bid,GTX 1050 Ti,1,1,0.024444,0.024444,0.024444,0.024444,0.024444,,0.979066
2026-07-30T00:18:47+00:00,bid,GTX 1060,2,2,0.014074,0.018333,0.022593,0.026852,0.031111,,0.976584
2026-07-30T00:18:47+00:00,bid,GTX 1070,2,2,0.015556,0.017778,0.02,0.022222,0.024444,0.024444,0.988823
2026-07-30T00:18:47+00:00,bid,GTX 1070 Ti,1,1,0.042222,0.042222,0.042222,0.042222,0.042222,0.042222,0.988023
2026-07-30T00:18:47+00:00,bid,GTX 1080,4,13,0.028889,0.0375,0.040463,0.040694,0.041111,0.040556,0.996811
2026-07-30T00:18:47+00:00,bid,GTX 1080 Ti,5,13,0.040556,0.041111,0.041111,0.053889,0.055556,0.041111,0.996971
2026-07-30T00:18:47+00:00,bid,GTX 1650 S,1,1,0.037778,0.037778,0.037778,0.037778,0.037778,,0.98113
2026-07-30T00:18:47+00:00,bid,GTX 1660,1,1,0.037778,0.037778,0.037778,0.037778,0.037778,,0.988358
2026-07-30T00:18:47+00:00,bid,GTX 1660 S,1,1,0.031111,0.031111,0.031111,0.031111,0.031111,,0.936543
2026-07-30T00:18:47+00:00,bid,GTX 1660 Ti,1,1,0.037778,0.037778,0.037778,0.037778,0.037778,0.037778,0.982872
2026-07-30T00:18:47+00:00,bid,H100 NVL,9,14,0.806519,1.535556,1.602222,2.000556,2.06963,1.601333,0.984079
2026-07-30T00:18:47+00:00,bid,H100 PCIE,6,18,0.347222,0.883722,1.467778,1.601944,1.602222,1.467778,0.989937
2026-07-30T00:18:47+00:00,bid,H100 SXM,21,47,0.267222,1.006519,1.205556,2.000667,4.002222,1.160185,0.993586
2026-07-30T00:18:47+00:00,bid,H200,10,27,3.290022,3.816246,3.816886,3.8178,6.579496,3.817251,0.997563
2026-07-30T00:18:47+00:00,bid,H200 NVL,8,27,1.333611,1.735016,1.867315,2.065278,2.255556,2.254444,0.987324
2026-07-30T00:18:47+00:00,bid,L4,7,9,0.134444,0.168519,0.202222,0.241481,0.268889,0.201852,0.997871
2026-07-30T00:18:47+00:00,bid,L40,5,10,0.467778,0.468889,0.468889,0.471111,0.471111,0.468889,0.986495
2026-07-30T00:18:47+00:00,bid,L40S,30,102,0.201185,0.341241,0.535,0.540741,0.933611,0.538889,0.997031
2026-07-30T00:18:47+00:00,bid,Q RTX 5000,2,3,0.054074,0.054259,0.054444,0.05463,0.054815,,0.983109
2026-07-30T00:18:47+00:00,bid,Q RTX 8000,3,3,0.027704,0.063741,0.099778,0.125667,0.151556,0.099778,0.999026
2026-07-30T00:18:47+00:00,bid,Quadro GV100,1,1,0.134074,0.134074,0.134074,0.134074,0.134074,,0.968738
2026-07-30T00:18:47+00:00,bid,Quadro P4000,4,6,0.03437,0.039426,0.048741,0.056463,0.056741,0.056556,0.984417
2026-07-30T00:18:47+00:00,bid,RTX 2060,3,3,0.027852,0.029481,0.031111,0.183333,0.335556,0.183333,0.988429
2026-07-30T00:18:47+00:00,bid,RTX 2060S,2,5,0.046978,0.066159,0.085341,0.104522,0.123704,0.085341,0.965419
2026-07-30T00:18:47+00:00,bid,RTX 2070S,1,9,0.066831,0.066831,0.066831,0.066831,0.066831,,0.987476
2026-07-30T00:18:47+00:00,bid,RTX 2080 Ti,4,5,0.037778,0.041111,0.055,0.078056,0.108889,0.067778,0.993991
2026-07-30T00:18:47+00:00,bid,RTX 2080S,1,1,0.037778,0.037778,0.037778,0.037778,0.037778,0.037778,0.886383
2026-07-30T00:18:47+00:00,bid,RTX 3060,16,66,0.028889,0.041227,0.050852,0.057569,0.13437,0.050852,0.993008
2026-07-30T00:18:47+00:00,bid,RTX 3060 laptop,3,11,0.013352,0.013491,0.01363,0.026037,0.038444,,0.985588
2026-07-30T00:18:47+00:00,bid,RTX 3070,12,35,0.033611,0.040528,0.061852,0.079306,0.495556,0.069444,0.991656
2026-07-30T00:18:47+00:00,bid,RTX 3080,9,25,0.045407,0.052148,0.108148,0.240415,0.322222,0.240332,0.989859
2026-07-30T00:18:47+00:00,bid,RTX 3080 Ti,7,9,0.028889,0.092222,0.107407,0.108889,0.188889,0.108889,0.996371
2026-07-30T00:18:47+00:00,bid,RTX 3090,49,121,0.053778,0.102407,0.146944,0.201111,0.375556,0.158704,0.989903
2026-07-30T00:18:47+00:00,bid,RTX 3090 Ti,1,1,0.068889,0.068889,0.068889,0.068889,0.068889,,0.995483
2026-07-30T00:18:47+00:00,bid,RTX 4000Ada,1,1,0.162222,0.162222,0.162222,0.162222,0.162222,,0.994749
2026-07-30T00:18:47+00:00,bid,RTX 4060,3,9,0.053531,0.053728,0.053926,0.054222,0.054519,,0.982347
2026-07-30T00:18:47+00:00,bid,RTX 4060 Ti,9,18,0.039778,0.041111,0.076889,0.107222,0.107778,0.107222,0.997221
2026-07-30T00:18:47+00:00,bid,RTX 4070,6,13,0.015556,0.0275,0.028333,0.063639,0.075778,0.075222,0.989551
2026-07-30T00:18:47+00:00,bid,RTX 4070 Ti,4,8,0.108889,0.188889,0.228056,0.240694,0.241111,0.162222,0.990437
2026-07-30T00:18:47+00:00,bid,RTX 4070S,15,54,0.067222,0.068981,0.074519,0.081083,0.084815,0.074074,0.990528
2026-07-30T00:18:47+00:00,bid,RTX 4070S Ti,7,15,0.094444,0.096019,0.102963,0.151759,0.201111,0.102963,0.971525
2026-07-30T00:18:47+00:00,bid,RTX 4080,7,11,0.133593,0.136111,0.18163,0.228889,0.255556,0.16963,0.994386
2026-07-30T00:18:47+00:00,bid,RTX 4080S,16,52,0.104444,0.148773,0.188222,0.200676,0.24037,0.201037,0.989967
2026-07-30T00:18:47+00:00,bid,RTX 4090,69,217,0.134074,0.228148,0.293889,0.407407,0.762222,0.403704,0.994568
2026-07-30T00:18:47+00:00,bid,RTX 4090D,3,7,0.604556,0.604833,0.605111,0.605667,0.606222,,0.967226
2026-07-30T00:18:47+00:00,bid,RTX 5000Ada,3,4,0.268889,0.301667,0.334444,0.335,0.335556,0.334444,0.993945
2026-07-30T00:18:47+00:00,bid,RTX 5060,4,5,0.041111,0.0505,0.074593,0.108889,0.148889,0.101259,0.985104
2026-07-30T00:18:47+00:00,bid,RTX 5060 Ti,22,49,0.042222,0.069259,0.080889,0.127315,0.159778,0.08163,0.996153
2026-07-30T00:18:47+00:00,bid,RTX 5070,7,10,0.055556,0.077685,0.094815,0.108704,0.122222,0.104167,0.978996
2026-07-30T00:18:47+00:00,bid,RTX 5070 Ti,13,26,0.093889,0.107222,0.107778,0.108889,0.183704,0.107963,0.99525
2026-07-30T00:18:47+00:00,bid,RTX 5080,18,43,0.02963,0.121296,0.134407,0.173083,0.242222,0.135741,0.992554
2026-07-30T00:18:47+00:00,bid,RTX 5090,67,185,0.102222,0.272593,0.400889,0.628704,0.908889,0.421593,0.995261
2026-07-30T00:18:47+00:00,bid,RTX 5880Ada,4,5,0.295185,0.296574,0.297037,0.297037,0.297037,0.297037,0.993681
2026-07-30T00:18:47+00:00,bid,RTX 6000Ada,18,37,0.137778,0.387361,0.400694,0.468889,0.748148,0.435,0.993139
2026-07-30T00:18:47+00:00,bid,RTX A2000,1,1,0.400148,0.400148,0.400148,0.400148,0.400148,,0.994266
2026-07-30T00:18:47+00:00,bid,RTX A4000,7,44,0.067852,0.100253,0.106852,0.133611,0.134444,,0.97131
2026-07-30T00:18:47+00:00,bid,RTX A5000,3,10,0.226984,0.280529,0.334074,0.334444,0.334815,0.226984,0.971787
2026-07-30T00:18:47+00:00,bid,RTX A6000,13,44,0.202593,0.268889,0.307778,0.373889,0.374444,0.373889,0.987678
2026-07-30T00:18:47+00:00,bid,RTX PRO 4000,3,4,0.068444,0.142741,0.217037,0.229259,0.241481,0.229259,0.990845
2026-07-30T00:18:47+00:00,bid,RTX PRO 5000,16,37,0.135111,0.400648,0.401259,0.485069,0.534815,0.434352,0.990031
2026-07-30T00:18:47+00:00,bid,RTX PRO 6000 S,22,70,0.534222,0.786329,1.065185,1.268403,1.493611,1.062222,0.993878
2026-07-30T00:18:47+00:00,bid,RTX PRO 6000 WS,28,59,0.269778,0.538519,0.734083,0.925037,1.335185,0.734019,0.986367
2026-07-30T00:18:47+00:00,bid,Tesla P100,3,4,0.041481,0.087963,0.134444,0.135,0.135556,0.135,0.989047
2026-07-30T00:18:47+00:00,bid,Tesla P40,3,8,0.065889,0.066167,0.066444,0.066444,0.066444,0.066444,0.993368
2026-07-30T00:18:47+00:00,bid,Tesla T4,3,4,3.400741,3.401111,3.401481,3.401481,3.401481,,0.9724
2026-07-30T00:18:47+00:00,bid,Tesla V100,12,24,0.017889,0.071556,0.095407,0.140972,0.162222,0.1475,0.991531
2026-07-30T00:18:47+00:00,bid,Titan RTX,2,3,0.094444,0.098056,0.101667,0.105278,0.108889,0.101667,0.97484
2026-07-30T00:18:47+00:00,bid,Titan Xp,1,1,0.055556,0.055556,0.055556,0.055556,0.055556,0.055556,0.995725
2026-07-30T00:23:48+00:00,on-demand,A100 PCIE,11,26,0.268148,0.547,0.867407,1.002222,1.365739,0.997733,0.997654
2026-07-30T00:23:48+00:00,on-demand,A100 SXM4,27,65,0.267037,0.814537,1.041333,1.187667,1.847073,0.934815,0.995854
2026-07-30T00:23:48+00:00,on-demand,A10g,1,1,0.161185,0.161185,0.161185,0.161185,0.161185,,0.790209
2026-07-30T00:23:48+00:00,on-demand,A800 PCIE,3,7,0.667222,0.6675,0.667778,0.668333,0.668889,,0.994263
2026-07-30T00:23:48+00:00,on-demand,B200,11,45,5.625174,5.874609,6.252083,7.625347,7.752083,6.564063,0.978115
2026-07-30T00:23:48+00:00,on-demand,B300,2,5,5.625521,6.094661,6.563802,7.032943,7.502083,7.502083,0.986848
2026-07-30T00:23:48+00:00,on-demand,CMP 170HX,4,19,0.186852,0.18713,0.1875,0.188056,0.188889,,0.929538
2026-07-30T00:23:48+00:00,on-demand,GTX 1050 Ti,1,1,0.611111,0.611111,0.611111,0.611111,0.611111,,0.979066
2026-07-30T00:23:48+00:00,on-demand,GTX 1060,4,5,0.067407,0.082685,0.088333,0.152778,0.344444,0.088333,0.993887
2026-07-30T00:23:48+00:00,on-demand,GTX 1070,2,2,0.202222,0.284444,0.366667,0.448889,0.531111,0.531111,0.988823
2026-07-30T00:23:48+00:00,on-demand,GTX 1070 Ti,1,1,0.050222,0.050222,0.050222,0.050222,0.050222,0.050222,0.988023
2026-07-30T00:23:48+00:00,on-demand,GTX 1080,4,13,0.030815,0.043981,0.048463,0.048694,0.049111,0.048556,0.99614
2026-07-30T00:23:48+00:00,on-demand,GTX 1080 Ti,5,13,0.060556,0.061111,0.062222,0.073889,0.074444,0.062222,0.996971
2026-07-30T00:23:48+00:00,on-demand,GTX 1650 S,1,1,0.677778,0.677778,0.677778,0.677778,0.677778,,0.98113
2026-07-30T00:23:48+00:00,on-demand,GTX 1660,1,1,0.677778,0.677778,0.677778,0.677778,0.677778,,0.988358
2026-07-30T00:23:48+00:00,on-demand,GTX 1660 S,2,2,0.451111,0.605556,0.76,0.914444,1.068889,1.068889,0.922203
2026-07-30T00:23:48+00:00,on-demand,GTX 1660 Ti,1,1,0.611111,0.611111,0.611111,0.611111,0.611111,0.611111,0.982872
2026-07-30T00:23:48+00:00,on-demand,H100 NVL,7,12,2.121481,2.195556,2.348889,2.617259,3.333889,2.375111,0.986394
2026-07-30T00:23:48+00:00,on-demand,H100 PCIE,2,12,2.133611,2.133681,2.13375,2.133819,2.133889,2.13375,0.952112
2026-07-30T00:23:48+00:00,on-demand,H100 SXM,11,27,1.600556,1.939259,2.268148,3.351444,4.413778,3.000667,0.993586
2026-07-30T00:23:48+00:00,on-demand,H200,9,25,3.684759,3.934942,3.935673,4.08114,6.842654,4.008406,0.99756
2026-07-30T00:23:48+00:00,on-demand,H200 NVL,7,16,2.801111,3.00125,3.457778,4.199444,4.922222,4.199444,0.986625
2026-07-30T00:23:48+00:00,on-demand,L4,4,5,0.202222,0.292222,0.328333,0.334537,0.334815,0.33463,0.984093
2026-07-30T00:23:48+00:00,on-demand,L40,3,7,0.574444,0.575,0.575556,0.576667,0.577778,0.575556,0.986495
2026-07-30T00:23:48+00:00,on-demand,L40S,13,45,0.40037,0.466852,0.52963,0.800741,1.074074,0.733889,0.995978
2026-07-30T00:23:48+00:00,on-demand,Q RTX 5000,1,1,0.081481,0.081481,0.081481,0.081481,0.081481,,0.983109
2026-07-30T00:23:48+00:00,on-demand,Q RTX 8000,6,11,0.240519,0.253796,0.254444,0.267037,0.272889,0.254444,0.998678
2026-07-30T00:23:48+00:00,on-demand,Quadro GV100,1,1,0.467407,0.467407,0.467407,0.467407,0.467407,,0.968738
2026-07-30T00:23:48+00:00,on-demand,Quadro P4000,4,6,0.047407,0.04763,0.054963,0.063426,0.067037,0.06463,0.990423
2026-07-30T00:23:48+00:00,on-demand,RTX 2060,2,2,0.053185,0.143778,0.23437,0.324963,0.415556,0.415556,0.98662
2026-07-30T00:23:48+00:00,on-demand,RTX 2060S,1,4,0.066978,0.066978,0.066978,0.066978,0.066978,0.066978,0.979402
2026-07-30T00:23:48+00:00,on-demand,RTX 2070S,2,17,0.073498,0.073503,0.073508,0.073513,0.073519,,0.987476
2026-07-30T00:23:48+00:00,on-demand,RTX 2080 Ti,8,25,0.068889,0.080031,0.080083,0.101259,0.811111,0.080083,0.994871
2026-07-30T00:23:48+00:00,on-demand,RTX 3060,9,35,0.030222,0.067222,0.068889,0.080463,1.335556,0.708009,0.995996
2026-07-30T00:23:48+00:00,on-demand,RTX 3060 laptop,4,13,0.026685,0.037505,0.041667,0.065278,0.134444,0.134444,0.997874
2026-07-30T00:23:48+00:00,on-demand,RTX 3070,9,31,0.041111,0.067556,0.095185,0.107037,0.166222,0.095185,0.988199
2026-07-30T00:23:48+00:00,on-demand,RTX 3070 laptop,1,1,0.468889,0.468889,0.468889,0.468889,0.468889,,0.964361
2026-07-30T00:23:48+00:00,on-demand,RTX 3080,10,30,0.060278,0.113472,0.127546,0.224471,0.388889,0.144889,0.994544
2026-07-30T00:23:48+00:00,on-demand,RTX 3080 Ti,8,10,0.067556,0.118611,0.138333,0.189444,1.268889,0.138333,0.995104
2026-07-30T00:23:48+00:00,on-demand,RTX 3090,34,101,0.111481,0.148403,0.241296,0.442444,1.336296,0.270185,0.985025
2026-07-30T00:23:48+00:00,on-demand,RTX 3090 Ti,1,1,0.175556,0.175556,0.175556,0.175556,0.175556,,0.993186
2026-07-30T00:23:48+00:00,on-demand,RTX 4000Ada,1,1,0.202222,0.202222,0.202222,0.202222,0.202222,,0.994749
2026-07-30T00:23:48+00:00,on-demand,RTX 4060,9,22,0.060198,0.061111,0.061481,0.064444,2.677778,0.062222,0.994562
2026-07-30T00:23:48+00:00,on-demand,RTX 4060 Ti,1,2,0.079778,0.079778,0.079778,0.079778,0.079778,0.079778,0.997221
2026-07-30T00:23:48+00:00,on-demand,RTX 4070,2,3,0.081111,0.081389,0.081667,0.081944,0.082222,,0.982677
2026-07-30T00:23:48+00:00,on-demand,RTX 4070 Ti,9,28,0.09037,0.094259,0.107222,0.242222,0.282444,0.101204,0.994283
2026-07-30T00:23:48+00:00,on-demand,RTX 4070S,11,41,0.079333,0.081667,0.084815,0.089352,0.107222,0.08963,0.990528
2026-07-30T00:23:48+00:00,on-demand,RTX 4070S Ti,7,13,0.067778,0.095,0.122407,0.152593,0.247778,0.12963,0.994156
2026-07-30T00:23:48+00:00,on-demand,RTX 4080,5,9,0.177037,0.186926,0.187185,0.20163,0.268889,0.187056,0.982306
2026-07-30T00:23:48+00:00,on-demand,RTX 4080S,16,57,0.098222,0.161968,0.201556,0.213681,0.287037,0.202222,0.990162
2026-07-30T00:23:48+00:00,on-demand,RTX 4090,56,201,0.133889,0.308,0.361296,0.571852,1.138341,0.473694,0.994571
2026-07-30T00:23:48+00:00,on-demand,RTX 4090D,3,7,0.667222,0.6675,0.667778,0.668333,0.668889,,0.967226
2026-07-30T00:23:48+00:00,on-demand,RTX 5000Ada,4,5,0.374444,0.375278,0.408889,0.445556,0.455556,0.375556,0.993945
2026-07-30T00:23:48+00:00,on-demand,RTX 5060,5,6,0.075185,0.075556,0.097778,0.148889,0.182222,0.097778,0.994932
2026-07-30T00:23:48+00:00,on-demand,RTX 5060 Ti,16,46,0.068889,0.093796,0.131852,0.2675,1.204444,0.174074,0.994326
2026-07-30T00:23:48+00:00,on-demand,RTX 5060 laptop,1,1,0.135556,0.135556,0.135556,0.135556,0.135556,,0.970676
2026-07-30T00:23:48+00:00,on-demand,RTX 5070,6,11,0.07037,0.076898,0.08787,0.10037,0.162222,0.091574,0.995777
2026-07-30T00:23:48+00:00,on-demand,RTX 5070 Ti,5,7,0.134444,0.135185,0.135556,0.188889,0.202222,0.168704,0.998067
2026-07-30T00:23:48+00:00,on-demand,RTX 5080,17,51,0.160042,0.164444,0.173796,0.227481,0.802963,0.200435,0.978795
2026-07-30T00:23:48+00:00,on-demand,RTX 5090,55,163,0.212889,0.449916,0.481111,0.660491,3.615556,0.645926,0.988081
2026-07-30T00:23:48+00:00,on-demand,RTX 5880Ada,4,15,0.453593,0.453787,0.511185,0.568981,0.57037,0.511185,0.996787
2026-07-30T00:23:48+00:00,on-demand,RTX 6000Ada,11,27,0.362444,0.440833,0.605926,0.680833,0.735556,0.680556,0.99615
2026-07-30T00:23:48+00:00,on-demand,RTX A2000,5,6,0.034074,0.036148,0.036148,0.493481,1.335556,,0.995192
2026-07-30T00:23:48+00:00,on-demand,RTX A4000,6,34,0.072889,0.083917,0.113678,0.133506,0.150944,0.093889,0.981498
2026-07-30T00:23:48+00:00,on-demand,RTX A4500,1,1,1.274815,1.274815,1.274815,1.274815,1.274815,,0.99803
2026-07-30T00:23:48+00:00,on-demand,RTX A5000,2,3,40.000741,40.000926,40.001111,40.001296,40.001481,,0.971787
2026-07-30T00:23:48+00:00,on-demand,RTX A6000,11,44,0.266944,0.37377,0.374444,0.400556,1.202222,0.400417,0.991041
2026-07-30T00:23:48+00:00,on-demand,RTX PRO 4000,7,14,0.167037,0.205556,0.267704,0.319667,0.337037,0.317852,0.995277
2026-07-30T00:23:48+00:00,on-demand,RTX PRO 4500,1,1,0.282222,0.282222,0.282222,0.282222,0.282222,,0.995333
2026-07-30T00:23:48+00:00,on-demand,RTX PRO 5000,13,31,0.36963,0.640556,0.667778,0.887037,0.958074,0.777407,0.99163
2026-07-30T00:23:48+00:00,on-demand,RTX PRO 6000 S,10,33,1.334074,1.430139,1.535,1.586944,1.736296,1.47125,0.997896
2026-07-30T00:23:48+00:00,on-demand,RTX PRO 6000 WS,19,48,0.735556,1.002,1.20137,1.461343,13.335556,1.264278,0.986145
2026-07-30T00:23:48+00:00,on-demand,Tesla P100,4,8,0.068148,0.078148,0.087778,0.121111,0.202222,0.094074,0.988236
2026-07-30T00:23:48+00:00,on-demand,Tesla P4,1,1,0.025481,0.025481,0.025481,0.025481,0.025481,,0.989892
2026-07-30T00:23:48+00:00,on-demand,Tesla P40,2,6,0.132556,0.132694,0.132833,0.132972,0.133111,0.132833,0.993368
2026-07-30T00:23:48+00:00,on-demand,Tesla T4,2,3,12.000741,12.000926,12.001111,12.001296,12.001481,,0.9724
2026-07-30T00:23:48+00:00,on-demand,Tesla V100,9,26,0.027222,0.028889,0.107222,0.167407,0.333889,0.301389,0.991531
2026-07-30T00:23:48+00:00,on-demand,Titan RTX,3,4,0.134444,0.135,0.135556,0.149259,0.162963,0.135556,0.985879
2026-07-30T00:23:48+00:00,on-demand,Titan Xp,1,1,0.055556,0.055556,0.055556,0.055556,0.055556,0.055556,0.996735
2026-07-30T00:23:48+00:00,bid,A100 PCIE,18,22,0.134444,0.135556,0.135556,0.202037,0.46963,0.168889,0.993363
2026-07-30T00:23:48+00:00,bid,A100 SXM4,29,68,0.135556,0.575556,0.800667,0.868889,1.002222,0.605185,0.992481
2026-07-30T00:23:48+00:00,bid,A10g,1,1,0.081185,0.081185,0.081185,0.081185,0.081185,,0.790209
2026-07-30T00:23:48+00:00,bid,A40,1,2,0.234074,0.234074,0.234074,0.234074,0.234074,0.234074,0.997266
2026-07-30T00:23:48+00:00,bid,A800 PCIE,6,11,0.129889,0.130444,0.131,0.131556,0.131556,,0.994263
2026-07-30T00:23:48+00:00,bid,B200,19,69,3.750174,5.092448,5.627604,6.252604,7.377083,5.626563,0.990064
2026-07-30T00:23:48+00:00,bid,B300,1,1,3.752083,3.752083,3.752083,3.752083,3.752083,3.752083,0.980561
2026-07-30T00:23:48+00:00,bid,CMP 170HX,6,29,0.160185,0.160347,0.160833,0.161111,0.162222,,0.929538
2026-07-30T00:23:48+00:00,bid,GTX 1050 Ti,1,1,0.024444,0.024444,0.024444,0.024444,0.024444,,0.979066
2026-07-30T00:23:48+00:00,bid,GTX 1060,2,2,0.014074,0.018333,0.022593,0.026852,0.031111,,0.976584
2026-07-30T00:23:48+00:00,bid,GTX 1070,2,2,0.015556,0.017778,0.02,0.022222,0.024444,0.024444,0.988823
2026-07-30T00:23:48+00:00,bid,GTX 1070 Ti,1,1,0.042222,0.042222,0.042222,0.042222,0.042222,0.042222,0.99451
2026-07-30T00:23:48+00:00,bid,GTX 1080,4,13,0.037037,0.039537,0.040463,0.040694,0.041111,0.040556,0.99368
2026-07-30T00:23:48+00:00,bid,GTX 1080 Ti,5,13,0.040556,0.041111,0.053889,0.054444,0.055556,0.053889,0.996971
2026-07-30T00:23:48+00:00,bid,GTX 1650 S,1,1,0.037778,0.037778,0.037778,0.037778,0.037778,,0.98113
2026-07-30T00:23:48+00:00,bid,GTX 1660,1,1,0.037778,0.037778,0.037778,0.037778,0.037778,,0.988358
2026-07-30T00:23:48+00:00,bid,GTX 1660 S,1,1,0.031111,0.031111,0.031111,0.031111,0.031111,,0.936543
2026-07-30T00:23:48+00:00,bid,GTX 1660 Ti,2,3,0.037778,0.042222,0.046667,0.051111,0.055556,0.046667,0.99015
2026-07-30T00:23:48+00:00,bid,H100 NVL,6,10,0.806519,1.552,1.735111,1.967639,2.06963,1.601333,0.988037
2026-07-30T00:23:48+00:00,bid,H100 PCIE,4,16,0.347778,0.347778,0.840694,1.400347,1.600556,0.840694,0.994435
2026-07-30T00:23:48+00:00,bid,H100 SXM,21,54,0.267222,1.006519,1.211111,2.002667,6.668889,1.626074,0.994338
2026-07-30T00:23:48+00:00,bid,H200,9,25,2.63231,3.816338,3.816886,3.817251,6.579496,3.817069,0.997566
2026-07-30T00:23:48+00:00,bid,H200 NVL,11,31,1.333611,1.337333,1.867222,1.868333,3.211111,2.254444,0.988209
2026-07-30T00:23:48+00:00,bid,L4,7,10,0.134444,0.168519,0.215556,0.268148,0.269259,0.234444,0.997353
2026-07-30T00:23:48+00:00,bid,L40,5,10,0.467778,0.468889,0.468889,0.471111,0.471111,0.468889,0.986495
2026-07-30T00:23:48+00:00,bid,L40S,24,74,0.201185,0.354833,0.536111,0.540741,0.933889,0.538889,0.997086
2026-07-30T00:23:48+00:00,bid,Q RTX 5000,1,2,0.054074,0.054074,0.054074,0.054074,0.054074,,0.983109
2026-07-30T00:23:48+00:00,bid,Q RTX 8000,4,5,0.027704,0.037315,0.070148,0.112722,0.151556,0.070148,0.999026
2026-07-30T00:23:48+00:00,bid,Quadro GV100,1,1,0.134074,0.134074,0.134074,0.134074,0.134074,,0.968738
2026-07-30T00:23:48+00:00,bid,Quadro P4000,5,8,0.040741,0.042222,0.045667,0.05637,0.056741,0.05637,0.980618
2026-07-30T00:23:48+00:00,bid,RTX 2060,3,3,0.027852,0.029481,0.031111,0.183333,0.335556,0.183333,0.988429
2026-07-30T00:23:48+00:00,bid,RTX 2060S,3,7,0.046978,0.047133,0.047289,0.085496,0.123704,0.047289,0.979402
2026-07-30T00:23:48+00:00,bid,RTX 2070S,2,17,0.066831,0.066836,0.066842,0.066847,0.066852,,0.987476
2026-07-30T00:23:48+00:00,bid,RTX 2080 Ti,4,5,0.037778,0.041111,0.055,0.081204,0.121481,0.067778,0.991027
2026-07-30T00:23:48+00:00,bid,RTX 2080S,1,1,0.037778,0.037778,0.037778,0.037778,0.037778,0.037778,0.886383
2026-07-30T00:23:48+00:00,bid,RTX 3060,14,57,0.028889,0.045491,0.053704,0.063819,0.13437,0.060231,0.993008
2026-07-30T00:23:48+00:00,bid,RTX 3060 laptop,3,11,0.013352,0.025898,0.038444,0.052704,0.066963,0.066963,0.997529
2026-07-30T00:23:48+00:00,bid,RTX 3070,9,29,0.033611,0.040444,0.068519,0.094444,0.495556,0.081204,0.996402
2026-07-30T00:23:48+00:00,bid,RTX 3080,10,31,0.042222,0.077454,0.124352,0.240394,0.322222,0.240332,0.994321
2026-07-30T00:23:48+00:00,bid,RTX 3080 Ti,6,6,0.028889,0.090556,0.098148,0.106852,0.188889,0.108889,0.992317
2026-07-30T00:23:48+00:00,bid,RTX 3090,56,137,0.015778,0.104213,0.134704,0.191806,0.375556,0.148889,0.986451
2026-07-30T00:23:48+00:00,bid,RTX 3090 Ti,1,1,0.068889,0.068889,0.068889,0.068889,0.068889,,0.995483
2026-07-30T00:23:48+00:00,bid,RTX 4000Ada,1,1,0.162222,0.162222,0.162222,0.162222,0.162222,,0.994749
2026-07-30T00:23:48+00:00,bid,RTX 4060,5,14,0.031111,0.053531,0.05363,0.053926,0.055556,0.055556,0.982347
2026-07-30T00:23:48+00:00,bid,RTX 4060 Ti,4,10,0.041111,0.041111,0.067593,0.097361,0.107222,0.094074,0.995686
2026-07-30T00:23:48+00:00,bid,RTX 4070,7,15,0.027407,0.028333,0.075222,0.075778,0.148889,0.075778,0.997754
2026-07-30T00:23:48+00:00,bid,RTX 4070 Ti,6,11,0.081481,0.125556,0.228056,0.240972,0.241111,0.148519,0.990322
2026-07-30T00:23:48+00:00,bid,RTX 4070S,11,41,0.067222,0.06838,0.071481,0.07875,0.084815,0.076296,0.989648
2026-07-30T00:23:48+00:00,bid,RTX 4070S Ti,10,20,0.084889,0.096343,0.154722,0.201111,0.202222,0.154722,0.997244
2026-07-30T00:23:48+00:00,bid,RTX 4080,6,11,0.067778,0.133991,0.151444,0.178148,0.255556,0.135185,0.991264
2026-07-30T00:23:48+00:00,bid,RTX 4080S,15,49,0.092889,0.148472,0.187704,0.201315,0.240741,0.202074,0.986419
2026-07-30T00:23:48+00:00,bid,RTX 4090,72,235,0.147778,0.229907,0.293315,0.537963,0.762222,0.371567,0.994565
2026-07-30T00:23:48+00:00,bid,RTX 4090D,5,10,0.604556,0.605111,0.605111,0.606222,0.606222,,0.967226
2026-07-30T00:23:48+00:00,bid,RTX 5000Ada,3,4,0.268889,0.301667,0.334444,0.335,0.335556,0.334444,0.993945
2026-07-30T00:23:48+00:00,bid,RTX 5060,4,4,0.042222,0.050778,0.074593,0.108889,0.148889,0.101259,0.985104
2026-07-30T00:23:48+00:00,bid,RTX 5060 Ti,26,65,0.060926,0.071111,0.094167,0.134074,0.159778,0.095185,0.995449
2026-07-30T00:23:48+00:00,bid,RTX 5070,3,4,0.094815,0.095556,0.096296,0.109259,0.122222,0.122222,0.962536
2026-07-30T00:23:48+00:00,bid,RTX 5070 Ti,13,23,0.093889,0.094444,0.107778,0.108889,0.183704,0.094444,0.995786
2026-07-30T00:23:48+00:00,bid,RTX 5080,18,43,0.02963,0.101111,0.132148,0.147361,0.241111,0.134444,0.991372
2026-07-30T00:23:48+00:00,bid,RTX 5090,66,178,0.102222,0.272037,0.361222,0.53463,0.906944,0.34,0.995425
2026-07-30T00:23:48+00:00,bid,RTX 5880Ada,5,6,0.295185,0.297037,0.297037,0.297037,0.297037,0.297037,0.993681
2026-07-30T00:23:48+00:00,bid,RTX 6000Ada,14,34,0.139259,0.297917,0.394028,0.401944,0.74963,0.400556,0.991352
2026-07-30T00:23:48+00:00,bid,RTX A2000,1,1,0.400148,0.400148,0.400148,0.400148,0.400148,,0.994266
2026-07-30T00:23:48+00:00,bid,RTX A4000,6,31,0.057111,0.069796,0.085981,0.103573,0.133611,0.080463,0.976656
2026-07-30T00:23:48+00:00,bid,RTX A5000,4,11,0.226984,0.307302,0.334444,0.334815,0.334815,0.226984,0.971787
2026-07-30T00:23:48+00:00,bid,RTX A6000,11,38,0.143704,0.254167,0.302167,0.37375,0.374444,0.37375,0.987678
2026-07-30T00:23:48+00:00,bid,RTX PRO 4000,7,13,0.068444,0.162037,0.234444,0.241111,0.242222,0.240741,0.995277
2026-07-30T00:23:48+00:00,bid,RTX PRO 5000,16,36,0.135111,0.204537,0.4675,0.485069,0.534444,0.467778,0.986777
2026-07-30T00:23:48+00:00,bid,RTX PRO 6000 S,20,68,0.66963,0.802593,1.068889,1.466944,1.493611,1.06,0.996109
2026-07-30T00:23:48+00:00,bid,RTX PRO 6000 WS,26,56,0.335556,0.538704,0.734083,0.852222,1.602222,0.76163,0.986367
2026-07-30T00:23:48+00:00,bid,Tesla P100,3,4,0.041481,0.087963,0.134444,0.135,0.135556,0.135,0.989047
2026-07-30T00:23:48+00:00,bid,Tesla P40,3,8,0.065889,0.066167,0.066444,0.066444,0.066444,0.066444,0.993368
2026-07-30T00:23:48+00:00,bid,Tesla T4,3,4,3.400741,3.401111,3.401481,3.401481,3.401481,,0.9724
2026-07-30T00:23:48+00:00,bid,Tesla V100,12,26,0.017889,0.076167,0.114648,0.164222,0.242222,0.166222,0.991531
2026-07-30T00:23:48+00:00,bid,Titan RTX,3,4,0.094444,0.095,0.095556,0.102222,0.108889,0.095556,0.951333
2026-07-30T00:23:48+00:00,bid,Titan Xp,1,1,0.042222,0.042222,0.042222,0.042222,0.042222,0.042222,0.996735
2026-07-30T03:41:06+00:00,on-demand,A100 PCIE,10,27,0.333611,0.468704,0.997494,1.001806,1.365739,1.000556,0.992891
2026-07-30T03:41:06+00:00,on-demand,A100 SXM4,30,90,0.267037,0.734097,0.967963,1.067306,1.529667,0.975407,0.993123
2026-07-30T03:41:06+00:00,on-demand,A10g,1,1,0.161185,0.161185,0.161185,0.161185,0.161185,,0.826323
2026-07-30T03:41:06+00:00,on-demand,A40,1,1,0.602222,0.602222,0.602222,0.602222,0.602222,0.602222,0.998744
2026-07-30T03:41:06+00:00,on-demand,A800 PCIE,3,7,0.667222,0.6675,0.667778,0.668333,0.668889,,0.994286
2026-07-30T03:41:06+00:00,on-demand,B200,14,48,4.313889,6.195378,6.236979,6.496615,7.500434,6.490104,0.990102
2026-07-30T03:41:06+00:00,on-demand,B300,2,5,5.625521,6.094661,6.563802,7.032943,7.502083,7.502083,0.987022
2026-07-30T03:41:06+00:00,on-demand,CMP 170HX,4,19,0.186852,0.18713,0.1875,0.188056,0.188889,,0.931924
2026-07-30T03:41:06+00:00,on-demand,GTX 1050 Ti,1,1,0.611111,0.611111,0.611111,0.611111,0.611111,,0.979571
2026-07-30T03:41:06+00:00,on-demand,GTX 1060,3,4,0.087778,0.088333,0.088889,0.216667,0.344444,0.088333,0.999304
2026-07-30T03:41:06+00:00,on-demand,GTX 1070,2,2,0.202222,0.284444,0.366667,0.448889,0.531111,0.531111,0.989045
2026-07-30T03:41:06+00:00,on-demand,GTX 1080,5,12,0.027778,0.027778,0.04837,0.049111,0.050222,0.049111,0.996128
2026-07-30T03:41:06+00:00,on-demand,GTX 1080 Ti,6,18,0.042667,0.060377,0.060648,0.061019,0.064889,0.060741,0.99706
2026-07-30T03:41:06+00:00,on-demand,GTX 1650 S,1,1,0.677778,0.677778,0.677778,0.677778,0.677778,,0.981663
2026-07-30T03:41:06+00:00,on-demand,GTX 1660,1,1,0.677778,0.677778,0.677778,0.677778,0.677778,,0.988823
2026-07-30T03:41:06+00:00,on-demand,GTX 1660 S,2,2,0.451111,0.605556,0.76,0.914444,1.068889,1.068889,0.926719
2026-07-30T03:41:06+00:00,on-demand,GTX 1660 Ti,1,1,0.611111,0.611111,0.611111,0.611111,0.611111,0.611111,0.983408
2026-07-30T03:41:06+00:00,on-demand,H100 NVL,6,10,1.735556,2.286556,2.370444,3.10075,4.673185,2.867611,0.983358
2026-07-30T03:41:06+00:00,on-demand,H100 PCIE,4,15,2.001111,2.100486,2.13375,2.134306,2.135556,2.13375,0.990053
2026-07-30T03:41:06+00:00,on-demand,H100 SXM,12,37,1.600556,1.720278,3.555053,4.09913,5.354444,3.9075,0.995931
2026-07-30T03:41:06+00:00,on-demand,H200,8,17,3.81652,3.93485,3.935673,4.113624,4.211623,4.08114,0.997555
2026-07-30T03:41:06+00:00,on-demand,H200 NVL,8,18,2.800317,2.801806,3.722222,4.398611,4.922222,4.572778,0.988246
2026-07-30T03:41:06+00:00,on-demand,L4,5,9,0.202222,0.295556,0.325185,0.333889,0.334444,0.333889,0.995263
2026-07-30T03:41:06+00:00,on-demand,L40,3,7,0.574444,0.575,0.575556,0.576667,0.577778,0.575556,0.986542
2026-07-30T03:41:06+00:00,on-demand,L40S,15,61,0.40037,0.466944,0.666852,0.934537,1.074074,0.934537,0.995992
2026-07-30T03:41:06+00:00,on-demand,Q RTX 5000,1,2,0.080741,0.080741,0.080741,0.080741,0.080741,,0.983484
2026-07-30T03:41:06+00:00,on-demand,Q RTX 8000,4,8,0.241111,0.250556,0.253889,0.254259,0.254815,0.253889,0.998678
2026-07-30T03:41:06+00:00,on-demand,Quadro GV100,1,1,0.467407,0.467407,0.467407,0.467407,0.467407,,0.968759
2026-07-30T03:41:06+00:00,on-demand,Quadro P4000,4,6,0.028889,0.042778,0.057222,0.067111,0.067333,0.067185,0.981942
2026-07-30T03:41:06+00:00,on-demand,RTX 2060,2,2,0.053185,0.142667,0.232148,0.32163,0.411111,0.411111,0.983483
2026-07-30T03:41:06+00:00,on-demand,RTX 2070S,1,9,0.073498,0.073498,0.073498,0.073498,0.073498,,0.98748
2026-07-30T03:41:06+00:00,on-demand,RTX 2080 Ti,7,24,0.068889,0.071,0.080028,0.080044,0.134815,0.08003,0.994712
2026-07-30T03:41:06+00:00,on-demand,RTX 3060,9,37,0.050852,0.056889,0.093611,0.677778,1.335556,0.093611,0.991318
2026-07-30T03:41:06+00:00,on-demand,RTX 3060 Ti,2,2,0.399556,0.539556,0.679556,0.819556,0.959556,0.679556,0.794396
2026-07-30T03:41:06+00:00,on-demand,RTX 3060 laptop,5,14,0.026685,0.041111,0.042222,0.105185,0.134444,0.119815,0.998769
2026-07-30T03:41:06+00:00,on-demand,RTX 3070,11,38,0.042222,0.077361,0.100617,0.120648,0.562222,0.091235,0.991834
2026-07-30T03:41:06+00:00,on-demand,RTX 3070 laptop,2,2,0.032889,0.141889,0.250889,0.359889,0.468889,,0.952195
2026-07-30T03:41:06+00:00,on-demand,RTX 3080,12,37,0.060222,0.104157,0.127546,0.173861,0.562222,0.145685,0.995136
2026-07-30T03:41:06+00:00,on-demand,RTX 3080 Ti,7,8,0.068889,0.095,0.142222,0.224815,1.268889,0.142222,0.99112
2026-07-30T03:41:06+00:00,on-demand,RTX 3090,42,127,0.111481,0.147361,0.227778,0.404444,1.188889,0.230444,0.988364
2026-07-30T03:41:06+00:00,on-demand,RTX 3090 Ti,1,1,0.175556,0.175556,0.175556,0.175556,0.175556,,0.993189
2026-07-30T03:41:06+00:00,on-demand,RTX 4000Ada,2,3,0.087556,0.116222,0.144889,0.173556,0.202222,,0.991245
2026-07-30T03:41:06+00:00,on-demand,RTX 4060,7,17,0.060198,0.060889,0.062222,0.063704,2.677778,0.063333,0.996399
2026-07-30T03:41:06+00:00,on-demand,RTX 4060 Ti,4,5,0.062963,0.077407,0.113667,0.386056,1.108889,0.145111,0.993303
2026-07-30T03:41:06+00:00,on-demand,RTX 4070,4,16,0.080556,0.080694,0.081481,0.085231,0.094259,0.087407,0.982983
2026-07-30T03:41:06+00:00,on-demand,RTX 4070 Ti,5,11,0.093111,0.097037,0.102222,0.281889,0.282444,0.09963,0.990358
2026-07-30T03:41:06+00:00,on-demand,RTX 4070S,9,27,0.080617,0.082222,0.084815,0.08963,0.107222,0.084815,0.991187
2026-07-30T03:41:06+00:00,on-demand,RTX 4070S Ti,9,16,0.068889,0.121111,0.124148,0.201111,0.248889,0.149852,0.995061
2026-07-30T03:41:06+00:00,on-demand,RTX 4080,7,15,0.114259,0.138111,0.177037,0.187056,0.295556,0.181981,0.98825
2026-07-30T03:41:06+00:00,on-demand,RTX 4080S,20,71,0.118148,0.161944,0.201074,0.213681,0.287407,0.181667,0.990215
2026-07-30T03:41:06+00:00,on-demand,RTX 4090,54,233,0.134444,0.312731,0.402222,0.606481,0.828889,0.481867,0.99457
2026-07-30T03:41:06+00:00,on-demand,RTX 4090D,3,7,0.667222,0.6675,0.667778,0.668333,0.668889,,0.967226
2026-07-30T03:41:06+00:00,on-demand,RTX 5000Ada,2,2,0.442222,0.445556,0.448889,0.452222,0.455556,0.442222,0.993647
2026-07-30T03:41:06+00:00,on-demand,RTX 5060,4,5,0.066815,0.06837,0.108889,0.157222,0.182222,0.124519,0.985206
2026-07-30T03:41:06+00:00,on-demand,RTX 5060 Ti,24,70,0.067963,0.086796,0.111778,0.187028,1.204444,0.184556,0.993512
2026-07-30T03:41:06+00:00,on-demand,RTX 5070,7,15,0.075185,0.07963,0.093889,0.134167,0.148147,0.113889,0.992777
2026-07-30T03:41:06+00:00,on-demand,RTX 5070 Ti,7,12,0.114815,0.130833,0.135185,0.150222,0.401333,0.136704,0.996481
2026-07-30T03:41:06+00:00,on-demand,RTX 5080,19,63,0.160099,0.165,0.173889,0.189259,0.672222,0.176111,0.978803
2026-07-30T03:41:06+00:00,on-demand,RTX 5090,57,187,0.212889,0.450008,0.533426,0.845185,3.615556,0.602593,0.993684
2026-07-30T03:41:06+00:00,on-demand,RTX 5880Ada,5,16,0.453593,0.453852,0.45437,0.455407,0.57037,0.45437,0.997667
2026-07-30T03:41:06+00:00,on-demand,RTX 6000Ada,9,24,0.355556,0.441111,0.632593,0.680556,0.735556,0.660417,0.99036
2026-07-30T03:41:06+00:00,on-demand,RTX A2000,5,6,0.034074,0.036148,0.036889,0.493481,1.335556,,0.995193
2026-07-30T03:41:06+00:00,on-demand,RTX A4000,5,29,0.080741,0.093889,0.107037,0.133468,0.146944,0.100463,0.988701
2026-07-30T03:41:06+00:00,on-demand,RTX A4500,1,1,1.274815,1.274815,1.274815,1.274815,1.274815,,0.998031
2026-07-30T03:41:06+00:00,on-demand,RTX A5000,3,12,0.230914,20.115827,40.000741,40.001111,40.001481,0.230914,0.971788
2026-07-30T03:41:06+00:00,on-demand,RTX A6000,8,27,0.266944,0.359497,0.387315,0.401389,1.202222,,0.991062
2026-07-30T03:41:06+00:00,on-demand,RTX PRO 4000,10,23,0.201111,0.225111,0.262778,0.313843,0.337037,0.292099,0.990942
2026-07-30T03:41:06+00:00,on-demand,RTX PRO 4500,1,1,0.282222,0.282222,0.282222,0.282222,0.282222,,0.99534
2026-07-30T03:41:06+00:00,on-demand,RTX PRO 5000,14,39,0.36963,0.640417,0.781148,0.887153,0.958074,0.887083,0.989029
2026-07-30T03:41:06+00:00,on-demand,RTX PRO 6000 S,12,45,1.266944,1.498611,1.600278,1.633935,1.736296,1.600556,0.997249
2026-07-30T03:41:06+00:00,on-demand,RTX PRO 6000 WS,18,45,0.867407,1.200856,1.304241,1.524329,26.668148,1.326259,0.984987
2026-07-30T03:41:06+00:00,on-demand,Tesla P100,5,10,0.068148,0.094074,0.094815,0.201111,0.202222,0.147963,0.987433
2026-07-30T03:41:06+00:00,on-demand,Tesla P4,1,1,0.025481,0.025481,0.025481,0.025481,0.025481,,0.99001
2026-07-30T03:41:06+00:00,on-demand,Tesla P40,2,6,0.132556,0.132694,0.132833,0.132972,0.133111,0.132833,0.993374
2026-07-30T03:41:06+00:00,on-demand,Tesla T4,2,3,12.000741,12.000926,12.001111,12.001296,12.001481,,0.9724
2026-07-30T03:41:06+00:00,on-demand,Tesla V100,8,22,0.027222,0.028611,0.107917,0.192778,0.333889,0.301389,0.99154
2026-07-30T03:41:06+00:00,on-demand,Titan RTX,2,3,0.134444,0.141389,0.148333,0.155278,0.162222,0.148333,0.998411
2026-07-30T03:41:06+00:00,on-demand,Titan Xp,1,1,0.055556,0.055556,0.055556,0.055556,0.055556,0.055556,0.996105
2026-07-30T03:41:06+00:00,bid,A100 PCIE,19,24,0.134444,0.135556,0.135556,0.202222,0.46963,0.202222,0.991699
2026-07-30T03:41:06+00:00,bid,A100 SXM4,44,90,0.135556,0.401481,0.603889,0.868889,1.002222,0.601296,0.991154
2026-07-30T03:41:06+00:00,bid,A10g,1,1,0.081185,0.081185,0.081185,0.081185,0.081185,,0.826323
2026-07-30T03:41:06+00:00,bid,A40,1,2,0.234074,0.234074,0.234074,0.234074,0.234074,0.234074,0.997267
2026-07-30T03:41:06+00:00,bid,A800 PCIE,5,9,0.129889,0.130444,0.131556,0.131556,0.131556,,0.994286
2026-07-30T03:41:06+00:00,bid,B200,16,59,3.750174,5.358811,5.755859,6.252604,7.377083,6.251302,0.990102
2026-07-30T03:41:06+00:00,bid,B300,1,1,3.752083,3.752083,3.752083,3.752083,3.752083,3.752083,0.980866
2026-07-30T03:41:06+00:00,bid,CMP 170HX,6,29,0.160185,0.160347,0.160833,0.161111,0.162222,,0.931924
2026-07-30T03:41:06+00:00,bid,GTX 1050 Ti,1,1,0.024444,0.024444,0.024444,0.024444,0.024444,,0.979571
2026-07-30T03:41:06+00:00,bid,GTX 1060,1,1,0.031111,0.031111,0.031111,0.031111,0.031111,,0.988888
2026-07-30T03:41:06+00:00,bid,GTX 1070,2,2,0.015556,0.017778,0.02,0.022222,0.024444,0.024444,0.989045
2026-07-30T03:41:06+00:00,bid,GTX 1070 Ti,1,1,0.042222,0.042222,0.042222,0.042222,0.042222,0.042222,0.994525
2026-07-30T03:41:06+00:00,bid,GTX 1080,3,9,0.014815,0.027593,0.04037,0.040741,0.041111,0.040741,0.996814
2026-07-30T03:41:06+00:00,bid,GTX 1080 Ti,10,33,0.029333,0.040694,0.041667,0.053829,0.054444,0.042222,0.99706
2026-07-30T03:41:06+00:00,bid,GTX 1650 S,1,1,0.037778,0.037778,0.037778,0.037778,0.037778,,0.981663
2026-07-30T03:41:06+00:00,bid,GTX 1660 S,1,1,0.031111,0.031111,0.031111,0.031111,0.031111,,0.940378
2026-07-30T03:41:06+00:00,bid,GTX 1660 Ti,1,1,0.037778,0.037778,0.037778,0.037778,0.037778,0.037778,0.983408
2026-07-30T03:41:06+00:00,bid,H100 NVL,7,11,0.806519,1.468444,1.601481,1.735556,2.000556,1.601333,0.974658
2026-07-30T03:41:06+00:00,bid,H100 PCIE,6,19,0.347778,0.660903,1.600417,1.600972,1.602222,1.600417,0.990053
2026-07-30T03:41:06+00:00,bid,H100 SXM,13,36,0.267222,1.067407,1.666889,4.000556,4.002222,3.58722,0.99173
2026-07-30T03:41:06+00:00,bid,H200,8,17,2.63231,3.436486,3.651279,3.816703,3.817251,3.485307,0.99751
2026-07-30T03:41:06+00:00,bid,H200 NVL,7,8,1.006667,1.337333,1.868889,2.255,3.211111,2.255,0.986633
2026-07-30T03:41:06+00:00,bid,L4,7,13,0.135556,0.208519,0.267407,0.268333,0.320444,0.267593,0.997873
2026-07-30T03:41:06+00:00,bid,L40,6,11,0.467778,0.468889,0.47,0.471111,0.471111,0.47,0.986542
2026-07-30T03:41:06+00:00,bid,L40S,29,99,0.200185,0.333704,0.534074,0.540741,0.803704,0.537037,0.997035
2026-07-30T03:41:06+00:00,bid,Q RTX 5000,1,2,0.054074,0.054074,0.054074,0.054074,0.054074,,0.983484
2026-07-30T03:41:06+00:00,bid,Q RTX 8000,1,1,0.099778,0.099778,0.099778,0.099778,0.099778,0.099778,0.999508
2026-07-30T03:41:06+00:00,bid,Quadro GV100,1,1,0.134074,0.134074,0.134074,0.134074,0.134074,,0.968759
2026-07-30T03:41:06+00:00,bid,Quadro P4000,4,6,0.015556,0.034444,0.043204,0.048435,0.056741,0.051204,0.981942
2026-07-30T03:41:06+00:00,bid,RTX 2060,3,3,0.027852,0.029481,0.031111,0.183333,0.335556,0.183333,0.988877
2026-07-30T03:41:06+00:00,bid,RTX 2060S,3,7,0.046889,0.046933,0.046978,0.085341,0.123704,0.046978,0.958251
2026-07-30T03:41:06+00:00,bid,RTX 2070S,3,19,0.053667,0.060249,0.066831,0.066842,0.066852,0.053667,0.98748
2026-07-30T03:41:06+00:00,bid,RTX 2080 Ti,4,5,0.037778,0.040278,0.041667,0.058889,0.108889,0.042222,0.992437
2026-07-30T03:41:06+00:00,bid,RTX 2080S,1,1,0.037778,0.037778,0.037778,0.037778,0.037778,0.037778,0.893891
2026-07-30T03:41:06+00:00,bid,RTX 3060,17,65,0.026222,0.040463,0.048185,0.066944,0.13437,0.060231,0.991318
2026-07-30T03:41:06+00:00,bid,RTX 3060 Ti,3,4,0.041852,0.042778,0.043704,0.28963,0.535556,0.535556,0.997148
2026-07-30T03:41:06+00:00,bid,RTX 3060 laptop,5,14,0.013352,0.038444,0.065481,0.066963,0.069185,0.066963,0.997534
2026-07-30T03:41:06+00:00,bid,RTX 3070,12,27,0.040444,0.041944,0.072037,0.094028,0.495556,0.093889,0.994513
2026-07-30T03:41:06+00:00,bid,RTX 3080,12,31,0.041111,0.084236,0.124722,0.240519,0.495556,0.190444,0.997032
2026-07-30T03:41:06+00:00,bid,RTX 3080 Ti,7,7,0.015556,0.092222,0.095556,0.104815,0.188889,0.148889,0.995039
2026-07-30T03:41:06+00:00,bid,RTX 3090,62,136,0.016296,0.096157,0.133759,0.184907,0.375556,0.1475,0.988355
2026-07-30T03:41:06+00:00,bid,RTX 3090 Ti,1,1,0.068889,0.068889,0.068889,0.068889,0.068889,,0.995483
2026-07-30T03:41:06+00:00,bid,RTX 4000Ada,2,3,0.074222,0.096222,0.118222,0.140222,0.162222,,0.991245
2026-07-30T03:41:06+00:00,bid,RTX 4060,7,18,0.053531,0.053778,0.053926,0.058667,0.083704,0.073259,0.982392
2026-07-30T03:41:06+00:00,bid,RTX 4060 Ti,9,16,0.027778,0.039778,0.042222,0.107222,0.975556,0.0735,0.997225
2026-07-30T03:41:06+00:00,bid,RTX 4070,6,11,0.027407,0.028056,0.052333,0.084778,0.162222,0.087778,0.990381
2026-07-30T03:41:06+00:00,bid,RTX 4070 Ti,7,12,0.081481,0.108519,0.215556,0.240833,0.241111,0.108889,0.990671
2026-07-30T03:41:06+00:00,bid,RTX 4070S,13,42,0.067778,0.071481,0.076296,0.082407,0.082407,0.074519,0.98969
2026-07-30T03:41:06+00:00,bid,RTX 4070S Ti,8,14,0.084889,0.095417,0.103519,0.201389,0.202222,0.201111,0.995514
2026-07-30T03:41:06+00:00,bid,RTX 4080,9,15,0.067778,0.133852,0.137037,0.167704,0.255556,0.135185,0.988277
2026-07-30T03:41:06+00:00,bid,RTX 4080S,20,56,0.068481,0.132222,0.188259,0.211602,0.240741,0.22113,0.990037
2026-07-30T03:41:06+00:00,bid,RTX 4090,81,271,0.134074,0.236423,0.335556,0.407407,0.762222,0.347315,0.995163
2026-07-30T03:41:06+00:00,bid,RTX 4090D,3,7,0.604556,0.604833,0.605111,0.605667,0.606222,,0.967226
2026-07-30T03:41:06+00:00,bid,RTX 5000Ada,4,5,0.268889,0.318056,0.335,0.335556,0.335556,0.335,0.993977
2026-07-30T03:41:06+00:00,bid,RTX 5060,7,9,0.041111,0.047852,0.05363,0.095556,0.148889,0.05363,0.982203
2026-07-30T03:41:06+00:00,bid,RTX 5060 Ti,33,98,0.042222,0.08037,0.10237,0.136296,0.161111,0.10237,0.994695
2026-07-30T03:41:06+00:00,bid,RTX 5070,7,12,0.080222,0.095556,0.120556,0.121667,0.162222,0.121667,0.995914
2026-07-30T03:41:06+00:00,bid,RTX 5070 Ti,14,21,0.082222,0.107778,0.108889,0.135296,0.268,0.127537,0.993991
2026-07-30T03:41:06+00:00,bid,RTX 5080,14,28,0.02963,0.121389,0.134796,0.174046,0.202222,0.148889,0.992434
2026-07-30T03:41:06+00:00,bid,RTX 5090,76,189,0.102222,0.271852,0.373611,0.480347,0.908889,0.402222,0.995259
2026-07-30T03:41:06+00:00,bid,RTX 5880Ada,4,6,0.297037,0.297037,0.315704,0.33437,0.33437,0.315704,0.996687
2026-07-30T03:41:06+00:00,bid,RTX 6000Ada,19,37,0.134815,0.327685,0.388889,0.468741,0.775556,0.467741,0.994738
2026-07-30T03:41:06+00:00,bid,RTX A2000,1,1,0.400148,0.400148,0.400148,0.400148,0.400148,,0.994268
2026-07-30T03:41:06+00:00,bid,RTX A4000,7,47,0.057111,0.085981,0.106801,0.120204,0.133556,,0.97131
2026-07-30T03:41:06+00:00,bid,RTX A5000,7,31,0.226984,0.228494,0.229611,0.334444,0.334815,0.228494,0.996619
2026-07-30T03:41:06+00:00,bid,RTX A6000,10,27,0.143704,0.253681,0.285528,0.360694,0.374444,,0.981403
2026-07-30T03:41:06+00:00,bid,RTX PRO 4000,11,23,0.067222,0.068111,0.068889,0.228765,0.241481,0.240494,0.98237
2026-07-30T03:41:06+00:00,bid,RTX PRO 5000,25,57,0.165185,0.400741,0.467222,0.533611,0.803704,0.467222,0.986051
2026-07-30T03:41:06+00:00,bid,RTX PRO 6000 S,21,56,0.534222,1.001111,1.068148,1.200556,1.467778,1.067407,0.99663
2026-07-30T03:41:06+00:00,bid,RTX PRO 6000 WS,28,55,0.467778,0.538519,0.669111,0.933907,1.602222,0.734019,0.984987
2026-07-30T03:41:06+00:00,bid,Tesla P100,3,4,0.041481,0.087963,0.134444,0.135,0.135556,0.135,0.989144
2026-07-30T03:41:06+00:00,bid,Tesla P40,2,6,0.065889,0.066028,0.066167,0.066306,0.066444,0.066167,0.993374
2026-07-30T03:41:06+00:00,bid,Tesla T4,2,3,3.400741,3.400926,3.401111,3.401296,3.401481,,0.9724
2026-07-30T03:41:06+00:00,bid,Tesla V100,12,23,0.017889,0.076167,0.127981,0.178222,0.242222,0.186222,0.995161
2026-07-30T03:41:06+00:00,bid,Titan RTX,3,4,0.107778,0.108333,0.108889,0.122222,0.135556,0.108889,0.998347
2026-07-30T03:41:06+00:00,bid,Titan Xp,1,1,0.055556,0.055556,0.055556,0.055556,0.055556,0.055556,0.996018
2026-07-30T03:45:18+00:00,on-demand,A100 PCIE,12,29,0.333611,0.506111,0.931291,1.012435,1.365739,1.018753,0.995388
2026-07-30T03:45:18+00:00,on-demand,A100 SXM4,29,81,0.267037,0.733889,0.934815,1.069333,1.529667,0.934815,0.992411
2026-07-30T03:45:18+00:00,on-demand,A10g,1,1,0.161185,0.161185,0.161185,0.161185,0.161185,,0.826323
2026-07-30T03:45:18+00:00,on-demand,A40,1,1,0.602222,0.602222,0.602222,0.602222,0.602222,0.602222,0.998744
2026-07-30T03:45:18+00:00,on-demand,A800 PCIE,3,7,0.667222,0.6675,0.667778,0.668333,0.668889,,0.994286
2026-07-30T03:45:18+00:00,on-demand,B200,20,76,4.313889,5.937804,6.236806,6.783464,7.751042,6.492708,0.981474
2026-07-30T03:45:18+00:00,on-demand,B300,2,5,5.625521,6.094661,6.563802,7.032943,7.502083,7.502083,0.987022
2026-07-30T03:45:18+00:00,on-demand,CMP 170HX,4,19,0.186852,0.18713,0.1875,0.188056,0.188889,,0.931924
2026-07-30T03:45:18+00:00,on-demand,GTX 1050 Ti,1,1,0.611111,0.611111,0.611111,0.611111,0.611111,,0.979571
2026-07-30T03:45:18+00:00,on-demand,GTX 1060,3,4,0.087778,0.088333,0.088889,0.216667,0.344444,0.088333,0.999304
2026-07-30T03:45:18+00:00,on-demand,GTX 1070,2,2,0.202222,0.284444,0.366667,0.448889,0.531111,0.531111,0.989045
2026-07-30T03:45:18+00:00,on-demand,GTX 1080,6,16,0.027778,0.048417,0.048833,0.049944,0.05037,0.048833,0.995108
2026-07-30T03:45:18+00:00,on-demand,GTX 1080 Ti,5,14,0.042667,0.060317,0.060741,0.061111,0.064889,0.060926,0.99706
2026-07-30T03:45:18+00:00,on-demand,GTX 1650 S,1,1,0.677778,0.677778,0.677778,0.677778,0.677778,,0.981663
2026-07-30T03:45:18+00:00,on-demand,GTX 1660 S,2,2,0.451111,0.605556,0.76,0.914444,1.068889,1.068889,0.926719
2026-07-30T03:45:18+00:00,on-demand,GTX 1660 Ti,1,1,0.611111,0.611111,0.611111,0.611111,0.611111,0.611111,0.983408
2026-07-30T03:45:18+00:00,on-demand,H100 NVL,5,9,2.268889,2.339556,2.401333,3.073185,3.333889,2.737259,0.992059
2026-07-30T03:45:18+00:00,on-demand,H100 PCIE,5,23,1.733481,1.802222,2.000556,2.133611,2.134444,2.000556,0.990053
2026-07-30T03:45:18+00:00,on-demand,H100 SXM,11,37,1.600556,1.939259,3.376222,3.9075,5.353889,3.907222,0.994468
2026-07-30T03:45:18+00:00,on-demand,H200,8,20,3.684759,3.905062,3.935307,4.080318,4.211075,4.007858,0.997555
2026-07-30T03:45:18+00:00,on-demand,H200 NVL,7,14,2.800317,3.273333,3.966667,4.572778,4.922222,4.572778,0.986633
2026-07-30T03:45:18+00:00,on-demand,L4,5,9,0.202222,0.295556,0.333889,0.334074,0.334815,0.334074,0.997988
2026-07-30T03:45:18+00:00,on-demand,L40,3,7,0.455185,0.514815,0.574444,0.576111,0.577778,0.574444,0.986542
2026-07-30T03:45:18+00:00,on-demand,L40S,15,58,0.40037,0.466852,0.666852,0.934722,1.074074,0.934722,0.995127
2026-07-30T03:45:18+00:00,on-demand,Q RTX 5000,1,2,0.080741,0.080741,0.080741,0.080741,0.080741,,0.983484
2026-07-30T03:45:18+00:00,on-demand,Q RTX 8000,4,8,0.253704,0.253981,0.254444,0.258889,0.271111,0.254444,0.998678
2026-07-30T03:45:18+00:00,on-demand,Quadro GV100,1,1,0.467407,0.467407,0.467407,0.467407,0.467407,,0.968759
2026-07-30T03:45:18+00:00,on-demand,Quadro P4000,4,6,0.047704,0.052759,0.055741,0.059528,0.067,0.062019,0.979177
2026-07-30T03:45:18+00:00,on-demand,RTX 2060,2,2,0.053185,0.143778,0.23437,0.324963,0.415556,0.415556,0.986647
2026-07-30T03:45:18+00:00,on-demand,RTX 2070S,2,17,0.073498,0.073503,0.073508,0.073513,0.073519,,0.98748
2026-07-30T03:45:18+00:00,on-demand,RTX 2080 Ti,6,25,0.068889,0.075672,0.080027,0.08005,0.080111,0.080032,0.994712
2026-07-30T03:45:18+00:00,on-demand,RTX 2080S,1,1,0.744444,0.744444,0.744444,0.744444,0.744444,0.744444,0.893891
2026-07-30T03:45:18+00:00,on-demand,RTX 3060,11,44,0.034444,0.052185,0.068889,0.385694,1.335556,0.093611,0.995999
2026-07-30T03:45:18+00:00,on-demand,RTX 3060 Ti,1,1,0.959556,0.959556,0.959556,0.959556,0.959556,0.959556,0.595073
2026-07-30T03:45:18+00:00,on-demand,RTX 3060 laptop,6,15,0.026685,0.041389,0.054519,0.067926,0.105185,0.068296,0.996597
2026-07-30T03:45:18+00:00,on-demand,RTX 3070,11,37,0.041111,0.081065,0.107037,0.121204,0.562222,0.107222,0.992522
2026-07-30T03:45:18+00:00,on-demand,RTX 3080,11,36,0.060222,0.1135,0.134815,0.25104,0.562222,0.197944,0.994171
2026-07-30T03:45:18+00:00,on-demand,RTX 3080 Ti,7,8,0.082222,0.138148,0.175556,0.237,1.268889,0.178444,0.995039
2026-07-30T03:45:18+00:00,on-demand,RTX 3090,43,137,0.106944,0.143843,0.174444,0.428148,1.188889,0.207296,0.982474
2026-07-30T03:45:18+00:00,on-demand,RTX 3090 Ti,1,1,0.175556,0.175556,0.175556,0.175556,0.175556,,0.993189
2026-07-30T03:45:18+00:00,on-demand,RTX 4000Ada,2,3,0.087556,0.116222,0.144889,0.173556,0.202222,,0.991245
2026-07-30T03:45:18+00:00,on-demand,RTX 4060,8,21,0.060198,0.060907,0.061852,0.064444,2.677778,0.062222,0.995586
2026-07-30T03:45:18+00:00,on-demand,RTX 4060 Ti,1,1,1.108889,1.108889,1.108889,1.108889,1.108889,1.108889,0.998399
2026-07-30T03:45:18+00:00,on-demand,RTX 4070,5,10,0.081111,0.081111,0.082222,0.082222,0.175556,0.082222,0.982983
2026-07-30T03:45:18+00:00,on-demand,RTX 4070 Ti,7,13,0.088519,0.091741,0.094222,0.262056,0.282444,0.09037,0.990358
2026-07-30T03:45:18+00:00,on-demand,RTX 4070S,10,41,0.081111,0.083009,0.08863,0.09331,0.107778,0.092083,0.992034
2026-07-30T03:45:18+00:00,on-demand,RTX 4070S Ti,5,10,0.111556,0.122407,0.12563,0.201111,0.247778,0.179667,0.993912
2026-07-30T03:45:18+00:00,on-demand,RTX 4080,6,11,0.114259,0.126944,0.16963,0.184648,0.268889,0.177037,0.98825
2026-07-30T03:45:18+00:00,on-demand,RTX 4080S,20,67,0.10963,0.161736,0.200796,0.202222,0.287037,0.1825,0.992706
2026-07-30T03:45:18+00:00,on-demand,RTX 4090,56,223,0.133889,0.333588,0.402222,0.552315,0.828889,0.480278,0.995159
2026-07-30T03:45:18+00:00,on-demand,RTX 4090D,3,7,0.667222,0.6675,0.667778,0.668333,0.668889,,0.967226
2026-07-30T03:45:18+00:00,on-demand,RTX 5000Ada,4,5,0.374444,0.375278,0.408889,0.445556,0.455556,0.375556,0.993977
2026-07-30T03:45:18+00:00,on-demand,RTX 5060,4,4,0.05363,0.071185,0.112963,0.157222,0.182222,0.12963,0.994322
2026-07-30T03:45:18+00:00,on-demand,RTX 5060 Ti,24,71,0.071852,0.09463,0.167407,0.227593,1.204444,0.181889,0.994062
2026-07-30T03:45:18+00:00,on-demand,RTX 5070,7,14,0.074259,0.076111,0.122963,0.141018,0.202222,0.105463,0.99058
2026-07-30T03:45:18+00:00,on-demand,RTX 5070 Ti,4,8,0.118815,0.130537,0.1675,0.200972,0.202222,0.201389,0.995195
2026-07-30T03:45:18+00:00,on-demand,RTX 5080,17,59,0.151481,0.162222,0.175556,0.227074,0.672222,0.187759,0.978803
2026-07-30T03:45:18+00:00,on-demand,RTX 5090,57,195,0.212889,0.449823,0.533426,0.838519,3.613889,0.655704,0.988688
2026-07-30T03:45:18+00:00,on-demand,RTX 5880Ada,4,15,0.453593,0.453787,0.454111,0.48337,0.57037,0.454111,0.997561
2026-07-30T03:45:18+00:00,on-demand,RTX 6000Ada,10,25,0.355556,0.441389,0.586667,0.670532,0.735556,0.640463,0.991867
2026-07-30T03:45:18+00:00,on-demand,RTX A2000,4,5,0.034074,0.03563,0.264815,0.704,1.335556,,0.994731
2026-07-30T03:45:18+00:00,on-demand,RTX A4000,6,36,0.072889,0.103784,0.133678,0.148639,0.160277,0.133889,0.988214
2026-07-30T03:45:18+00:00,on-demand,RTX A4500,1,1,1.274815,1.274815,1.274815,1.274815,1.274815,,0.998031
2026-07-30T03:45:18+00:00,on-demand,RTX A5000,1,9,0.230914,0.230914,0.230914,0.230914,0.230914,0.230914,0.996619
2026-07-30T03:45:18+00:00,on-demand,RTX A6000,8,31,0.266944,0.347044,0.374259,0.400694,1.202222,,0.991062
2026-07-30T03:45:18+00:00,on-demand,RTX PRO 4000,9,23,0.200556,0.261852,0.293889,0.319704,0.335185,0.319704,0.990942
2026-07-30T03:45:18+00:00,on-demand,RTX PRO 4500,1,1,0.282222,0.282222,0.282222,0.282222,0.282222,,0.99534
2026-07-30T03:45:18+00:00,on-demand,RTX PRO 5000,15,40,0.36963,0.640833,0.738519,0.886991,0.943407,0.886944,0.988627
2026-07-30T03:45:18+00:00,on-demand,RTX PRO 6000 S,14,65,1.266944,1.533611,1.567917,1.600903,1.736296,1.600278,0.995602
2026-07-30T03:45:18+00:00,on-demand,RTX PRO 6000 WS,18,44,0.867407,1.100394,1.304241,2.098449,26.66963,1.202963,0.987813
2026-07-30T03:45:18+00:00,on-demand,Tesla P100,5,10,0.068148,0.081481,0.094074,0.201111,0.202222,0.147593,0.989144
2026-07-30T03:45:18+00:00,on-demand,Tesla P4,1,1,0.025481,0.025481,0.025481,0.025481,0.025481,,0.99001
2026-07-30T03:45:18+00:00,on-demand,Tesla P40,2,6,0.132556,0.132694,0.132833,0.132972,0.133111,0.132833,0.993374
2026-07-30T03:45:18+00:00,on-demand,Tesla T4,2,3,12.000741,12.000926,12.001111,12.001296,12.001481,,0.9724
2026-07-30T03:45:18+00:00,on-demand,Tesla V100,12,34,0.027222,0.087431,0.108333,0.192361,0.333889,0.268889,0.980769
2026-07-30T03:45:18+00:00,on-demand,Titan RTX,2,3,0.134444,0.141574,0.148704,0.155833,0.162963,0.148704,0.992236
2026-07-30T03:45:18+00:00,on-demand,Titan Xp,1,1,0.055556,0.055556,0.055556,0.055556,0.055556,0.055556,0.996737
2026-07-30T03:45:18+00:00,bid,A100 PCIE,20,30,0.133889,0.134444,0.135556,0.202222,0.46963,0.202222,0.995054
2026-07-30T03:45:18+00:00,bid,A100 SXM4,46,98,0.135556,0.401481,0.601944,0.86125,1.069333,0.600972,0.99048
2026-07-30T03:45:18+00:00,bid,A10g,1,1,0.081185,0.081185,0.081185,0.081185,0.081185,,0.826323
2026-07-30T03:45:18+00:00,bid,A40,1,2,0.234074,0.234074,0.234074,0.234074,0.234074,0.234074,0.997267
2026-07-30T03:45:18+00:00,bid,A800 PCIE,7,12,0.129889,0.130444,0.131556,0.131556,0.131556,,0.994286
2026-07-30T03:45:18+00:00,bid,B200,20,70,3.750174,5.625608,5.628906,6.251628,7.377083,5.751693,0.978299
2026-07-30T03:45:18+00:00,bid,B300,1,1,3.752083,3.752083,3.752083,3.752083,3.752083,3.752083,0.980866
2026-07-30T03:45:18+00:00,bid,CMP 170HX,6,25,0.160185,0.160556,0.160833,0.161111,0.162222,,0.931924
2026-07-30T03:45:18+00:00,bid,GTX 1050 Ti,1,1,0.024444,0.024444,0.024444,0.024444,0.024444,,0.979571
2026-07-30T03:45:18+00:00,bid,GTX 1060,1,1,0.031111,0.031111,0.031111,0.031111,0.031111,,0.988888
2026-07-30T03:45:18+00:00,bid,GTX 1070,2,2,0.015556,0.017778,0.02,0.022222,0.024444,0.024444,0.989045
2026-07-30T03:45:18+00:00,bid,GTX 1070 Ti,2,3,0.041111,0.041389,0.041667,0.041944,0.042222,0.041667,0.992706
2026-07-30T03:45:18+00:00,bid,GTX 1080,3,11,0.021111,0.030741,0.04037,0.040463,0.040556,0.040463,0.996814
2026-07-30T03:45:18+00:00,bid,GTX 1080 Ti,7,25,0.029333,0.040437,0.041111,0.047937,0.054074,0.041667,0.99706
2026-07-30T03:45:18+00:00,bid,GTX 1650 S,1,1,0.037778,0.037778,0.037778,0.037778,0.037778,,0.981663
2026-07-30T03:45:18+00:00,bid,GTX 1660,1,1,0.037778,0.037778,0.037778,0.037778,0.037778,,0.988823
2026-07-30T03:45:18+00:00,bid,GTX 1660 S,1,1,0.031111,0.031111,0.031111,0.031111,0.031111,,0.940378
2026-07-30T03:45:18+00:00,bid,GTX 1660 Ti,1,1,0.037778,0.037778,0.037778,0.037778,0.037778,0.037778,0.983408
2026-07-30T03:45:18+00:00,bid,H100 NVL,5,9,0.806519,1.335556,1.601333,1.868889,2.000556,1.468444,0.974658
2026-07-30T03:45:18+00:00,bid,H100 PCIE,7,26,0.347222,1.033963,1.600278,1.601667,1.602222,1.600278,0.990053
2026-07-30T03:45:18+00:00,bid,H100 SXM,11,34,0.267222,1.036963,1.666889,3.58722,4.002222,3.173884,0.99173
2026-07-30T03:45:18+00:00,bid,H200,10,22,2.63231,3.486404,3.816338,3.817251,3.948465,3.486404,0.997541
2026-07-30T03:45:18+00:00,bid,H200 NVL,10,21,1.006667,1.471079,1.8675,2.191389,2.402222,2.255,0.98744
2026-07-30T03:45:18+00:00,bid,L4,7,13,0.134444,0.175556,0.267407,0.271852,0.320444,0.26963,0.997355
2026-07-30T03:45:18+00:00,bid,L40,6,11,0.467778,0.468889,0.47,0.471111,0.471111,0.47,0.986542
2026-07-30T03:45:18+00:00,bid,L40S,30,109,0.200185,0.333565,0.535,0.537037,0.800926,0.537037,0.997956
2026-07-30T03:45:18+00:00,bid,Q RTX 5000,1,2,0.054074,0.054074,0.054074,0.054074,0.054074,,0.983484
2026-07-30T03:45:18+00:00,bid,Q RTX 8000,1,1,0.099778,0.099778,0.099778,0.099778,0.099778,0.099778,0.999508
2026-07-30T03:45:18+00:00,bid,Quadro GV100,1,1,0.134074,0.134074,0.134074,0.134074,0.134074,,0.968759
2026-07-30T03:45:18+00:00,bid,Quadro P4000,4,6,0.015556,0.034722,0.048741,0.056463,0.056741,0.056556,0.983692
2026-07-30T03:45:18+00:00,bid,RTX 2060,3,3,0.027852,0.029481,0.031111,0.183333,0.335556,0.183333,0.988877
2026-07-30T03:45:18+00:00,bid,RTX 2060S,3,7,0.046889,0.046933,0.046978,0.085341,0.123704,0.046978,0.958251
2026-07-30T03:45:18+00:00,bid,RTX 2070S,2,11,0.053667,0.056958,0.060249,0.06354,0.066831,0.053667,0.986775
2026-07-30T03:45:18+00:00,bid,RTX 2080 Ti,4,5,0.037778,0.040278,0.041667,0.058889,0.108889,0.042222,0.992437
2026-07-30T03:45:18+00:00,bid,RTX 2080S,1,1,0.037778,0.037778,0.037778,0.037778,0.037778,0.037778,0.893891
2026-07-30T03:45:18+00:00,bid,RTX 3060,18,70,0.024741,0.038449,0.046852,0.063819,0.119081,0.050852,0.990905
2026-07-30T03:45:18+00:00,bid,RTX 3060 Ti,3,4,0.041852,0.042778,0.043704,0.28963,0.535556,0.535556,0.997148
2026-07-30T03:45:18+00:00,bid,RTX 3060 laptop,6,15,0.013352,0.019833,0.052704,0.06863,0.101111,0.069185,0.996939
2026-07-30T03:45:18+00:00,bid,RTX 3070,10,22,0.040444,0.058519,0.072407,0.094306,0.495556,0.084167,0.994513
2026-07-30T03:45:18+00:00,bid,RTX 3070 Ti,1,1,0.055556,0.055556,0.055556,0.055556,0.055556,,0.996624
2026-07-30T03:45:18+00:00,bid,RTX 3080,12,32,0.041111,0.084444,0.138056,0.240519,0.495556,0.190444,0.997358
2026-07-30T03:45:18+00:00,bid,RTX 3080 Ti,7,7,0.015556,0.092222,0.095556,0.111481,0.188889,0.114074,0.995039
2026-07-30T03:45:18+00:00,bid,RTX 3090,58,135,0.053778,0.095556,0.133741,0.197361,0.375556,0.147778,0.985419
2026-07-30T03:45:18+00:00,bid,RTX 3090 Ti,1,1,0.068889,0.068889,0.068889,0.068889,0.068889,,0.995483
2026-07-30T03:45:18+00:00,bid,RTX 4000Ada,2,3,0.074222,0.096222,0.118222,0.140222,0.162222,,0.991245
2026-07-30T03:45:18+00:00,bid,RTX 4060,6,16,0.039259,0.043272,0.05358,0.053852,0.054519,0.039556,0.982392
2026-07-30T03:45:18+00:00,bid,RTX 4060 Ti,6,12,0.041111,0.084472,0.1075,0.107778,0.975556,0.107778,0.998192
2026-07-30T03:45:18+00:00,bid,RTX 4070,5,9,0.027407,0.027778,0.028889,0.055185,0.162222,0.108704,0.982983
2026-07-30T03:45:18+00:00,bid,RTX 4070 Ti,5,10,0.081481,0.215556,0.240556,0.241111,0.241111,0.148519,0.990358
2026-07-30T03:45:18+00:00,bid,RTX 4070S,15,56,0.067778,0.068981,0.071481,0.075407,0.081204,0.072556,0.98969
2026-07-30T03:45:18+00:00,bid,RTX 4070S Ti,9,18,0.084889,0.094444,0.200556,0.201111,0.202222,0.201111,0.999462
2026-07-30T03:45:18+00:00,bid,RTX 4080,10,16,0.067778,0.134185,0.13763,0.182259,0.255556,0.136111,0.985303
2026-07-30T03:45:18+00:00,bid,RTX 4080S,18,54,0.068481,0.133912,0.188259,0.230657,0.240741,0.22113,0.990037
2026-07-30T03:45:18+00:00,bid,RTX 4090,88,306,0.134815,0.236423,0.307235,0.398248,0.762222,0.341389,0.995159
2026-07-30T03:45:18+00:00,bid,RTX 4090D,3,7,0.604556,0.604833,0.605111,0.605667,0.606222,,0.967226
2026-07-30T03:45:18+00:00,bid,RTX 5000Ada,3,4,0.268889,0.301667,0.334444,0.335,0.335556,0.334444,0.993977
2026-07-30T03:45:18+00:00,bid,RTX 5060,5,6,0.042222,0.05363,0.055556,0.095556,0.148889,0.055556,0.988208
2026-07-30T03:45:18+00:00,bid,RTX 5060 Ti,30,93,0.042222,0.071111,0.094167,0.143935,0.161111,0.100981,0.996167
2026-07-30T03:45:18+00:00,bid,RTX 5070,8,14,0.080222,0.095926,0.120833,0.121389,0.135556,0.121111,0.995972
2026-07-30T03:45:18+00:00,bid,RTX 5070 Ti,17,29,0.093889,0.094444,0.108889,0.157481,0.268,0.108148,0.994795
2026-07-30T03:45:18+00:00,bid,RTX 5080,15,33,0.02963,0.110111,0.134444,0.155944,0.202222,0.136944,0.988399
2026-07-30T03:45:18+00:00,bid,RTX 5090,78,205,0.102222,0.272,0.378,0.467847,1.563407,0.400556,0.99516
2026-07-30T03:45:18+00:00,bid,RTX 5880Ada,4,6,0.297037,0.297037,0.315704,0.33437,0.33437,0.315704,0.996687
2026-07-30T03:45:18+00:00,bid,RTX 6000Ada,13,32,0.137778,0.387222,0.402222,0.468889,0.680889,0.467704,0.994738
2026-07-30T03:45:18+00:00,bid,RTX A2000,1,1,0.400148,0.400148,0.400148,0.400148,0.400148,,0.994268
2026-07-30T03:45:18+00:00,bid,RTX A4000,9,42,0.067037,0.067852,0.093889,0.106852,0.14961,0.093889,0.988701
2026-07-30T03:45:18+00:00,bid,RTX A5000,3,18,0.226984,0.227196,0.227407,0.228509,0.229611,0.227407,0.998094
2026-07-30T03:45:18+00:00,bid,RTX A6000,10,28,0.143704,0.253681,0.261667,0.316375,0.374444,,0.981358
2026-07-30T03:45:18+00:00,bid,RTX PRO 4000,13,22,0.067222,0.068444,0.068889,0.215185,0.240741,0.217037,0.98237
2026-07-30T03:45:18+00:00,bid,RTX PRO 5000,20,50,0.135111,0.400648,0.4675,0.468889,0.803704,0.4675,0.986051
2026-07-30T03:45:18+00:00,bid,RTX PRO 6000 S,20,73,0.335556,1.001944,1.134954,1.318403,1.467778,1.068889,0.99663
2026-07-30T03:45:18+00:00,bid,RTX PRO 6000 WS,29,56,0.335556,0.538518,0.603704,0.932741,2.537037,0.669333,0.991168
2026-07-30T03:45:18+00:00,bid,Tesla P100,4,5,0.041481,0.111204,0.135,0.135556,0.135556,0.135556,0.989144
2026-07-30T03:45:18+00:00,bid,Tesla P40,3,8,0.065889,0.066167,0.066444,0.066444,0.066444,0.066444,0.993374
2026-07-30T03:45:18+00:00,bid,Tesla T4,2,3,3.400741,3.400926,3.401111,3.401296,3.401481,,0.9724
2026-07-30T03:45:18+00:00,bid,Tesla V100,12,23,0.017889,0.076167,0.115111,0.162222,0.242222,0.162222,0.992336
2026-07-30T03:45:18+00:00,bid,Titan RTX,3,4,0.107778,0.108333,0.108889,0.122222,0.135556,0.108889,0.998347
2026-07-30T03:45:18+00:00,bid,Titan Xp,1,1,0.042222,0.042222,0.042222,0.042222,0.042222,0.042222,0.996737
2026-07-30T03:50:16+00:00,on-demand,A100 PCIE,14,35,0.333611,0.392407,0.931291,1.000972,1.365739,0.997494,0.985472
2026-07-30T03:50:16+00:00,on-demand,A100 SXM4,33,88,0.267037,0.733981,0.920741,1.068,1.529667,0.927778,0.99253
2026-07-30T03:50:16+00:00,on-demand,A10g,1,1,0.161185,0.161185,0.161185,0.161185,0.161185,,0.826323
2026-07-30T03:50:16+00:00,on-demand,A40,1,1,0.602222,0.602222,0.602222,0.602222,0.602222,0.602222,0.998744
2026-07-30T03:50:16+00:00,on-demand,A800 PCIE,3,7,0.667222,0.6675,0.667778,0.668333,0.668889,,0.994286
2026-07-30T03:50:16+00:00,on-demand,B200,15,52,4.313889,5.873958,6.215104,6.495312,7.500434,6.189453,0.984649
2026-07-30T03:50:16+00:00,on-demand,B300,2,5,5.625521,6.094661,6.563802,7.032943,7.502083,7.502083,0.987022
2026-07-30T03:50:16+00:00,on-demand,CMP 170HX,4,25,0.186852,0.186921,0.187083,0.187639,0.188889,,0.931924
2026-07-30T03:50:16+00:00,on-demand,GTX 1050 Ti,1,1,0.611111,0.611111,0.611111,0.611111,0.611111,,0.979571
2026-07-30T03:50:16+00:00,on-demand,GTX 1060,3,4,0.087778,0.088333,0.088889,0.216667,0.344444,0.088333,0.999304
2026-07-30T03:50:16+00:00,on-demand,GTX 1070,2,2,0.202222,0.284444,0.366667,0.448889,0.531111,0.531111,0.989045
2026-07-30T03:50:16+00:00,on-demand,GTX 1070 Ti,1,1,0.050222,0.050222,0.050222,0.050222,0.050222,0.050222,0.988042
2026-07-30T03:50:16+00:00,on-demand,GTX 1080,5,15,0.027778,0.04837,0.048556,0.048889,0.049111,0.048556,0.996814
2026-07-30T03:50:16+00:00,on-demand,GTX 1080 Ti,5,14,0.042667,0.060741,0.062222,0.065111,0.073651,0.063667,0.99706
2026-07-30T03:50:16+00:00,on-demand,GTX 1650 S,1,1,0.677778,0.677778,0.677778,0.677778,0.677778,,0.981663
2026-07-30T03:50:16+00:00,on-demand,GTX 1660,1,1,0.677778,0.677778,0.677778,0.677778,0.677778,,0.988823
2026-07-30T03:50:16+00:00,on-demand,GTX 1660 S,2,2,0.451111,0.605556,0.76,0.914444,1.068889,1.068889,0.926719
2026-07-30T03:50:16+00:00,on-demand,GTX 1660 Ti,1,1,0.611111,0.611111,0.611111,0.611111,0.611111,0.611111,0.983408
2026-07-30T03:50:16+00:00,on-demand,H100 NVL,4,8,2.001481,2.202037,2.335111,2.634472,3.333889,2.401333,0.983358
2026-07-30T03:50:16+00:00,on-demand,H100 PCIE,4,15,1.733481,1.934204,2.0675,2.134306,2.135556,2.0675,0.986593
2026-07-30T03:50:16+00:00,on-demand,H100 SXM,12,45,1.600556,2.252407,3.155056,3.907361,5.355556,3.733884,0.992415
2026-07-30T03:50:16+00:00,on-demand,H200,9,21,3.816155,3.934576,3.935673,4.080044,4.211075,4.007858,0.99751
2026-07-30T03:50:16+00:00,on-demand,H200 NVL,8,18,2.800317,3.001806,3.722222,4.337611,4.922222,4.532111,0.987418
2026-07-30T03:50:16+00:00,on-demand,L4,5,9,0.202222,0.295556,0.325185,0.333889,0.334444,0.333889,0.995263
2026-07-30T03:50:16+00:00,on-demand,L40,2,3,0.575556,0.576111,0.576667,0.577222,0.577778,0.576667,0.986542
2026-07-30T03:50:16+00:00,on-demand,L40S,15,61,0.400185,0.466852,0.467037,0.902315,1.074074,0.902315,0.995992
2026-07-30T03:50:16+00:00,on-demand,Q RTX 8000,4,8,0.241111,0.250556,0.253889,0.258333,0.271111,0.253889,0.998754
2026-07-30T03:50:16+00:00,on-demand,Quadro GV100,1,1,0.467407,0.467407,0.467407,0.467407,0.467407,,0.968759
2026-07-30T03:50:16+00:00,on-demand,Quadro P4000,4,6,0.028889,0.042778,0.057204,0.067083,0.067333,0.067167,0.98139
2026-07-30T03:50:16+00:00,on-demand,RTX 2060,2,2,0.053185,0.142667,0.232148,0.32163,0.411111,0.411111,0.983483
2026-07-30T03:50:16+00:00,on-demand,RTX 2060S,1,4,0.066978,0.066978,0.066978,0.066978,0.066978,0.066978,0.980383
2026-07-30T03:50:16+00:00,on-demand,RTX 2070S,2,13,0.073498,0.073549,0.073601,0.073652,0.073704,,0.992232
2026-07-30T03:50:16+00:00,on-demand,RTX 2080 Ti,6,23,0.068889,0.071674,0.08003,0.08005,0.080111,0.080032,0.994712
2026-07-30T03:50:16+00:00,on-demand,RTX 3060,11,41,0.034815,0.052185,0.073498,0.54,1.335556,0.093611,0.990161
2026-07-30T03:50:16+00:00,on-demand,RTX 3060 laptop,5,14,0.026685,0.041111,0.042222,0.105185,0.134444,0.119815,0.998769
2026-07-30T03:50:16+00:00,on-demand,RTX 3070,13,44,0.041111,0.067407,0.100617,0.107222,0.562222,0.100617,0.989385
2026-07-30T03:50:16+00:00,on-demand,RTX 3080,11,36,0.048889,0.09487,0.120278,0.197944,0.388889,0.144056,0.994171
2026-07-30T03:50:16+00:00,on-demand,RTX 3080 Ti,8,10,0.082222,0.101389,0.138704,0.189444,1.268889,0.138704,0.995108
2026-07-30T03:50:16+00:00,on-demand,RTX 3090,40,122,0.106944,0.138819,0.175,0.428056,1.188889,0.216667,0.982474
2026-07-30T03:50:16+00:00,on-demand,RTX 3090 Ti,1,1,0.175556,0.175556,0.175556,0.175556,0.175556,,0.993189
2026-07-30T03:50:16+00:00,on-demand,RTX 4000Ada,2,3,0.087556,0.116222,0.144889,0.173556,0.202222,,0.991245
2026-07-30T03:50:16+00:00,on-demand,RTX 4060,8,21,0.060198,0.060519,0.061667,0.063333,2.677778,0.062222,0.984607
2026-07-30T03:50:16+00:00,on-demand,RTX 4060 Ti,4,7,0.068889,0.078889,0.113389,0.385639,1.108889,0.144556,0.994103
2026-07-30T03:50:16+00:00,on-demand,RTX 4070,4,14,0.080741,0.081852,0.084722,0.087639,0.088889,0.088056,0.98902
2026-07-30T03:50:16+00:00,on-demand,RTX 4070 Ti,6,12,0.093111,0.098333,0.172222,0.271972,0.282444,0.102222,0.991916
2026-07-30T03:50:16+00:00,on-demand,RTX 4070S,8,30,0.081111,0.08169,0.082315,0.094028,0.120296,0.086019,0.992881
2026-07-30T03:50:16+00:00,on-demand,RTX 4070S Ti,5,7,0.068889,0.115556,0.117778,0.201111,0.248889,0.117778,0.994156
2026-07-30T03:50:16+00:00,on-demand,RTX 4080,6,10,0.117037,0.165843,0.187056,0.208019,0.268889,0.186926,0.982328
2026-07-30T03:50:16+00:00,on-demand,RTX 4080S,18,70,0.147222,0.163611,0.201074,0.213819,0.287407,0.193334,0.990037
2026-07-30T03:50:16+00:00,on-demand,RTX 4090,53,214,0.133889,0.310123,0.400278,0.607407,0.828889,0.474583,0.995159
2026-07-30T03:50:16+00:00,on-demand,RTX 4090D,3,7,0.667222,0.6675,0.667778,0.668333,0.668889,,0.967226
2026-07-30T03:50:16+00:00,on-demand,RTX 5000Ada,3,3,0.375556,0.408889,0.442222,0.448889,0.455556,0.408889,0.993977
2026-07-30T03:50:16+00:00,on-demand,RTX 5060,4,5,0.05363,0.069796,0.076111,0.095,0.148889,0.076111,0.994322
2026-07-30T03:50:16+00:00,on-demand,RTX 5060 Ti,25,81,0.067963,0.094074,0.134815,0.185889,1.204444,0.181889,0.993429
2026-07-30T03:50:16+00:00,on-demand,RTX 5070,9,18,0.074259,0.075556,0.120556,0.126667,0.148148,0.098796,0.99058
2026-07-30T03:50:16+00:00,on-demand,RTX 5070 Ti,8,12,0.118815,0.134444,0.142778,0.171944,0.401333,0.175741,0.995272
2026-07-30T03:50:16+00:00,on-demand,RTX 5080,17,54,0.148148,0.173778,0.175556,0.201111,0.672222,0.176111,0.978803
2026-07-30T03:50:16+00:00,on-demand,RTX 5090,62,207,0.212889,0.448845,0.520972,0.89738,3.615556,0.666944,0.992044
2026-07-30T03:50:16+00:00,on-demand,RTX 5880Ada,4,15,0.453593,0.453787,0.511185,0.568981,0.57037,0.511185,0.996793
2026-07-30T03:50:16+00:00,on-demand,RTX 6000Ada,9,24,0.355556,0.441111,0.640463,0.681111,0.735556,0.661019,0.992359
2026-07-30T03:50:16+00:00,on-demand,RTX A2000,4,5,0.034074,0.03563,0.264815,0.704,1.335556,,0.994731
2026-07-30T03:50:16+00:00,on-demand,RTX A4000,7,36,0.071778,0.101204,0.133468,0.148667,0.160277,0.140601,0.97131
2026-07-30T03:50:16+00:00,on-demand,RTX A4500,1,1,1.274815,1.274815,1.274815,1.274815,1.274815,,0.998031
2026-07-30T03:50:16+00:00,on-demand,RTX A5000,2,11,0.230944,0.23106,0.231176,0.231292,0.231407,0.231176,0.997356
2026-07-30T03:50:16+00:00,on-demand,RTX A6000,8,31,0.266944,0.347044,0.374259,0.400694,1.202222,,0.991062
2026-07-30T03:50:16+00:00,on-demand,RTX PRO 4000,8,15,0.202222,0.250889,0.265444,0.324167,0.337037,0.294765,0.992725
2026-07-30T03:50:16+00:00,on-demand,RTX PRO 4500,1,1,0.282222,0.282222,0.282222,0.282222,0.282222,,0.99534
2026-07-30T03:50:16+00:00,on-demand,RTX PRO 5000,15,42,0.36963,0.640417,0.667778,0.887083,0.958074,0.777361,0.990907
2026-07-30T03:50:16+00:00,on-demand,RTX PRO 6000 S,11,41,1.266944,1.462361,1.535556,1.600556,1.736296,1.495833,0.995602
2026-07-30T03:50:16+00:00,on-demand,RTX PRO 6000 WS,18,46,0.867407,1.159282,1.275556,1.524329,26.668148,1.235358,0.989297
2026-07-30T03:50:16+00:00,on-demand,Tesla P100,4,6,0.068148,0.088148,0.147963,0.201389,0.202222,0.201111,0.988289
2026-07-30T03:50:16+00:00,on-demand,Tesla P4,1,1,0.025481,0.025481,0.025481,0.025481,0.025481,,0.99001
2026-07-30T03:50:16+00:00,on-demand,Tesla P40,2,6,0.132556,0.132694,0.132833,0.132972,0.133111,0.132833,0.993374
2026-07-30T03:50:16+00:00,on-demand,Tesla T4,2,3,12.000741,12.000926,12.001111,12.001296,12.001481,,0.9724
2026-07-30T03:50:16+00:00,on-demand,Tesla V100,12,34,0.027222,0.067556,0.108333,0.167269,0.333889,0.218056,0.989471
2026-07-30T03:50:16+00:00,on-demand,Titan RTX,2,3,0.134444,0.141389,0.148333,0.155278,0.162222,0.148333,0.998411
2026-07-30T03:50:16+00:00,on-demand,Titan Xp,1,1,0.055556,0.055556,0.055556,0.055556,0.055556,0.055556,0.996105
2026-07-30T03:50:16+00:00,bid,A100 PCIE,20,29,0.133889,0.135278,0.135556,0.202222,0.46963,0.202222,0.995054
2026-07-30T03:50:16+00:00,bid,A100 SXM4,39,91,0.135556,0.5475,0.605185,0.854722,1.069333,0.602593,0.992353
2026-07-30T03:50:16+00:00,bid,A10g,1,1,0.081185,0.081185,0.081185,0.081185,0.081185,,0.826323
2026-07-30T03:50:16+00:00,bid,A40,1,2,0.234074,0.234074,0.234074,0.234074,0.234074,0.234074,0.997267
2026-07-30T03:50:16+00:00,bid,A800 PCIE,6,10,0.129889,0.130722,0.131556,0.131556,0.131556,,0.994286
2026-07-30T03:50:16+00:00,bid,B200,21,74,3.750174,5.625347,5.627604,6.251302,7.376042,5.627083,0.984649
2026-07-30T03:50:16+00:00,bid,B300,1,1,3.752083,3.752083,3.752083,3.752083,3.752083,3.752083,0.980866
2026-07-30T03:50:16+00:00,bid,CMP 170HX,6,29,0.160185,0.160347,0.160833,0.161111,0.162222,,0.931924
2026-07-30T03:50:16+00:00,bid,GTX 1050 Ti,1,1,0.024444,0.024444,0.024444,0.024444,0.024444,,0.979571
2026-07-30T03:50:16+00:00,bid,GTX 1060,1,1,0.031111,0.031111,0.031111,0.031111,0.031111,,0.988888
2026-07-30T03:50:16+00:00,bid,GTX 1070,2,2,0.015556,0.017778,0.02,0.022222,0.024444,0.024444,0.989045
2026-07-30T03:50:16+00:00,bid,GTX 1070 Ti,1,4,0.040556,0.040556,0.040556,0.040556,0.040556,0.040556,0.988042
2026-07-30T03:50:16+00:00,bid,GTX 1080,4,10,0.014815,0.033981,0.040741,0.041389,0.042222,0.041111,0.994618
2026-07-30T03:50:16+00:00,bid,GTX 1080 Ti,10,34,0.029333,0.040602,0.041111,0.050794,0.054074,0.041111,0.99706
2026-07-30T03:50:16+00:00,bid,GTX 1650 S,1,1,0.037778,0.037778,0.037778,0.037778,0.037778,,0.981663
2026-07-30T03:50:16+00:00,bid,GTX 1660 S,1,1,0.031111,0.031111,0.031111,0.031111,0.031111,,0.940378
2026-07-30T03:50:16+00:00,bid,GTX 1660 Ti,1,1,0.037778,0.037778,0.037778,0.037778,0.037778,0.037778,0.983408
2026-07-30T03:50:16+00:00,bid,H100 NVL,6,10,0.806519,1.402,1.602,1.802333,2.000556,1.601333,0.973171
2026-07-30T03:50:16+00:00,bid,H100 PCIE,7,27,0.347778,1.033546,1.467556,1.601111,1.602222,1.467556,0.990053
2026-07-30T03:50:16+00:00,bid,H100 SXM,15,49,0.267222,1.073704,2.005333,2.854164,4.002222,2.534167,0.992014
2026-07-30T03:50:16+00:00,bid,H200,11,26,2.631944,3.388213,3.816155,3.817251,3.948465,3.486404,0.99751
2026-07-30T03:50:16+00:00,bid,H200 NVL,11,23,1.006667,1.867103,1.867778,2.128333,3.211111,2.255,0.988246
2026-07-30T03:50:16+00:00,bid,L4,7,16,0.134444,0.241852,0.268889,0.294852,0.320556,0.269074,0.997873
2026-07-30T03:50:16+00:00,bid,L40,3,4,0.468889,0.47,0.471111,0.471111,0.471111,0.471111,0.986542
2026-07-30T03:50:16+00:00,bid,L40S,25,79,0.20037,0.333704,0.534259,0.540741,0.803704,0.537037,0.998573
2026-07-30T03:50:16+00:00,bid,Q RTX 5000,2,3,0.054074,0.054259,0.054444,0.05463,0.054815,,0.983484
2026-07-30T03:50:16+00:00,bid,Q RTX 8000,1,1,0.099778,0.099778,0.099778,0.099778,0.099778,0.099778,0.999508
2026-07-30T03:50:16+00:00,bid,Quadro GV100,1,1,0.134074,0.134074,0.134074,0.134074,0.134074,,0.968759
2026-07-30T03:50:16+00:00,bid,Quadro P4000,4,6,0.015556,0.034722,0.043389,0.048435,0.056741,0.051204,0.981942
2026-07-30T03:50:16+00:00,bid,RTX 2060,3,3,0.027852,0.029481,0.031111,0.183333,0.335556,0.183333,0.988877
2026-07-30T03:50:16+00:00,bid,RTX 2060S,3,7,0.046889,0.046933,0.046978,0.085341,0.123704,0.046978,0.958251
2026-07-30T03:50:16+00:00,bid,RTX 2070S,4,19,0.053667,0.06354,0.066934,0.067037,0.067037,0.053667,0.98748
2026-07-30T03:50:16+00:00,bid,RTX 2080 Ti,4,5,0.037778,0.040278,0.041667,0.062037,0.121481,0.042222,0.992437
2026-07-30T03:50:16+00:00,bid,RTX 2080S,1,1,0.037778,0.037778,0.037778,0.037778,0.037778,0.037778,0.893891
2026-07-30T03:50:16+00:00,bid,RTX 3060,14,62,0.024741,0.038449,0.046852,0.063819,0.13437,0.057565,0.99074
2026-07-30T03:50:16+00:00,bid,RTX 3060 Ti,2,3,0.041852,0.042315,0.042778,0.043241,0.043704,,0.997148
2026-07-30T03:50:16+00:00,bid,RTX 3060 laptop,3,11,0.013352,0.025898,0.038444,0.053815,0.069185,0.069185,0.998769
2026-07-30T03:50:16+00:00,bid,RTX 3070,11,25,0.040444,0.048148,0.068519,0.084722,0.495556,0.072037,0.996505
2026-07-30T03:50:16+00:00,bid,RTX 3070 Ti,1,2,0.054444,0.054444,0.054444,0.054444,0.054444,,0.996624
2026-07-30T03:50:16+00:00,bid,RTX 3080,13,35,0.041111,0.067222,0.135556,0.240415,0.495556,0.190444,0.989763
2026-07-30T03:50:16+00:00,bid,RTX 3080 Ti,9,10,0.015556,0.07037,0.095556,0.108889,0.188889,0.108889,0.995039
2026-07-30T03:50:16+00:00,bid,RTX 3090,53,119,0.014815,0.102407,0.134,0.201111,0.375556,0.148889,0.987683
2026-07-30T03:50:16+00:00,bid,RTX 3090 Ti,1,1,0.068889,0.068889,0.068889,0.068889,0.068889,,0.995483
2026-07-30T03:50:16+00:00,bid,RTX 4000Ada,3,4,0.074222,0.074667,0.075111,0.118667,0.162222,,0.987701
2026-07-30T03:50:16+00:00,bid,RTX 4060,6,16,0.031111,0.053556,0.053778,0.053926,0.083704,0.083704,0.982392
2026-07-30T03:50:16+00:00,bid,RTX 4060 Ti,7,13,0.041111,0.041667,0.076889,0.100648,0.975556,0.107222,0.997831
2026-07-30T03:50:16+00:00,bid,RTX 4070,5,9,0.027407,0.028889,0.054444,0.055185,0.148889,0.055185,0.987342
2026-07-30T03:50:16+00:00,bid,RTX 4070 Ti,5,9,0.081481,0.108148,0.215556,0.240556,0.241111,0.148519,0.993031
2026-07-30T03:50:16+00:00,bid,RTX 4070S,15,52,0.067778,0.070278,0.073926,0.076296,0.082407,0.07363,0.991187
2026-07-30T03:50:16+00:00,bid,RTX 4070S Ti,7,13,0.094444,0.096944,0.102963,0.201667,0.202222,0.201667,0.995061
2026-07-30T03:50:16+00:00,bid,RTX 4080,8,13,0.133593,0.134852,0.13763,0.195778,0.255556,0.136111,0.98836
2026-07-30T03:50:16+00:00,bid,RTX 4080S,17,51,0.028222,0.134537,0.188741,0.240185,0.240741,0.22113,0.990037
2026-07-30T03:50:16+00:00,bid,RTX 4090,72,246,0.134074,0.22963,0.295556,0.493935,0.762222,0.397022,0.994882
2026-07-30T03:50:16+00:00,bid,RTX 4090D,4,8,0.604556,0.604972,0.605667,0.606222,0.606222,,0.967226
2026-07-30T03:50:16+00:00,bid,RTX 5000Ada,2,2,0.268889,0.285556,0.302222,0.318889,0.335556,0.302222,0.996144
2026-07-30T03:50:16+00:00,bid,RTX 5060,5,7,0.040296,0.041111,0.053481,0.05363,0.095556,0.053556,0.982203
2026-07-30T03:50:16+00:00,bid,RTX 5060 Ti,33,93,0.042222,0.071111,0.100519,0.134444,0.161111,0.107407,0.995429
2026-07-30T03:50:16+00:00,bid,RTX 5070,7,13,0.094815,0.103518,0.111481,0.114167,0.135556,0.113889,0.987677
2026-07-30T03:50:16+00:00,bid,RTX 5070 Ti,16,26,0.011481,0.094444,0.107778,0.115296,0.268,0.095556,0.995251
2026-07-30T03:50:16+00:00,bid,RTX 5080,18,38,0.02963,0.115694,0.142685,0.174046,0.204444,0.147222,0.992374
2026-07-30T03:50:16+00:00,bid,RTX 5090,72,198,0.102222,0.271667,0.373642,0.601481,1.563407,0.373498,0.995282
2026-07-30T03:50:16+00:00,bid,RTX 5880Ada,5,8,0.295185,0.297037,0.297037,0.33437,0.33437,0.297037,0.995919
2026-07-30T03:50:16+00:00,bid,RTX 6000Ada,19,46,0.134815,0.327685,0.400556,0.468222,0.74963,0.400926,0.994917
2026-07-30T03:50:16+00:00,bid,RTX A2000,1,1,0.400148,0.400148,0.400148,0.400148,0.400148,,0.994268
2026-07-30T03:50:16+00:00,bid,RTX A4000,13,73,0.067037,0.093704,0.106801,0.133611,0.149748,0.093889,0.97131
2026-07-30T03:50:16+00:00,bid,RTX A5000,3,21,0.226984,0.228282,0.22958,0.230289,0.230999,0.22958,0.998094
2026-07-30T03:50:16+00:00,bid,RTX A6000,10,27,0.143704,0.253681,0.285528,0.321944,0.374444,,0.971362
2026-07-30T03:50:16+00:00,bid,RTX PRO 4000,10,24,0.067222,0.067944,0.134963,0.23463,0.241481,0.240494,0.986656
2026-07-30T03:50:16+00:00,bid,RTX PRO 5000,23,54,0.135111,0.400556,0.401481,0.53375,0.803704,0.401481,0.989431
2026-07-30T03:50:16+00:00,bid,RTX PRO 6000 S,22,78,0.335556,0.852361,1.06963,1.268889,1.467778,1.068148,0.996116
2026-07-30T03:50:16+00:00,bid,RTX PRO 6000 WS,30,56,0.468148,0.539259,0.769148,0.978907,2.537037,0.736074,0.981793
2026-07-30T03:50:16+00:00,bid,Tesla P100,4,5,0.041481,0.111204,0.135,0.135556,0.135556,0.135556,0.989144
2026-07-30T03:50:16+00:00,bid,Tesla P40,3,8,0.065889,0.066167,0.066444,0.066444,0.066444,0.066444,0.993374
2026-07-30T03:50:16+00:00,bid,Tesla T4,3,4,3.400741,3.401111,3.401481,3.401481,3.401481,,0.9724
2026-07-30T03:50:16+00:00,bid,Tesla V100,13,24,0.017889,0.095037,0.095407,0.162222,0.242222,0.162222,0.99154
2026-07-30T03:50:16+00:00,bid,Titan RTX,2,3,0.107778,0.114722,0.121667,0.128611,0.135556,0.121667,0.998411
2026-07-30T03:50:16+00:00,bid,Titan Xp,1,1,0.055556,0.055556,0.055556,0.055556,0.055556,0.055556,0.996018
2026-07-30T03:55:17+00:00,on-demand,A100 PCIE,14,32,0.268148,0.392407,0.813852,1.001806,1.365739,0.994433,0.995388
2026-07-30T03:55:17+00:00,on-demand,A100 SXM4,28,83,0.267037,0.734329,0.960463,1.067889,1.529667,0.980852,0.992411
2026-07-30T03:55:17+00:00,on-demand,A10g,1,1,0.161185,0.161185,0.161185,0.161185,0.161185,,0.826323
2026-07-30T03:55:17+00:00,on-demand,A40,1,1,0.602222,0.602222,0.602222,0.602222,0.602222,0.602222,0.998744
2026-07-30T03:55:17+00:00,on-demand,A800 PCIE,3,7,0.667222,0.6675,0.667778,0.668333,0.668889,,0.994286
2026-07-30T03:55:17+00:00,on-demand,B200,20,78,4.313889,5.937804,6.236806,6.561263,7.751042,6.251042,0.981474
2026-07-30T03:55:17+00:00,on-demand,B300,2,5,5.625521,6.094661,6.563802,7.032943,7.502083,7.502083,0.987022
2026-07-30T03:55:17+00:00,on-demand,CMP 170HX,4,26,0.186852,0.186921,0.187083,0.187361,0.187778,,0.931924
2026-07-30T03:55:17+00:00,on-demand,GTX 1050 Ti,1,1,0.611111,0.611111,0.611111,0.611111,0.611111,,0.979571
2026-07-30T03:55:17+00:00,on-demand,GTX 1060,3,4,0.087778,0.088333,0.088889,0.216667,0.344444,0.088333,0.999304
2026-07-30T03:55:17+00:00,on-demand,GTX 1070,2,2,0.202222,0.284444,0.366667,0.448889,0.531111,0.531111,0.989045
2026-07-30T03:55:17+00:00,on-demand,GTX 1080,6,16,0.027778,0.043759,0.048463,0.048972,0.050222,0.048833,0.996814
2026-07-30T03:55:17+00:00,on-demand,GTX 1080 Ti,4,11,0.042667,0.060333,0.069937,0.073849,0.074444,0.073651,0.997631
2026-07-30T03:55:17+00:00,on-demand,GTX 1650 S,1,1,0.677778,0.677778,0.677778,0.677778,0.677778,,0.981663
2026-07-30T03:55:17+00:00,on-demand,GTX 1660,1,1,0.677778,0.677778,0.677778,0.677778,0.677778,,0.988823
2026-07-30T03:55:17+00:00,on-demand,GTX 1660 S,2,2,0.451111,0.605556,0.76,0.914444,1.068889,1.068889,0.926719
2026-07-30T03:55:17+00:00,on-demand,GTX 1660 Ti,1,1,0.611111,0.611111,0.611111,0.611111,0.611111,0.611111,0.983408
2026-07-30T03:55:17+00:00,on-demand,H100 NVL,5,9,2.268889,2.348889,2.401333,2.993185,3.333889,2.697259,0.974658
2026-07-30T03:55:17+00:00,on-demand,H100 PCIE,4,22,1.733481,1.934204,2.067361,2.133681,2.133889,2.067361,0.986593
2026-07-30T03:55:17+00:00,on-demand,H100 SXM,14,50,1.600556,2.217963,3.155056,3.907639,5.355556,3.820553,0.992415
2026-07-30T03:55:17+00:00,on-demand,H200,10,25,3.684759,3.846034,3.935307,4.043951,4.211075,3.935673,0.99751
2026-07-30T03:55:17+00:00,on-demand,H200 NVL,8,18,2.800317,3.001806,3.722222,4.306611,4.922222,4.511444,0.987418
2026-07-30T03:55:17+00:00,on-demand,L4,5,9,0.202222,0.295556,0.333889,0.334444,0.335556,0.334444,0.997873
2026-07-30T03:55:17+00:00,on-demand,L40,3,7,0.574444,0.575,0.575556,0.576667,0.577778,0.575556,0.986542
2026-07-30T03:55:17+00:00,on-demand,L40S,17,63,0.400185,0.466852,0.628889,0.802222,1.074074,0.802222,0.995127
2026-07-30T03:55:17+00:00,on-demand,Q RTX 8000,3,7,0.253704,0.253889,0.254074,0.254444,0.254815,0.254074,0.998678
2026-07-30T03:55:17+00:00,on-demand,Quadro GV100,1,1,0.467407,0.467407,0.467407,0.467407,0.467407,,0.968759
2026-07-30T03:55:17+00:00,on-demand,Quadro P4000,4,6,0.028889,0.042778,0.057204,0.067102,0.067407,0.067204,0.981942
2026-07-30T03:55:17+00:00,on-demand,RTX 2060,2,2,0.053185,0.142667,0.232148,0.32163,0.411111,0.411111,0.983483
2026-07-30T03:55:17+00:00,on-demand,RTX 2060S,1,1,0.283704,0.283704,0.283704,0.283704,0.283704,0.283704,0.951672
2026-07-30T03:55:17+00:00,on-demand,RTX 2070S,2,17,0.073498,0.073503,0.073508,0.073513,0.073519,,0.98748
2026-07-30T03:55:17+00:00,on-demand,RTX 2080 Ti,8,25,0.068889,0.072056,0.08003,0.090597,0.811111,0.08003,0.995165
2026-07-30T03:55:17+00:00,on-demand,RTX 3060,9,34,0.030222,0.050815,0.073498,0.677778,1.335556,0.708009,0.990161
2026-07-30T03:55:17+00:00,on-demand,RTX 3060 Ti,1,1,0.959556,0.959556,0.959556,0.959556,0.959556,0.959556,0.595073
2026-07-30T03:55:17+00:00,on-demand,RTX 3060 laptop,4,12,0.026685,0.037505,0.041667,0.057963,0.105185,0.105185,0.998769
2026-07-30T03:55:17+00:00,on-demand,RTX 3070,11,39,0.041111,0.067937,0.081852,0.107167,0.166222,0.081065,0.990252
2026-07-30T03:55:17+00:00,on-demand,RTX 3070 laptop,1,1,0.468889,0.468889,0.468889,0.468889,0.468889,,0.964454
2026-07-30T03:55:17+00:00,on-demand,RTX 3080,11,32,0.060278,0.08537,0.113556,0.197944,0.562222,0.129222,0.996102
2026-07-30T03:55:17+00:00,on-demand,RTX 3080 Ti,6,6,0.068889,0.105556,0.18963,0.272593,1.268889,0.235556,0.986828
2026-07-30T03:55:17+00:00,on-demand,RTX 3090,43,135,0.106944,0.144028,0.213667,0.447778,1.188889,0.247556,0.979421
2026-07-30T03:55:17+00:00,on-demand,RTX 3090 Ti,1,1,0.242222,0.242222,0.242222,0.242222,0.242222,,0.995483
2026-07-30T03:55:17+00:00,on-demand,RTX 4000Ada,1,1,0.202222,0.202222,0.202222,0.202222,0.202222,,0.994788
2026-07-30T03:55:17+00:00,on-demand,RTX 4060,7,17,0.060198,0.061296,0.062222,0.063704,2.677778,0.062222,0.996399
2026-07-30T03:55:17+00:00,on-demand,RTX 4060 Ti,4,5,0.062963,0.077407,0.088333,0.348056,1.108889,0.094444,0.993407
2026-07-30T03:55:17+00:00,on-demand,RTX 4070,4,9,0.080741,0.081852,0.082222,0.083611,0.087778,0.085,0.985502
2026-07-30T03:55:17+00:00,on-demand,RTX 4070 Ti,6,12,0.093111,0.095648,0.16963,0.271972,0.282444,0.097037,0.986872
2026-07-30T03:55:17+00:00,on-demand,RTX 4070S,10,50,0.080617,0.081366,0.084907,0.08913,0.107222,0.088611,0.992881
2026-07-30T03:55:17+00:00,on-demand,RTX 4070S Ti,7,13,0.068889,0.111,0.122407,0.224444,0.248889,0.179667,0.994156
2026-07-30T03:55:17+00:00,on-demand,RTX 4080,6,10,0.114259,0.131574,0.176111,0.205481,0.295556,0.175185,0.991321
2026-07-30T03:55:17+00:00,on-demand,RTX 4080S,20,66,0.118148,0.161806,0.201074,0.213681,0.287407,0.182185,0.991417
2026-07-30T03:55:17+00:00,on-demand,RTX 4090,56,212,0.133889,0.320972,0.396929,0.537963,0.828889,0.468889,0.994571
2026-07-30T03:55:17+00:00,on-demand,RTX 4090D,3,7,0.667222,0.6675,0.667778,0.668333,0.668889,,0.967226
2026-07-30T03:55:17+00:00,on-demand,RTX 5000Ada,2,2,0.442222,0.445556,0.448889,0.452222,0.455556,0.442222,0.993647
2026-07-30T03:55:17+00:00,on-demand,RTX 5060,3,4,0.05363,0.064407,0.075185,0.112037,0.148889,0.075185,0.993706
2026-07-30T03:55:17+00:00,on-demand,RTX 5060 Ti,22,66,0.071852,0.089815,0.13337,0.189306,1.202222,0.185611,0.995432
2026-07-30T03:55:17+00:00,on-demand,RTX 5070,6,12,0.075185,0.086343,0.10787,0.140926,0.148148,0.094259,0.988254
2026-07-30T03:55:17+00:00,on-demand,RTX 5070 Ti,6,13,0.118444,0.153806,0.200648,0.201019,0.401333,0.200556,0.995264
2026-07-30T03:55:17+00:00,on-demand,RTX 5080,16,53,0.160099,0.161722,0.174676,0.200556,0.802963,0.178519,0.990019
2026-07-30T03:55:17+00:00,on-demand,RTX 5090,60,207,0.212889,0.440093,0.488048,0.835926,3.615556,0.668241,0.993725
2026-07-30T03:55:17+00:00,on-demand,RTX 5880Ada,4,15,0.453593,0.453787,0.511185,0.568981,0.57037,0.511185,0.996793
2026-07-30T03:55:17+00:00,on-demand,RTX 6000Ada,9,24,0.355556,0.441111,0.640278,0.681111,0.735556,0.661019,0.996151
2026-07-30T03:55:17+00:00,on-demand,RTX A2000,5,7,0.034074,0.034074,0.036148,0.493481,1.335556,,0.995193
2026-07-30T03:55:17+00:00,on-demand,RTX A4000,9,49,0.080593,0.133468,0.133889,0.146889,0.160277,0.133796,0.982078
2026-07-30T03:55:17+00:00,on-demand,RTX A4500,1,1,1.274815,1.274815,1.274815,1.274815,1.274815,,0.998031
2026-07-30T03:55:17+00:00,on-demand,RTX A5000,1,9,0.230914,0.230914,0.230914,0.230914,0.230914,0.230914,0.996619
2026-07-30T03:55:17+00:00,on-demand,RTX A6000,8,34,0.266944,0.347044,0.373981,0.380972,0.401111,,0.991062
2026-07-30T03:55:17+00:00,on-demand,RTX PRO 4000,8,22,0.201111,0.240972,0.307191,0.324907,0.337037,0.321481,0.987547
2026-07-30T03:55:17+00:00,on-demand,RTX PRO 4500,1,1,0.282222,0.282222,0.282222,0.282222,0.282222,,0.99534
2026-07-30T03:55:17+00:00,on-demand,RTX PRO 5000,14,29,0.36963,0.645463,0.75537,0.887153,0.958074,0.886944,0.990907
2026-07-30T03:55:17+00:00,on-demand,RTX PRO 6000 S,13,57,1.267222,1.533611,1.600278,1.601111,1.736296,1.600694,0.995602
2026-07-30T03:55:17+00:00,on-demand,RTX PRO 6000 WS,18,41,0.867407,1.158727,1.337222,2.471111,26.66963,1.335926,0.989297
2026-07-30T03:55:17+00:00,on-demand,Tesla P100,5,10,0.068148,0.081481,0.094074,0.201111,0.202222,0.147593,0.989144
2026-07-30T03:55:17+00:00,on-demand,Tesla P4,1,1,0.025481,0.025481,0.025481,0.025481,0.025481,,0.99001
2026-07-30T03:55:17+00:00,on-demand,Tesla P40,2,6,0.132556,0.132694,0.132833,0.132972,0.133111,0.132833,0.993374
2026-07-30T03:55:17+00:00,on-demand,Tesla T4,2,3,12.000741,12.000926,12.001111,12.001296,12.001481,,0.9724
2026-07-30T03:55:17+00:00,on-demand,Tesla V100,13,35,0.027222,0.106944,0.147407,0.212889,0.335556,0.267222,0.99154
2026-07-30T03:55:17+00:00,on-demand,Titan RTX,1,1,0.162963,0.162963,0.162963,0.162963,0.162963,0.162963,0.986125
2026-07-30T03:55:17+00:00,on-demand,Titan Xp,1,1,0.055556,0.055556,0.055556,0.055556,0.055556,0.055556,0.996105
2026-07-30T03:55:17+00:00,bid,A100 PCIE,17,25,0.133889,0.135556,0.135556,0.202222,0.46963,0.202222,0.995054
2026-07-30T03:55:17+00:00,bid,A100 SXM4,41,95,0.135556,0.547778,0.774444,0.868889,1.002222,0.603889,0.992182
2026-07-30T03:55:17+00:00,bid,A10g,1,1,0.081185,0.081185,0.081185,0.081185,0.081185,,0.826323
2026-07-30T03:55:17+00:00,bid,A40,1,2,0.234074,0.234074,0.234074,0.234074,0.234074,0.234074,0.997267
2026-07-30T03:55:17+00:00,bid,A800 PCIE,6,11,0.129889,0.130444,0.131,0.131556,0.131556,,0.994286
2026-07-30T03:55:17+00:00,bid,B200,21,74,3.750174,5.625174,5.627604,6.252604,7.377083,5.626042,0.984649
2026-07-30T03:55:17+00:00,bid,B300,1,1,3.752083,3.752083,3.752083,3.752083,3.752083,3.752083,0.980866
2026-07-30T03:55:17+00:00,bid,CMP 170HX,6,31,0.160185,0.160347,0.160556,0.160972,0.162222,,0.931924
2026-07-30T03:55:17+00:00,bid,GTX 1050 Ti,1,1,0.024444,0.024444,0.024444,0.024444,0.024444,,0.979571
2026-07-30T03:55:17+00:00,bid,GTX 1060,1,1,0.031111,0.031111,0.031111,0.031111,0.031111,,0.988888
2026-07-30T03:55:17+00:00,bid,GTX 1070,2,2,0.015556,0.017778,0.02,0.022222,0.024444,0.024444,0.989045
2026-07-30T03:55:17+00:00,bid,GTX 1080,5,14,0.021111,0.04037,0.040556,0.041111,0.042222,0.040833,0.996814
2026-07-30T03:55:17+00:00,bid,GTX 1080 Ti,8,24,0.029333,0.040972,0.041667,0.05371,0.054074,0.042222,0.997345
2026-07-30T03:55:17+00:00,bid,GTX 1650 S,1,1,0.037778,0.037778,0.037778,0.037778,0.037778,,0.981663
2026-07-30T03:55:17+00:00,bid,GTX 1660,1,1,0.037778,0.037778,0.037778,0.037778,0.037778,,0.988823
2026-07-30T03:55:17+00:00,bid,GTX 1660 S,1,1,0.031111,0.031111,0.031111,0.031111,0.031111,,0.940378
2026-07-30T03:55:17+00:00,bid,GTX 1660 Ti,1,1,0.037778,0.037778,0.037778,0.037778,0.037778,0.037778,0.983408
2026-07-30T03:55:17+00:00,bid,H100 NVL,7,11,0.806519,1.468444,1.601481,1.735778,2.000556,1.601407,0.974658
2026-07-30T03:55:17+00:00,bid,H100 PCIE,7,26,0.347778,1.16688,1.600556,1.601667,1.602222,1.600556,0.990053
2026-07-30T03:55:17+00:00,bid,H100 SXM,18,53,0.267222,0.953852,1.211111,2.533819,4.002222,2.269472,0.992014
2026-07-30T03:55:17+00:00,bid,H200,10,25,2.631944,3.338843,3.816338,3.817251,3.947917,3.485307,0.99751
2026-07-30T03:55:17+00:00,bid,H200 NVL,9,19,1.006667,1.339111,1.867222,2.254445,3.211111,2.255,0.986633
2026-07-30T03:55:17+00:00,bid,L4,7,14,0.134444,0.241481,0.267778,0.294296,0.322222,0.267963,0.997988
2026-07-30T03:55:17+00:00,bid,L40,5,10,0.467778,0.468889,0.468889,0.471111,0.471111,0.468889,0.986542
2026-07-30T03:55:17+00:00,bid,L40S,27,86,0.200185,0.333704,0.534259,0.540741,0.801852,0.538889,0.998371
2026-07-30T03:55:17+00:00,bid,Q RTX 5000,1,2,0.054074,0.054074,0.054074,0.054074,0.054074,,0.983484
2026-07-30T03:55:17+00:00,bid,Q RTX 8000,1,1,0.099778,0.099778,0.099778,0.099778,0.099778,0.099778,0.999508
2026-07-30T03:55:17+00:00,bid,Quadro GV100,1,1,0.134074,0.134074,0.134074,0.134074,0.134074,,0.968759
2026-07-30T03:55:17+00:00,bid,Quadro P4000,4,6,0.015556,0.034444,0.043204,0.04575,0.046,0.045833,0.98139
2026-07-30T03:55:17+00:00,bid,RTX 2060,2,2,0.027852,0.028667,0.029481,0.030296,0.031111,0.031111,0.983483
2026-07-30T03:55:17+00:00,bid,RTX 2060S,2,5,0.046978,0.066159,0.085341,0.104522,0.123704,0.085341,0.966027
2026-07-30T03:55:17+00:00,bid,RTX 2070S,2,17,0.066831,0.066836,0.066842,0.066847,0.066852,,0.98748
2026-07-30T03:55:17+00:00,bid,RTX 2080 Ti,4,5,0.037778,0.040278,0.041667,0.058889,0.108889,0.042222,0.992437
2026-07-30T03:55:17+00:00,bid,RTX 2080S,1,1,0.037778,0.037778,0.037778,0.037778,0.037778,0.037778,0.893891
2026-07-30T03:55:17+00:00,bid,RTX 3060,16,64,0.024741,0.036519,0.0455,0.057569,0.13437,0.050852,0.99074
2026-07-30T03:55:17+00:00,bid,RTX 3060 Ti,4,5,0.041852,0.043241,0.156296,0.335556,0.535556,0.402222,0.995434
2026-07-30T03:55:17+00:00,bid,RTX 3060 laptop,4,13,0.013352,0.032171,0.053815,0.077167,0.101111,0.085148,0.996027
2026-07-30T03:55:17+00:00,bid,RTX 3070,10,24,0.040444,0.058333,0.081204,0.125278,0.495556,0.094167,0.996577
2026-07-30T03:55:17+00:00,bid,RTX 3070 laptop,1,1,0.022222,0.022222,0.022222,0.022222,0.022222,,0.939935
2026-07-30T03:55:17+00:00,bid,RTX 3080,14,37,0.041111,0.062741,0.087685,0.215527,0.495556,0.140833,0.990563
2026-07-30T03:55:17+00:00,bid,RTX 3080 Ti,9,12,0.015556,0.095556,0.107407,0.109111,0.188889,0.109111,0.995039
2026-07-30T03:55:17+00:00,bid,RTX 3090,57,135,0.053778,0.098148,0.146944,0.201111,0.375556,0.148889,0.988346
2026-07-30T03:55:17+00:00,bid,RTX 3090 Ti,1,1,0.068889,0.068889,0.068889,0.068889,0.068889,,0.995483
2026-07-30T03:55:17+00:00,bid,RTX 4000Ada,2,2,0.075111,0.096889,0.118667,0.140444,0.162222,,0.991245
2026-07-30T03:55:17+00:00,bid,RTX 4060,5,14,0.053531,0.05363,0.053926,0.054519,0.083704,0.083704,0.982392
2026-07-30T03:55:17+00:00,bid,RTX 4060 Ti,6,12,0.041111,0.041389,0.074722,0.107639,0.975556,0.107778,0.998012
2026-07-30T03:55:17+00:00,bid,RTX 4070,6,11,0.027407,0.028056,0.041667,0.070444,0.162222,0.075778,0.990381
2026-07-30T03:55:17+00:00,bid,RTX 4070 Ti,6,10,0.081481,0.098889,0.162222,0.234306,0.241111,0.108889,0.990514
2026-07-30T03:55:17+00:00,bid,RTX 4070S,16,52,0.067778,0.069028,0.073926,0.077523,0.084815,0.073926,0.988965
2026-07-30T03:55:17+00:00,bid,RTX 4070S Ti,6,8,0.056296,0.087278,0.147778,0.201944,0.202222,0.201111,0.997715
2026-07-30T03:55:17+00:00,bid,RTX 4080,8,10,0.067778,0.136574,0.15237,0.209111,0.255556,0.137037,0.995547
2026-07-30T03:55:17+00:00,bid,RTX 4080S,15,39,0.028222,0.144778,0.200278,0.22113,0.240741,0.240185,0.990037
2026-07-30T03:55:17+00:00,bid,RTX 4090,77,236,0.134815,0.237481,0.334444,0.407407,0.762222,0.362667,0.995052
2026-07-30T03:55:17+00:00,bid,RTX 4090D,4,8,0.604556,0.604972,0.605667,0.606222,0.606222,,0.967226
2026-07-30T03:55:17+00:00,bid,RTX 5000Ada,2,2,0.268889,0.285556,0.302222,0.318889,0.335556,0.302222,0.996144
2026-07-30T03:55:17+00:00,bid,RTX 5060,4,5,0.040296,0.040907,0.049444,0.067222,0.095556,0.057778,0.994453
2026-07-30T03:55:17+00:00,bid,RTX 5060 Ti,35,106,0.042222,0.071111,0.087778,0.147241,0.161111,0.094815,0.995575
2026-07-30T03:55:17+00:00,bid,RTX 5070,5,8,0.068148,0.087222,0.094815,0.096296,0.11074,0.087222,0.979704
2026-07-30T03:55:17+00:00,bid,RTX 5070 Ti,18,33,0.082222,0.094444,0.107778,0.128111,0.268,0.095,0.995866
2026-07-30T03:55:17+00:00,bid,RTX 5080,14,20,0.02963,0.114444,0.122222,0.161389,0.242222,0.139444,0.993706
2026-07-30T03:55:17+00:00,bid,RTX 5090,76,211,0.102222,0.292889,0.400111,0.534259,1.563407,0.402222,0.994417
2026-07-30T03:55:17+00:00,bid,RTX 5880Ada,5,7,0.295185,0.297037,0.297037,0.33437,0.335407,0.297037,0.995919
2026-07-30T03:55:17+00:00,bid,RTX 6000Ada,18,46,0.137778,0.201,0.388333,0.401111,0.680889,0.400278,0.993585
2026-07-30T03:55:17+00:00,bid,RTX A2000,1,1,0.400148,0.400148,0.400148,0.400148,0.400148,,0.994268
2026-07-30T03:55:17+00:00,bid,RTX A4000,12,64,0.057111,0.087241,0.100345,0.133819,0.149748,0.093889,0.985389
2026-07-30T03:55:17+00:00,bid,RTX A5000,2,9,0.147778,0.167579,0.187381,0.207183,0.226984,0.226984,0.980651
2026-07-30T03:55:17+00:00,bid,RTX A6000,10,27,0.143704,0.217292,0.261389,0.316375,0.374444,,0.991399
2026-07-30T03:55:17+00:00,bid,RTX PRO 4000,11,18,0.067222,0.068333,0.20237,0.216296,0.241481,0.217037,0.98237
2026-07-30T03:55:17+00:00,bid,RTX PRO 5000,25,61,0.135111,0.400741,0.467222,0.468889,0.803704,0.467222,0.986051
2026-07-30T03:55:17+00:00,bid,RTX PRO 6000 S,21,74,0.335556,1.062222,1.06963,1.268889,1.467222,1.06963,0.99663
2026-07-30T03:55:17+00:00,bid,RTX PRO 6000 WS,28,59,0.335556,0.538518,0.600815,0.935648,2.537037,0.635333,0.979875
2026-07-30T03:55:17+00:00,bid,Tesla P100,4,5,0.041481,0.111204,0.135,0.135556,0.135556,0.135556,0.989144
2026-07-30T03:55:17+00:00,bid,Tesla P40,3,8,0.065889,0.066167,0.066444,0.066444,0.066444,0.066444,0.993374
2026-07-30T03:55:17+00:00,bid,Tesla T4,2,3,3.400741,3.400926,3.401111,3.401296,3.401481,,0.9724
2026-07-30T03:55:17+00:00,bid,Tesla V100,14,25,0.017889,0.09513,0.114648,0.161806,0.202222,0.162222,0.99154
2026-07-30T03:55:17+00:00,bid,Titan RTX,2,3,0.107778,0.108056,0.108333,0.108611,0.108889,0.108333,0.998347
2026-07-30T03:55:17+00:00,bid,Titan Xp,1,1,0.042222,0.042222,0.042222,0.042222,0.042222,0.042222,0.996737
2026-07-30T04:00:16+00:00,on-demand,A100 PCIE,11,25,0.268148,0.335,0.868148,1.002222,1.365739,0.999978,0.995388
2026-07-30T04:00:16+00:00,on-demand,A100 SXM4,28,78,0.267037,0.721042,0.928148,1.1875,1.755073,0.982074,0.99212
2026-07-30T04:00:16+00:00,on-demand,A10g,1,1,0.161185,0.161185,0.161185,0.161185,0.161185,,0.826323
2026-07-30T04:00:16+00:00,on-demand,A40,1,1,0.602222,0.602222,0.602222,0.602222,0.602222,0.602222,0.998744
2026-07-30T04:00:16+00:00,on-demand,A800 PCIE,3,7,0.667222,0.6675,0.667778,0.668333,0.668889,,0.994286
2026-07-30T04:00:16+00:00,on-demand,B200,17,70,4.313889,5.877604,6.215104,6.497917,7.750521,6.063325,0.982384
2026-07-30T04:00:16+00:00,on-demand,B300,2,5,5.625521,6.094661,6.563802,7.032943,7.502083,7.502083,0.987022
2026-07-30T04:00:16+00:00,on-demand,CMP 170HX,4,26,0.186852,0.186921,0.187083,0.187361,0.187778,,0.931924
2026-07-30T04:00:16+00:00,on-demand,GTX 1050 Ti,1,1,0.611111,0.611111,0.611111,0.611111,0.611111,,0.979571
2026-07-30T04:00:16+00:00,on-demand,GTX 1060,3,4,0.087778,0.088333,0.088889,0.216667,0.344444,0.088333,0.999304
2026-07-30T04:00:16+00:00,on-demand,GTX 1070,2,2,0.202222,0.284444,0.366667,0.448889,0.531111,0.531111,0.989045
2026-07-30T04:00:16+00:00,on-demand,GTX 1080,5,12,0.027778,0.030815,0.04837,0.049111,0.050222,0.049111,0.993761
2026-07-30T04:00:16+00:00,on-demand,GTX 1080 Ti,6,21,0.042667,0.060516,0.063667,0.071794,0.074074,0.066222,0.997345
2026-07-30T04:00:16+00:00,on-demand,GTX 1650 S,1,1,0.677778,0.677778,0.677778,0.677778,0.677778,,0.981663
2026-07-30T04:00:16+00:00,on-demand,GTX 1660 S,2,2,0.451111,0.605556,0.76,0.914444,1.068889,1.068889,0.926719
2026-07-30T04:00:16+00:00,on-demand,GTX 1660 Ti,1,1,0.611111,0.611111,0.611111,0.611111,0.611111,0.611111,0.983408
2026-07-30T04:00:16+00:00,on-demand,H100 NVL,5,9,2.268889,2.401333,2.642222,2.953185,3.333889,2.797704,0.980663
2026-07-30T04:00:16+00:00,on-demand,H100 PCIE,3,14,2.001111,2.067361,2.133611,2.13375,2.133889,2.133611,0.990053
2026-07-30T04:00:16+00:00,on-demand,H100 SXM,13,46,1.600556,2.268148,2.933611,3.376222,4.842222,2.933889,0.992415
2026-07-30T04:00:16+00:00,on-demand,H200,8,20,3.816155,3.905062,3.935307,4.113624,4.211623,4.08114,0.99751
2026-07-30T04:00:16+00:00,on-demand,H200 NVL,6,7,2.802222,3.193333,4.014222,4.706278,4.922222,4.491444,0.987418
2026-07-30T04:00:16+00:00,on-demand,L4,5,9,0.202222,0.295556,0.333889,0.334444,0.335556,0.334444,0.997355
2026-07-30T04:00:16+00:00,on-demand,L40,3,7,0.574444,0.575,0.575556,0.576667,0.577778,0.575556,0.986542
2026-07-30T04:00:16+00:00,on-demand,L40S,14,53,0.40037,0.466898,0.598241,0.801741,1.074074,0.802222,0.995127
2026-07-30T04:00:16+00:00,on-demand,Q RTX 5000,1,2,0.080741,0.080741,0.080741,0.080741,0.080741,,0.983484
2026-07-30T04:00:16+00:00,on-demand,Q RTX 8000,2,6,0.253704,0.253796,0.253889,0.253981,0.254074,0.253889,0.998678
2026-07-30T04:00:16+00:00,on-demand,Quadro GV100,1,1,0.467407,0.467407,0.467407,0.467407,0.467407,,0.968759
2026-07-30T04:00:16+00:00,on-demand,Quadro P4000,4,6,0.028889,0.042778,0.052222,0.059528,0.067,0.062019,0.979177
2026-07-30T04:00:16+00:00,on-demand,RTX 2060,2,2,0.053185,0.142667,0.232148,0.32163,0.411111,0.411111,0.983483
2026-07-30T04:00:16+00:00,on-demand,RTX 2060S,1,1,0.283704,0.283704,0.283704,0.283704,0.283704,0.283704,0.951672
2026-07-30T04:00:16+00:00,on-demand,RTX 2070S,2,17,0.073498,0.073503,0.073508,0.073513,0.073519,,0.98748
2026-07-30T04:00:16+00:00,on-demand,RTX 2080 Ti,9,35,0.068889,0.080022,0.080032,0.080111,0.811111,0.080032,0.994712
2026-07-30T04:00:16+00:00,on-demand,RTX 2080S,1,1,0.744444,0.744444,0.744444,0.744444,0.744444,0.744444,0.893891
2026-07-30T04:00:16+00:00,on-demand,RTX 3060,10,49,0.040741,0.054361,0.070638,0.090324,1.335556,0.087037,0.995962
2026-07-30T04:00:16+00:00,on-demand,RTX 3060 Ti,1,1,0.959556,0.959556,0.959556,0.959556,0.959556,0.959556,0.595073
2026-07-30T04:00:16+00:00,on-demand,RTX 3060 laptop,4,12,0.026685,0.037505,0.041667,0.057963,0.105185,0.105185,0.998769
2026-07-30T04:00:16+00:00,on-demand,RTX 3070,9,35,0.066984,0.075556,0.107037,0.161852,0.562222,0.080278,0.989385
2026-07-30T04:00:16+00:00,on-demand,RTX 3070 laptop,1,1,0.032889,0.032889,0.032889,0.032889,0.032889,,0.939935
2026-07-30T04:00:16+00:00,on-demand,RTX 3080,13,38,0.060222,0.113444,0.120556,0.251081,0.562222,0.148889,0.994969
2026-07-30T04:00:16+00:00,on-demand,RTX 3080 Ti,7,9,0.082222,0.108148,0.142222,0.224815,1.268889,0.142222,0.995039
2026-07-30T04:00:16+00:00,on-demand,RTX 3090,41,138,0.106944,0.147778,0.213667,0.467778,1.187407,0.247556,0.989224
2026-07-30T04:00:16+00:00,on-demand,RTX 3090 Ti,1,1,0.175556,0.175556,0.175556,0.175556,0.175556,,0.993189
2026-07-30T04:00:16+00:00,on-demand,RTX 4000Ada,2,3,0.087556,0.116222,0.144889,0.173556,0.202222,,0.991245
2026-07-30T04:00:16+00:00,on-demand,RTX 4060,7,17,0.060198,0.061296,0.062222,0.063704,2.677778,0.062222,0.996399
2026-07-30T04:00:16+00:00,on-demand,RTX 4060 Ti,3,3,0.082222,0.088889,0.095556,0.602222,1.108889,0.602222,0.998399
2026-07-30T04:00:16+00:00,on-demand,RTX 4070,3,5,0.081111,0.081667,0.082222,0.085556,0.088889,0.088889,0.982983
2026-07-30T04:00:16+00:00,on-demand,RTX 4070 Ti,6,12,0.088519,0.091056,0.167667,0.271972,0.282444,0.09037,0.991916
2026-07-30T04:00:16+00:00,on-demand,RTX 4070S,9,35,0.080296,0.081111,0.082407,0.08763,0.093889,0.082407,0.991187
2026-07-30T04:00:16+00:00,on-demand,RTX 4070S Ti,7,14,0.067778,0.095,0.201111,0.2475,0.248889,0.2475,0.99821
2026-07-30T04:00:16+00:00,on-demand,RTX 4080,5,7,0.115185,0.175185,0.177037,0.214963,0.295556,0.176111,0.994391
2026-07-30T04:00:16+00:00,on-demand,RTX 4080S,16,57,0.15037,0.183278,0.201593,0.213681,0.287407,0.202222,0.990126
2026-07-30T04:00:16+00:00,on-demand,RTX 4090,57,214,0.167778,0.310123,0.400278,0.540741,1.138341,0.468889,0.99457
2026-07-30T04:00:16+00:00,on-demand,RTX 4090D,3,7,0.667222,0.6675,0.667778,0.668333,0.668889,,0.967226
2026-07-30T04:00:16+00:00,on-demand,RTX 5000Ada,2,2,0.442222,0.445556,0.448889,0.452222,0.455556,0.442222,0.993647
2026-07-30T04:00:16+00:00,on-demand,RTX 5060,4,5,0.068889,0.073611,0.076111,0.095,0.148889,0.076111,0.991574
2026-07-30T04:00:16+00:00,on-demand,RTX 5060 Ti,24,75,0.071852,0.093981,0.151111,0.227593,1.204444,0.181889,0.993412
2026-07-30T04:00:16+00:00,on-demand,RTX 5070,6,12,0.075185,0.075926,0.085463,0.115972,0.147407,0.085463,0.994042
2026-07-30T04:00:16+00:00,on-demand,RTX 5070 Ti,4,5,0.114815,0.129537,0.135,0.139259,0.15037,0.15037,0.997302
2026-07-30T04:00:16+00:00,on-demand,RTX 5080,16,56,0.160278,0.170794,0.176667,0.211019,0.802963,0.177778,0.990717
2026-07-30T04:00:16+00:00,on-demand,RTX 5090,58,185,0.212889,0.440926,0.468333,0.67088,3.615556,0.667778,0.994163
2026-07-30T04:00:16+00:00,on-demand,RTX 5880Ada,4,15,0.453593,0.453787,0.511185,0.568981,0.57037,0.511185,0.996793
2026-07-30T04:00:16+00:00,on-demand,RTX 6000Ada,9,24,0.355556,0.441111,0.640278,0.680556,0.735556,0.669167,0.99036
2026-07-30T04:00:16+00:00,on-demand,RTX A2000,5,6,0.034074,0.036148,0.036148,0.493481,1.335556,,0.995193
2026-07-30T04:00:16+00:00,on-demand,RTX A4000,5,34,0.072889,0.133468,0.133889,0.146889,0.149611,0.133889,0.97131
2026-07-30T04:00:16+00:00,on-demand,RTX A4500,1,1,1.274815,1.274815,1.274815,1.274815,1.274815,,0.998031
2026-07-30T04:00:16+00:00,on-demand,RTX A6000,8,24,0.317037,0.373968,0.3875,0.400694,1.202222,0.400556,0.992273
2026-07-30T04:00:16+00:00,on-demand,RTX PRO 4000,8,17,0.201111,0.246944,0.278796,0.324352,0.337037,0.320741,0.990942
2026-07-30T04:00:16+00:00,on-demand,RTX PRO 4500,1,1,0.282222,0.282222,0.282222,0.282222,0.282222,,0.99534
2026-07-30T04:00:16+00:00,on-demand,RTX PRO 5000,13,34,0.372593,0.667704,0.720444,0.886944,0.958815,0.799398,0.989431
2026-07-30T04:00:16+00:00,on-demand,RTX PRO 6000 S,10,33,1.334074,1.533819,1.567917,1.600972,1.736296,1.600694,0.995638
2026-07-30T04:00:16+00:00,on-demand,RTX PRO 6000 WS,19,45,0.867407,1.073852,1.329037,1.662315,26.66963,1.202222,0.971306
2026-07-30T04:00:16+00:00,on-demand,Tesla P100,5,10,0.068148,0.094074,0.094815,0.201111,0.202222,0.147963,0.987433
2026-07-30T04:00:16+00:00,on-demand,Tesla P4,1,1,0.025481,0.025481,0.025481,0.025481,0.025481,,0.99001
2026-07-30T04:00:16+00:00,on-demand,Tesla P40,2,6,0.132556,0.132694,0.132833,0.132972,0.133111,0.132833,0.993374
2026-07-30T04:00:16+00:00,on-demand,Tesla T4,2,3,12.000741,12.000926,12.001111,12.001296,12.001481,,0.9724
2026-07-30T04:00:16+00:00,on-demand,Tesla V100,10,26,0.027222,0.041426,0.107917,0.167315,0.335556,0.334722,0.99154
2026-07-30T04:00:16+00:00,on-demand,Titan RTX,1,1,0.162222,0.162222,0.162222,0.162222,0.162222,0.162222,0.998475
2026-07-30T04:00:16+00:00,on-demand,Titan Xp,1,1,0.055556,0.055556,0.055556,0.055556,0.055556,0.055556,0.998012
2026-07-30T04:00:16+00:00,bid,A100 PCIE,17,25,0.133889,0.135556,0.135556,0.201481,0.464406,0.168889,0.995054
2026-07-30T04:00:16+00:00,bid,A100 SXM4,44,97,0.135556,0.544676,0.605185,0.868889,1.002222,0.602593,0.992268
2026-07-30T04:00:16+00:00,bid,A10g,1,1,0.081185,0.081185,0.081185,0.081185,0.081185,,0.826323
2026-07-30T04:00:16+00:00,bid,A40,1,2,0.234074,0.234074,0.234074,0.234074,0.234074,0.234074,0.997267
2026-07-30T04:00:16+00:00,bid,A800 PCIE,7,12,0.129889,0.130444,0.131556,0.131556,0.131556,,0.994286
2026-07-30T04:00:16+00:00,bid,B200,16,60,3.750174,4.558507,5.628906,5.971029,6.260417,5.751172,0.990102
2026-07-30T04:00:16+00:00,bid,B300,1,1,3.752083,3.752083,3.752083,3.752083,3.752083,3.752083,0.980866
2026-07-30T04:00:16+00:00,bid,CMP 170HX,6,31,0.160185,0.160347,0.160556,0.160972,0.162222,,0.931924
2026-07-30T04:00:16+00:00,bid,GTX 1050 Ti,1,1,0.024444,0.024444,0.024444,0.024444,0.024444,,0.979571
2026-07-30T04:00:16+00:00,bid,GTX 1060,1,1,0.031111,0.031111,0.031111,0.031111,0.031111,,0.988888
2026-07-30T04:00:16+00:00,bid,GTX 1070,2,2,0.015556,0.017778,0.02,0.022222,0.024444,0.024444,0.989045
2026-07-30T04:00:16+00:00,bid,GTX 1070 Ti,1,4,0.040556,0.040556,0.040556,0.040556,0.040556,0.040556,0.997371
2026-07-30T04:00:16+00:00,bid,GTX 1080,5,14,0.021111,0.04037,0.040556,0.041111,0.042222,0.040833,0.996814
2026-07-30T04:00:16+00:00,bid,GTX 1080 Ti,8,28,0.029333,0.040635,0.047937,0.053935,0.054444,0.053651,0.997631
2026-07-30T04:00:16+00:00,bid,GTX 1650 S,1,1,0.037778,0.037778,0.037778,0.037778,0.037778,,0.981663
2026-07-30T04:00:16+00:00,bid,GTX 1660,1,1,0.037778,0.037778,0.037778,0.037778,0.037778,,0.988823
2026-07-30T04:00:16+00:00,bid,GTX 1660 S,1,1,0.031111,0.031111,0.031111,0.031111,0.031111,,0.940378
2026-07-30T04:00:16+00:00,bid,GTX 1660 Ti,1,1,0.037778,0.037778,0.037778,0.037778,0.037778,0.037778,0.983408
2026-07-30T04:00:16+00:00,bid,H100 NVL,6,10,0.806519,1.402,1.602,1.802333,2.000556,1.601333,0.973171
2026-07-30T04:00:16+00:00,bid,H100 PCIE,6,21,0.347222,1.367236,1.534333,1.600972,1.602222,1.534333,0.990053
2026-07-30T04:00:16+00:00,bid,H100 SXM,16,51,0.267222,0.935926,1.439,2.693888,4.002222,2.533611,0.991879
2026-07-30T04:00:16+00:00,bid,H200,9,21,2.631944,3.486404,3.81652,3.817982,3.948465,3.652193,0.99751
2026-07-30T04:00:16+00:00,bid,H200 NVL,9,19,1.006667,1.339111,1.867222,2.254445,3.211111,2.255,0.988246
2026-07-30T04:00:16+00:00,bid,L4,6,15,0.215556,0.268981,0.294852,0.320528,0.321111,0.320444,0.998536
2026-07-30T04:00:16+00:00,bid,L40,4,8,0.467778,0.468611,0.47,0.471111,0.471111,0.47,0.986542
2026-07-30T04:00:16+00:00,bid,L40S,27,95,0.200185,0.333519,0.468519,0.540741,0.803704,0.538889,0.998371
2026-07-30T04:00:16+00:00,bid,Q RTX 5000,1,2,0.054074,0.054074,0.054074,0.054074,0.054074,,0.983484
2026-07-30T04:00:16+00:00,bid,Q RTX 8000,1,1,0.099778,0.099778,0.099778,0.099778,0.099778,0.099778,0.999508
2026-07-30T04:00:16+00:00,bid,Quadro GV100,1,1,0.134074,0.134074,0.134074,0.134074,0.134074,,0.968759
2026-07-30T04:00:16+00:00,bid,Quadro P4000,4,6,0.015556,0.034722,0.043389,0.04575,0.046,0.045833,0.98139
2026-07-30T04:00:16+00:00,bid,RTX 2060,2,2,0.027852,0.028667,0.029481,0.030296,0.031111,0.031111,0.983483
2026-07-30T04:00:16+00:00,bid,RTX 2060S,2,5,0.046978,0.066159,0.085341,0.104522,0.123704,0.085341,0.966027
2026-07-30T04:00:16+00:00,bid,RTX 2070S,2,17,0.066831,0.066836,0.066842,0.066847,0.066852,,0.98748
2026-07-30T04:00:16+00:00,bid,RTX 2080 Ti,4,5,0.037778,0.040278,0.041667,0.062037,0.121481,0.042222,0.992437
2026-07-30T04:00:16+00:00,bid,RTX 2080S,1,1,0.037778,0.037778,0.037778,0.037778,0.037778,0.037778,0.893891
2026-07-30T04:00:16+00:00,bid,RTX 3060,14,56,0.025111,0.038449,0.046852,0.063819,0.13437,0.057565,0.990596
2026-07-30T04:00:16+00:00,bid,RTX 3060 Ti,3,4,0.041852,0.042778,0.043704,0.28963,0.535556,0.535556,0.997148
2026-07-30T04:00:16+00:00,bid,RTX 3060 laptop,6,16,0.013352,0.019833,0.05063,0.067593,0.101111,0.069185,0.995704
2026-07-30T04:00:16+00:00,bid,RTX 3070,9,19,0.040444,0.068519,0.07037,0.094444,0.495556,0.08213,0.996505
2026-07-30T04:00:16+00:00,bid,RTX 3070 Ti,1,1,0.055556,0.055556,0.055556,0.055556,0.055556,,0.996624
2026-07-30T04:00:16+00:00,bid,RTX 3080,14,40,0.041111,0.067014,0.114815,0.240394,0.495556,0.190444,0.994366
2026-07-30T04:00:16+00:00,bid,RTX 3080 Ti,9,12,0.015556,0.088889,0.107407,0.108889,0.188889,0.108889,0.995177
2026-07-30T04:00:16+00:00,bid,RTX 3090,61,141,0.016296,0.095556,0.133704,0.161111,0.375556,0.148889,0.98794
2026-07-30T04:00:16+00:00,bid,RTX 3090 Ti,1,1,0.068889,0.068889,0.068889,0.068889,0.068889,,0.995483
2026-07-30T04:00:16+00:00,bid,RTX 4000Ada,2,3,0.074222,0.096222,0.118222,0.140222,0.162222,,0.991245
2026-07-30T04:00:16+00:00,bid,RTX 4060,7,18,0.031111,0.046395,0.05363,0.053926,0.083704,0.061481,0.982392
2026-07-30T04:00:16+00:00,bid,RTX 4060 Ti,6,11,0.029111,0.041389,0.059556,0.099639,0.975556,0.107222,0.997831
2026-07-30T04:00:16+00:00,bid,RTX 4070,5,8,0.027407,0.027778,0.028889,0.068889,0.162222,0.115556,0.982983
2026-07-30T04:00:16+00:00,bid,RTX 4070 Ti,4,9,0.215556,0.234306,0.240833,0.241111,0.241111,0.215556,0.990358
2026-07-30T04:00:16+00:00,bid,RTX 4070S,15,57,0.067778,0.068981,0.07363,0.075407,0.084815,0.072556,0.98824
2026-07-30T04:00:16+00:00,bid,RTX 4070S Ti,6,8,0.084889,0.09537,0.103519,0.178889,0.202222,0.155556,0.995514
2026-07-30T04:00:16+00:00,bid,RTX 4080,7,8,0.068889,0.136111,0.137037,0.165926,0.255556,0.137037,0.991675
2026-07-30T04:00:16+00:00,bid,RTX 4080S,17,49,0.068481,0.187704,0.188889,0.240185,0.240741,0.240278,0.990037
2026-07-30T04:00:16+00:00,bid,RTX 4090,66,220,0.134074,0.236741,0.307235,0.535185,0.762222,0.347222,0.994571
2026-07-30T04:00:16+00:00,bid,RTX 4090D,4,8,0.604556,0.604972,0.605667,0.606222,0.606222,,0.967226
2026-07-30T04:00:16+00:00,bid,RTX 5000Ada,2,2,0.268889,0.285556,0.302222,0.318889,0.335556,0.302222,0.996144
2026-07-30T04:00:16+00:00,bid,RTX 5060,4,5,0.042222,0.050667,0.053556,0.064111,0.095556,0.053556,0.97927
2026-07-30T04:00:16+00:00,bid,RTX 5060 Ti,29,86,0.044593,0.071111,0.095185,0.157889,0.161111,0.107037,0.996167
2026-07-30T04:00:16+00:00,bid,RTX 5070,4,6,0.080222,0.085472,0.091019,0.1,0.115556,0.101389,0.984113
2026-07-30T04:00:16+00:00,bid,RTX 5070 Ti,12,19,0.093889,0.094444,0.101667,0.115296,0.268,0.094444,0.995609
2026-07-30T04:00:16+00:00,bid,RTX 5080,14,23,0.02963,0.097,0.134111,0.159167,0.202963,0.134444,0.993331
2026-07-30T04:00:16+00:00,bid,RTX 5090,68,194,0.102222,0.272593,0.399778,0.533796,1.563407,0.401852,0.994358
2026-07-30T04:00:16+00:00,bid,RTX 5880Ada,3,4,0.295185,0.296111,0.297037,0.297037,0.297037,0.297037,0.995919
2026-07-30T04:00:16+00:00,bid,RTX 6000Ada,17,38,0.137778,0.177444,0.387778,0.401111,0.680889,0.400278,0.994917
2026-07-30T04:00:16+00:00,bid,RTX A2000,1,1,0.400148,0.400148,0.400148,0.400148,0.400148,,0.994268
2026-07-30T04:00:16+00:00,bid,RTX A4000,6,27,0.067259,0.093889,0.100345,0.127534,0.149748,0.121819,0.986046
2026-07-30T04:00:16+00:00,bid,RTX A5000,3,19,0.226984,0.227196,0.227407,0.228494,0.22958,0.227407,0.998094
2026-07-30T04:00:16+00:00,bid,RTX A6000,11,31,0.143704,0.25375,0.302167,0.348056,0.374444,0.373889,0.984243
2026-07-30T04:00:16+00:00,bid,RTX PRO 4000,10,17,0.067222,0.068056,0.088889,0.211648,0.241481,0.216111,0.986656
2026-07-30T04:00:16+00:00,bid,RTX PRO 5000,21,51,0.135111,0.400741,0.468889,0.533889,0.803704,0.468889,0.986888
2026-07-30T04:00:16+00:00,bid,RTX PRO 6000 S,17,49,0.335556,1.062222,1.06963,1.268889,1.467778,1.068148,0.998342
2026-07-30T04:00:16+00:00,bid,RTX PRO 6000 WS,27,53,0.335556,0.536148,0.601333,0.927852,1.602222,0.539259,0.980173
2026-07-30T04:00:16+00:00,bid,Tesla P100,3,4,0.041481,0.087963,0.134444,0.135,0.135556,0.135,0.989144
2026-07-30T04:00:16+00:00,bid,Tesla P40,3,8,0.065889,0.066167,0.066444,0.066444,0.066444,0.066444,0.993374
2026-07-30T04:00:16+00:00,bid,Tesla T4,3,4,3.400741,3.401111,3.401481,3.401481,3.401481,,0.9724
2026-07-30T04:00:16+00:00,bid,Tesla V100,13,24,0.017889,0.095037,0.134815,0.170222,0.242222,0.170222,0.993132
2026-07-30T04:00:16+00:00,bid,Titan RTX,2,3,0.107778,0.108056,0.108333,0.108611,0.108889,0.108333,0.998347
2026-07-30T04:00:16+00:00,bid,Titan Xp,1,1,0.042222,0.042222,0.042222,0.042222,0.042222,0.042222,0.996737
2026-07-30T04:05:16+00:00,on-demand,A100 PCIE,10,27,0.268148,0.391574,0.931291,1.001806,1.365739,1.178434,0.995221
2026-07-30T04:05:16+00:00,on-demand,A100 SXM4,30,85,0.267037,0.695162,0.927593,1.067833,1.529667,0.934815,0.992411
2026-07-30T04:05:16+00:00,on-demand,A10g,1,1,0.161185,0.161185,0.161185,0.161185,0.161185,,0.826323
2026-07-30T04:05:16+00:00,on-demand,A40,1,1,0.602222,0.602222,0.602222,0.602222,0.602222,0.602222,0.998744
2026-07-30T04:05:16+00:00,on-demand,A800 PCIE,3,7,0.667222,0.6675,0.667778,0.668333,0.668889,,0.994286
2026-07-30T04:05:16+00:00,on-demand,B200,21,80,4.313889,5.877604,6.222917,6.497917,7.751042,6.250868,0.982384
2026-07-30T04:05:16+00:00,on-demand,B300,2,5,5.625521,6.094661,6.563802,7.032943,7.502083,7.502083,0.987022
2026-07-30T04:05:16+00:00,on-demand,CMP 170HX,4,19,0.186852,0.18713,0.1875,0.188056,0.188889,,0.931924
2026-07-30T04:05:16+00:00,on-demand,GTX 1060,3,4,0.087778,0.088333,0.088889,0.216667,0.344444,0.088333,0.999304
2026-07-30T04:05:16+00:00,on-demand,GTX 1070,2,2,0.202222,0.284444,0.366667,0.448889,0.531111,0.531111,0.989045
2026-07-30T04:05:16+00:00,on-demand,GTX 1070 Ti,2,5,0.048556,0.048972,0.049389,0.049806,0.050222,0.049389,0.995948
2026-07-30T04:05:16+00:00,on-demand,GTX 1080,4,11,0.027778,0.030056,0.039593,0.048556,0.049111,0.048741,0.994618
2026-07-30T04:05:16+00:00,on-demand,GTX 1080 Ti,5,14,0.042667,0.060741,0.061111,0.073651,0.075556,0.067381,0.99706
2026-07-30T04:05:16+00:00,on-demand,GTX 1650 S,1,1,0.677778,0.677778,0.677778,0.677778,0.677778,,0.981663
2026-07-30T04:05:16+00:00,on-demand,GTX 1660 S,2,2,0.451111,0.605556,0.76,0.914444,1.068889,1.068889,0.926719
2026-07-30T04:05:16+00:00,on-demand,H100 NVL,3,6,2.268889,2.335778,2.402667,2.868278,3.333889,2.868278,0.974658
2026-07-30T04:05:16+00:00,on-demand,H100 PCIE,5,23,1.733481,2.000556,2.001111,2.133611,2.135556,2.001111,0.983133
2026-07-30T04:05:16+00:00,on-demand,H100 SXM,13,48,1.600556,2.633185,2.933889,4.027222,5.515556,3.333886,0.992415
2026-07-30T04:05:16+00:00,on-demand,H200,8,20,3.684759,3.905062,3.935307,4.080318,4.211075,4.080044,0.99751
2026-07-30T04:05:16+00:00,on-demand,H200 NVL,7,14,2.800317,3.14,3.966667,4.471444,4.922222,4.471444,0.988246
2026-07-30T04:05:16+00:00,on-demand,L4,5,10,0.202222,0.295556,0.333778,0.334074,0.334815,0.334074,0.997988
2026-07-30T04:05:16+00:00,on-demand,L40,3,7,0.574444,0.575,0.575556,0.576667,0.577778,0.575556,0.986542
2026-07-30T04:05:16+00:00,on-demand,L40S,15,58,0.400741,0.466852,0.666852,0.934167,1.074074,0.934167,0.995127
2026-07-30T04:05:16+00:00,on-demand,Q RTX 5000,1,2,0.080741,0.080741,0.080741,0.080741,0.080741,,0.983484
2026-07-30T04:05:16+00:00,on-demand,Q RTX 6000,1,1,0.134815,0.134815,0.134815,0.134815,0.134815,0.134815,0.999619
2026-07-30T04:05:16+00:00,on-demand,Q RTX 8000,4,8,0.241111,0.250556,0.253889,0.254259,0.254815,0.253889,0.998678
2026-07-30T04:05:16+00:00,on-demand,Quadro GV100,1,1,0.467407,0.467407,0.467407,0.467407,0.467407,,0.968759
2026-07-30T04:05:16+00:00,on-demand,Quadro P4000,4,6,0.028889,0.042778,0.054815,0.063426,0.067037,0.06463,0.983692
2026-07-30T04:05:16+00:00,on-demand,RTX 2060,2,2,0.053185,0.143778,0.23437,0.324963,0.415556,0.415556,0.986647
2026-07-30T04:05:16+00:00,on-demand,RTX 2070S,2,17,0.073498,0.073503,0.073508,0.073513,0.073519,,0.98748
2026-07-30T04:05:16+00:00,on-demand,RTX 2080 Ti,8,25,0.068889,0.072056,0.08003,0.093745,0.811111,0.08003,0.994712
2026-07-30T04:05:16+00:00,on-demand,RTX 2080S,1,1,0.744444,0.744444,0.744444,0.744444,0.744444,0.744444,0.893891
2026-07-30T04:05:16+00:00,on-demand,RTX 3060,8,38,0.050852,0.056046,0.070638,0.394051,1.335556,0.080463,0.993659
2026-07-30T04:05:16+00:00,on-demand,RTX 3060 Ti,1,1,0.959556,0.959556,0.959556,0.959556,0.959556,0.959556,0.595073
2026-07-30T04:05:16+00:00,on-demand,RTX 3060 laptop,4,12,0.026685,0.037505,0.041667,0.057963,0.105185,0.105185,0.998769
2026-07-30T04:05:16+00:00,on-demand,RTX 3070,13,38,0.041111,0.067556,0.081852,0.107222,0.562222,0.09375,0.989385
2026-07-30T04:05:16+00:00,on-demand,RTX 3080,13,46,0.060278,0.113444,0.120556,0.250999,0.562222,0.144889,0.99126
2026-07-30T04:05:16+00:00,on-demand,RTX 3080 Ti,9,11,0.068889,0.114444,0.142222,0.178444,1.268889,0.142222,0.994566
2026-07-30T04:05:16+00:00,on-demand,RTX 3090,46,152,0.111481,0.147361,0.244259,0.404444,1.188889,0.232148,0.982474
2026-07-30T04:05:16+00:00,on-demand,RTX 3090 Ti,1,1,0.175556,0.175556,0.175556,0.175556,0.175556,,0.99319
2026-07-30T04:05:16+00:00,on-demand,RTX 4000Ada,2,2,0.088444,0.116889,0.145333,0.173778,0.202222,,0.991245
2026-07-30T04:05:16+00:00,on-demand,RTX 4060,8,21,0.060198,0.060907,0.061852,0.063333,2.677778,0.062222,0.9907
2026-07-30T04:05:16+00:00,on-demand,RTX 4060 Ti,3,4,0.082222,0.09537,0.108519,0.608704,1.108889,0.608704,0.99781
2026-07-30T04:05:16+00:00,on-demand,RTX 4070,2,3,0.081111,0.081389,0.081667,0.081944,0.082222,,0.982983
2026-07-30T04:05:16+00:00,on-demand,RTX 4070 Ti,6,12,0.088519,0.091056,0.167667,0.271972,0.282444,0.09037,0.991916
2026-07-30T04:05:16+00:00,on-demand,RTX 4070S,12,47,0.074074,0.081181,0.083611,0.087685,0.107222,0.083611,0.989765
2026-07-30T04:05:16+00:00,on-demand,RTX 4070S Ti,4,5,0.068889,0.100889,0.179667,0.248056,0.248889,0.247778,0.996809
2026-07-30T04:05:16+00:00,on-demand,RTX 4080,5,9,0.114259,0.162222,0.175185,0.177037,0.268889,0.176111,0.991675
2026-07-30T04:05:16+00:00,on-demand,RTX 4080S,16,57,0.148889,0.163,0.201556,0.217602,0.287407,0.196,0.990215
2026-07-30T04:05:16+00:00,on-demand,RTX 4090,56,204,0.133889,0.307185,0.384012,0.537963,0.894815,0.495154,0.994178
2026-07-30T04:05:16+00:00,on-demand,RTX 4090D,3,7,0.667222,0.6675,0.667778,0.668333,0.668889,,0.967226
2026-07-30T04:05:16+00:00,on-demand,RTX 5000Ada,3,3,0.375556,0.408889,0.442222,0.448889,0.455556,0.408889,0.993977
2026-07-30T04:05:16+00:00,on-demand,RTX 5060,3,4,0.075185,0.07537,0.075556,0.112222,0.148889,0.075185,0.988208
2026-07-30T04:05:16+00:00,on-demand,RTX 5060 Ti,24,78,0.071852,0.093222,0.1075,0.200519,1.204444,0.185556,0.993512
2026-07-30T04:05:16+00:00,on-demand,RTX 5070,6,11,0.07037,0.07713,0.088056,0.114676,0.148148,0.088056,0.990235
2026-07-30T04:05:16+00:00,on-demand,RTX 5070 Ti,7,12,0.118444,0.132037,0.145481,0.181389,0.202222,0.200556,0.994725
2026-07-30T04:05:16+00:00,on-demand,RTX 5080,16,55,0.160278,0.173746,0.176667,0.254463,0.802963,0.194259,0.990988
2026-07-30T04:05:16+00:00,on-demand,RTX 5090,58,194,0.212889,0.450564,0.558438,0.771481,3.613889,0.648704,0.99004
2026-07-30T04:05:16+00:00,on-demand,RTX 5880Ada,4,15,0.453593,0.453787,0.454111,0.45463,0.455407,0.454111,0.997667
2026-07-30T04:05:16+00:00,on-demand,RTX 6000Ada,9,24,0.352889,0.441111,0.534815,0.681111,0.735556,0.660694,0.994917
2026-07-30T04:05:16+00:00,on-demand,RTX A2000,4,5,0.034074,0.03563,0.264815,0.704,1.335556,,0.994731
2026-07-30T04:05:16+00:00,on-demand,RTX A4000,5,30,0.072889,0.093889,0.133468,0.149611,0.160277,0.127083,0.994351
2026-07-30T04:05:16+00:00,on-demand,RTX A4500,1,1,1.274815,1.274815,1.274815,1.274815,1.274815,,0.998031
2026-07-30T04:05:16+00:00,on-demand,RTX A5000,1,9,0.230914,0.230914,0.230914,0.230914,0.230914,0.230914,0.996619
2026-07-30T04:05:16+00:00,on-demand,RTX A6000,10,36,0.266944,0.373935,0.375,0.400556,1.202222,0.400556,0.991062
2026-07-30T04:05:16+00:00,on-demand,RTX PRO 4000,8,20,0.200556,0.240889,0.274722,0.324167,0.337037,0.32784,0.98748
2026-07-30T04:05:16+00:00,on-demand,RTX PRO 4500,1,1,0.282222,0.282222,0.282222,0.282222,0.282222,,0.99534
2026-07-30T04:05:16+00:00,on-demand,RTX PRO 5000,18,45,0.36963,0.640694,0.677037,0.876134,0.943407,0.677037,0.989029
2026-07-30T04:05:16+00:00,on-demand,RTX PRO 6000 S,14,58,1.200889,1.533611,1.600278,1.600972,1.736296,1.60125,0.995124
2026-07-30T04:05:16+00:00,on-demand,RTX PRO 6000 WS,19,45,0.828889,1.092815,1.33463,2.22875,26.66963,1.33463,0.992331
2026-07-30T04:05:16+00:00,on-demand,Tesla P100,4,8,0.068148,0.087593,0.094444,0.121667,0.202222,0.094815,0.976932
2026-07-30T04:05:16+00:00,on-demand,Tesla P4,1,1,0.025481,0.025481,0.025481,0.025481,0.025481,,0.99001
2026-07-30T04:05:16+00:00,on-demand,Tesla P40,2,6,0.132556,0.132694,0.132833,0.132972,0.133111,0.132833,0.993374
2026-07-30T04:05:16+00:00,on-demand,Tesla T4,2,3,12.000741,12.000926,12.001111,12.001296,12.001481,,0.9724
2026-07-30T04:05:16+00:00,on-demand,Tesla V100,12,31,0.027222,0.0665,0.137963,0.167778,0.335556,0.251389,0.989471
2026-07-30T04:05:16+00:00,on-demand,Titan RTX,2,3,0.134444,0.141389,0.148333,0.155278,0.162222,0.148333,0.998411
2026-07-30T04:05:16+00:00,on-demand,Titan Xp,1,1,0.055556,0.055556,0.055556,0.055556,0.055556,0.055556,0.996737
2026-07-30T04:05:16+00:00,bid,A100 PCIE,18,27,0.133889,0.134722,0.135556,0.185,0.464406,0.168889,0.995054
2026-07-30T04:05:16+00:00,bid,A100 SXM4,43,99,0.135556,0.548333,0.774444,0.868889,1.002222,0.636852,0.992353
2026-07-30T04:05:16+00:00,bid,A10g,1,1,0.081185,0.081185,0.081185,0.081185,0.081185,,0.826323
2026-07-30T04:05:16+00:00,bid,A40,1,2,0.234074,0.234074,0.234074,0.234074,0.234074,0.234074,0.997267
2026-07-30T04:05:16+00:00,bid,A800 PCIE,6,11,0.129889,0.130444,0.131,0.131556,0.131556,,0.994286
2026-07-30T04:05:16+00:00,bid,B200,22,76,3.750174,4.826085,5.626823,6.157878,7.377083,5.625868,0.978299
2026-07-30T04:05:16+00:00,bid,B300,1,1,3.752083,3.752083,3.752083,3.752083,3.752083,3.752083,0.980866
2026-07-30T04:05:16+00:00,bid,CMP 170HX,4,19,0.160185,0.160463,0.160833,0.161389,0.162222,,0.931924
2026-07-30T04:05:16+00:00,bid,GTX 1050 Ti,1,1,0.024444,0.024444,0.024444,0.024444,0.024444,,0.979571
2026-07-30T04:05:16+00:00,bid,GTX 1060,1,1,0.031111,0.031111,0.031111,0.031111,0.031111,,0.988888
2026-07-30T04:05:16+00:00,bid,GTX 1070,2,2,0.015556,0.017778,0.02,0.022222,0.024444,0.024444,0.989045
2026-07-30T04:05:16+00:00,bid,GTX 1070 Ti,2,5,0.040556,0.040972,0.041389,0.041806,0.042222,0.041389,0.991284
2026-07-30T04:05:16+00:00,bid,GTX 1080,4,13,0.037037,0.039537,0.040463,0.040694,0.041111,0.040556,0.996814
2026-07-30T04:05:16+00:00,bid,GTX 1080 Ti,7,26,0.029333,0.040437,0.040741,0.047937,0.054074,0.041481,0.99706
2026-07-30T04:05:16+00:00,bid,GTX 1650 S,1,1,0.037778,0.037778,0.037778,0.037778,0.037778,,0.981663
2026-07-30T04:05:16+00:00,bid,GTX 1660 S,1,1,0.031111,0.031111,0.031111,0.031111,0.031111,,0.940378
2026-07-30T04:05:16+00:00,bid,GTX 1660 Ti,1,1,0.037778,0.037778,0.037778,0.037778,0.037778,0.037778,0.983408
2026-07-30T04:05:16+00:00,bid,H100 NVL,4,7,0.806519,1.203296,1.602222,1.901806,2.000556,1.335556,0.983358
2026-07-30T04:05:16+00:00,bid,H100 PCIE,8,28,0.347778,1.383579,1.600833,1.601389,1.602222,1.600833,0.990053
2026-07-30T04:05:16+00:00,bid,H100 SXM,16,51,0.267222,1.175185,2.005333,2.567731,4.002222,2.53375,0.991744
2026-07-30T04:05:16+00:00,bid,H200,8,20,2.63231,3.437308,3.816338,3.816977,3.947917,3.486404,0.99751
2026-07-30T04:05:16+00:00,bid,H200 NVL,9,19,1.006667,1.866984,1.868889,2.254445,3.211111,2.255,0.988246
2026-07-30T04:05:16+00:00,bid,L4,5,10,0.134444,0.201481,0.215556,0.271852,0.320444,0.236667,0.997355
2026-07-30T04:05:16+00:00,bid,L40,5,10,0.467778,0.468889,0.468889,0.471111,0.471111,0.468889,0.986542
2026-07-30T04:05:16+00:00,bid,L40S,26,90,0.200185,0.333565,0.502315,0.540741,0.803704,0.540741,0.998489
2026-07-30T04:05:16+00:00,bid,Q RTX 5000,1,2,0.054074,0.054074,0.054074,0.054074,0.054074,,0.983484
2026-07-30T04:05:16+00:00,bid,Q RTX 8000,1,1,0.099778,0.099778,0.099778,0.099778,0.099778,0.099778,0.999508
2026-07-30T04:05:16+00:00,bid,Quadro GV100,1,1,0.134074,0.134074,0.134074,0.134074,0.134074,,0.968759
2026-07-30T04:05:16+00:00,bid,Quadro P4000,4,6,0.015556,0.034444,0.04337,0.048593,0.05637,0.051185,0.981942
2026-07-30T04:05:16+00:00,bid,RTX 2060,2,2,0.027852,0.028667,0.029481,0.030296,0.031111,0.031111,0.983483
2026-07-30T04:05:16+00:00,bid,RTX 2060S,3,7,0.046889,0.046933,0.046978,0.085341,0.123704,0.046978,0.958251
2026-07-30T04:05:16+00:00,bid,RTX 2070S,2,11,0.053667,0.056958,0.060249,0.06354,0.066831,0.053667,0.986775
2026-07-30T04:05:16+00:00,bid,RTX 2080 Ti,4,5,0.037778,0.040278,0.041667,0.058889,0.108889,0.042222,0.992437
2026-07-30T04:05:16+00:00,bid,RTX 2080S,1,1,0.037778,0.037778,0.037778,0.037778,0.037778,0.037778,0.893891
2026-07-30T04:05:16+00:00,bid,RTX 3060,13,54,0.024741,0.040463,0.048185,0.068148,0.13437,0.057565,0.990491
2026-07-30T04:05:16+00:00,bid,RTX 3060 Ti,3,4,0.041852,0.042778,0.043704,0.28963,0.535556,0.535556,0.997148
2026-07-30T04:05:16+00:00,bid,RTX 3060 laptop,3,11,0.013352,0.025898,0.038444,0.053815,0.069185,0.069185,0.998769
2026-07-30T04:05:16+00:00,bid,RTX 3070,10,21,0.040556,0.067574,0.075,0.094306,0.495556,0.075556,0.990972
2026-07-30T04:05:16+00:00,bid,RTX 3070 laptop,1,1,0.022222,0.022222,0.022222,0.022222,0.022222,,0.939935
2026-07-30T04:05:16+00:00,bid,RTX 3080,15,36,0.041111,0.060583,0.108889,0.190721,0.495556,0.131019,0.992035
2026-07-30T04:05:16+00:00,bid,RTX 3080 Ti,9,11,0.015556,0.086222,0.100741,0.108889,0.188889,0.108889,0.995039
2026-07-30T04:05:16+00:00,bid,RTX 3090,65,149,0.014815,0.095556,0.134074,0.201481,0.375556,0.147222,0.988346
2026-07-30T04:05:16+00:00,bid,RTX 3090 Ti,1,1,0.068889,0.068889,0.068889,0.068889,0.068889,,0.995483
2026-07-30T04:05:16+00:00,bid,RTX 4000Ada,2,3,0.074222,0.096222,0.118222,0.140222,0.162222,,0.991245
2026-07-30T04:05:16+00:00,bid,RTX 4060,5,14,0.053531,0.05363,0.053926,0.054519,0.083704,0.083704,0.982392
2026-07-30T04:05:16+00:00,bid,RTX 4060 Ti,6,11,0.040889,0.041389,0.046852,0.093287,0.975556,0.079352,0.997426
2026-07-30T04:05:16+00:00,bid,RTX 4070,6,10,0.027407,0.028056,0.058333,0.143611,0.211407,0.162222,0.989798
2026-07-30T04:05:16+00:00,bid,RTX 4070 Ti,6,10,0.081481,0.108333,0.162222,0.234306,0.241111,0.108889,0.991853
2026-07-30T04:05:16+00:00,bid,RTX 4070S,15,57,0.067778,0.069074,0.071481,0.07863,0.082407,0.071481,0.983607
2026-07-30T04:05:16+00:00,bid,RTX 4070S Ti,7,15,0.084889,0.095093,0.102963,0.154722,0.201111,0.108889,0.994711
2026-07-30T04:05:16+00:00,bid,RTX 4080,7,9,0.067778,0.136111,0.167704,0.224593,0.255556,0.15237,0.994391
2026-07-30T04:05:16+00:00,bid,RTX 4080S,19,51,0.068481,0.187444,0.188741,0.22113,0.240741,0.240185,0.990037
2026-07-30T04:05:16+00:00,bid,RTX 4090,78,264,0.11037,0.236503,0.313901,0.401617,0.762222,0.349963,0.994571
2026-07-30T04:05:16+00:00,bid,RTX 4090D,4,8,0.604556,0.604972,0.605667,0.606222,0.606222,,0.967226
2026-07-30T04:05:16+00:00,bid,RTX 5000Ada,2,2,0.268889,0.285556,0.302222,0.318889,0.335556,0.302222,0.996144
2026-07-30T04:05:16+00:00,bid,RTX 5060,3,4,0.040296,0.047926,0.055556,0.075556,0.095556,0.055556,0.993706
2026-07-30T04:05:16+00:00,bid,RTX 5060 Ti,36,96,0.046444,0.077917,0.097019,0.137917,0.161111,0.120556,0.996167
2026-07-30T04:05:16+00:00,bid,RTX 5070,6,8,0.080222,0.095185,0.103518,0.111295,0.135556,0.111481,0.987677
2026-07-30T04:05:16+00:00,bid,RTX 5070 Ti,14,24,0.082222,0.094444,0.1075,0.135296,0.268,0.095556,0.996126
2026-07-30T04:05:16+00:00,bid,RTX 5080,14,21,0.02963,0.094111,0.112444,0.145278,0.204444,0.127778,0.992374
2026-07-30T04:05:16+00:00,bid,RTX 5090,71,198,0.102222,0.272593,0.37358,0.534259,1.563407,0.360787,0.995303
2026-07-30T04:05:16+00:00,bid,RTX 5880Ada,3,4,0.297037,0.315704,0.33437,0.334889,0.335407,0.33437,0.997455
2026-07-30T04:05:16+00:00,bid,RTX 6000Ada,17,40,0.137778,0.387222,0.400556,0.467704,0.775556,0.401667,0.992359
2026-07-30T04:05:16+00:00,bid,RTX A2000,1,1,0.400148,0.400148,0.400148,0.400148,0.400148,,0.994268
2026-07-30T04:05:16+00:00,bid,RTX A4000,11,60,0.058222,0.085889,0.093889,0.120204,0.149748,0.121819,0.97131
2026-07-30T04:05:16+00:00,bid,RTX A5000,2,15,0.226984,0.227641,0.228298,0.228954,0.229611,0.228298,0.997356
2026-07-30T04:05:16+00:00,bid,RTX A6000,11,32,0.143704,0.25375,0.302167,0.373889,0.374444,0.373889,0.993485
2026-07-30T04:05:16+00:00,bid,RTX PRO 4000,12,22,0.067222,0.068278,0.068889,0.215648,0.241481,0.217037,0.98237
2026-07-30T04:05:16+00:00,bid,RTX PRO 5000,21,53,0.135111,0.40037,0.401481,0.468889,0.803704,0.401481,0.989431
2026-07-30T04:05:16+00:00,bid,RTX PRO 6000 S,22,76,0.335556,0.785959,1.06963,1.268403,1.467222,1.068889,0.996283
2026-07-30T04:05:16+00:00,bid,RTX PRO 6000 WS,24,53,0.335556,0.537963,0.701676,0.935926,1.602222,0.669333,0.986264
2026-07-30T04:05:16+00:00,bid,Tesla P100,4,5,0.041481,0.111204,0.135,0.135556,0.135556,0.135556,0.989144
2026-07-30T04:05:16+00:00,bid,Tesla P40,2,6,0.065889,0.066028,0.066167,0.066306,0.066444,0.066167,0.993374
2026-07-30T04:05:16+00:00,bid,Tesla T4,3,4,3.400741,3.401111,3.401481,3.401481,3.401481,,0.9724
2026-07-30T04:05:16+00:00,bid,Tesla V100,10,20,0.017889,0.038519,0.127981,0.168222,0.242222,0.170222,0.995486
2026-07-30T04:05:16+00:00,bid,Titan RTX,3,4,0.107778,0.108333,0.108889,0.122222,0.135556,0.108889,0.998347
2026-07-30T04:05:16+00:00,bid,Titan Xp,1,1,0.042222,0.042222,0.042222,0.042222,0.042222,0.042222,0.996737
2026-07-30T04:10:17+00:00,on-demand,A100 PCIE,12,33,0.268148,0.604444,0.931291,1.012435,1.365739,0.994433,0.995388
2026-07-30T04:10:17+00:00,on-demand,A100 SXM4,30,92,0.267037,0.681389,0.967963,1.069333,1.529667,1.00088,0.995858
2026-07-30T04:10:17+00:00,on-demand,A10g,1,1,0.161185,0.161185,0.161185,0.161185,0.161185,,0.826323
2026-07-30T04:10:17+00:00,on-demand,A40,1,1,0.602222,0.602222,0.602222,0.602222,0.602222,0.602222,0.998744
2026-07-30T04:10:17+00:00,on-demand,A800 PCIE,3,7,0.667222,0.6675,0.667778,0.668333,0.668889,,0.994286
2026-07-30T04:10:17+00:00,on-demand,B200,23,90,4.313889,5.876953,6.215104,6.624609,7.751042,5.938194,0.982384
2026-07-30T04:10:17+00:00,on-demand,B300,2,5,5.625521,6.094661,6.563802,7.032943,7.502083,7.502083,0.987022
2026-07-30T04:10:17+00:00,on-demand,CMP 170HX,3,18,0.186852,0.187037,0.187222,0.1875,0.187778,,0.931924
2026-07-30T04:10:17+00:00,on-demand,GTX 1050 Ti,1,1,0.611111,0.611111,0.611111,0.611111,0.611111,,0.979571
2026-07-30T04:10:17+00:00,on-demand,GTX 1060,3,4,0.087778,0.088333,0.088889,0.216667,0.344444,0.088333,0.999304
2026-07-30T04:10:17+00:00,on-demand,GTX 1070,2,2,0.202222,0.284444,0.366667,0.448889,0.531111,0.531111,0.989045
2026-07-30T04:10:17+00:00,on-demand,GTX 1080,6,16,0.027778,0.035204,0.048463,0.048972,0.050222,0.048833,0.993761
2026-07-30T04:10:17+00:00,on-demand,GTX 1080 Ti,5,16,0.042667,0.060556,0.060741,0.064889,0.073651,0.062815,0.99706
2026-07-30T04:10:17+00:00,on-demand,GTX 1650 S,1,1,0.677778,0.677778,0.677778,0.677778,0.677778,,0.981663
2026-07-30T04:10:17+00:00,on-demand,GTX 1660,1,1,0.677778,0.677778,0.677778,0.677778,0.677778,,0.988823
2026-07-30T04:10:17+00:00,on-demand,GTX 1660 S,2,2,0.451111,0.605556,0.76,0.914444,1.068889,1.068889,0.926719
2026-07-30T04:10:17+00:00,on-demand,GTX 1660 Ti,1,1,0.611111,0.611111,0.611111,0.611111,0.611111,0.611111,0.983408
2026-07-30T04:10:17+00:00,on-demand,H100 NVL,4,7,2.268889,2.321889,2.60637,2.988361,3.333889,2.873185,0.995073
2026-07-30T04:10:17+00:00,on-demand,H100 PCIE,4,22,1.733481,2.033579,2.13375,2.134028,2.134444,2.13375,0.986593
2026-07-30T04:10:17+00:00,on-demand,H100 SXM,14,51,1.600556,1.851019,2.93375,3.953888,5.515556,3.333886,0.993019
2026-07-30T04:10:17+00:00,on-demand,H200,8,20,3.684759,3.905062,3.935307,4.113624,4.211623,4.08114,0.99751
2026-07-30T04:10:17+00:00,on-demand,H200 NVL,7,14,2.800317,3.273333,3.966667,4.451444,4.922222,4.451444,0.986591
2026-07-30T04:10:17+00:00,on-demand,L4,4,9,0.295556,0.324222,0.334111,0.334722,0.335556,0.334444,0.997355
2026-07-30T04:10:17+00:00,on-demand,L40,3,7,0.574444,0.575,0.575556,0.576667,0.577778,0.575556,0.986542
2026-07-30T04:10:17+00:00,on-demand,L40S,16,58,0.400185,0.463843,0.600278,0.868009,1.074074,0.801481,0.995992
2026-07-30T04:10:17+00:00,on-demand,Q RTX 5000,1,2,0.080741,0.080741,0.080741,0.080741,0.080741,,0.983484
2026-07-30T04:10:17+00:00,on-demand,Q RTX 8000,3,7,0.253704,0.253889,0.254074,0.262593,0.271111,0.254074,0.998678
2026-07-30T04:10:17+00:00,on-demand,Quadro GV100,1,1,0.467407,0.467407,0.467407,0.467407,0.467407,,0.968759
2026-07-30T04:10:17+00:00,on-demand,Quadro P4000,4,6,0.028889,0.042778,0.054815,0.063426,0.067037,0.06463,0.983692
2026-07-30T04:10:17+00:00,on-demand,RTX 2060,2,2,0.053185,0.143778,0.23437,0.324963,0.415556,0.415556,0.986647
2026-07-30T04:10:17+00:00,on-demand,RTX 2070S,1,9,0.073498,0.073498,0.073498,0.073498,0.073498,,0.98748
2026-07-30T04:10:17+00:00,on-demand,RTX 2080 Ti,8,25,0.068889,0.077243,0.080044,0.090639,0.811111,0.080044,0.994712
2026-07-30T04:10:17+00:00,on-demand,RTX 3060,10,42,0.038444,0.051491,0.065193,0.528449,1.335556,0.080463,0.988368
2026-07-30T04:10:17+00:00,on-demand,RTX 3060 Ti,1,1,0.959556,0.959556,0.959556,0.959556,0.959556,0.959556,0.595073
2026-07-30T04:10:17+00:00,on-demand,RTX 3060 laptop,6,15,0.026685,0.041389,0.053852,0.066593,0.105185,0.066963,0.996597
2026-07-30T04:10:17+00:00,on-demand,RTX 3070,10,37,0.047778,0.075486,0.094444,0.128194,0.562222,0.081852,0.988762
2026-07-30T04:10:17+00:00,on-demand,RTX 3080,12,42,0.060278,0.105576,0.1135,0.171437,0.562222,0.1135,0.99457
2026-07-30T04:10:17+00:00,on-demand,RTX 3080 Ti,8,10,0.082222,0.106389,0.138704,0.189444,1.268889,0.138704,0.995108
2026-07-30T04:10:17+00:00,on-demand,RTX 3090,40,128,0.106944,0.134444,0.241389,0.334722,1.187407,0.271852,0.986468
2026-07-30T04:10:17+00:00,on-demand,RTX 3090 Ti,1,1,0.175556,0.175556,0.175556,0.175556,0.175556,,0.99319
2026-07-30T04:10:17+00:00,on-demand,RTX 4000Ada,2,3,0.087556,0.116222,0.144889,0.173556,0.202222,,0.991245
2026-07-30T04:10:17+00:00,on-demand,RTX 4060,7,17,0.060198,0.060889,0.062222,0.063704,2.677778,0.063333,0.984214
2026-07-30T04:10:17+00:00,on-demand,RTX 4060 Ti,3,3,0.062963,0.072593,0.082222,0.595556,1.108889,0.585926,0.988414
2026-07-30T04:10:17+00:00,on-demand,RTX 4070,4,5,0.081111,0.081944,0.086667,0.111556,0.172889,0.132,0.986063
2026-07-30T04:10:17+00:00,on-demand,RTX 4070 Ti,6,12,0.093111,0.098426,0.175185,0.271972,0.282444,0.108148,0.990358
2026-07-30T04:10:17+00:00,on-demand,RTX 4070S,9,36,0.075556,0.081111,0.082222,0.08787,0.08963,0.081204,0.991187
2026-07-30T04:10:17+00:00,on-demand,RTX 4070S Ti,6,11,0.088889,0.113944,0.184167,0.247639,0.248889,0.247222,0.997715
2026-07-30T04:10:17+00:00,on-demand,RTX 4080,5,9,0.114259,0.175185,0.177037,0.214963,0.268889,0.176111,0.991675
2026-07-30T04:10:17+00:00,on-demand,RTX 4080S,16,56,0.118148,0.161806,0.200398,0.217394,0.287407,0.196,0.990215
2026-07-30T04:10:17+00:00,on-demand,RTX 4090,57,206,0.133889,0.321111,0.401111,0.603704,1.334815,0.481867,0.994571
2026-07-30T04:10:17+00:00,on-demand,RTX 4090D,3,7,0.667222,0.6675,0.667778,0.668333,0.668889,,0.967226
2026-07-30T04:10:17+00:00,on-demand,RTX 5000Ada,3,3,0.375556,0.408889,0.442222,0.448889,0.455556,0.408889,0.993977
2026-07-30T04:10:17+00:00,on-demand,RTX 5060,4,5,0.05363,0.069796,0.076111,0.095,0.148889,0.076111,0.994322
2026-07-30T04:10:17+00:00,on-demand,RTX 5060 Ti,23,70,0.067963,0.091111,0.128519,0.206648,1.204444,0.178222,0.991147
2026-07-30T04:10:17+00:00,on-demand,RTX 5070,8,15,0.07037,0.079491,0.11763,0.125972,0.148148,0.080926,0.989137
2026-07-30T04:10:17+00:00,on-demand,RTX 5070 Ti,6,11,0.114815,0.124028,0.134815,0.185463,0.401333,0.168704,0.99609
2026-07-30T04:10:17+00:00,on-demand,RTX 5080,20,65,0.122963,0.160486,0.173714,0.200574,0.802963,0.173651,0.980599
2026-07-30T04:10:17+00:00,on-demand,RTX 5090,61,217,0.212889,0.444444,0.537037,0.893481,3.613889,0.652926,0.988688
2026-07-30T04:10:17+00:00,on-demand,RTX 5880Ada,4,15,0.453593,0.453787,0.454111,0.45463,0.455407,0.454111,0.997667
2026-07-30T04:10:17+00:00,on-demand,RTX 6000Ada,8,23,0.352889,0.440972,0.640694,0.681389,0.735556,0.661019,0.992359
2026-07-30T04:10:17+00:00,on-demand,RTX A2000,5,6,0.034074,0.036148,0.036148,0.493481,1.335556,,0.995193
2026-07-30T04:10:17+00:00,on-demand,RTX A4000,4,31,0.133468,0.133506,0.133611,0.140347,0.160277,0.14699,0.97131
2026-07-30T04:10:17+00:00,on-demand,RTX A5000,2,17,0.230914,0.230921,0.230929,0.230937,0.230944,0.230929,0.996619
2026-07-30T04:10:17+00:00,on-demand,RTX A6000,8,28,0.266944,0.35546,0.374259,0.400694,1.202222,,0.991062
2026-07-30T04:10:17+00:00,on-demand,RTX PRO 4000,14,35,0.200556,0.253806,0.27787,0.320679,0.337037,0.320494,0.991766
2026-07-30T04:10:17+00:00,on-demand,RTX PRO 4500,1,1,0.308889,0.308889,0.308889,0.308889,0.308889,,0.942864
2026-07-30T04:10:17+00:00,on-demand,RTX PRO 5000,15,39,0.36963,0.640833,0.720444,0.887083,1.110415,0.886944,0.987757
2026-07-30T04:10:17+00:00,on-demand,RTX PRO 6000 S,15,66,1.266944,1.464583,1.535556,1.600417,1.736296,1.497917,0.995602
2026-07-30T04:10:17+00:00,on-demand,RTX PRO 6000 WS,18,44,0.867407,1.151171,1.335278,2.553704,26.66963,1.33463,0.989297
2026-07-30T04:10:17+00:00,on-demand,Tesla P100,4,8,0.068148,0.078148,0.087778,0.121111,0.202222,0.094074,0.988289
2026-07-30T04:10:17+00:00,on-demand,Tesla P4,1,1,0.025481,0.025481,0.025481,0.025481,0.025481,,0.99001
2026-07-30T04:10:17+00:00,on-demand,Tesla P40,2,6,0.132556,0.132694,0.132833,0.132972,0.133111,0.132833,0.993374
2026-07-30T04:10:17+00:00,on-demand,Tesla T4,2,3,12.000741,12.000926,12.001111,12.001296,12.001481,,0.9724
2026-07-30T04:10:17+00:00,on-demand,Tesla V100,12,27,0.027222,0.0665,0.137963,0.193472,0.333889,0.268056,0.99154
2026-07-30T04:10:17+00:00,on-demand,Titan RTX,2,3,0.134444,0.141574,0.148704,0.155833,0.162963,0.148704,0.992236
2026-07-30T04:10:17+00:00,on-demand,Titan Xp,1,1,0.055556,0.055556,0.055556,0.055556,0.055556,0.055556,0.996105
2026-07-30T04:10:17+00:00,bid,A100 PCIE,20,29,0.133889,0.135278,0.135556,0.201667,0.46963,0.135556,0.995054
2026-07-30T04:10:17+00:00,bid,A100 SXM4,42,92,0.135556,0.547361,0.774167,0.868611,1.069333,0.602593,0.991154
2026-07-30T04:10:17+00:00,bid,A10g,1,1,0.081185,0.081185,0.081185,0.081185,0.081185,,0.826323
2026-07-30T04:10:17+00:00,bid,A40,1,2,0.234074,0.234074,0.234074,0.234074,0.234074,0.234074,0.997267
2026-07-30T04:10:17+00:00,bid,A800 PCIE,7,12,0.129889,0.130444,0.131556,0.131556,0.131556,,0.994286
2026-07-30T04:10:17+00:00,bid,B200,20,78,3.750174,5.358811,5.632812,6.253255,7.376042,6.063802,0.9842
2026-07-30T04:10:17+00:00,bid,B300,1,1,3.752083,3.752083,3.752083,3.752083,3.752083,3.752083,0.980866
2026-07-30T04:10:17+00:00,bid,CMP 170HX,4,19,0.160185,0.160463,0.160833,0.161389,0.162222,,0.931924
2026-07-30T04:10:17+00:00,bid,GTX 1050 Ti,1,1,0.024444,0.024444,0.024444,0.024444,0.024444,,0.979571
2026-07-30T04:10:17+00:00,bid,GTX 1060,1,1,0.031111,0.031111,0.031111,0.031111,0.031111,,0.988888
2026-07-30T04:10:17+00:00,bid,GTX 1070,2,2,0.015556,0.017778,0.02,0.022222,0.024444,0.024444,0.989045
2026-07-30T04:10:17+00:00,bid,GTX 1070 Ti,1,4,0.040556,0.040556,0.040556,0.040556,0.040556,0.040556,0.997371
2026-07-30T04:10:17+00:00,bid,GTX 1080,5,14,0.014815,0.04037,0.040556,0.041111,0.042222,0.040833,0.995476
2026-07-30T04:10:17+00:00,bid,GTX 1080 Ti,9,30,0.029333,0.040556,0.041111,0.042222,0.054074,0.041111,0.99706
2026-07-30T04:10:17+00:00,bid,GTX 1650 S,1,1,0.037778,0.037778,0.037778,0.037778,0.037778,,0.981663
2026-07-30T04:10:17+00:00,bid,GTX 1660,1,1,0.037778,0.037778,0.037778,0.037778,0.037778,,0.988823
2026-07-30T04:10:17+00:00,bid,GTX 1660 S,1,1,0.031111,0.031111,0.031111,0.031111,0.031111,,0.940378
2026-07-30T04:10:17+00:00,bid,GTX 1660 Ti,1,1,0.037778,0.037778,0.037778,0.037778,0.037778,0.037778,0.983408
2026-07-30T04:10:17+00:00,bid,H100 NVL,4,7,0.806519,1.203296,1.602222,1.901806,2.000556,1.335556,0.983358
2026-07-30T04:10:17+00:00,bid,H100 PCIE,5,24,0.347778,0.733481,1.600278,1.600556,1.601111,1.600278,0.990053
2026-07-30T04:10:17+00:00,bid,H100 SXM,15,52,0.267222,1.036963,2.005333,2.920738,4.002222,2.600741,0.991744
2026-07-30T04:10:17+00:00,bid,H200,9,21,2.63231,3.486404,3.81652,3.817982,3.948465,3.652193,0.99751
2026-07-30T04:10:17+00:00,bid,H200 NVL,8,15,1.006667,1.338222,1.934603,2.254722,3.211111,2.255,0.986612
2026-07-30T04:10:17+00:00,bid,L4,8,18,0.134444,0.195556,0.268333,0.282056,0.320556,0.268889,0.997614
2026-07-30T04:10:17+00:00,bid,L40,6,11,0.467778,0.468889,0.47,0.471111,0.471111,0.47,0.986542
2026-07-30T04:10:17+00:00,bid,L40S,30,98,0.200185,0.333704,0.502315,0.540741,0.774815,0.537037,0.998573
2026-07-30T04:10:17+00:00,bid,Q RTX 5000,1,2,0.054074,0.054074,0.054074,0.054074,0.054074,,0.983484
2026-07-30T04:10:17+00:00,bid,Q RTX 8000,1,1,0.099778,0.099778,0.099778,0.099778,0.099778,0.099778,0.999508
2026-07-30T04:10:17+00:00,bid,Quadro GV100,1,1,0.134074,0.134074,0.134074,0.134074,0.134074,,0.968759
2026-07-30T04:10:17+00:00,bid,Quadro P4000,4,6,0.015556,0.034722,0.048333,0.055759,0.05637,0.055963,0.983692
2026-07-30T04:10:17+00:00,bid,RTX 2060,3,3,0.027852,0.029481,0.031111,0.183333,0.335556,0.183333,0.988877
2026-07-30T04:10:17+00:00,bid,RTX 2060S,3,7,0.046889,0.046933,0.046978,0.085341,0.123704,0.046978,0.958251
2026-07-30T04:10:17+00:00,bid,RTX 2070S,2,11,0.053667,0.056958,0.060249,0.06354,0.066831,0.053667,0.986775
2026-07-30T04:10:17+00:00,bid,RTX 2080 Ti,4,5,0.037778,0.040278,0.041667,0.058889,0.108889,0.042222,0.992437
2026-07-30T04:10:17+00:00,bid,RTX 2080S,1,1,0.037778,0.037778,0.037778,0.037778,0.037778,0.037778,0.893891
2026-07-30T04:10:17+00:00,bid,RTX 3060,14,51,0.024741,0.038449,0.0455,0.063819,0.13437,0.054213,0.991318
2026-07-30T04:10:17+00:00,bid,RTX 3060 Ti,3,4,0.041852,0.042778,0.043704,0.28963,0.535556,0.535556,0.997148
2026-07-30T04:10:17+00:00,bid,RTX 3060 laptop,5,14,0.013352,0.01363,0.038444,0.069185,0.101111,0.085148,0.996604
2026-07-30T04:10:17+00:00,bid,RTX 3070,10,22,0.040444,0.067389,0.081204,0.125278,0.495556,0.094167,0.996263
2026-07-30T04:10:17+00:00,bid,RTX 3070 laptop,2,2,0.022222,0.127222,0.232222,0.337222,0.442222,,0.952195
2026-07-30T04:10:17+00:00,bid,RTX 3080,16,40,0.046049,0.067639,0.121037,0.165916,0.495556,0.135556,0.993733
2026-07-30T04:10:17+00:00,bid,RTX 3080 Ti,11,12,0.015556,0.07963,0.095556,0.141667,0.188889,0.141667,0.995039
2026-07-30T04:10:17+00:00,bid,RTX 3090,63,136,0.016296,0.096481,0.134667,0.194167,0.375556,0.148889,0.98794
2026-07-30T04:10:17+00:00,bid,RTX 3090 Ti,1,1,0.068889,0.068889,0.068889,0.068889,0.068889,,0.995483
2026-07-30T04:10:17+00:00,bid,RTX 4000Ada,1,1,0.162222,0.162222,0.162222,0.162222,0.162222,,0.994788
2026-07-30T04:10:17+00:00,bid,RTX 4060,5,15,0.053531,0.05363,0.053926,0.053926,0.054519,,0.982392
2026-07-30T04:10:17+00:00,bid,RTX 4060 Ti,8,14,0.029111,0.041944,0.046852,0.084472,0.975556,0.051481,0.996279
2026-07-30T04:10:17+00:00,bid,RTX 4070,6,10,0.027407,0.028056,0.052333,0.076611,0.162222,0.076889,0.990381
2026-07-30T04:10:17+00:00,bid,RTX 4070 Ti,6,11,0.081481,0.135556,0.228056,0.240972,0.241111,0.108889,0.990514
2026-07-30T04:10:17+00:00,bid,RTX 4070S,14,49,0.067778,0.069676,0.072556,0.079977,0.084815,0.074074,0.98969
2026-07-30T04:10:17+00:00,bid,RTX 4070S Ti,7,16,0.056296,0.095093,0.200556,0.201111,0.202222,0.200833,0.999462
2026-07-30T04:10:17+00:00,bid,RTX 4080,8,10,0.067778,0.118611,0.13763,0.174185,0.202222,0.136111,0.99249
2026-07-30T04:10:17+00:00,bid,RTX 4080S,19,50,0.068481,0.18163,0.188889,0.240278,0.240741,0.240278,0.990037
2026-07-30T04:10:17+00:00,bid,RTX 4090,78,247,0.134074,0.230556,0.33375,0.399765,0.762222,0.348593,0.994646
2026-07-30T04:10:17+00:00,bid,RTX 4090D,5,10,0.604556,0.605111,0.605111,0.606222,0.606222,,0.967226
2026-07-30T04:10:17+00:00,bid,RTX 5000Ada,2,2,0.268889,0.285556,0.302222,0.318889,0.335556,0.302222,0.996144
2026-07-30T04:10:17+00:00,bid,RTX 5060,4,6,0.040296,0.040907,0.048333,0.065556,0.095556,0.055556,0.990957
2026-07-30T04:10:17+00:00,bid,RTX 5060 Ti,36,104,0.04163,0.071111,0.094167,0.139167,0.161111,0.117111,0.996167
2026-07-30T04:10:17+00:00,bid,RTX 5070,6,8,0.055556,0.069639,0.083722,0.092917,0.144148,0.076667,0.988107
2026-07-30T04:10:17+00:00,bid,RTX 5070 Ti,12,21,0.093889,0.095278,0.108333,0.115296,0.158963,0.095556,0.99476
2026-07-30T04:10:17+00:00,bid,RTX 5080,12,17,0.02963,0.122222,0.14163,0.163241,0.202222,0.162593,0.994557
2026-07-30T04:10:17+00:00,bid,RTX 5090,72,194,0.102222,0.268787,0.350093,0.524028,1.563407,0.401204,0.994839
2026-07-30T04:10:17+00:00,bid,RTX 5880Ada,4,6,0.297037,0.325037,0.33437,0.33463,0.335407,0.33437,0.997455
2026-07-30T04:10:17+00:00,bid,RTX 6000Ada,16,36,0.139259,0.357454,0.394583,0.468019,0.74963,0.401667,0.992862
2026-07-30T04:10:17+00:00,bid,RTX A2000,1,1,0.400148,0.400148,0.400148,0.400148,0.400148,,0.994268
2026-07-30T04:10:17+00:00,bid,RTX A4000,9,55,0.069444,0.093704,0.093889,0.106852,0.14961,0.093796,0.97131
2026-07-30T04:10:17+00:00,bid,RTX A5000,2,15,0.226984,0.227641,0.228298,0.228954,0.229611,0.228298,0.997356
2026-07-30T04:10:17+00:00,bid,RTX A6000,11,30,0.143704,0.25375,0.268889,0.3475,0.374444,,0.984243
2026-07-30T04:10:17+00:00,bid,RTX PRO 4000,12,22,0.067222,0.068278,0.068889,0.215648,0.241481,0.217037,0.98237
2026-07-30T04:10:17+00:00,bid,RTX PRO 5000,20,48,0.135111,0.400963,0.467778,0.533681,0.803704,0.467778,0.986051
2026-07-30T04:10:17+00:00,bid,RTX PRO 6000 S,21,68,0.335556,0.802963,1.06963,1.268889,1.467778,1.068889,0.99663
2026-07-30T04:10:17+00:00,bid,RTX PRO 6000 WS,30,60,0.375111,0.538518,0.668889,0.933889,2.537037,0.701676,0.981293
2026-07-30T04:10:17+00:00,bid,Tesla P100,4,5,0.041481,0.111204,0.135,0.135556,0.135556,0.135556,0.989144
2026-07-30T04:10:17+00:00,bid,Tesla P40,3,8,0.065889,0.066167,0.066444,0.066444,0.066444,0.066444,0.993374
2026-07-30T04:10:17+00:00,bid,Tesla T4,2,3,3.400741,3.400926,3.401111,3.401296,3.401481,,0.9724
2026-07-30T04:10:17+00:00,bid,Tesla V100,10,23,0.017889,0.038519,0.147222,0.162222,0.240556,0.162222,0.9955
2026-07-30T04:10:17+00:00,bid,Titan RTX,3,4,0.107778,0.108333,0.108889,0.122222,0.135556,0.108889,0.998347
2026-07-30T04:10:17+00:00,bid,Titan Xp,1,1,0.042222,0.042222,0.042222,0.042222,0.042222,0.042222,0.996737
2026-07-30T04:15:15+00:00,on-demand,A100 PCIE,13,31,0.268148,0.562963,0.994433,1.002222,1.365739,0.998328,0.995389
2026-07-30T04:15:15+00:00,on-demand,A100 SXM4,29,84,0.267037,0.735556,0.950815,1.069333,1.75287,0.934444,0.994765
2026-07-30T04:15:15+00:00,on-demand,A10g,1,1,0.161185,0.161185,0.161185,0.161185,0.161185,,0.835324
2026-07-30T04:15:15+00:00,on-demand,A40,1,1,0.602222,0.602222,0.602222,0.602222,0.602222,0.602222,0.998746
2026-07-30T04:15:15+00:00,on-demand,A800 PCIE,3,7,0.667222,0.6675,0.667778,0.668333,0.668889,,0.994293
2026-07-30T04:15:15+00:00,on-demand,B200,22,88,4.313889,5.937717,6.220312,6.752279,7.751042,6.250694,0.987438
2026-07-30T04:15:15+00:00,on-demand,B300,2,5,5.625521,6.094661,6.563802,7.032943,7.502083,7.502083,0.987078
2026-07-30T04:15:15+00:00,on-demand,CMP 170HX,3,18,0.186852,0.187037,0.187222,0.1875,0.187778,,0.932651
2026-07-30T04:15:15+00:00,on-demand,GTX 1050 Ti,1,1,0.611111,0.611111,0.611111,0.611111,0.611111,,0.979729
2026-07-30T04:15:15+00:00,on-demand,GTX 1060,3,4,0.087778,0.088333,0.088889,0.216667,0.344444,0.088333,0.999304
2026-07-30T04:15:15+00:00,on-demand,GTX 1070,2,2,0.202222,0.284444,0.366667,0.448889,0.531111,0.531111,0.989115
2026-07-30T04:15:15+00:00,on-demand,GTX 1070 Ti,1,4,0.048556,0.048556,0.048556,0.048556,0.048556,0.048556,0.988047
2026-07-30T04:15:15+00:00,on-demand,GTX 1080,5,12,0.027778,0.027778,0.04837,0.049111,0.050222,0.049111,0.995478
2026-07-30T04:15:15+00:00,on-demand,GTX 1080 Ti,7,18,0.042667,0.060714,0.062222,0.070056,0.074444,0.066222,0.997062
2026-07-30T04:15:15+00:00,on-demand,GTX 1650 S,1,1,0.677778,0.677778,0.677778,0.677778,0.677778,,0.981832
2026-07-30T04:15:15+00:00,on-demand,GTX 1660,1,1,0.677778,0.677778,0.677778,0.677778,0.677778,,0.988967
2026-07-30T04:15:15+00:00,on-demand,GTX 1660 S,1,1,1.068889,1.068889,1.068889,1.068889,1.068889,1.068889,0.914611
2026-07-30T04:15:15+00:00,on-demand,GTX 1660 Ti,1,1,0.611111,0.611111,0.611111,0.611111,0.611111,0.611111,0.983575
2026-07-30T04:15:15+00:00,on-demand,H100 NVL,4,7,2.268889,2.548889,2.737704,2.958361,3.333889,2.833185,0.986992
2026-07-30T04:15:15+00:00,on-demand,H100 PCIE,4,22,1.733481,1.933787,2.067083,2.133819,2.134444,2.067083,0.990058
2026-07-30T04:15:15+00:00,on-demand,H100 SXM,16,60,1.677778,1.734352,2.762731,3.807219,4.842222,2.933889,0.994058
2026-07-30T04:15:15+00:00,on-demand,H200,7,18,3.684759,3.934759,3.935673,4.080592,4.211075,3.935673,0.997511
2026-07-30T04:15:15+00:00,on-demand,H200 NVL,6,13,2.800317,2.968889,3.505333,4.676278,4.922222,4.431444,0.987449
2026-07-30T04:15:15+00:00,on-demand,L4,5,10,0.202222,0.295556,0.333778,0.334444,0.335556,0.334444,0.999202
2026-07-30T04:15:15+00:00,on-demand,L40,3,7,0.574444,0.575,0.575556,0.576667,0.577778,0.575556,0.986557
2026-07-30T04:15:15+00:00,on-demand,L40S,11,43,0.400741,0.581296,0.667407,1.067731,1.074074,0.900602,0.995131
2026-07-30T04:15:15+00:00,on-demand,Q RTX 5000,1,2,0.080741,0.080741,0.080741,0.080741,0.080741,,0.983604
2026-07-30T04:15:15+00:00,on-demand,Q RTX 8000,3,7,0.253704,0.253889,0.254074,0.262593,0.271111,0.254074,0.998678
2026-07-30T04:15:15+00:00,on-demand,Quadro GV100,1,1,0.467407,0.467407,0.467407,0.467407,0.467407,,0.968766
2026-07-30T04:15:15+00:00,on-demand,Quadro P4000,4,6,0.054444,0.055278,0.061296,0.06713,0.067407,0.067222,0.963938
2026-07-30T04:15:15+00:00,on-demand,RTX 2060,2,2,0.053185,0.143778,0.23437,0.324963,0.415556,0.415556,0.986656
2026-07-30T04:15:15+00:00,on-demand,RTX 2070S,1,9,0.073498,0.073498,0.073498,0.073498,0.073498,,0.987481
2026-07-30T04:15:15+00:00,on-demand,RTX 2080 Ti,7,26,0.068889,0.071,0.080022,0.080044,0.122222,0.080027,0.994712
2026-07-30T04:15:15+00:00,on-demand,RTX 3060,10,39,0.034074,0.055694,0.076991,0.608889,1.335556,0.080463,0.988545
2026-07-30T04:15:15+00:00,on-demand,RTX 3060 Ti,1,1,0.959556,0.959556,0.959556,0.959556,0.959556,0.959556,0.59473
2026-07-30T04:15:15+00:00,on-demand,RTX 3060 laptop,5,14,0.026685,0.041111,0.042222,0.105185,0.134444,0.119815,0.998769
2026-07-30T04:15:15+00:00,on-demand,RTX 3070,12,42,0.041111,0.075079,0.091235,0.113935,0.562222,0.091235,0.990621
2026-07-30T04:15:15+00:00,on-demand,RTX 3080,17,64,0.060222,0.113383,0.120278,0.250999,0.562222,0.143222,0.994177
2026-07-30T04:15:15+00:00,on-demand,RTX 3080 Ti,9,11,0.095556,0.115556,0.135185,0.179556,1.268889,0.135185,0.995041
2026-07-30T04:15:15+00:00,on-demand,RTX 3090,44,132,0.109074,0.138819,0.243963,0.358611,1.188889,0.247481,0.990827
2026-07-30T04:15:15+00:00,on-demand,RTX 3090 Ti,1,1,0.175556,0.175556,0.175556,0.175556,0.175556,,0.99319
2026-07-30T04:15:15+00:00,on-demand,RTX 4000Ada,1,1,0.202222,0.202222,0.202222,0.202222,0.202222,,0.9948
2026-07-30T04:15:15+00:00,on-demand,RTX 4060,7,19,0.060198,0.060444,0.061111,0.064444,2.677778,0.062778,0.985001
2026-07-30T04:15:15+00:00,on-demand,RTX 4060 Ti,6,9,0.065111,0.078796,0.126815,0.145944,1.108889,0.145111,0.998012
2026-07-30T04:15:15+00:00,on-demand,RTX 4070,2,4,0.080741,0.081111,0.081481,0.081852,0.082222,,0.983084
2026-07-30T04:15:15+00:00,on-demand,RTX 4070 Ti,7,13,0.088889,0.092111,0.094222,0.262056,0.282444,0.091111,0.984119
2026-07-30T04:15:15+00:00,on-demand,RTX 4070S,9,36,0.074074,0.082222,0.084815,0.08963,0.10787,0.08963,0.991284
2026-07-30T04:15:15+00:00,on-demand,RTX 4070S Ti,7,16,0.088889,0.116333,0.122407,0.16263,0.247222,0.12263,0.995073
2026-07-30T04:15:15+00:00,on-demand,RTX 4080,6,11,0.114259,0.126944,0.168704,0.176574,0.268889,0.175185,0.989977
2026-07-30T04:15:15+00:00,on-demand,RTX 4080S,18,54,0.124444,0.164389,0.201111,0.213819,0.287407,0.214926,0.991435
2026-07-30T04:15:15+00:00,on-demand,RTX 4090,54,190,0.133889,0.308642,0.396929,0.603241,1.334815,0.506852,0.995165
2026-07-30T04:15:15+00:00,on-demand,RTX 4090D,3,7,0.667222,0.6675,0.667778,0.668333,0.668889,,0.967226
2026-07-30T04:15:15+00:00,on-demand,RTX 5000Ada,2,2,0.442222,0.445556,0.448889,0.452222,0.455556,0.442222,0.993648
2026-07-30T04:15:15+00:00,on-demand,RTX 5060,4,5,0.05363,0.069796,0.076111,0.095,0.148889,0.076111,0.99433
2026-07-30T04:15:15+00:00,on-demand,RTX 5060 Ti,21,66,0.08163,0.093889,0.127593,0.185889,1.204444,0.185111,0.994016
2026-07-30T04:15:15+00:00,on-demand,RTX 5070,5,10,0.07037,0.080926,0.081852,0.133889,0.148147,0.081852,0.983902
2026-07-30T04:15:15+00:00,on-demand,RTX 5070 Ti,8,15,0.118444,0.130972,0.148333,0.201204,0.202222,0.160833,0.995448
2026-07-30T04:15:15+00:00,on-demand,RTX 5080,16,50,0.160278,0.173183,0.175,0.201111,0.672222,0.173796,0.99097
2026-07-30T04:15:15+00:00,on-demand,RTX 5090,64,211,0.212889,0.413944,0.481289,0.899917,3.615556,0.59963,0.990586
2026-07-30T04:15:15+00:00,on-demand,RTX 5880Ada,4,15,0.453593,0.453787,0.454111,0.48337,0.57037,0.454111,0.99767
2026-07-30T04:15:15+00:00,on-demand,RTX 6000Ada,9,24,0.352889,0.441111,0.605926,0.640926,0.735556,0.640602,0.992373
2026-07-30T04:15:15+00:00,on-demand,RTX A2000,4,5,0.034074,0.03563,0.264815,0.704,1.335556,,0.994731
2026-07-30T04:15:15+00:00,on-demand,RTX A4000,6,32,0.071778,0.087648,0.120253,0.145575,0.160277,0.133657,0.991214
2026-07-30T04:15:15+00:00,on-demand,RTX A4500,1,1,1.274815,1.274815,1.274815,1.274815,1.274815,,0.998031
2026-07-30T04:15:15+00:00,on-demand,RTX A5000,3,12,0.230914,20.115827,40.000741,40.001111,40.001481,0.230914,0.971788
2026-07-30T04:15:15+00:00,on-demand,RTX A6000,9,31,0.266944,0.373651,0.374444,0.400556,1.202222,0.400556,0.991071
2026-07-30T04:15:15+00:00,on-demand,RTX PRO 4000,12,29,0.167037,0.232222,0.254722,0.320741,0.337037,0.291173,0.991787
2026-07-30T04:15:15+00:00,on-demand,RTX PRO 4500,1,1,0.308889,0.308889,0.308889,0.308889,0.308889,,0.943266
2026-07-30T04:15:15+00:00,on-demand,RTX PRO 5000,9,23,0.36963,0.841852,0.886944,0.887778,0.958074,0.887778,0.987764
2026-07-30T04:15:15+00:00,on-demand,RTX PRO 6000 S,13,57,1.267778,1.534444,1.600278,1.600556,1.736296,1.600278,0.995603
2026-07-30T04:15:15+00:00,on-demand,RTX PRO 6000 WS,18,45,0.867407,1.200856,1.308426,2.54956,26.66963,1.288426,0.986302
2026-07-30T04:15:15+00:00,on-demand,Tesla P100,5,10,0.068148,0.081481,0.094074,0.201111,0.202222,0.147593,0.989176
2026-07-30T04:15:15+00:00,on-demand,Tesla P4,1,1,0.025481,0.025481,0.025481,0.025481,0.025481,,0.990047
2026-07-30T04:15:15+00:00,on-demand,Tesla P40,2,6,0.132556,0.132694,0.132833,0.132972,0.133111,0.132833,0.992356
2026-07-30T04:15:15+00:00,on-demand,Tesla T4,2,3,12.000741,12.000926,12.001111,12.001296,12.001481,,0.9724
2026-07-30T04:15:15+00:00,on-demand,Tesla V100,11,30,0.027222,0.067917,0.108889,0.2175,0.333889,0.268056,0.991543
2026-07-30T04:15:15+00:00,on-demand,Titan RTX,2,3,0.134444,0.141389,0.148333,0.155278,0.162222,0.148333,0.998412
2026-07-30T04:15:15+00:00,on-demand,Titan Xp,1,1,0.055556,0.055556,0.055556,0.055556,0.055556,0.055556,0.996106
2026-07-30T04:15:15+00:00,bid,A100 PCIE,21,30,0.133889,0.135556,0.135556,0.462222,0.46963,0.441333,0.995059
2026-07-30T04:15:15+00:00,bid,A100 SXM4,38,87,0.135556,0.43537,0.774167,0.868889,1.002222,0.603889,0.992485
2026-07-30T04:15:15+00:00,bid,A10g,1,1,0.081185,0.081185,0.081185,0.081185,0.081185,,0.835324
2026-07-30T04:15:15+00:00,bid,A40,1,2,0.234074,0.234074,0.234074,0.234074,0.234074,0.234074,0.997268
2026-07-30T04:15:15+00:00,bid,A800 PCIE,7,12,0.129889,0.130444,0.131556,0.131556,0.131556,,0.994293
2026-07-30T04:15:15+00:00,bid,B200,22,82,3.750174,5.625217,5.628906,6.252279,7.376042,5.876172,0.987438
2026-07-30T04:15:15+00:00,bid,B300,1,1,3.752083,3.752083,3.752083,3.752083,3.752083,3.752083,0.980966
2026-07-30T04:15:15+00:00,bid,CMP 170HX,6,29,0.160185,0.160347,0.160833,0.161111,0.162222,,0.932651
2026-07-30T04:15:15+00:00,bid,GTX 1050 Ti,1,1,0.028593,0.028593,0.028593,0.028593,0.028593,,0.979729
2026-07-30T04:15:15+00:00,bid,GTX 1060,1,1,0.031111,0.031111,0.031111,0.031111,0.031111,,0.989021
2026-07-30T04:15:15+00:00,bid,GTX 1070,2,2,0.015556,0.017778,0.02,0.022222,0.024444,0.024444,0.989115
2026-07-30T04:15:15+00:00,bid,GTX 1070 Ti,1,4,0.040556,0.040556,0.040556,0.040556,0.040556,0.040556,0.988047
2026-07-30T04:15:15+00:00,bid,GTX 1080,4,10,0.04037,0.040926,0.041667,0.042222,0.042222,0.041111,0.996635
2026-07-30T04:15:15+00:00,bid,GTX 1080 Ti,11,35,0.029333,0.040648,0.042222,0.053981,0.055556,0.042222,0.997062
2026-07-30T04:15:15+00:00,bid,GTX 1650 S,1,1,0.037778,0.037778,0.037778,0.037778,0.037778,,0.981832
2026-07-30T04:15:15+00:00,bid,GTX 1660,1,1,0.037778,0.037778,0.037778,0.037778,0.037778,,0.988967
2026-07-30T04:15:15+00:00,bid,GTX 1660 Ti,1,1,0.037778,0.037778,0.037778,0.037778,0.037778,0.037778,0.983575
2026-07-30T04:15:15+00:00,bid,H100 NVL,5,8,0.806519,1.601481,1.602667,1.868889,2.000556,1.602074,0.99208
2026-07-30T04:15:15+00:00,bid,H100 PCIE,9,37,0.347222,0.347778,1.333611,1.601111,1.602222,1.333611,0.990058
2026-07-30T04:15:15+00:00,bid,H100 SXM,18,61,0.667222,1.067407,1.439,2.534306,4.002222,2.534167,0.98963
2026-07-30T04:15:15+00:00,bid,H200,7,18,3.290022,3.651279,3.81652,3.882584,3.948465,3.81652,0.997511
2026-07-30T04:15:15+00:00,bid,H200 NVL,8,19,1.335556,1.735016,1.8675,1.965278,2.255556,2.254445,0.988258
2026-07-30T04:15:15+00:00,bid,L4,7,13,0.134444,0.168519,0.215556,0.267963,0.320444,0.23463,0.997874
2026-07-30T04:15:15+00:00,bid,L40,6,11,0.467778,0.468889,0.47,0.471111,0.471111,0.47,0.986557
2026-07-30T04:15:15+00:00,bid,L40S,26,78,0.200185,0.333889,0.534167,0.539815,0.933889,0.536111,0.997829
2026-07-30T04:15:15+00:00,bid,Q RTX 5000,2,3,0.054074,0.054259,0.054444,0.05463,0.054815,,0.983604
2026-07-30T04:15:15+00:00,bid,Q RTX 8000,1,1,0.099778,0.099778,0.099778,0.099778,0.099778,0.099778,0.999508
2026-07-30T04:15:15+00:00,bid,Quadro GV100,1,1,0.134074,0.134074,0.134074,0.134074,0.134074,,0.968766
2026-07-30T04:15:15+00:00,bid,Quadro P4000,4,6,0.015556,0.034444,0.04337,0.048593,0.05637,0.051185,0.982111
2026-07-30T04:15:15+00:00,bid,RTX 2060,2,2,0.027852,0.028667,0.029481,0.030296,0.031111,0.031111,0.983559
2026-07-30T04:15:15+00:00,bid,RTX 2060S,3,7,0.046889,0.046933,0.046978,0.085341,0.123704,0.046978,0.958818
2026-07-30T04:15:15+00:00,bid,RTX 2070S,2,17,0.066831,0.066836,0.066842,0.066847,0.066852,,0.987481
2026-07-30T04:15:15+00:00,bid,RTX 2080 Ti,4,5,0.037778,0.041111,0.055,0.081204,0.121481,0.067778,0.994848
2026-07-30T04:15:15+00:00,bid,RTX 2080S,1,1,0.037778,0.037778,0.037778,0.037778,0.037778,0.037778,0.896149
2026-07-30T04:15:15+00:00,bid,RTX 3060,18,60,0.024741,0.041718,0.055,0.091963,0.13437,0.067843,0.99301
2026-07-30T04:15:15+00:00,bid,RTX 3060 Ti,1,1,0.535556,0.535556,0.535556,0.535556,0.535556,0.535556,0.59473
2026-07-30T04:15:15+00:00,bid,RTX 3060 laptop,5,14,0.013352,0.01363,0.038444,0.065481,0.069185,0.067333,0.997535
2026-07-30T04:15:15+00:00,bid,RTX 3070,12,24,0.040444,0.051667,0.06963,0.104722,0.495556,0.093889,0.996596
2026-07-30T04:15:15+00:00,bid,RTX 3080,18,42,0.041111,0.051685,0.087963,0.215527,0.495556,0.140556,0.991273
2026-07-30T04:15:15+00:00,bid,RTX 3080 Ti,7,8,0.015556,0.086296,0.095556,0.141667,0.188889,0.141667,0.995041
2026-07-30T04:15:15+00:00,bid,RTX 3090,58,127,0.014815,0.095556,0.131389,0.188611,0.375556,0.148889,0.988621
2026-07-30T04:15:15+00:00,bid,RTX 3090 Ti,1,1,0.068889,0.068889,0.068889,0.068889,0.068889,,0.995483
2026-07-30T04:15:15+00:00,bid,RTX 4000Ada,2,3,0.074222,0.096222,0.118222,0.140222,0.162222,,0.991276
2026-07-30T04:15:15+00:00,bid,RTX 4060,5,14,0.039852,0.053531,0.05363,0.053926,0.054519,0.039852,0.982406
2026-07-30T04:15:15+00:00,bid,RTX 4060 Ti,8,15,0.027778,0.041056,0.064185,0.107361,0.975556,0.079352,0.998016
2026-07-30T04:15:15+00:00,bid,RTX 4070,4,8,0.027407,0.027685,0.028333,0.043611,0.087778,0.087778,0.983084
2026-07-30T04:15:15+00:00,bid,RTX 4070 Ti,4,8,0.108148,0.188704,0.228056,0.240694,0.241111,0.215556,0.991702
2026-07-30T04:15:15+00:00,bid,RTX 4070S,14,48,0.067778,0.069676,0.075407,0.083912,0.098148,0.074519,0.986618
2026-07-30T04:15:15+00:00,bid,RTX 4070S Ti,9,16,0.084889,0.096296,0.107556,0.201111,0.202222,0.200833,0.997331
2026-07-30T04:15:15+00:00,bid,RTX 4080,7,9,0.067778,0.136111,0.137037,0.180667,0.202222,0.137037,0.996706
2026-07-30T04:15:15+00:00,bid,RTX 4080S,14,38,0.068481,0.168259,0.188815,0.230278,0.240741,0.240278,0.99006
2026-07-30T04:15:15+00:00,bid,RTX 4090,72,222,0.134074,0.241741,0.335556,0.535648,0.762222,0.360222,0.994969
2026-07-30T04:15:15+00:00,bid,RTX 4090D,3,7,0.604556,0.604833,0.605111,0.605667,0.606222,,0.967226
2026-07-30T04:15:15+00:00,bid,RTX 5000Ada,1,1,0.335556,0.335556,0.335556,0.335556,0.335556,0.335556,0.993987
2026-07-30T04:15:15+00:00,bid,RTX 5060,4,6,0.040296,0.040907,0.047296,0.064,0.095556,0.053481,0.987963
2026-07-30T04:15:15+00:00,bid,RTX 5060 Ti,33,90,0.042222,0.080185,0.099593,0.136296,0.161111,0.107037,0.994701
2026-07-30T04:15:15+00:00,bid,RTX 5070,7,10,0.066111,0.074185,0.087222,0.091296,0.11074,0.087222,0.987688
2026-07-30T04:15:15+00:00,bid,RTX 5070 Ti,11,16,0.094444,0.09963,0.107778,0.122222,0.183704,0.09963,0.996482
2026-07-30T04:15:15+00:00,bid,RTX 5080,12,20,0.02963,0.112528,0.134111,0.148889,0.202222,0.127778,0.994563
2026-07-30T04:15:15+00:00,bid,RTX 5090,77,234,0.094278,0.268889,0.32963,0.441333,1.563407,0.32963,0.994428
2026-07-30T04:15:15+00:00,bid,RTX 5880Ada,4,6,0.297037,0.325037,0.33437,0.33463,0.335407,0.33437,0.997456
2026-07-30T04:15:15+00:00,bid,RTX 6000Ada,16,34,0.134815,0.357454,0.394583,0.468019,0.680889,0.400926,0.996027
2026-07-30T04:15:15+00:00,bid,RTX A2000,1,1,0.400148,0.400148,0.400148,0.400148,0.400148,,0.994268
2026-07-30T04:15:15+00:00,bid,RTX A4000,8,44,0.041111,0.08738,0.106827,0.137611,0.149748,0.14961,0.987115
2026-07-30T04:15:15+00:00,bid,RTX A5000,6,23,0.022556,0.227641,0.281843,0.33463,0.334815,0.226984,0.971788
2026-07-30T04:15:15+00:00,bid,RTX A6000,10,30,0.143704,0.253681,0.285528,0.360694,0.374444,0.373889,0.992443
2026-07-30T04:15:15+00:00,bid,RTX PRO 4000,10,20,0.067222,0.067944,0.068889,0.216574,0.241481,0.228889,0.98312
2026-07-30T04:15:15+00:00,bid,RTX PRO 5000,20,48,0.135111,0.400741,0.467222,0.534028,0.803704,0.467222,0.986943
2026-07-30T04:15:15+00:00,bid,RTX PRO 6000 S,23,77,0.335556,0.90088,1.06963,1.267361,1.467222,1.068148,0.996633
2026-07-30T04:15:15+00:00,bid,RTX PRO 6000 WS,24,50,0.472815,0.539259,0.734361,0.995667,2.537037,0.734019,0.986302
2026-07-30T04:15:15+00:00,bid,Tesla P100,4,5,0.041481,0.111204,0.135,0.135556,0.135556,0.135556,0.989176
2026-07-30T04:15:15+00:00,bid,Tesla P40,3,8,0.065889,0.066167,0.066444,0.066444,0.066444,0.066444,0.992356
2026-07-30T04:15:15+00:00,bid,Tesla T4,3,4,3.400741,3.401111,3.401481,3.401481,3.401481,,0.9724
2026-07-30T04:15:15+00:00,bid,Tesla V100,13,27,0.017889,0.095037,0.095407,0.162222,0.240556,0.162222,0.991543
2026-07-30T04:15:15+00:00,bid,Titan RTX,3,4,0.107778,0.108333,0.108889,0.122222,0.135556,0.108889,0.998348
2026-07-30T04:15:15+00:00,bid,Titan Xp,1,1,0.042222,0.042222,0.042222,0.042222,0.042222,0.042222,0.998014
2026-07-30T04:20:16+00:00,on-demand,A100 PCIE,12,27,0.333611,0.506111,0.867778,1.002222,1.365739,0.997733,0.996598
2026-07-30T04:20:16+00:00,on-demand,A100 SXM4,28,81,0.267037,0.764583,0.988741,1.098833,1.735185,0.934444,0.995593
2026-07-30T04:20:16+00:00,on-demand,A10g,1,1,0.161185,0.161185,0.161185,0.161185,0.161185,,0.835324
2026-07-30T04:20:16+00:00,on-demand,A800 PCIE,3,7,0.667222,0.6675,0.667778,0.668333,0.668889,,0.994293
2026-07-30T04:20:16+00:00,on-demand,B200,14,62,4.313889,5.84171,6.203906,6.496615,7.75026,6.189453,0.984257
2026-07-30T04:20:16+00:00,on-demand,B300,2,5,5.625521,6.094661,6.563802,7.032943,7.502083,7.502083,0.987078
2026-07-30T04:20:16+00:00,on-demand,CMP 170HX,4,19,0.186852,0.18713,0.1875,0.188056,0.188889,,0.932651
2026-07-30T04:20:16+00:00,on-demand,GTX 1050 Ti,1,1,0.611111,0.611111,0.611111,0.611111,0.611111,,0.979729
2026-07-30T04:20:16+00:00,on-demand,GTX 1060,3,4,0.087778,0.088333,0.088889,0.216667,0.344444,0.088333,0.999304
2026-07-30T04:20:16+00:00,on-demand,GTX 1070,2,2,0.202222,0.284444,0.366667,0.448889,0.531111,0.531111,0.989115
2026-07-30T04:20:16+00:00,on-demand,GTX 1070 Ti,1,1,0.050222,0.050222,0.050222,0.050222,0.050222,0.050222,0.988047
2026-07-30T04:20:16+00:00,on-demand,GTX 1080,5,15,0.027778,0.04837,0.048556,0.049111,0.05037,0.048556,0.993781
2026-07-30T04:20:16+00:00,on-demand,GTX 1080 Ti,7,19,0.042667,0.061667,0.064889,0.07377,0.074074,0.073651,0.997062
2026-07-30T04:20:16+00:00,on-demand,GTX 1650 S,1,1,0.677778,0.677778,0.677778,0.677778,0.677778,,0.981832
2026-07-30T04:20:16+00:00,on-demand,GTX 1660 S,1,1,1.068889,1.068889,1.068889,1.068889,1.068889,1.068889,0.914611
2026-07-30T04:20:16+00:00,on-demand,GTX 1660 Ti,1,1,0.611111,0.611111,0.611111,0.611111,0.611111,0.611111,0.983575
2026-07-30T04:20:16+00:00,on-demand,GTX TITAN X,1,1,0.031556,0.031556,0.031556,0.031556,0.031556,,0.991578
2026-07-30T04:20:16+00:00,on-demand,H100 NVL,4,7,2.268889,2.369222,2.597926,2.928361,3.333889,2.793185,0.98337
2026-07-30T04:20:16+00:00,on-demand,H100 PCIE,4,15,2.133611,2.133819,2.134167,2.134722,2.135556,2.134167,0.990058
2026-07-30T04:20:16+00:00,on-demand,H100 SXM,13,46,1.601111,1.734815,2.933611,3.733884,4.842222,2.934444,0.992436
2026-07-30T04:20:16+00:00,on-demand,H200,6,14,3.684759,3.934667,3.935307,4.043951,4.08114,3.935307,0.997511
2026-07-30T04:20:16+00:00,on-demand,H200 NVL,6,9,2.800741,3.171111,3.689111,4.665944,4.922222,4.410778,0.987449
2026-07-30T04:20:16+00:00,on-demand,L4,5,9,0.202222,0.295556,0.333889,0.334444,0.335556,0.334444,0.999202
2026-07-30T04:20:16+00:00,on-demand,L40,3,7,0.574444,0.575,0.575556,0.576667,0.577778,0.575556,0.986557
2026-07-30T04:20:16+00:00,on-demand,L40S,13,46,0.40037,0.466852,0.735185,1.066944,1.074074,0.933657,0.995996
2026-07-30T04:20:16+00:00,on-demand,Q RTX 5000,1,2,0.080741,0.080741,0.080741,0.080741,0.080741,,0.983604
2026-07-30T04:20:16+00:00,on-demand,Q RTX 8000,3,7,0.241111,0.247407,0.253704,0.253889,0.254074,0.253704,0.998678
2026-07-30T04:20:16+00:00,on-demand,Quadro GV100,1,1,0.467407,0.467407,0.467407,0.467407,0.467407,,0.968766
2026-07-30T04:20:16+00:00,on-demand,Quadro P4000,4,6,0.028889,0.048056,0.060741,0.067111,0.067333,0.067185,0.982111
2026-07-30T04:20:16+00:00,on-demand,RTX 2060,2,2,0.053185,0.142667,0.232148,0.32163,0.411111,0.411111,0.983559
2026-07-30T04:20:16+00:00,on-demand,RTX 2060S,1,1,0.283704,0.283704,0.283704,0.283704,0.283704,0.283704,0.951747
2026-07-30T04:20:16+00:00,on-demand,RTX 2070S,2,17,0.073498,0.073503,0.073508,0.073513,0.073519,,0.987481
2026-07-30T04:20:16+00:00,on-demand,RTX 2080 Ti,9,35,0.068889,0.073111,0.080028,0.080056,0.811111,0.080028,0.994712
2026-07-30T04:20:16+00:00,on-demand,RTX 2080S,1,1,0.744444,0.744444,0.744444,0.744444,0.744444,0.744444,0.896149
2026-07-30T04:20:16+00:00,on-demand,RTX 3060,11,56,0.030222,0.052185,0.062852,0.385694,1.335556,0.078231,0.991319
2026-07-30T04:20:16+00:00,on-demand,RTX 3060 Ti,1,1,0.959556,0.959556,0.959556,0.959556,0.959556,0.959556,0.59473
2026-07-30T04:20:16+00:00,on-demand,RTX 3060 laptop,5,14,0.026685,0.041111,0.042222,0.065481,0.105185,0.085333,0.998769
2026-07-30T04:20:16+00:00,on-demand,RTX 3070,11,35,0.041111,0.06727,0.080278,0.134537,0.562222,0.080278,0.989405
2026-07-30T04:20:16+00:00,on-demand,RTX 3080,15,49,0.060278,0.113375,0.120278,0.199573,0.562222,0.113556,0.994177
2026-07-30T04:20:16+00:00,on-demand,RTX 3080 Ti,6,6,0.082222,0.127222,0.148148,0.260185,1.268889,0.218889,0.995807
2026-07-30T04:20:16+00:00,on-demand,RTX 3090,39,131,0.106944,0.149,0.247407,0.402222,1.188889,0.25787,0.987971
2026-07-30T04:20:16+00:00,on-demand,RTX 3090 Ti,1,1,0.242222,0.242222,0.242222,0.242222,0.242222,,0.995483
2026-07-30T04:20:16+00:00,on-demand,RTX 4000Ada,1,1,0.202222,0.202222,0.202222,0.202222,0.202222,,0.9948
2026-07-30T04:20:16+00:00,on-demand,RTX 4060,7,17,0.060198,0.060444,0.062222,0.063704,2.677778,0.063333,0.985001
2026-07-30T04:20:16+00:00,on-demand,RTX 4060 Ti,6,11,0.062963,0.085278,0.1195,0.144972,1.108889,0.144556,0.9982
2026-07-30T04:20:16+00:00,on-demand,RTX 4070,4,13,0.081111,0.081944,0.084722,0.087639,0.088889,0.088056,0.983911
2026-07-30T04:20:16+00:00,on-demand,RTX 4070 Ti,6,12,0.088889,0.095944,0.173333,0.271972,0.282444,0.104444,0.990369
2026-07-30T04:20:16+00:00,on-demand,RTX 4070S,9,29,0.074074,0.081111,0.082407,0.08963,0.094537,0.082407,0.991371
2026-07-30T04:20:16+00:00,on-demand,RTX 4070S Ti,6,12,0.111556,0.121435,0.161759,0.236111,0.248889,0.184444,0.996642
2026-07-30T04:20:16+00:00,on-demand,RTX 4080,5,9,0.114259,0.162222,0.175185,0.177037,0.295556,0.176111,0.994393
2026-07-30T04:20:16+00:00,on-demand,RTX 4080S,16,51,0.124444,0.166389,0.201593,0.213681,0.287037,0.214963,0.990232
2026-07-30T04:20:16+00:00,on-demand,RTX 4090,54,179,0.133889,0.335741,0.408444,0.606481,1.334815,0.506852,0.994208
2026-07-30T04:20:16+00:00,on-demand,RTX 4090D,3,7,0.667222,0.6675,0.667778,0.668333,0.668889,,0.967226
2026-07-30T04:20:16+00:00,on-demand,RTX 5000Ada,3,3,0.375556,0.408889,0.442222,0.448889,0.455556,0.408889,0.993987
2026-07-30T04:20:16+00:00,on-demand,RTX 5060,4,5,0.075185,0.075463,0.086667,0.110556,0.148889,0.086481,0.991606
2026-07-30T04:20:16+00:00,on-demand,RTX 5060 Ti,21,67,0.071852,0.093889,0.108,0.185889,1.204444,0.176556,0.994016
2026-07-30T04:20:16+00:00,on-demand,RTX 5070,5,9,0.075185,0.077037,0.080926,0.122963,0.148147,0.078981,0.990583
2026-07-30T04:20:16+00:00,on-demand,RTX 5070 Ti,3,3,0.118444,0.134778,0.151111,0.156667,0.162222,0.134778,0.995046
2026-07-30T04:20:16+00:00,on-demand,RTX 5080,16,44,0.148889,0.173746,0.18137,0.248144,0.802963,0.174167,0.992204
2026-07-30T04:20:16+00:00,on-demand,RTX 5090,51,156,0.212889,0.441296,0.468889,0.667083,3.615556,0.666944,0.992618
2026-07-30T04:20:16+00:00,on-demand,RTX 5880Ada,4,15,0.453593,0.453787,0.511185,0.568981,0.57037,0.511185,0.996795
2026-07-30T04:20:16+00:00,on-demand,RTX 6000Ada,11,30,0.352889,0.441667,0.640463,0.662037,0.788148,0.641389,0.992373
2026-07-30T04:20:16+00:00,on-demand,RTX A2000,4,5,0.034074,0.03563,0.264815,0.704,1.335556,,0.994731
2026-07-30T04:20:16+00:00,on-demand,RTX A4000,8,50,0.081185,0.133506,0.133796,0.137139,0.160277,0.133889,0.97131
2026-07-30T04:20:16+00:00,on-demand,RTX A4500,1,1,1.274815,1.274815,1.274815,1.274815,1.274815,,0.998031
2026-07-30T04:20:16+00:00,on-demand,RTX A5000,3,7,0.200556,20.100648,40.000741,40.001111,40.001481,0.200556,0.971788
2026-07-30T04:20:16+00:00,on-demand,RTX A6000,7,23,0.373651,0.373981,0.374444,0.400833,1.202222,,0.991071
2026-07-30T04:20:16+00:00,on-demand,RTX PRO 4000,5,14,0.162222,0.167037,0.167222,0.167778,0.337037,0.337037,0.954763
2026-07-30T04:20:16+00:00,on-demand,RTX PRO 4500,1,1,0.282222,0.282222,0.282222,0.282222,0.282222,,0.995343
2026-07-30T04:20:16+00:00,on-demand,RTX PRO 5000,9,23,0.36963,0.667704,0.843704,0.887222,0.944148,0.887222,0.990913
2026-07-30T04:20:16+00:00,on-demand,RTX PRO 6000 S,11,34,1.202222,1.534583,1.600556,1.601667,1.736296,1.601111,0.996633
2026-07-30T04:20:16+00:00,on-demand,RTX PRO 6000 WS,21,55,0.867407,1.068889,1.333889,1.509259,26.668148,1.20137,0.9825
2026-07-30T04:20:16+00:00,on-demand,Tesla P100,5,10,0.068148,0.081481,0.094074,0.201111,0.202222,0.147593,0.989176
2026-07-30T04:20:16+00:00,on-demand,Tesla P4,1,1,0.025481,0.025481,0.025481,0.025481,0.025481,,0.990047
2026-07-30T04:20:16+00:00,on-demand,Tesla P40,2,6,0.132556,0.132694,0.132833,0.132972,0.133111,0.132833,0.992356
2026-07-30T04:20:16+00:00,on-demand,Tesla T4,2,3,12.000741,12.000926,12.001111,12.001296,12.001481,,0.9724
2026-07-30T04:20:16+00:00,on-demand,Tesla V100,13,38,0.027222,0.079037,0.107222,0.167407,0.335556,0.333889,0.991543
2026-07-30T04:20:16+00:00,on-demand,Titan RTX,1,1,0.162222,0.162222,0.162222,0.162222,0.162222,0.162222,0.998476
2026-07-30T04:20:16+00:00,on-demand,Titan Xp,1,1,0.055556,0.055556,0.055556,0.055556,0.055556,0.055556,0.996106
2026-07-30T04:20:16+00:00,bid,A100 PCIE,19,23,0.134444,0.135556,0.135556,0.201852,0.46963,0.135556,0.995059
2026-07-30T04:20:16+00:00,bid,A100 SXM4,37,79,0.135556,0.401481,0.680741,0.841667,0.987222,0.601296,0.99184
2026-07-30T04:20:16+00:00,bid,A10g,1,1,0.081185,0.081185,0.081185,0.081185,0.081185,,0.835324
2026-07-30T04:20:16+00:00,bid,A40,1,2,0.234074,0.234074,0.234074,0.234074,0.234074,0.234074,0.997268
2026-07-30T04:20:16+00:00,bid,A800 PCIE,6,11,0.129889,0.130444,0.131,0.131556,0.131556,,0.994293
2026-07-30T04:20:16+00:00,bid,B200,18,74,3.750174,5.625521,5.632812,6.252604,7.375521,6.188802,0.990117
2026-07-30T04:20:16+00:00,bid,B300,1,1,3.752083,3.752083,3.752083,3.752083,3.752083,3.752083,0.980966
2026-07-30T04:20:16+00:00,bid,CMP 170HX,6,31,0.160185,0.160347,0.160556,0.160972,0.162222,,0.932651
2026-07-30T04:20:16+00:00,bid,GTX 1050 Ti,1,1,0.028593,0.028593,0.028593,0.028593,0.028593,,0.979729
2026-07-30T04:20:16+00:00,bid,GTX 1060,1,1,0.031111,0.031111,0.031111,0.031111,0.031111,,0.989021
2026-07-30T04:20:16+00:00,bid,GTX 1070,2,2,0.015556,0.017778,0.02,0.022222,0.024444,0.024444,0.989115
2026-07-30T04:20:16+00:00,bid,GTX 1070 Ti,1,1,0.042222,0.042222,0.042222,0.042222,0.042222,0.042222,0.99453
2026-07-30T04:20:16+00:00,bid,GTX 1080,4,13,0.014815,0.033981,0.040463,0.040694,0.041111,0.040556,0.99462
2026-07-30T04:20:16+00:00,bid,GTX 1080 Ti,10,30,0.029333,0.040694,0.041667,0.053968,0.055556,0.041667,0.997062
2026-07-30T04:20:16+00:00,bid,GTX 1650 S,1,1,0.037778,0.037778,0.037778,0.037778,0.037778,,0.981832
2026-07-30T04:20:16+00:00,bid,GTX 1660,1,1,0.037778,0.037778,0.037778,0.037778,0.037778,,0.988967
2026-07-30T04:20:16+00:00,bid,GTX 1660 Ti,1,1,0.037778,0.037778,0.037778,0.037778,0.037778,0.037778,0.983575
2026-07-30T04:20:16+00:00,bid,H100 NVL,6,9,0.806519,1.402037,1.602074,1.802333,2.000556,1.601481,0.98337
2026-07-30T04:20:16+00:00,bid,H100 PCIE,6,19,0.347778,0.594306,1.467083,1.600903,1.602222,1.467083,0.990058
2026-07-30T04:20:16+00:00,bid,H100 SXM,16,57,1.066852,1.067407,1.834778,2.533681,4.002222,2.533611,0.98963
2026-07-30T04:20:16+00:00,bid,H200,7,18,2.63231,3.387664,3.816155,3.817617,3.947917,3.816155,0.997511
2026-07-30T04:20:16+00:00,bid,H200 NVL,7,15,1.335556,1.603048,1.867778,2.255,2.402222,2.255,0.988258
2026-07-30T04:20:16+00:00,bid,L4,7,14,0.134444,0.208519,0.268148,0.294852,0.321111,0.268704,0.997964
2026-07-30T04:20:16+00:00,bid,L40,3,7,0.467778,0.468333,0.468889,0.47,0.471111,0.468889,0.986557
2026-07-30T04:20:16+00:00,bid,L40S,21,64,0.20037,0.334444,0.535185,0.540741,0.933889,0.537037,0.998573
2026-07-30T04:20:16+00:00,bid,Q RTX 5000,1,2,0.054074,0.054074,0.054074,0.054074,0.054074,,0.983604
2026-07-30T04:20:16+00:00,bid,Q RTX 8000,1,1,0.105111,0.105111,0.105111,0.105111,0.105111,0.105111,0.999508
2026-07-30T04:20:16+00:00,bid,Quadro GV100,1,1,0.134074,0.134074,0.134074,0.134074,0.134074,,0.968766
2026-07-30T04:20:16+00:00,bid,Quadro P4000,4,6,0.015556,0.034444,0.048556,0.056463,0.056741,0.056556,0.983787
2026-07-30T04:20:16+00:00,bid,RTX 2060,3,3,0.027852,0.029481,0.031111,0.183333,0.335556,0.183333,0.989015
2026-07-30T04:20:16+00:00,bid,RTX 2060S,3,7,0.046889,0.046933,0.046978,0.085341,0.123704,0.046978,0.958818
2026-07-30T04:20:16+00:00,bid,RTX 2070S,2,17,0.066831,0.066836,0.066842,0.066847,0.066852,,0.987481
2026-07-30T04:20:16+00:00,bid,RTX 2080 Ti,5,7,0.037778,0.041111,0.042222,0.067778,0.121481,0.055,0.99244
2026-07-30T04:20:16+00:00,bid,RTX 2080S,1,1,0.037778,0.037778,0.037778,0.037778,0.037778,0.037778,0.896149
2026-07-30T04:20:16+00:00,bid,RTX 3060,14,56,0.024741,0.041718,0.050981,0.064097,0.102815,0.050981,0.990164
2026-07-30T04:20:16+00:00,bid,RTX 3060 Ti,1,1,0.535556,0.535556,0.535556,0.535556,0.535556,0.535556,0.59473
2026-07-30T04:20:16+00:00,bid,RTX 3060 laptop,5,14,0.013352,0.038444,0.062815,0.066963,0.069185,0.066963,0.997535
2026-07-30T04:20:16+00:00,bid,RTX 3070,12,27,0.040444,0.060722,0.072407,0.104722,0.495556,0.093889,0.996652
2026-07-30T04:20:16+00:00,bid,RTX 3070 Ti,1,1,0.055556,0.055556,0.055556,0.055556,0.055556,,0.99663
2026-07-30T04:20:16+00:00,bid,RTX 3080,15,37,0.041111,0.067361,0.135556,0.240373,0.495556,0.141111,0.991273
2026-07-30T04:20:16+00:00,bid,RTX 3080 Ti,8,8,0.015556,0.084259,0.098148,0.125556,0.188889,0.142222,0.994036
2026-07-30T04:20:16+00:00,bid,RTX 3090,60,143,0.053778,0.096944,0.134074,0.180594,0.374074,0.146944,0.988388
2026-07-30T04:20:16+00:00,bid,RTX 3090 Ti,1,1,0.068889,0.068889,0.068889,0.068889,0.068889,,0.995483
2026-07-30T04:20:16+00:00,bid,RTX 4000Ada,3,4,0.074222,0.074667,0.075111,0.118667,0.162222,,0.987752
2026-07-30T04:20:16+00:00,bid,RTX 4060,7,18,0.039259,0.05358,0.053926,0.054222,0.083704,0.061481,0.982406
2026-07-30T04:20:16+00:00,bid,RTX 4060 Ti,7,14,0.039778,0.041667,0.054444,0.1075,0.975556,0.107222,0.997226
2026-07-30T04:20:16+00:00,bid,RTX 4070,4,7,0.027407,0.028519,0.041667,0.081389,0.162222,0.108333,0.991153
2026-07-30T04:20:16+00:00,bid,RTX 4070 Ti,6,10,0.095556,0.108333,0.162222,0.234306,0.241111,0.162222,0.99054
2026-07-30T04:20:16+00:00,bid,RTX 4070S,16,69,0.067778,0.069028,0.074963,0.082106,0.098148,0.07363,0.987661
2026-07-30T04:20:16+00:00,bid,RTX 4070S Ti,7,13,0.094444,0.101648,0.201111,0.201667,0.202222,0.201111,0.999462
2026-07-30T04:20:16+00:00,bid,RTX 4080,5,6,0.067778,0.137037,0.167704,0.19363,0.255556,0.15237,0.991699
2026-07-30T04:20:16+00:00,bid,RTX 4080S,12,42,0.107778,0.188481,0.200556,0.24037,0.240741,0.24037,0.988248
2026-07-30T04:20:16+00:00,bid,RTX 4090,67,202,0.116993,0.241378,0.333889,0.402963,0.762222,0.395356,0.994572
2026-07-30T04:20:16+00:00,bid,RTX 4090D,4,9,0.604556,0.604972,0.605111,0.605389,0.606222,,0.967226
2026-07-30T04:20:16+00:00,bid,RTX 5000Ada,1,1,0.268889,0.268889,0.268889,0.268889,0.268889,0.268889,0.998312
2026-07-30T04:20:16+00:00,bid,RTX 5060,5,7,0.040296,0.053481,0.055556,0.095556,0.095556,0.054519,0.993718
2026-07-30T04:20:16+00:00,bid,RTX 5060 Ti,37,108,0.041111,0.071111,0.093889,0.134815,0.161111,0.117296,0.996172
2026-07-30T04:20:16+00:00,bid,RTX 5070,6,8,0.055556,0.058704,0.077685,0.092917,0.144148,0.077685,0.983813
2026-07-30T04:20:16+00:00,bid,RTX 5070 Ti,14,21,0.093889,0.103056,0.108222,0.118056,0.135556,0.108148,0.996359
2026-07-30T04:20:16+00:00,bid,RTX 5080,10,15,0.02963,0.111889,0.128037,0.1575,0.242222,0.149815,0.996395
2026-07-30T04:20:16+00:00,bid,RTX 5090,68,178,0.102222,0.28537,0.373611,0.534259,1.563407,0.34,0.994814
2026-07-30T04:20:16+00:00,bid,RTX 5880Ada,2,3,0.295185,0.295648,0.296111,0.296574,0.297037,0.296111,0.99592
2026-07-30T04:20:16+00:00,bid,RTX 6000Ada,16,35,0.137778,0.357454,0.401667,0.547245,0.775556,0.467704,0.992373
2026-07-30T04:20:16+00:00,bid,RTX A2000,1,1,0.400148,0.400148,0.400148,0.400148,0.400148,,0.994268
2026-07-30T04:20:16+00:00,bid,RTX A4000,14,70,0.057111,0.093704,0.094167,0.133597,0.149748,0.093889,0.976707
2026-07-30T04:20:16+00:00,bid,RTX A5000,7,26,0.022556,0.227196,0.229611,0.334444,0.334815,0.227196,0.971788
2026-07-30T04:20:16+00:00,bid,RTX A6000,8,25,0.202593,0.253819,0.285528,0.334306,0.374444,,0.981358
2026-07-30T04:20:16+00:00,bid,RTX PRO 4000,13,29,0.067222,0.068444,0.108889,0.240494,0.241481,0.240617,0.990973
2026-07-30T04:20:16+00:00,bid,RTX PRO 5000,21,46,0.135111,0.400741,0.466944,0.533889,0.803704,0.466944,0.988684
2026-07-30T04:20:16+00:00,bid,RTX PRO 6000 S,14,37,0.802963,1.002222,1.06963,1.268889,1.467778,1.002222,0.996633
2026-07-30T04:20:16+00:00,bid,RTX PRO 6000 WS,30,61,0.468148,0.538704,0.668889,0.933889,2.537037,0.602667,0.985057
2026-07-30T04:20:16+00:00,bid,Tesla P100,4,5,0.041481,0.111204,0.135,0.135556,0.135556,0.135556,0.989176
2026-07-30T04:20:16+00:00,bid,Tesla P40,3,8,0.065889,0.066167,0.066444,0.066444,0.066444,0.066444,0.992356
2026-07-30T04:20:16+00:00,bid,Tesla T4,3,4,3.400741,3.401111,3.401481,3.401481,3.401481,,0.9724
2026-07-30T04:20:16+00:00,bid,Tesla V100,10,20,0.017889,0.038519,0.127981,0.220972,0.242222,0.240556,0.995502
2026-07-30T04:20:16+00:00,bid,Titan RTX,3,4,0.107778,0.108333,0.108889,0.122222,0.135556,0.108889,0.998348
2026-07-30T04:20:16+00:00,bid,Titan Xp,1,1,0.042222,0.042222,0.042222,0.042222,0.042222,0.042222,0.996106
2026-07-30T04:25:15+00:00,on-demand,A100 PCIE,11,27,0.333611,0.515,0.868148,1.001667,1.365739,0.934352,0.993568
2026-07-30T04:25:15+00:00,on-demand,A100 SXM4,31,93,0.267037,0.808611,0.934815,1.187667,1.735185,0.934815,0.992425
2026-07-30T04:25:15+00:00,on-demand,A10g,1,1,0.161185,0.161185,0.161185,0.161185,0.161185,,0.835324
2026-07-30T04:25:15+00:00,on-demand,A800 PCIE,3,7,0.667222,0.6675,0.667778,0.668333,0.668889,,0.994293
2026-07-30T04:25:15+00:00,on-demand,B200,15,52,4.313889,5.996832,6.222917,6.491406,7.500434,6.251563,0.995951
2026-07-30T04:25:15+00:00,on-demand,B300,2,5,5.625521,6.094661,6.563802,7.032943,7.502083,7.502083,0.987078
2026-07-30T04:25:15+00:00,on-demand,CMP 170HX,4,19,0.186852,0.18713,0.1875,0.188056,0.188889,,0.932651
2026-07-30T04:25:15+00:00,on-demand,GTX 1050 Ti,1,1,0.611111,0.611111,0.611111,0.611111,0.611111,,0.979729
2026-07-30T04:25:15+00:00,on-demand,GTX 1060,3,4,0.087778,0.088333,0.088889,0.216667,0.344444,0.088333,0.999304
2026-07-30T04:25:15+00:00,on-demand,GTX 1070,2,2,0.202222,0.284444,0.366667,0.448889,0.531111,0.531111,0.989115
2026-07-30T04:25:15+00:00,on-demand,GTX 1070 Ti,1,1,0.050222,0.050222,0.050222,0.050222,0.050222,0.050222,0.988047
2026-07-30T04:25:15+00:00,on-demand,GTX 1080,4,11,0.027778,0.030056,0.039593,0.048556,0.049111,0.048741,0.994441
2026-07-30T04:25:15+00:00,on-demand,GTX 1080 Ti,7,18,0.042667,0.060437,0.061111,0.062222,0.063778,0.061111,0.996569
2026-07-30T04:25:15+00:00,on-demand,GTX 1650 S,1,1,0.677778,0.677778,0.677778,0.677778,0.677778,,0.981832
2026-07-30T04:25:15+00:00,on-demand,GTX 1660,1,2,0.069259,0.069259,0.069259,0.069259,0.069259,0.069259,0.996948
2026-07-30T04:25:15+00:00,on-demand,GTX 1660 Ti,1,1,0.611111,0.611111,0.611111,0.611111,0.611111,0.611111,0.983575
2026-07-30T04:25:15+00:00,on-demand,H100 NVL,3,6,2.268889,2.455556,2.642222,2.988056,3.333889,2.988056,0.982107
2026-07-30T04:25:15+00:00,on-demand,H100 PCIE,4,15,2.001111,2.100486,2.13375,2.134306,2.135556,2.13375,0.990058
2026-07-30T04:25:15+00:00,on-demand,H100 SXM,14,48,1.733519,1.901778,2.93375,3.953888,5.515556,3.334164,0.992436
2026-07-30T04:25:15+00:00,on-demand,H200,6,14,3.684759,3.934667,3.935307,4.044773,4.211623,3.935307,0.997511
2026-07-30T04:25:15+00:00,on-demand,H200 NVL,5,15,2.800317,2.800556,2.802222,4.921111,4.922222,4.921667,0.988258
2026-07-30T04:25:15+00:00,on-demand,L4,6,14,0.202222,0.305111,0.333833,0.334306,0.334815,0.334167,0.997931
2026-07-30T04:25:15+00:00,on-demand,L40,3,7,0.574444,0.575,0.575556,0.576667,0.577778,0.575556,0.986557
2026-07-30T04:25:15+00:00,on-demand,L40S,13,46,0.40037,0.467037,0.666852,0.801481,1.07037,0.667407,0.997037
2026-07-30T04:25:15+00:00,on-demand,Q RTX 5000,2,3,0.080741,0.080926,0.081111,0.081296,0.081481,,0.983604
2026-07-30T04:25:15+00:00,on-demand,Q RTX 8000,3,7,0.253704,0.253889,0.254074,0.262593,0.271111,0.254074,0.998678
2026-07-30T04:25:15+00:00,on-demand,Quadro GV100,1,1,0.467407,0.467407,0.467407,0.467407,0.467407,,0.968766
2026-07-30T04:25:15+00:00,on-demand,Quadro P4000,4,6,0.028889,0.048056,0.060741,0.06713,0.067407,0.067222,0.983787
2026-07-30T04:25:15+00:00,on-demand,RTX 2060,2,2,0.053185,0.143778,0.23437,0.324963,0.415556,0.415556,0.986656
2026-07-30T04:25:15+00:00,on-demand,RTX 2070S,1,8,0.073519,0.073519,0.073519,0.073519,0.073519,,0.987481
2026-07-30T04:25:15+00:00,on-demand,RTX 2080 Ti,11,39,0.068889,0.076567,0.080032,0.101148,0.811111,0.080032,0.994712
2026-07-30T04:25:15+00:00,on-demand,RTX 2080S,1,1,0.744444,0.744444,0.744444,0.744444,0.744444,0.744444,0.896149
2026-07-30T04:25:15+00:00,on-demand,RTX 3060,10,40,0.034074,0.051519,0.065,0.088588,1.335556,0.093611,0.990754
2026-07-30T04:25:15+00:00,on-demand,RTX 3060 Ti,1,1,0.959556,0.959556,0.959556,0.959556,0.959556,0.959556,0.59473
2026-07-30T04:25:15+00:00,on-demand,RTX 3060 laptop,5,13,0.026685,0.041111,0.042222,0.06563,0.105185,0.085407,0.998769
2026-07-30T04:25:15+00:00,on-demand,RTX 3070,13,47,0.041111,0.067222,0.100617,0.134074,0.562222,0.100617,0.989405
2026-07-30T04:25:15+00:00,on-demand,RTX 3080,16,59,0.060222,0.104095,0.116917,0.170166,0.562222,0.124185,0.994177
2026-07-30T04:25:15+00:00,on-demand,RTX 3080 Ti,6,6,0.082222,0.100556,0.144815,0.260185,1.268889,0.215556,0.994804
2026-07-30T04:25:15+00:00,on-demand,RTX 3090,43,120,0.106944,0.140278,0.240556,0.428148,1.188889,0.266815,0.991337
2026-07-30T04:25:15+00:00,on-demand,RTX 3090 Ti,2,2,0.175556,0.192222,0.208889,0.225556,0.242222,,0.994337
2026-07-30T04:25:15+00:00,on-demand,RTX 4000Ada,1,1,0.202222,0.202222,0.202222,0.202222,0.202222,,0.9948
2026-07-30T04:25:15+00:00,on-demand,RTX 4060,7,15,0.060296,0.061296,0.062222,0.063704,2.677778,0.062222,0.996402
2026-07-30T04:25:15+00:00,on-demand,RTX 4060 Ti,4,9,0.066444,0.102167,0.129315,0.385639,1.108889,0.144556,0.998016
2026-07-30T04:25:15+00:00,on-demand,RTX 4070,4,8,0.080741,0.081019,0.081667,0.083889,0.088889,0.088889,0.983084
2026-07-30T04:25:15+00:00,on-demand,RTX 4070 Ti,8,14,0.09037,0.093944,0.11537,0.252139,0.282444,0.11537,0.990369
2026-07-30T04:25:15+00:00,on-demand,RTX 4070S,11,37,0.081111,0.082315,0.089074,0.098704,0.120593,0.098704,0.991284
2026-07-30T04:25:15+00:00,on-demand,RTX 4070S Ti,5,11,0.068889,0.122407,0.124148,0.201111,0.247778,0.185963,0.994156
2026-07-30T04:25:15+00:00,on-demand,RTX 4080,5,9,0.114259,0.117037,0.175185,0.214963,0.295556,0.146111,0.988255
2026-07-30T04:25:15+00:00,on-demand,RTX 4080S,17,53,0.124444,0.188444,0.201037,0.202222,0.287407,0.243981,0.99006
2026-07-30T04:25:15+00:00,on-demand,RTX 4090,57,191,0.134444,0.308148,0.400278,0.562222,1.334815,0.561111,0.989231
2026-07-30T04:25:15+00:00,on-demand,RTX 4090D,3,7,0.667222,0.6675,0.667778,0.668333,0.668889,,0.967226
2026-07-30T04:25:15+00:00,on-demand,RTX 5000Ada,2,2,0.375556,0.382222,0.388889,0.395556,0.402222,0.375556,0.975209
2026-07-30T04:25:15+00:00,on-demand,RTX 5060,4,5,0.05363,0.071185,0.086296,0.108889,0.148889,0.086296,0.99433
2026-07-30T04:25:15+00:00,on-demand,RTX 5060 Ti,25,82,0.069259,0.093889,0.128519,0.190444,1.204444,0.181333,0.993639
2026-07-30T04:25:15+00:00,on-demand,RTX 5060 laptop,1,1,0.135556,0.135556,0.135556,0.135556,0.135556,,0.970684
2026-07-30T04:25:15+00:00,on-demand,RTX 5070,6,13,0.068519,0.074954,0.085648,0.103731,0.162222,0.077037,0.988816
2026-07-30T04:25:15+00:00,on-demand,RTX 5070 Ti,4,8,0.120556,0.130972,0.135,0.135556,0.135556,0.120556,0.997969
2026-07-30T04:25:15+00:00,on-demand,RTX 5080,20,63,0.160278,0.173746,0.177407,0.200417,0.802963,0.187037,0.980455
2026-07-30T04:25:15+00:00,on-demand,RTX 5090,54,181,0.212889,0.426875,0.54125,0.798519,3.615556,0.66713,0.992578
2026-07-30T04:25:15+00:00,on-demand,RTX 5880Ada,6,18,0.453593,0.453981,0.454889,0.540241,0.57037,0.454889,0.99767
2026-07-30T04:25:15+00:00,on-demand,RTX 6000Ada,10,25,0.352889,0.464537,0.640602,0.671944,0.788889,0.644444,0.993646
2026-07-30T04:25:15+00:00,on-demand,RTX A2000,5,6,0.034074,0.036148,0.036148,0.493481,1.335556,,0.995194
2026-07-30T04:25:15+00:00,on-demand,RTX A4000,3,18,0.081185,0.107327,0.133468,0.146872,0.160277,0.160277,0.992126
2026-07-30T04:25:15+00:00,on-demand,RTX A4500,1,1,1.274815,1.274815,1.274815,1.274815,1.274815,,0.998031
2026-07-30T04:25:15+00:00,on-demand,RTX A5000,4,15,0.200556,0.223347,20.115843,40.000926,40.001481,0.21575,0.971788
2026-07-30T04:25:15+00:00,on-demand,RTX A6000,9,32,0.266944,0.373651,0.374074,0.400556,1.202222,,0.991071
2026-07-30T04:25:15+00:00,on-demand,RTX PRO 4000,11,26,0.160556,0.16463,0.269037,0.307963,0.337037,0.328333,0.983183
2026-07-30T04:25:15+00:00,on-demand,RTX PRO 4500,1,1,0.282222,0.282222,0.282222,0.282222,0.282222,,0.995343
2026-07-30T04:25:15+00:00,on-demand,RTX PRO 5000,13,37,0.36963,0.640556,0.667778,0.886944,0.888889,0.777361,0.990414
2026-07-30T04:25:15+00:00,on-demand,RTX PRO 6000 S,11,41,1.267222,1.462361,1.600278,1.620756,1.736296,1.495694,0.995603
2026-07-30T04:25:15+00:00,on-demand,RTX PRO 6000 WS,20,49,0.867407,1.066667,1.268426,1.624954,26.668148,1.202025,0.979342
2026-07-30T04:25:15+00:00,on-demand,Tesla P100,5,10,0.068148,0.081481,0.094074,0.201111,0.202222,0.147593,0.989176
2026-07-30T04:25:15+00:00,on-demand,Tesla P4,1,1,0.025481,0.025481,0.025481,0.025481,0.025481,,0.990047
2026-07-30T04:25:15+00:00,on-demand,Tesla P40,2,6,0.132556,0.132694,0.132833,0.132972,0.133111,0.132833,0.992356
2026-07-30T04:25:15+00:00,on-demand,Tesla T4,2,3,12.000741,12.000926,12.001111,12.001296,12.001481,,0.9724
2026-07-30T04:25:15+00:00,on-demand,Tesla V100,13,38,0.027222,0.080556,0.107778,0.167407,0.333889,0.268889,0.97025
2026-07-30T04:25:15+00:00,on-demand,Titan RTX,3,4,0.134444,0.135741,0.137037,0.14963,0.162222,0.148333,0.998348
2026-07-30T04:25:15+00:00,on-demand,Titan Xp,1,1,0.055556,0.055556,0.055556,0.055556,0.055556,0.055556,0.996106
2026-07-30T04:25:15+00:00,bid,A100 PCIE,19,22,0.134444,0.135556,0.135556,0.462444,0.46963,0.365,0.995059
2026-07-30T04:25:15+00:00,bid,A100 SXM4,34,77,0.135556,0.574722,0.680556,0.868611,0.987222,0.603241,0.991572
2026-07-30T04:25:15+00:00,bid,A10g,1,1,0.081185,0.081185,0.081185,0.081185,0.081185,,0.835324
2026-07-30T04:25:15+00:00,bid,A40,1,2,0.234074,0.234074,0.234074,0.234074,0.234074,0.234074,0.997268
2026-07-30T04:25:15+00:00,bid,A800 PCIE,7,12,0.129889,0.130444,0.131556,0.131556,0.131556,,0.994293
2026-07-30T04:25:15+00:00,bid,B200,13,50,3.750174,5.627083,6.126302,6.252604,7.37526,6.189453,0.994088
2026-07-30T04:25:15+00:00,bid,B300,1,1,3.752083,3.752083,3.752083,3.752083,3.752083,3.752083,0.980966
2026-07-30T04:25:15+00:00,bid,CMP 170HX,6,24,0.160185,0.160556,0.160833,0.161944,0.162222,,0.932651
2026-07-30T04:25:15+00:00,bid,GTX 1050 Ti,1,1,0.028593,0.028593,0.028593,0.028593,0.028593,,0.979729
2026-07-30T04:25:15+00:00,bid,GTX 1060,1,1,0.031111,0.031111,0.031111,0.031111,0.031111,,0.989021
2026-07-30T04:25:15+00:00,bid,GTX 1070,2,2,0.015556,0.017778,0.02,0.022222,0.024444,0.024444,0.989115
2026-07-30T04:25:15+00:00,bid,GTX 1070 Ti,2,5,0.040556,0.040972,0.041389,0.041806,0.042222,0.041389,0.997308
2026-07-30T04:25:15+00:00,bid,GTX 1080,4,13,0.037037,0.039537,0.040463,0.040694,0.041111,0.040556,0.996814
2026-07-30T04:25:15+00:00,bid,GTX 1080 Ti,11,33,0.029333,0.040648,0.041111,0.053862,0.055556,0.041111,0.997062
2026-07-30T04:25:15+00:00,bid,GTX 1650 S,1,1,0.037778,0.037778,0.037778,0.037778,0.037778,,0.981832
2026-07-30T04:25:15+00:00,bid,GTX 1660,1,1,0.037778,0.037778,0.037778,0.037778,0.037778,,0.988967
2026-07-30T04:25:15+00:00,bid,GTX 1660 Ti,1,1,0.037778,0.037778,0.037778,0.037778,0.037778,0.037778,0.983575
2026-07-30T04:25:15+00:00,bid,H100 NVL,4,7,0.806519,1.203296,1.602222,1.901806,2.000556,1.335556,0.98337
2026-07-30T04:25:15+00:00,bid,H100 PCIE,5,17,0.347778,1.600278,1.600556,1.601111,1.602222,1.600556,0.990058
2026-07-30T04:25:15+00:00,bid,H100 SXM,15,49,0.667778,1.067407,1.211111,2.53375,4.002222,2.53375,0.987511
2026-07-30T04:25:15+00:00,bid,H200,6,14,3.290022,3.816246,3.816886,3.8178,3.948465,3.816886,0.997511
2026-07-30T04:25:15+00:00,bid,H200 NVL,7,9,1.335556,1.868333,1.868889,2.255,3.211111,2.255556,0.988258
2026-07-30T04:25:15+00:00,bid,L4,8,15,0.134444,0.212037,0.26963,0.320611,0.322222,0.271852,0.997976
2026-07-30T04:25:15+00:00,bid,L40,4,8,0.467778,0.468611,0.47,0.471111,0.471111,0.47,0.986557
2026-07-30T04:25:15+00:00,bid,L40S,24,76,0.200185,0.334259,0.534537,0.540741,0.801852,0.537037,0.998472
2026-07-30T04:25:15+00:00,bid,Q RTX 5000,1,2,0.054074,0.054074,0.054074,0.054074,0.054074,,0.983604
2026-07-30T04:25:15+00:00,bid,Q RTX 8000,1,1,0.105111,0.105111,0.105111,0.105111,0.105111,0.105111,0.999508
2026-07-30T04:25:15+00:00,bid,Quadro GV100,1,1,0.134074,0.134074,0.134074,0.134074,0.134074,,0.968766
2026-07-30T04:25:15+00:00,bid,Quadro P4000,4,6,0.041111,0.041944,0.048889,0.055759,0.05637,0.055963,0.963938
2026-07-30T04:25:15+00:00,bid,RTX 2060,2,2,0.027852,0.028667,0.029481,0.030296,0.031111,0.031111,0.983559
2026-07-30T04:25:15+00:00,bid,RTX 2060S,3,7,0.046889,0.046933,0.046978,0.085341,0.123704,0.046978,0.958818
2026-07-30T04:25:15+00:00,bid,RTX 2070S,2,17,0.066831,0.066836,0.066842,0.066847,0.066852,,0.987481
2026-07-30T04:25:15+00:00,bid,RTX 2080 Ti,5,7,0.037778,0.041111,0.042222,0.067778,0.108889,0.055,0.99244
2026-07-30T04:25:15+00:00,bid,RTX 2080S,1,1,0.037778,0.037778,0.037778,0.037778,0.037778,0.037778,0.896149
2026-07-30T04:25:15+00:00,bid,RTX 3060,15,63,0.024741,0.03912,0.048185,0.06125,0.13437,0.050852,0.99019
2026-07-30T04:25:15+00:00,bid,RTX 3060 Ti,2,2,0.057037,0.176667,0.296296,0.415926,0.535556,0.296296,0.795099
2026-07-30T04:25:15+00:00,bid,RTX 3060 laptop,4,12,0.013352,0.01356,0.026037,0.04613,0.069185,0.069185,0.992253
2026-07-30T04:25:15+00:00,bid,RTX 3070,10,21,0.040444,0.058333,0.072037,0.125139,0.495556,0.084722,0.996289
2026-07-30T04:25:15+00:00,bid,RTX 3070 laptop,1,1,0.022222,0.022222,0.022222,0.022222,0.022222,,0.940406
2026-07-30T04:25:15+00:00,bid,RTX 3080,14,35,0.041111,0.052778,0.099074,0.140972,0.495556,0.140556,0.991273
2026-07-30T04:25:15+00:00,bid,RTX 3080 Ti,10,12,0.026222,0.090556,0.104074,0.129222,0.188889,0.122889,0.995109
2026-07-30T04:25:15+00:00,bid,RTX 3090,52,116,0.014815,0.095509,0.133889,0.200694,0.375556,0.147222,0.992585
2026-07-30T04:25:15+00:00,bid,RTX 3090 Ti,1,1,0.068889,0.068889,0.068889,0.068889,0.068889,,0.995483
2026-07-30T04:25:15+00:00,bid,RTX 4000Ada,2,3,0.074222,0.096222,0.118222,0.140222,0.162222,,0.991276
2026-07-30T04:25:15+00:00,bid,RTX 4060,6,16,0.039259,0.043272,0.05358,0.053852,0.054519,0.039556,0.982406
2026-07-30T04:25:15+00:00,bid,RTX 4060 Ti,6,12,0.041111,0.083222,0.104722,0.107639,0.975556,0.1075,0.998016
2026-07-30T04:25:15+00:00,bid,RTX 4070,7,13,0.027407,0.028333,0.054444,0.071815,0.162222,0.071815,0.987476
2026-07-30T04:25:15+00:00,bid,RTX 4070 Ti,7,12,0.081481,0.101852,0.215556,0.240833,0.241111,0.148519,0.990369
2026-07-30T04:25:15+00:00,bid,RTX 4070S,12,38,0.067778,0.07088,0.074222,0.077463,0.094537,0.074222,0.991284
2026-07-30T04:25:15+00:00,bid,RTX 4070S Ti,9,14,0.084889,0.095741,0.102963,0.201111,0.202222,0.155,0.994712
2026-07-30T04:25:15+00:00,bid,RTX 4080,7,8,0.068889,0.136704,0.148148,0.180667,0.255556,0.148148,0.988322
2026-07-30T04:25:15+00:00,bid,RTX 4080S,16,40,0.022222,0.148556,0.188815,0.202074,0.240741,0.202074,0.996493
2026-07-30T04:25:15+00:00,bid,RTX 4090,74,207,0.134444,0.241324,0.335926,0.403086,0.762222,0.395356,0.994849
2026-07-30T04:25:15+00:00,bid,RTX 4090D,5,10,0.604556,0.605111,0.605111,0.606222,0.606222,,0.967226
2026-07-30T04:25:15+00:00,bid,RTX 5000Ada,2,2,0.268889,0.285556,0.302222,0.318889,0.335556,0.302222,0.996149
2026-07-30T04:25:15+00:00,bid,RTX 5060,4,6,0.040296,0.040907,0.048333,0.065556,0.095556,0.055556,0.990995
2026-07-30T04:25:15+00:00,bid,RTX 5060 Ti,34,94,0.041111,0.080231,0.100056,0.134815,0.161111,0.134074,0.994447
2026-07-30T04:25:15+00:00,bid,RTX 5070,8,11,0.080222,0.087639,0.102778,0.112499,0.135556,0.11111,0.987688
2026-07-30T04:25:15+00:00,bid,RTX 5070 Ti,13,23,0.082222,0.094444,0.108889,0.121111,0.158963,0.102222,0.994059
2026-07-30T04:25:15+00:00,bid,RTX 5080,11,16,0.02963,0.089272,0.122222,0.155333,0.242222,0.121111,0.995995
2026-07-30T04:25:15+00:00,bid,RTX 5090,66,179,0.102222,0.272037,0.336852,0.461764,1.563407,0.336667,0.995164
2026-07-30T04:25:15+00:00,bid,RTX 5880Ada,3,4,0.295185,0.296111,0.297037,0.297037,0.297037,0.297037,0.99592
2026-07-30T04:25:15+00:00,bid,RTX 6000Ada,16,32,0.137778,0.357454,0.395,0.468,0.680889,0.402222,0.992373
2026-07-30T04:25:15+00:00,bid,RTX A2000,1,1,0.400148,0.400148,0.400148,0.400148,0.400148,,0.994268
2026-07-30T04:25:15+00:00,bid,RTX A4000,9,40,0.057111,0.067037,0.106801,0.134444,0.149748,0.14961,0.992126
2026-07-30T04:25:15+00:00,bid,RTX A5000,7,27,0.022556,0.227196,0.22958,0.334444,0.334815,0.227196,0.971788
2026-07-30T04:25:15+00:00,bid,RTX A6000,9,26,0.143704,0.253611,0.268889,0.321111,0.374444,,0.984244
2026-07-30T04:25:15+00:00,bid,RTX PRO 4000,9,14,0.067222,0.068889,0.108889,0.215556,0.241481,0.217037,0.983183
2026-07-30T04:25:15+00:00,bid,RTX PRO 5000,20,50,0.135111,0.400741,0.467083,0.533681,0.803704,0.467083,0.988224
2026-07-30T04:25:15+00:00,bid,RTX PRO 6000 S,20,52,0.534222,0.802963,1.068889,1.217639,1.467778,1.068148,0.997888
2026-07-30T04:25:15+00:00,bid,RTX PRO 6000 WS,27,59,0.335556,0.538519,0.668889,0.901185,2.537037,0.668343,0.979877
2026-07-30T04:25:15+00:00,bid,Tesla P100,4,5,0.041481,0.111204,0.135,0.135556,0.135556,0.135556,0.989176
2026-07-30T04:25:15+00:00,bid,Tesla P40,3,8,0.065889,0.066167,0.066444,0.066444,0.066444,0.066444,0.992356
2026-07-30T04:25:15+00:00,bid,Tesla T4,3,4,3.400741,3.401111,3.401481,3.401481,3.401481,,0.9724
2026-07-30T04:25:15+00:00,bid,Tesla V100,12,24,0.017889,0.076167,0.127981,0.162222,0.240556,0.162222,0.995502
2026-07-30T04:25:15+00:00,bid,Titan RTX,3,4,0.107778,0.108333,0.108889,0.122222,0.135556,0.108889,0.998348
2026-07-30T04:25:15+00:00,bid,Titan Xp,1,1,0.042222,0.042222,0.042222,0.042222,0.042222,0.042222,0.996106
2026-07-30T04:30:16+00:00,on-demand,A100 PCIE,12,30,0.333611,0.653556,0.997494,1.012435,1.365739,1.018753,0.995389
2026-07-30T04:30:16+00:00,on-demand,A100 SXM4,31,99,0.267037,0.854167,1.001111,1.175,1.529667,0.950815,0.992545
2026-07-30T04:30:16+00:00,on-demand,A10g,1,1,0.161185,0.161185,0.161185,0.161185,0.161185,,0.835324
2026-07-30T04:30:16+00:00,on-demand,A800 PCIE,3,7,0.667222,0.6675,0.667778,0.668333,0.668889,,0.994293
2026-07-30T04:30:16+00:00,on-demand,B200,14,48,4.313889,5.841753,6.201953,6.42526,7.500434,5.938194,0.976593
2026-07-30T04:30:16+00:00,on-demand,B300,2,5,5.625521,6.094661,6.563802,7.032943,7.502083,7.502083,0.987078
2026-07-30T04:30:16+00:00,on-demand,CMP 170HX,4,19,0.186852,0.18713,0.1875,0.188056,0.188889,,0.932651
2026-07-30T04:30:16+00:00,on-demand,GTX 1050 Ti,1,1,0.611111,0.611111,0.611111,0.611111,0.611111,,0.979729
2026-07-30T04:30:16+00:00,on-demand,GTX 1060,3,4,0.087778,0.088333,0.088889,0.216667,0.344444,0.088333,0.999304
2026-07-30T04:30:16+00:00,on-demand,GTX 1070,2,2,0.202222,0.284444,0.366667,0.448889,0.531111,0.531111,0.989115
2026-07-30T04:30:16+00:00,on-demand,GTX 1070 Ti,2,5,0.048556,0.048972,0.049389,0.049806,0.050222,0.049389,0.995951
2026-07-30T04:30:16+00:00,on-demand,GTX 1080,4,11,0.027778,0.027778,0.038074,0.048556,0.049111,0.048741,0.995803
2026-07-30T04:30:16+00:00,on-demand,GTX 1080 Ti,6,15,0.042667,0.060833,0.061667,0.064222,0.073651,0.063,0.996252
2026-07-30T04:30:16+00:00,on-demand,GTX 1650 S,1,1,0.677778,0.677778,0.677778,0.677778,0.677778,,0.981832
2026-07-30T04:30:16+00:00,on-demand,GTX 1660 S,1,1,1.068889,1.068889,1.068889,1.068889,1.068889,1.068889,0.914611
2026-07-30T04:30:16+00:00,on-demand,GTX 1660 Ti,1,1,0.611111,0.611111,0.611111,0.611111,0.611111,0.611111,0.983575
2026-07-30T04:30:16+00:00,on-demand,H100 NVL,3,6,2.268889,2.335778,2.402667,2.868278,3.333889,2.868278,0.974661
2026-07-30T04:30:16+00:00,on-demand,H100 PCIE,4,15,2.000556,2.100347,2.134028,2.134722,2.135556,2.134028,0.990058
2026-07-30T04:30:16+00:00,on-demand,H100 SXM,14,48,1.600556,2.251222,2.93375,3.953888,5.515556,3.333886,0.992928
2026-07-30T04:30:16+00:00,on-demand,H200,6,14,3.684759,3.934667,3.935307,4.044773,4.211623,3.935307,0.997511
2026-07-30T04:30:16+00:00,on-demand,H200 NVL,7,19,2.800317,2.800648,2.935556,3.995,4.922222,4.921111,0.988258
2026-07-30T04:30:16+00:00,on-demand,L4,5,9,0.202222,0.295556,0.322593,0.333889,0.334815,0.333889,0.995266
2026-07-30T04:30:16+00:00,on-demand,L40,3,7,0.574444,0.575,0.575556,0.576667,0.577778,0.575556,0.986557
2026-07-30T04:30:16+00:00,on-demand,L40S,12,45,0.40037,0.466991,0.64787,1.067824,1.074074,0.934722,0.998243
2026-07-30T04:30:16+00:00,on-demand,Q RTX 5000,1,2,0.080741,0.080741,0.080741,0.080741,0.080741,,0.983604
2026-07-30T04:30:16+00:00,on-demand,Q RTX 6000,1,1,0.134815,0.134815,0.134815,0.134815,0.134815,0.134815,0.999619
2026-07-30T04:30:16+00:00,on-demand,Q RTX 8000,4,8,0.241111,0.250556,0.253889,0.254259,0.254815,0.253889,0.998678
2026-07-30T04:30:16+00:00,on-demand,Quadro GV100,1,1,0.467407,0.467407,0.467407,0.467407,0.467407,,0.968766
2026-07-30T04:30:16+00:00,on-demand,Quadro P4000,4,6,0.028889,0.048056,0.060741,0.06713,0.067407,0.067222,0.983787
2026-07-30T04:30:16+00:00,on-demand,RTX 2060,2,2,0.053185,0.143778,0.23437,0.324963,0.415556,0.415556,0.986656
2026-07-30T04:30:16+00:00,on-demand,RTX 2060S,1,4,0.066978,0.066978,0.066978,0.066978,0.066978,0.066978,0.9807
2026-07-30T04:30:16+00:00,on-demand,RTX 2070S,2,17,0.073498,0.073503,0.073508,0.073513,0.073519,,0.987481
2026-07-30T04:30:16+00:00,on-demand,RTX 2080 Ti,7,26,0.068889,0.074456,0.080032,0.080083,0.122222,0.080044,0.994712
2026-07-30T04:30:16+00:00,on-demand,RTX 2080S,1,1,0.744444,0.744444,0.744444,0.744444,0.744444,0.744444,0.896149
2026-07-30T04:30:16+00:00,on-demand,RTX 3060,11,44,0.034074,0.052167,0.067778,0.37912,1.335556,0.080463,0.99019
2026-07-30T04:30:16+00:00,on-demand,RTX 3060 Ti,1,1,0.959556,0.959556,0.959556,0.959556,0.959556,0.959556,0.59473
2026-07-30T04:30:16+00:00,on-demand,RTX 3060 laptop,5,13,0.026685,0.041111,0.042222,0.06963,0.105185,0.087407,0.998769
2026-07-30T04:30:16+00:00,on-demand,RTX 3070,12,44,0.041111,0.067163,0.091235,0.111361,0.562222,0.091235,0.988805
2026-07-30T04:30:16+00:00,on-demand,RTX 3080,15,57,0.060222,0.113375,0.120278,0.25104,0.562222,0.144889,0.994982
2026-07-30T04:30:16+00:00,on-demand,RTX 3080 Ti,7,8,0.068889,0.095,0.142222,0.224815,1.268889,0.142222,0.994567
2026-07-30T04:30:16+00:00,on-demand,RTX 3090,40,135,0.109074,0.152722,0.246926,0.358889,1.188889,0.247481,0.987206
2026-07-30T04:30:16+00:00,on-demand,RTX 3090 Ti,1,1,0.175556,0.175556,0.175556,0.175556,0.175556,,0.99319
2026-07-30T04:30:16+00:00,on-demand,RTX 4000Ada,1,1,0.202222,0.202222,0.202222,0.202222,0.202222,,0.9948
2026-07-30T04:30:16+00:00,on-demand,RTX 4060,7,17,0.060198,0.060889,0.062222,0.063704,2.677778,0.063333,0.996402
2026-07-30T04:30:16+00:00,on-demand,RTX 4060 Ti,2,3,0.094444,0.348056,0.601667,0.855278,1.108889,0.601667,0.998675
2026-07-30T04:30:16+00:00,on-demand,RTX 4070,4,10,0.080741,0.081852,0.082222,0.083611,0.087778,0.085,0.983084
2026-07-30T04:30:16+00:00,on-demand,RTX 4070 Ti,6,12,0.088889,0.091611,0.093667,0.234972,0.282444,0.09,0.984119
2026-07-30T04:30:16+00:00,on-demand,RTX 4070S,9,40,0.077778,0.082222,0.08763,0.107222,0.111481,0.107222,0.991371
2026-07-30T04:30:16+00:00,on-demand,RTX 4070S Ti,6,14,0.111556,0.122843,0.124889,0.216824,0.247778,0.185685,0.992216
2026-07-30T04:30:16+00:00,on-demand,RTX 4080,6,11,0.114259,0.126667,0.169074,0.205481,0.268889,0.161111,0.988288
2026-07-30T04:30:16+00:00,on-demand,RTX 4080S,16,53,0.16163,0.192153,0.201556,0.213681,0.287407,0.244537,0.990232
2026-07-30T04:30:16+00:00,on-demand,RTX 4090,58,211,0.133889,0.31125,0.407917,0.586574,1.334815,0.524278,0.994522
2026-07-30T04:30:16+00:00,on-demand,RTX 4090D,3,7,0.667222,0.6675,0.667778,0.668333,0.668889,,0.967226
2026-07-30T04:30:16+00:00,on-demand,RTX 5000Ada,2,2,0.442222,0.445556,0.448889,0.452222,0.455556,0.442222,0.993648
2026-07-30T04:30:16+00:00,on-demand,RTX 5060,4,5,0.05363,0.069796,0.076111,0.095,0.148889,0.076111,0.99433
2026-07-30T04:30:16+00:00,on-demand,RTX 5060 Ti,25,75,0.07037,0.094074,0.160741,0.227407,1.204444,0.185889,0.995939
2026-07-30T04:30:16+00:00,on-demand,RTX 5070,6,11,0.081852,0.086343,0.100574,0.137277,0.148148,0.094259,0.990666
2026-07-30T04:30:16+00:00,on-demand,RTX 5070 Ti,9,21,0.120556,0.135556,0.148148,0.162222,0.200741,0.15037,0.993509
2026-07-30T04:30:16+00:00,on-demand,RTX 5080,18,55,0.122963,0.161111,0.173981,0.185556,0.802963,0.174815,0.984861
2026-07-30T04:30:16+00:00,on-demand,RTX 5090,55,178,0.212889,0.449916,0.557883,0.9195,3.615556,0.671852,0.993699
2026-07-30T04:30:16+00:00,on-demand,RTX 5880Ada,4,15,0.453593,0.453787,0.511185,0.568981,0.57037,0.511185,0.996795
2026-07-30T04:30:16+00:00,on-demand,RTX 6000Ada,9,24,0.352889,0.441111,0.534815,0.681111,0.735556,0.660694,0.992433
2026-07-30T04:30:16+00:00,on-demand,RTX A2000,4,5,0.034074,0.03563,0.264815,0.704,1.335556,,0.994731
2026-07-30T04:30:16+00:00,on-demand,RTX A4000,7,36,0.072889,0.093889,0.133468,0.141083,0.160277,0.133657,0.990302
2026-07-30T04:30:16+00:00,on-demand,RTX A4500,1,1,1.274815,1.274815,1.274815,1.274815,1.274815,,0.998031
2026-07-30T04:30:16+00:00,on-demand,RTX A5000,4,16,0.200556,0.223324,20.115827,40.000926,40.001481,0.215735,0.971788
2026-07-30T04:30:16+00:00,on-demand,RTX A6000,10,36,0.266944,0.37371,0.374815,0.400972,1.202222,,0.991071
2026-07-30T04:30:16+00:00,on-demand,RTX PRO 4000,11,24,0.160556,0.16463,0.261852,0.307963,0.337037,0.321481,0.983183
2026-07-30T04:30:16+00:00,on-demand,RTX PRO 4500,1,1,0.282222,0.282222,0.282222,0.282222,0.282222,,0.995343
2026-07-30T04:30:16+00:00,on-demand,RTX PRO 5000,13,34,0.602963,0.641111,0.841852,0.887222,0.943407,0.886944,0.987764
2026-07-30T04:30:16+00:00,on-demand,RTX PRO 6000 S,12,49,1.266944,1.360556,1.534167,1.600278,1.736296,1.391111,0.996495
2026-07-30T04:30:16+00:00,on-demand,RTX PRO 6000 WS,19,48,0.867407,1.091481,1.205481,1.582824,26.668148,1.203654,0.992347
2026-07-30T04:30:16+00:00,on-demand,Tesla P100,5,10,0.068148,0.081481,0.094074,0.201111,0.202222,0.147593,0.989176
2026-07-30T04:30:16+00:00,on-demand,Tesla P4,1,1,0.025481,0.025481,0.025481,0.025481,0.025481,,0.990047
2026-07-30T04:30:16+00:00,on-demand,Tesla P40,2,6,0.132556,0.132694,0.132833,0.132972,0.133111,0.132833,0.992356
2026-07-30T04:30:16+00:00,on-demand,Tesla T4,2,3,12.000741,12.000926,12.001111,12.001296,12.001481,,0.9724
2026-07-30T04:30:16+00:00,on-demand,Tesla V100,14,39,0.027222,0.087153,0.108333,0.168519,0.333889,0.268056,0.978851
2026-07-30T04:30:16+00:00,on-demand,Titan RTX,2,3,0.134444,0.141574,0.148704,0.155833,0.162963,0.148704,0.992275
2026-07-30T04:30:16+00:00,on-demand,Titan Xp,1,1,0.055556,0.055556,0.055556,0.055556,0.055556,0.055556,0.996106
2026-07-30T04:30:16+00:00,bid,A100 PCIE,17,22,0.133889,0.135556,0.135556,0.462222,0.46963,0.332222,0.995059
2026-07-30T04:30:16+00:00,bid,A100 SXM4,37,99,0.135556,0.574444,0.773889,0.893889,0.987222,0.601296,0.990942
2026-07-30T04:30:16+00:00,bid,A10g,1,1,0.081185,0.081185,0.081185,0.081185,0.081185,,0.835324
2026-07-30T04:30:16+00:00,bid,A40,1,2,0.234074,0.234074,0.234074,0.234074,0.234074,0.234074,0.997268
2026-07-30T04:30:16+00:00,bid,A800 PCIE,6,11,0.129889,0.130444,0.131,0.131556,0.131556,,0.994293
2026-07-30T04:30:16+00:00,bid,B200,17,65,3.750174,5.625174,5.630208,6.252604,7.377083,5.876302,0.978397
2026-07-30T04:30:16+00:00,bid,B300,1,1,3.752083,3.752083,3.752083,3.752083,3.752083,3.752083,0.980966
2026-07-30T04:30:16+00:00,bid,CMP 170HX,6,29,0.160185,0.160347,0.160833,0.161111,0.162222,,0.932651
2026-07-30T04:30:16+00:00,bid,GTX 1050 Ti,1,1,0.028593,0.028593,0.028593,0.028593,0.028593,,0.979729
2026-07-30T04:30:16+00:00,bid,GTX 1060,1,1,0.031111,0.031111,0.031111,0.031111,0.031111,,0.989021
2026-07-30T04:30:16+00:00,bid,GTX 1070,2,2,0.015556,0.017778,0.02,0.022222,0.024444,0.024444,0.989115
2026-07-30T04:30:16+00:00,bid,GTX 1070 Ti,2,5,0.040556,0.040972,0.041389,0.041806,0.042222,0.041389,0.991289
2026-07-30T04:30:16+00:00,bid,GTX 1080,3,9,0.014815,0.027593,0.04037,0.040741,0.041111,0.040741,0.996456
2026-07-30T04:30:16+00:00,bid,GTX 1080 Ti,9,24,0.029333,0.041111,0.042222,0.053889,0.055556,0.042222,0.997062
2026-07-30T04:30:16+00:00,bid,GTX 1650 S,1,1,0.037778,0.037778,0.037778,0.037778,0.037778,,0.981832
2026-07-30T04:30:16+00:00,bid,GTX 1660,1,1,0.037778,0.037778,0.037778,0.037778,0.037778,,0.988967
2026-07-30T04:30:16+00:00,bid,GTX 1660 Ti,1,1,0.037778,0.037778,0.037778,0.037778,0.037778,0.037778,0.983575
2026-07-30T04:30:16+00:00,bid,H100 NVL,5,8,0.806519,1.601481,1.602667,1.868889,2.000556,1.602074,0.99208
2026-07-30T04:30:16+00:00,bid,H100 PCIE,4,15,1.600278,1.600486,1.600833,1.601389,1.602222,1.600833,0.990058
2026-07-30T04:30:16+00:00,bid,H100 SXM,13,47,0.667222,1.067407,2.002667,3.173884,4.002222,2.853886,0.99175
2026-07-30T04:30:16+00:00,bid,H200,6,14,3.486404,3.816246,3.816886,3.91525,3.948465,3.816886,0.997587
2026-07-30T04:30:16+00:00,bid,H200 NVL,8,21,1.335556,1.867163,1.867593,2.065278,3.211111,2.732778,0.988258
2026-07-30T04:30:16+00:00,bid,L4,6,12,0.135556,0.228519,0.267778,0.30737,0.321111,0.268148,0.997988
2026-07-30T04:30:16+00:00,bid,L40,5,9,0.467778,0.468889,0.471111,0.471111,0.471111,0.471111,0.986557
2026-07-30T04:30:16+00:00,bid,L40S,26,88,0.200185,0.467176,0.535,0.539815,0.800926,0.537037,0.996625
2026-07-30T04:30:16+00:00,bid,Q RTX 5000,1,2,0.054074,0.054074,0.054074,0.054074,0.054074,,0.983604
2026-07-30T04:30:16+00:00,bid,Q RTX 8000,1,1,0.105111,0.105111,0.105111,0.105111,0.105111,0.105111,0.999508
2026-07-30T04:30:16+00:00,bid,Quadro GV100,1,1,0.134074,0.134074,0.134074,0.134074,0.134074,,0.968766
2026-07-30T04:30:16+00:00,bid,Quadro P4000,4,6,0.041111,0.041389,0.043741,0.048593,0.05637,0.051185,0.975373
2026-07-30T04:30:16+00:00,bid,RTX 2060,3,3,0.027852,0.029481,0.031111,0.183333,0.335556,0.183333,0.989015
2026-07-30T04:30:16+00:00,bid,RTX 2060S,3,7,0.046889,0.046933,0.046978,0.085341,0.123704,0.046978,0.958818
2026-07-30T04:30:16+00:00,bid,RTX 2070S,2,17,0.066831,0.066836,0.066842,0.066847,0.066852,,0.987481
2026-07-30T04:30:16+00:00,bid,RTX 2080 Ti,5,7,0.037778,0.041111,0.042222,0.067778,0.121481,0.055,0.99244
2026-07-30T04:30:16+00:00,bid,RTX 2080S,1,1,0.037778,0.037778,0.037778,0.037778,0.037778,0.037778,0.896149
2026-07-30T04:30:16+00:00,bid,RTX 3060,16,56,0.024741,0.044227,0.055,0.077259,0.13437,0.068741,0.991
2026-07-30T04:30:16+00:00,bid,RTX 3060 Ti,1,1,0.535556,0.535556,0.535556,0.535556,0.535556,0.535556,0.59473
2026-07-30T04:30:16+00:00,bid,RTX 3060 laptop,4,13,0.013352,0.032171,0.053815,0.077167,0.101111,0.085148,0.997556
2026-07-30T04:30:16+00:00,bid,RTX 3070,12,27,0.040444,0.051667,0.072037,0.104722,0.495556,0.093889,0.994561
2026-07-30T04:30:16+00:00,bid,RTX 3070 Ti,2,3,0.054444,0.054722,0.055,0.055278,0.055556,,0.99663
2026-07-30T04:30:16+00:00,bid,RTX 3070 laptop,1,1,0.022222,0.022222,0.022222,0.022222,0.022222,,0.940406
2026-07-30T04:30:16+00:00,bid,RTX 3080,13,33,0.046049,0.054222,0.108148,0.141111,0.495556,0.140833,0.991273
2026-07-30T04:30:16+00:00,bid,RTX 3080 Ti,9,10,0.026222,0.07037,0.095556,0.107778,0.188889,0.107778,0.995041
2026-07-30T04:30:16+00:00,bid,RTX 3090,57,126,0.014815,0.104815,0.135963,0.200556,0.375556,0.148889,0.988406
2026-07-30T04:30:16+00:00,bid,RTX 3090 Ti,1,1,0.068889,0.068889,0.068889,0.068889,0.068889,,0.995483
2026-07-30T04:30:16+00:00,bid,RTX 4000Ada,2,3,0.074222,0.096222,0.118222,0.140222,0.162222,,0.991276
2026-07-30T04:30:16+00:00,bid,RTX 4060,7,18,0.039259,0.05358,0.053926,0.054222,0.083704,0.061481,0.982406
2026-07-30T04:30:16+00:00,bid,RTX 4060 Ti,9,18,0.039778,0.042222,0.076889,0.107222,0.975556,0.104167,0.997226
2026-07-30T04:30:16+00:00,bid,RTX 4070,8,13,0.027407,0.028611,0.061667,0.097389,0.211407,0.075778,0.985566
2026-07-30T04:30:16+00:00,bid,RTX 4070 Ti,7,12,0.081481,0.102222,0.215556,0.240833,0.241111,0.108889,0.990369
2026-07-30T04:30:16+00:00,bid,RTX 4070S,16,55,0.067778,0.069028,0.072556,0.074963,0.095741,0.073778,0.988703
2026-07-30T04:30:16+00:00,bid,RTX 4070S Ti,8,15,0.063963,0.106204,0.200833,0.201111,0.202222,0.201111,0.999462
2026-07-30T04:30:16+00:00,bid,RTX 4080,9,11,0.067778,0.137037,0.167704,0.202222,0.255556,0.167704,0.994393
2026-07-30T04:30:16+00:00,bid,RTX 4080S,17,44,0.104444,0.175556,0.188741,0.240185,0.240741,0.240185,0.99006
2026-07-30T04:30:16+00:00,bid,RTX 4090,74,219,0.134444,0.228642,0.33375,0.402685,0.762222,0.395,0.994572
2026-07-30T04:30:16+00:00,bid,RTX 4090D,4,8,0.604556,0.604972,0.605667,0.606222,0.606222,,0.967226
2026-07-30T04:30:16+00:00,bid,RTX 5000Ada,2,2,0.268889,0.285556,0.302222,0.318889,0.335556,0.302222,0.996149
2026-07-30T04:30:16+00:00,bid,RTX 5060,4,6,0.040296,0.040907,0.047296,0.064,0.095556,0.053481,0.987963
2026-07-30T04:30:16+00:00,bid,RTX 5060 Ti,30,82,0.044444,0.080463,0.097389,0.144148,0.161111,0.107778,0.996172
2026-07-30T04:30:16+00:00,bid,RTX 5070,6,9,0.087222,0.089537,0.095556,0.107129,0.115556,0.099259,0.979927
2026-07-30T04:30:16+00:00,bid,RTX 5070 Ti,12,22,0.093889,0.095833,0.108333,0.124046,0.158963,0.120556,0.993997
2026-07-30T04:30:16+00:00,bid,RTX 5080,11,17,0.02963,0.113975,0.13437,0.155741,0.188889,0.155741,0.995413
2026-07-30T04:30:16+00:00,bid,RTX 5090,79,223,0.102222,0.272222,0.373519,0.487235,1.563407,0.356991,0.994796
2026-07-30T04:30:16+00:00,bid,RTX 5880Ada,4,6,0.295185,0.296574,0.297037,0.30637,0.33437,0.297037,0.99592
2026-07-30T04:30:16+00:00,bid,RTX 6000Ada,15,32,0.137778,0.267685,0.387778,0.435556,0.775556,0.400694,0.993299
2026-07-30T04:30:16+00:00,bid,RTX A2000,1,1,0.400148,0.400148,0.400148,0.400148,0.400148,,0.994268
2026-07-30T04:30:16+00:00,bid,RTX A4000,9,59,0.067259,0.093889,0.106852,0.133611,0.149748,0.121749,0.97131
2026-07-30T04:30:16+00:00,bid,RTX A5000,7,32,0.022556,0.228282,0.229611,0.334444,0.334815,0.228282,0.971788
2026-07-30T04:30:16+00:00,bid,RTX A6000,10,31,0.253611,0.257639,0.302167,0.317778,0.374444,,0.969298
2026-07-30T04:30:16+00:00,bid,RTX PRO 4000,12,25,0.067222,0.068278,0.088889,0.240741,0.241481,0.241481,0.987078
2026-07-30T04:30:16+00:00,bid,RTX PRO 5000,23,55,0.135111,0.400556,0.466944,0.53375,0.803704,0.466944,0.990414
2026-07-30T04:30:16+00:00,bid,RTX PRO 6000 S,17,49,0.335556,1.002222,1.06963,1.268889,1.467778,1.06,0.994648
2026-07-30T04:30:16+00:00,bid,RTX PRO 6000 WS,24,51,0.335556,0.539074,0.736074,0.949593,2.537037,0.736074,0.986302
2026-07-30T04:30:16+00:00,bid,Tesla P100,4,5,0.041481,0.111204,0.135,0.135556,0.135556,0.135556,0.989176
2026-07-30T04:30:16+00:00,bid,Tesla P40,3,8,0.065889,0.066167,0.066444,0.066444,0.066444,0.066444,0.992356
2026-07-30T04:30:16+00:00,bid,Tesla T4,3,4,3.400741,3.401111,3.401481,3.401481,3.401481,,0.9724
2026-07-30T04:30:16+00:00,bid,Tesla V100,12,24,0.017889,0.076167,0.127981,0.162222,0.240556,0.162222,0.995502
2026-07-30T04:30:16+00:00,bid,Titan RTX,3,4,0.107778,0.108333,0.108889,0.122222,0.135556,0.108889,0.998348
2026-07-30T04:30:16+00:00,bid,Titan Xp,1,1,0.042222,0.042222,0.042222,0.042222,0.042222,0.042222,0.996106
