scraped_at,rental_type,gpu_name,num_offers,total_gpus,dph_per_gpu_min,dph_per_gpu_p25,dph_per_gpu_median,dph_per_gpu_p75,dph_per_gpu_max,verified_median,median_reliability
2026-07-31T01:03:02+00:00,on-demand,A100 PCIE,14,36,0.268148,0.384333,0.809716,1.000972,1.041333,0.882098,0.995423
2026-07-31T01:03:02+00:00,on-demand,A100 SXM4,29,78,0.267037,0.747222,0.934815,1.188,1.734259,0.934815,0.994665
2026-07-31T01:03:02+00:00,on-demand,A10g,1,1,0.161185,0.161185,0.161185,0.161185,0.161185,,0.911239
2026-07-31T01:03:02+00:00,on-demand,A40,1,4,0.287037,0.287037,0.287037,0.287037,0.287037,0.287037,0.996428
2026-07-31T01:03:02+00:00,on-demand,A800 PCIE,3,7,0.667222,0.6675,0.667778,0.668333,0.668889,,0.994436
2026-07-31T01:03:02+00:00,on-demand,B200,15,63,5.937674,6.250781,6.690104,6.751953,7.751042,6.690104,0.990354
2026-07-31T01:03:02+00:00,on-demand,B300,1,4,5.625521,5.625521,5.625521,5.625521,5.625521,,0.993432
2026-07-31T01:03:02+00:00,on-demand,CMP 170HX,5,27,0.186852,0.186944,0.187222,0.187778,0.188889,,0.943263
2026-07-31T01:03:02+00:00,on-demand,GTX 1060,3,4,0.087778,0.087963,0.088148,0.216296,0.344444,0.087963,0.999283
2026-07-31T01:03:02+00:00,on-demand,GTX 1070,1,1,0.531111,0.531111,0.531111,0.531111,0.531111,0.531111,0.989306
2026-07-31T01:03:02+00:00,on-demand,GTX 1080,6,16,0.027778,0.048417,0.048833,0.049944,0.05037,0.048833,0.994787
2026-07-31T01:03:02+00:00,on-demand,GTX 1080 Ti,6,17,0.029333,0.060694,0.061667,0.070794,0.074444,0.062222,0.997109
2026-07-31T01:03:02+00:00,on-demand,GTX 1650 S,1,1,0.677778,0.677778,0.677778,0.677778,0.677778,,0.984472
2026-07-31T01:03:02+00:00,on-demand,GTX 1660 S,1,1,0.451111,0.451111,0.451111,0.451111,0.451111,,0.928465
2026-07-31T01:03:02+00:00,on-demand,GTX 1660 Ti,1,1,0.071111,0.071111,0.071111,0.071111,0.071111,,0.997438
2026-07-31T01:03:02+00:00,on-demand,H100 NVL,6,11,2.348889,2.667593,2.849037,3.03237,3.333889,3.031556,0.995891
2026-07-31T01:03:02+00:00,on-demand,H100 PCIE,3,14,1.866944,1.867083,1.867222,1.8675,1.867778,1.867222,0.963034
2026-07-31T01:03:02+00:00,on-demand,H100 SXM,13,40,1.601481,1.805556,2.201481,3.973796,5.067778,3.973796,0.993861
2026-07-31T01:03:02+00:00,on-demand,H200,6,21,3.934576,3.935124,4.073374,4.211486,7.30318,4.073374,0.998279
2026-07-31T01:03:02+00:00,on-demand,H200 NVL,6,16,2.800317,3.082083,3.1225,3.389167,4.011111,3.300556,0.991065
2026-07-31T01:03:02+00:00,on-demand,L4,4,8,0.202222,0.272222,0.314722,0.334028,0.334444,0.334167,0.983878
2026-07-31T01:03:02+00:00,on-demand,L40,4,10,0.454074,0.544352,0.575,0.576111,0.577778,0.575,0.986694
2026-07-31T01:03:02+00:00,on-demand,L40S,17,64,0.40037,0.467037,0.601481,0.801481,1.074074,0.801111,0.997081
2026-07-31T01:03:02+00:00,on-demand,Q RTX 5000,1,2,0.080741,0.080741,0.080741,0.080741,0.080741,,0.979545
2026-07-31T01:03:02+00:00,on-demand,Q RTX 8000,4,8,0.252556,0.253417,0.254259,0.259,0.271556,0.254259,0.99868
2026-07-31T01:03:02+00:00,on-demand,Quadro GV100,1,1,0.467407,0.467407,0.467407,0.467407,0.467407,,0.968902
2026-07-31T01:03:02+00:00,on-demand,Quadro P4000,5,9,0.047407,0.048148,0.054568,0.055185,0.055556,0.055185,0.982676
2026-07-31T01:03:02+00:00,on-demand,RTX 2060,1,1,0.415556,0.415556,0.415556,0.415556,0.415556,0.415556,0.995243
2026-07-31T01:03:02+00:00,on-demand,RTX 2070S,2,17,0.073498,0.073503,0.073508,0.073513,0.073519,,0.987505
2026-07-31T01:03:02+00:00,on-demand,RTX 2080 Ti,9,30,0.068889,0.080022,0.080056,0.087802,0.811111,0.080056,0.994713
2026-07-31T01:03:02+00:00,on-demand,RTX 2080S,1,1,0.744444,0.744444,0.744444,0.744444,0.744444,0.744444,0.928344
2026-07-31T01:03:02+00:00,on-demand,RTX 3060,14,44,0.032741,0.064083,0.090267,0.240881,1.335556,0.211393,0.995368
2026-07-31T01:03:02+00:00,on-demand,RTX 3060 Ti,1,1,0.051111,0.051111,0.051111,0.051111,0.051111,0.051111,0.997309
2026-07-31T01:03:02+00:00,on-demand,RTX 3060 laptop,3,4,0.026815,0.033963,0.041111,0.041667,0.042222,,0.998769
2026-07-31T01:03:02+00:00,on-demand,RTX 3070,12,51,0.041111,0.067153,0.106944,0.107222,0.108889,0.070648,0.988239
2026-07-31T01:03:02+00:00,on-demand,RTX 3070 laptop,1,1,0.468889,0.468889,0.468889,0.468889,0.468889,,0.965052
2026-07-31T01:03:02+00:00,on-demand,RTX 3080,11,43,0.060222,0.103903,0.113444,0.132583,0.251496,0.1135,0.991522
2026-07-31T01:03:02+00:00,on-demand,RTX 3080 Ti,5,7,0.082222,0.082222,0.114444,0.135185,0.179556,0.135185,0.997214
2026-07-31T01:03:02+00:00,on-demand,RTX 3090,43,121,0.080003,0.14125,0.242593,0.869259,1.336296,0.257926,0.984004
2026-07-31T01:03:02+00:00,on-demand,RTX 3090 Ti,1,1,0.175556,0.175556,0.175556,0.175556,0.175556,,0.993211
2026-07-31T01:03:02+00:00,on-demand,RTX 4000Ada,1,1,0.202222,0.202222,0.202222,0.202222,0.202222,,0.995028
2026-07-31T01:03:02+00:00,on-demand,RTX 4060,4,5,0.060593,0.061037,0.062815,0.717778,2.677778,0.064444,0.984314
2026-07-31T01:03:02+00:00,on-demand,RTX 4060 Ti,3,5,0.066444,0.074333,0.082222,0.113667,0.145111,0.145111,0.997843
2026-07-31T01:03:02+00:00,on-demand,RTX 4070,6,11,0.081111,0.083889,0.091389,0.095139,0.175556,0.094722,0.994982
2026-07-31T01:03:02+00:00,on-demand,RTX 4070 Ti,9,25,0.088519,0.093889,0.094444,0.242222,0.282444,0.094444,0.990598
2026-07-31T01:03:02+00:00,on-demand,RTX 4070S,10,42,0.080556,0.081458,0.083611,0.092824,0.109074,0.091759,0.990419
2026-07-31T01:03:02+00:00,on-demand,RTX 4070S Ti,7,13,0.067778,0.113981,0.121111,0.186704,0.248889,0.12563,0.995267
2026-07-31T01:03:02+00:00,on-demand,RTX 4080,8,16,0.157704,0.15863,0.168296,0.186991,0.295556,0.187056,0.982479
2026-07-31T01:03:02+00:00,on-demand,RTX 4080S,20,73,0.124444,0.159889,0.200796,0.217343,0.304444,0.160556,0.99058
2026-07-31T01:03:02+00:00,on-demand,RTX 4090,48,179,0.134444,0.307556,0.489506,0.668889,1.334815,0.582778,0.995464
2026-07-31T01:03:02+00:00,on-demand,RTX 4090D,4,8,0.329481,0.582787,0.6675,0.668056,0.668889,0.329481,0.967226
2026-07-31T01:03:02+00:00,on-demand,RTX 5000Ada,3,4,0.401111,0.421667,0.442222,0.448889,0.455556,0.421667,0.99419
2026-07-31T01:03:02+00:00,on-demand,RTX 5060,5,6,0.075556,0.077037,0.095556,0.148889,0.182222,0.095556,0.994989
2026-07-31T01:03:02+00:00,on-demand,RTX 5060 Ti,15,45,0.064444,0.080648,0.127593,0.175546,0.227407,0.160741,0.992497
2026-07-31T01:03:02+00:00,on-demand,RTX 5070,7,12,0.081481,0.095278,0.097037,0.105259,0.148147,0.09963,0.99504
2026-07-31T01:03:02+00:00,on-demand,RTX 5070 Ti,5,12,0.120556,0.134444,0.135556,0.188889,0.200741,0.120556,0.998072
2026-07-31T01:03:02+00:00,on-demand,RTX 5080,16,56,0.133704,0.170516,0.1745,0.20787,0.802963,0.181444,0.990727
2026-07-31T01:03:02+00:00,on-demand,RTX 5090,51,149,0.306852,0.430185,0.502545,0.64963,2.668889,0.639593,0.991457
2026-07-31T01:03:02+00:00,on-demand,RTX 5880Ada,3,7,0.453852,0.511185,0.568519,0.569444,0.57037,0.568519,0.995944
2026-07-31T01:03:02+00:00,on-demand,RTX 6000Ada,9,24,0.302222,0.441111,0.632593,0.640926,0.735556,0.640694,0.992653
2026-07-31T01:03:02+00:00,on-demand,RTX A2000,4,5,0.034074,0.03563,0.264815,0.704,1.335556,,0.994741
2026-07-31T01:03:02+00:00,on-demand,RTX A4000,9,52,0.093889,0.133519,0.133827,0.150944,0.160415,0.147083,0.97131
2026-07-31T01:03:02+00:00,on-demand,RTX A5000,3,21,0.200556,0.215735,0.230914,0.230929,0.230944,0.230914,0.996646
2026-07-31T01:03:02+00:00,on-demand,RTX A6000,12,44,0.200278,0.347639,0.428333,1.333681,1.335556,0.402222,0.969589
2026-07-31T01:03:02+00:00,on-demand,RTX PRO 4000,10,22,0.134444,0.190556,0.262778,0.320019,0.337037,0.319296,0.991558
2026-07-31T01:03:02+00:00,on-demand,RTX PRO 4500,1,1,0.308889,0.308889,0.308889,0.308889,0.308889,,0.949433
2026-07-31T01:03:02+00:00,on-demand,RTX PRO 5000,12,28,0.36963,0.630676,0.842778,0.894454,2.538519,0.889889,0.991382
2026-07-31T01:03:02+00:00,on-demand,RTX PRO 6000 S,9,25,1.200889,1.334815,1.534444,1.733889,1.736296,1.336296,0.99792
2026-07-31T01:03:02+00:00,on-demand,RTX PRO 6000 WS,15,33,0.960093,1.117926,1.333889,1.337222,5.334815,1.33487,0.992669
2026-07-31T01:03:02+00:00,on-demand,Tesla P100,4,8,0.068148,0.087593,0.094444,0.121667,0.202222,0.094815,0.977132
2026-07-31T01:03:02+00:00,on-demand,Tesla P40,2,6,0.132556,0.132694,0.132833,0.132972,0.133111,0.132833,0.993304
2026-07-31T01:03:02+00:00,on-demand,Tesla T4,2,3,12.000741,12.000926,12.001111,12.001296,12.001481,,0.972401
2026-07-31T01:03:02+00:00,on-demand,Tesla V100,11,34,0.093611,0.095,0.167407,0.2675,0.335556,0.335556,0.974521
2026-07-31T01:03:02+00:00,on-demand,Titan RTX,3,4,0.134444,0.135,0.135556,0.148889,0.162222,0.135556,0.998351
2026-07-31T01:03:02+00:00,on-demand,Titan Xp,1,1,0.055556,0.055556,0.055556,0.055556,0.055556,0.055556,0.998039
2026-07-31T01:03:02+00:00,bid,A100 PCIE,21,31,0.133889,0.134444,0.135556,0.135556,0.486098,0.135556,0.993683
2026-07-31T01:03:02+00:00,bid,A100 SXM4,37,71,0.135556,0.521111,0.667963,0.868889,1.002222,0.535556,0.98807
2026-07-31T01:03:02+00:00,bid,A10g,1,1,0.081185,0.081185,0.081185,0.081185,0.081185,,0.911239
2026-07-31T01:03:02+00:00,bid,A40,3,10,0.233704,0.233704,0.233704,0.233889,0.234074,0.233704,0.997276
2026-07-31T01:03:02+00:00,bid,A800 PCIE,7,12,0.136556,0.137111,0.138222,0.138222,0.138222,,0.994436
2026-07-31T01:03:02+00:00,bid,B200,9,31,5.000694,5.627083,6.251302,6.252604,7.376042,6.251953,0.994066
2026-07-31T01:03:02+00:00,bid,CMP 170HX,6,31,0.160185,0.160347,0.160556,0.160972,0.162222,,0.943263
2026-07-31T01:03:02+00:00,bid,GTX 1050 Ti,1,1,0.024444,0.024444,0.024444,0.024444,0.024444,,0.982225
2026-07-31T01:03:02+00:00,bid,GTX 1060,2,2,0.031111,0.04037,0.04963,0.058889,0.068148,0.068148,0.995138
2026-07-31T01:03:02+00:00,bid,GTX 1070,1,1,0.024444,0.024444,0.024444,0.024444,0.024444,0.024444,0.989306
2026-07-31T01:03:02+00:00,bid,GTX 1070 Ti,1,6,0.04037,0.04037,0.04037,0.04037,0.04037,0.04037,0.9881
2026-07-31T01:03:02+00:00,bid,GTX 1080,5,12,0.021111,0.04037,0.041111,0.042222,0.053704,0.041667,0.996141
2026-07-31T01:03:02+00:00,bid,GTX 1080 Ti,9,30,0.016,0.040556,0.041111,0.053651,0.054444,0.041667,0.997109
2026-07-31T01:03:02+00:00,bid,GTX 1650 S,1,1,0.04,0.04,0.04,0.04,0.04,,0.984472
2026-07-31T01:03:02+00:00,bid,GTX 1660,1,1,0.037778,0.037778,0.037778,0.037778,0.037778,,0.991191
2026-07-31T01:03:02+00:00,bid,GTX 1660 S,1,1,0.031111,0.031111,0.031111,0.031111,0.031111,,0.928465
2026-07-31T01:03:02+00:00,bid,GTX 1660 Ti,2,2,0.037778,0.042778,0.047778,0.052778,0.057778,0.037778,0.991839
2026-07-31T01:03:02+00:00,bid,H100 NVL,6,10,0.803259,0.972111,1.535556,1.802222,2.000556,1.20437,0.983594
2026-07-31T01:03:02+00:00,bid,H100 PCIE,4,15,1.333611,1.333819,1.334167,1.334722,1.335555,1.334167,0.963034
2026-07-31T01:03:02+00:00,bid,H100 SXM,14,37,0.668148,1.068148,1.579,2.518347,4.002222,2.667361,0.990289
2026-07-31T01:03:02+00:00,bid,H200,6,21,3.816155,3.816703,3.882584,3.948328,7.040022,3.882584,0.998291
2026-07-31T01:03:02+00:00,bid,H200 NVL,7,11,0.403778,0.404889,1.001667,1.868889,3.744444,0.404889,0.988248
2026-07-31T01:03:02+00:00,bid,L4,5,9,0.201481,0.215556,0.267407,0.320556,0.322222,0.293981,0.998008
2026-07-31T01:03:02+00:00,bid,L40,5,11,0.267407,0.467778,0.468889,0.471111,0.471111,0.468889,0.986694
2026-07-31T01:03:02+00:00,bid,L40S,26,85,0.200185,0.333565,0.534259,0.537037,0.774074,0.536111,0.998415
2026-07-31T01:03:02+00:00,bid,Q RTX 5000,1,2,0.054074,0.054074,0.054074,0.054074,0.054074,,0.979545
2026-07-31T01:03:02+00:00,bid,Q RTX 8000,5,6,0.015556,0.099222,0.099778,0.099778,0.150222,0.099778,0.999501
2026-07-31T01:03:02+00:00,bid,Quadro GV100,1,1,0.134074,0.134074,0.134074,0.134074,0.134074,,0.968902
2026-07-31T01:03:02+00:00,bid,Quadro P4000,5,8,0.040741,0.041481,0.045667,0.046,0.047778,0.046,0.987367
2026-07-31T01:03:02+00:00,bid,RTX 2060,3,4,0.027259,0.029185,0.031111,0.183333,0.335556,0.031111,0.991138
2026-07-31T01:03:02+00:00,bid,RTX 2060S,2,5,0.046778,0.066009,0.085241,0.104472,0.123704,0.085241,0.959803
2026-07-31T01:03:02+00:00,bid,RTX 2070S,1,9,0.066831,0.066831,0.066831,0.066831,0.066831,,0.987505
2026-07-31T01:03:02+00:00,bid,RTX 2080 Ti,6,10,0.037778,0.041111,0.041667,0.061407,0.108889,0.042222,0.99249
2026-07-31T01:03:02+00:00,bid,RTX 2080S,1,1,0.037778,0.037778,0.037778,0.037778,0.037778,0.037778,0.928344
2026-07-31T01:03:02+00:00,bid,RTX 3060,16,54,0.025111,0.040741,0.0455,0.05787,0.137037,0.053519,0.992552
2026-07-31T01:03:02+00:00,bid,RTX 3060 laptop,5,7,0.013481,0.01363,0.038444,0.066963,0.101111,0.084037,0.992366
2026-07-31T01:03:02+00:00,bid,RTX 3070,13,41,0.040444,0.053889,0.054444,0.068519,0.093889,0.07037,0.991212
2026-07-31T01:03:02+00:00,bid,RTX 3070 laptop,1,1,0.442222,0.442222,0.442222,0.442222,0.442222,,0.965052
2026-07-31T01:03:02+00:00,bid,RTX 3080,11,28,0.039556,0.053481,0.067778,0.17424,0.24083,0.081926,0.989824
2026-07-31T01:03:02+00:00,bid,RTX 3080 Ti,7,9,0.015556,0.058889,0.07037,0.098333,0.175556,0.107778,0.994583
2026-07-31T01:03:02+00:00,bid,RTX 3090,57,143,0.053778,0.107778,0.134074,0.201185,0.376296,0.147083,0.988566
2026-07-31T01:03:02+00:00,bid,RTX 4000Ada,2,3,0.067556,0.091222,0.114889,0.138556,0.162222,,0.991867
2026-07-31T01:03:02+00:00,bid,RTX 4060,4,6,0.053926,0.053926,0.054222,0.061815,0.083704,0.083704,0.983622
2026-07-31T01:03:02+00:00,bid,RTX 4060 Ti,5,13,0.041111,0.042222,0.076889,0.09363,0.107222,0.100426,0.997843
2026-07-31T01:03:02+00:00,bid,RTX 4070,7,15,0.028741,0.029667,0.068889,0.0755,0.083704,0.0755,0.988438
2026-07-31T01:03:02+00:00,bid,RTX 4070 Ti,6,10,0.081481,0.108333,0.162222,0.234306,0.241111,0.108889,0.991667
2026-07-31T01:03:02+00:00,bid,RTX 4070S,10,38,0.067222,0.068125,0.072685,0.090213,0.095741,0.088407,0.990681
2026-07-31T01:03:02+00:00,bid,RTX 4070S Ti,11,20,0.074074,0.109722,0.200556,0.201667,0.202222,0.201111,0.999463
2026-07-31T01:03:02+00:00,bid,RTX 4080,10,19,0.071111,0.134944,0.147222,0.162815,0.255556,0.133852,0.978706
2026-07-31T01:03:02+00:00,bid,RTX 4080S,14,48,0.107778,0.135046,0.194509,0.230657,0.240741,0.240185,0.988496
2026-07-31T01:03:02+00:00,bid,RTX 4090,92,274,0.082494,0.200593,0.268889,0.401667,0.762222,0.374815,0.995225
2026-07-31T01:03:02+00:00,bid,RTX 4090D,3,7,0.604556,0.604833,0.605111,0.605667,0.606222,,0.967226
2026-07-31T01:03:02+00:00,bid,RTX 5000Ada,3,4,0.268889,0.301667,0.334444,0.335,0.335556,0.334444,0.99419
2026-07-31T01:03:02+00:00,bid,RTX 5060,4,5,0.042222,0.052222,0.075556,0.108889,0.148889,0.102222,0.992355
2026-07-31T01:03:02+00:00,bid,RTX 5060 Ti,23,67,0.041111,0.075324,0.084296,0.146954,0.160889,0.090142,0.996756
2026-07-31T01:03:02+00:00,bid,RTX 5070,4,5,0.054815,0.076481,0.097222,0.111944,0.115556,0.11074,0.993767
2026-07-31T01:03:02+00:00,bid,RTX 5070 Ti,11,16,0.093889,0.10463,0.108889,0.108889,0.161481,0.108333,0.997408
2026-07-31T01:03:02+00:00,bid,RTX 5080,16,35,0.093704,0.133426,0.147504,0.182778,0.254815,0.161278,0.990727
2026-07-31T01:03:02+00:00,bid,RTX 5090,62,147,0.141481,0.27,0.327009,0.403704,0.842963,0.373519,0.996571
2026-07-31T01:03:02+00:00,bid,RTX 5880Ada,6,8,0.295185,0.295648,0.297037,0.297037,0.297037,0.297037,0.995944
2026-07-31T01:03:02+00:00,bid,RTX 6000Ada,15,32,0.137778,0.17037,0.400278,0.468259,0.748148,0.402222,0.996192
2026-07-31T01:03:02+00:00,bid,RTX A2000,1,1,0.400148,0.400148,0.400148,0.400148,0.400148,,0.994282
2026-07-31T01:03:02+00:00,bid,RTX A4000,14,70,0.053926,0.093889,0.106944,0.126998,0.149748,0.121749,0.97131
2026-07-31T01:03:02+00:00,bid,RTX A5000,4,21,0.028556,0.089917,0.168677,0.227633,0.22958,0.168677,0.997372
2026-07-31T01:03:02+00:00,bid,RTX A6000,6,11,0.143704,0.2125,0.272195,0.316375,0.334074,,0.971383
2026-07-31T01:03:02+00:00,bid,RTX PRO 4000,12,22,0.067778,0.068889,0.208407,0.22179,0.241481,0.22784,0.988656
2026-07-31T01:03:02+00:00,bid,RTX PRO 5000,21,43,0.201778,0.401037,0.466944,0.468889,0.803704,0.466944,0.987899
2026-07-31T01:03:02+00:00,bid,RTX PRO 6000 S,16,37,0.335556,0.715222,0.780507,1.068148,1.240956,0.801481,0.994065
2026-07-31T01:03:02+00:00,bid,RTX PRO 6000 WS,24,43,0.334444,0.518148,0.683,0.935093,1.602222,0.600296,0.992639
2026-07-31T01:03:02+00:00,bid,Tesla P100,4,5,0.041481,0.111204,0.135,0.135556,0.135556,0.135556,0.989772
2026-07-31T01:03:02+00:00,bid,Tesla P40,3,8,0.065889,0.066167,0.066444,0.066444,0.066444,0.066444,0.993304
2026-07-31T01:03:02+00:00,bid,Tesla T4,2,3,3.400741,3.400926,3.401111,3.401296,3.401481,,0.972401
2026-07-31T01:03:02+00:00,bid,Tesla V100,26,80,0.020278,0.020556,0.055556,0.153889,0.242222,0.162222,0.993777
2026-07-31T01:03:02+00:00,bid,Titan RTX,2,3,0.094444,0.104722,0.115,0.125278,0.135556,0.115,0.968238
2026-07-31T01:03:02+00:00,bid,Titan Xp,1,1,0.042222,0.042222,0.042222,0.042222,0.042222,0.042222,0.99612
2026-07-31T01:08:01+00:00,on-demand,A100 PCIE,13,30,0.333611,0.335556,0.737333,1.002222,1.535049,0.867593,0.997835
2026-07-31T01:08:01+00:00,on-demand,A100 SXM4,26,71,0.267037,0.804051,0.934815,1.159333,1.734259,0.934815,0.992617
2026-07-31T01:08:01+00:00,on-demand,A10g,1,1,0.161185,0.161185,0.161185,0.161185,0.161185,,0.911239
2026-07-31T01:08:01+00:00,on-demand,A40,1,4,0.287037,0.287037,0.287037,0.287037,0.287037,0.287037,0.997276
2026-07-31T01:08:01+00:00,on-demand,A800 PCIE,3,7,0.667222,0.6675,0.667778,0.668333,0.668889,,0.994436
2026-07-31T01:08:01+00:00,on-demand,B200,18,67,5.937674,6.689128,6.751953,7.422917,7.752083,6.752604,0.990354
2026-07-31T01:08:01+00:00,on-demand,B300,1,4,5.625521,5.625521,5.625521,5.625521,5.625521,,0.993432
2026-07-31T01:08:01+00:00,on-demand,CMP 170HX,5,27,0.186852,0.186944,0.187222,0.187778,0.188889,,0.943263
2026-07-31T01:08:01+00:00,on-demand,GTX 1050 Ti,1,1,0.611111,0.611111,0.611111,0.611111,0.611111,,0.982225
2026-07-31T01:08:01+00:00,on-demand,GTX 1060,3,4,0.087778,0.087963,0.088148,0.216296,0.344444,0.087963,0.999283
2026-07-31T01:08:01+00:00,on-demand,GTX 1070,1,1,0.531111,0.531111,0.531111,0.531111,0.531111,0.531111,0.989306
2026-07-31T01:08:01+00:00,on-demand,GTX 1070 Ti,1,6,0.04837,0.04837,0.04837,0.04837,0.04837,0.04837,0.988101
2026-07-31T01:08:01+00:00,on-demand,GTX 1080,4,6,0.027778,0.029056,0.039296,0.049389,0.050222,0.049667,0.994499
2026-07-31T01:08:01+00:00,on-demand,GTX 1080 Ti,6,18,0.029333,0.061389,0.067937,0.073829,0.074074,0.073651,0.997376
2026-07-31T01:08:01+00:00,on-demand,GTX 1650 S,1,1,0.677778,0.677778,0.677778,0.677778,0.677778,,0.984472
2026-07-31T01:08:01+00:00,on-demand,GTX 1660 S,2,5,0.049889,0.150194,0.2505,0.350806,0.451111,0.049889,0.96192
2026-07-31T01:08:01+00:00,on-demand,GTX 1660 Ti,2,2,0.071111,0.206111,0.341111,0.476111,0.611111,0.611111,0.991839
2026-07-31T01:08:01+00:00,on-demand,H100 NVL,6,11,2.402222,2.667593,2.809037,2.95237,3.333889,2.951556,0.995891
2026-07-31T01:08:01+00:00,on-demand,H100 PCIE,2,12,1.866944,1.867014,1.867083,1.867153,1.867222,1.867083,0.963034
2026-07-31T01:08:01+00:00,on-demand,H100 SXM,13,39,1.601481,2.200741,3.376222,4.166889,5.068889,4.166889,0.992264
2026-07-31T01:08:01+00:00,on-demand,H200,6,21,3.934576,3.935124,4.073374,4.211486,7.30318,4.073374,0.998291
2026-07-31T01:08:01+00:00,on-demand,H200 NVL,9,24,2.800317,2.801111,3.121667,3.335556,4.922222,3.335556,0.988633
2026-07-31T01:08:01+00:00,on-demand,L4,5,9,0.202222,0.295556,0.322593,0.333889,0.334815,0.333889,0.995334
2026-07-31T01:08:01+00:00,on-demand,L40,2,4,0.454074,0.485,0.515926,0.546852,0.577778,0.515926,0.992347
2026-07-31T01:08:01+00:00,on-demand,L40S,18,71,0.40037,0.467037,0.533889,0.800648,1.074074,0.80037,0.996687
2026-07-31T01:08:01+00:00,on-demand,Q RTX 5000,2,3,0.080741,0.080926,0.081111,0.081296,0.081481,,0.979545
2026-07-31T01:08:01+00:00,on-demand,Q RTX 8000,4,8,0.241111,0.250556,0.253889,0.258444,0.271556,0.253889,0.99868
2026-07-31T01:08:01+00:00,on-demand,Quadro GV100,1,1,0.467407,0.467407,0.467407,0.467407,0.467407,,0.968902
2026-07-31T01:08:01+00:00,on-demand,Quadro P4000,5,9,0.047407,0.054568,0.054815,0.055185,0.057037,0.055185,0.982676
2026-07-31T01:08:01+00:00,on-demand,RTX 2060,1,1,0.415556,0.415556,0.415556,0.415556,0.415556,0.415556,0.995243
2026-07-31T01:08:01+00:00,on-demand,RTX 2060S,2,5,0.080111,0.131009,0.181907,0.232806,0.283704,0.181907,0.959803
2026-07-31T01:08:01+00:00,on-demand,RTX 2070S,3,21,0.073498,0.073508,0.073519,0.073611,0.073704,,0.987505
2026-07-31T01:08:01+00:00,on-demand,RTX 2080 Ti,10,31,0.036889,0.071674,0.080044,0.084435,0.811111,0.080044,0.994951
2026-07-31T01:08:01+00:00,on-demand,RTX 2080S,1,1,0.744444,0.744444,0.744444,0.744444,0.744444,0.744444,0.928344
2026-07-31T01:08:01+00:00,on-demand,RTX 3060,13,40,0.028889,0.067778,0.107037,0.402222,1.335556,0.152415,0.997013
2026-07-31T01:08:01+00:00,on-demand,RTX 3060 laptop,4,5,0.026815,0.037537,0.041667,0.057963,0.105185,0.105185,0.998769
2026-07-31T01:08:01+00:00,on-demand,RTX 3070,10,42,0.041111,0.066954,0.087176,0.107176,0.108889,0.066984,0.979578
2026-07-31T01:08:01+00:00,on-demand,RTX 3070 laptop,1,1,0.468889,0.468889,0.468889,0.468889,0.468889,,0.965052
2026-07-31T01:08:01+00:00,on-demand,RTX 3080,13,45,0.028889,0.074815,0.113389,0.120278,0.251496,0.1135,0.991522
2026-07-31T01:08:01+00:00,on-demand,RTX 3080 Ti,3,3,0.082222,0.091481,0.100741,0.121481,0.142222,0.142222,0.992089
2026-07-31T01:08:01+00:00,on-demand,RTX 3090,38,112,0.080003,0.1525,0.257185,0.968704,1.336296,0.257185,0.98908
2026-07-31T01:08:01+00:00,on-demand,RTX 3090 Ti,1,1,0.175556,0.175556,0.175556,0.175556,0.175556,,0.993211
2026-07-31T01:08:01+00:00,on-demand,RTX 4000Ada,1,1,0.202222,0.202222,0.202222,0.202222,0.202222,,0.995028
2026-07-31T01:08:01+00:00,on-demand,RTX 4060,8,21,0.060198,0.060519,0.061148,0.062778,2.677778,0.062222,0.984314
2026-07-31T01:08:01+00:00,on-demand,RTX 4060 Ti,3,6,0.062963,0.072593,0.082222,0.097963,0.113704,0.088333,0.98436
2026-07-31T01:08:01+00:00,on-demand,RTX 4070,2,3,0.082222,0.085463,0.088704,0.091944,0.095185,0.095185,0.990927
2026-07-31T01:08:01+00:00,on-demand,RTX 4070 Ti,9,25,0.088519,0.093889,0.094444,0.242222,0.282444,0.094444,0.99142
2026-07-31T01:08:01+00:00,on-demand,RTX 4070S,9,34,0.081111,0.081204,0.082407,0.084815,0.109074,0.084815,0.987705
2026-07-31T01:08:01+00:00,on-demand,RTX 4070S Ti,8,12,0.068889,0.104167,0.12337,0.212778,0.248889,0.186704,0.994711
2026-07-31T01:08:01+00:00,on-demand,RTX 4080,10,22,0.114259,0.157796,0.159926,0.18712,0.295556,0.187056,0.985145
2026-07-31T01:08:01+00:00,on-demand,RTX 4080S,20,65,0.098222,0.166389,0.201074,0.241602,0.803704,0.228741,0.99058
2026-07-31T01:08:01+00:00,on-demand,RTX 4090,53,222,0.168889,0.321111,0.467778,0.668889,1.334815,0.561667,0.995697
2026-07-31T01:08:01+00:00,on-demand,RTX 4090D,3,7,0.667222,0.6675,0.667778,0.668333,0.668889,,0.967226
2026-07-31T01:08:01+00:00,on-demand,RTX 5000Ada,3,3,0.402222,0.422222,0.442222,0.448889,0.455556,0.422222,0.99419
2026-07-31T01:08:01+00:00,on-demand,RTX 5060,4,4,0.075556,0.092222,0.123333,0.157222,0.182222,0.14,0.992355
2026-07-31T01:08:01+00:00,on-demand,RTX 5060 Ti,14,48,0.064444,0.082292,0.097272,0.160653,0.227407,0.106679,0.9965
2026-07-31T01:08:01+00:00,on-demand,RTX 5070,7,12,0.081481,0.088333,0.091111,0.095556,0.148147,0.09,0.996993
2026-07-31T01:08:01+00:00,on-demand,RTX 5070 Ti,2,8,0.120556,0.140602,0.160648,0.180694,0.200741,0.120556,0.991087
2026-07-31T01:08:01+00:00,on-demand,RTX 5080,19,70,0.133704,0.172437,0.174444,0.201296,0.802963,0.174074,0.994261
2026-07-31T01:08:01+00:00,on-demand,RTX 5090,50,156,0.283704,0.467016,0.535926,0.667292,2.668889,0.654796,0.990504
2026-07-31T01:08:01+00:00,on-demand,RTX 5880Ada,3,7,0.453852,0.511185,0.568519,0.569444,0.57037,0.568519,0.995944
2026-07-31T01:08:01+00:00,on-demand,RTX 6000Ada,9,24,0.302222,0.441111,0.640278,0.682074,0.788148,0.6615,0.993407
2026-07-31T01:08:01+00:00,on-demand,RTX A2000,4,5,0.034074,0.03563,0.264815,0.704,1.335556,,0.994741
2026-07-31T01:08:01+00:00,on-demand,RTX A4000,7,38,0.071778,0.120253,0.133519,0.133765,0.160277,0.133657,0.97131
2026-07-31T01:08:01+00:00,on-demand,RTX A5000,1,1,0.373037,0.373037,0.373037,0.373037,0.373037,0.373037,0.999429
2026-07-31T01:08:01+00:00,on-demand,RTX A6000,12,45,0.200278,0.347163,0.375,1.333681,1.335556,0.402222,0.971383
2026-07-31T01:08:01+00:00,on-demand,RTX PRO 4000,8,17,0.167222,0.168611,0.248056,0.318315,0.321481,0.318778,0.977064
2026-07-31T01:08:01+00:00,on-demand,RTX PRO 4500,1,1,0.308889,0.308889,0.308889,0.308889,0.308889,,0.949433
2026-07-31T01:08:01+00:00,on-demand,RTX PRO 5000,12,29,0.372593,0.640972,0.781148,0.889819,0.908148,0.889611,0.989505
2026-07-31T01:08:01+00:00,on-demand,RTX PRO 6000 S,9,25,1.200444,1.334815,1.482963,1.600556,1.736296,1.482963,0.967225
2026-07-31T01:08:01+00:00,on-demand,RTX PRO 6000 WS,18,42,0.867481,1.035139,1.260648,1.335722,5.334815,1.33463,0.992091
2026-07-31T01:08:01+00:00,on-demand,Tesla P100,5,10,0.068148,0.081481,0.094074,0.201111,0.202222,0.147593,0.989772
2026-07-31T01:08:01+00:00,on-demand,Tesla P40,2,6,0.132556,0.132694,0.132833,0.132972,0.133111,0.132833,0.993304
2026-07-31T01:08:01+00:00,on-demand,Tesla T4,2,3,12.000741,12.000926,12.001111,12.001296,12.001481,,0.972401
2026-07-31T01:08:01+00:00,on-demand,Tesla V100,10,32,0.093611,0.094722,0.157778,0.267153,0.335556,0.241852,0.983998
2026-07-31T01:08:01+00:00,on-demand,Titan RTX,1,1,0.162222,0.162222,0.162222,0.162222,0.162222,0.162222,0.99848
2026-07-31T01:08:01+00:00,on-demand,Titan Xp,1,1,0.055556,0.055556,0.055556,0.055556,0.055556,0.055556,0.998039
2026-07-31T01:08:01+00:00,bid,A100 PCIE,23,34,0.133889,0.134444,0.135556,0.135556,0.486098,0.135556,0.993683
2026-07-31T01:08:01+00:00,bid,A100 SXM4,35,72,0.135556,0.521111,0.760429,0.802667,1.002222,0.602917,0.99161
2026-07-31T01:08:01+00:00,bid,A10g,1,1,0.081185,0.081185,0.081185,0.081185,0.081185,,0.911239
2026-07-31T01:08:01+00:00,bid,A40,3,10,0.233704,0.233704,0.233704,0.233889,0.234074,0.233704,0.997276
2026-07-31T01:08:01+00:00,bid,A800 PCIE,7,12,0.136556,0.137111,0.138222,0.138222,0.138222,,0.994436
2026-07-31T01:08:01+00:00,bid,B200,9,31,5.000694,5.627083,5.877604,6.252604,7.376042,6.064453,0.990354
2026-07-31T01:08:01+00:00,bid,CMP 170HX,8,34,0.160185,0.160486,0.160833,0.161389,0.162222,,0.943263
2026-07-31T01:08:01+00:00,bid,GTX 1050 Ti,1,1,0.024444,0.024444,0.024444,0.024444,0.024444,,0.982225
2026-07-31T01:08:01+00:00,bid,GTX 1060,2,2,0.031111,0.04037,0.04963,0.058889,0.068148,0.068148,0.995138
2026-07-31T01:08:01+00:00,bid,GTX 1070,1,1,0.024444,0.024444,0.024444,0.024444,0.024444,0.024444,0.989306
2026-07-31T01:08:01+00:00,bid,GTX 1070 Ti,1,6,0.04037,0.04037,0.04037,0.04037,0.04037,0.04037,0.988101
2026-07-31T01:08:01+00:00,bid,GTX 1080,7,22,0.037037,0.04037,0.040556,0.041667,0.053704,0.040833,0.994068
2026-07-31T01:08:01+00:00,bid,GTX 1080 Ti,8,27,0.016,0.040496,0.041111,0.053757,0.055556,0.041111,0.997109
2026-07-31T01:08:01+00:00,bid,GTX 1650 S,1,1,0.04,0.04,0.04,0.04,0.04,,0.984472
2026-07-31T01:08:01+00:00,bid,GTX 1660 S,2,5,0.031111,0.033472,0.035833,0.038194,0.040556,0.040556,0.96192
2026-07-31T01:08:01+00:00,bid,GTX 1660 Ti,2,2,0.037778,0.042778,0.047778,0.052778,0.057778,0.037778,0.991839
2026-07-31T01:08:01+00:00,bid,H100 NVL,7,11,0.803259,0.806519,1.468889,1.735556,2.000556,0.806519,0.992474
2026-07-31T01:08:01+00:00,bid,H100 PCIE,3,13,1.333611,1.33375,1.333889,1.334722,1.335555,1.333889,0.963034
2026-07-31T01:08:01+00:00,bid,H100 SXM,13,36,0.668148,1.067407,1.491111,2.072,4.002222,2.369565,0.988313
2026-07-31T01:08:01+00:00,bid,H200,7,22,3.816155,3.816886,3.817251,3.948191,7.040022,3.817251,0.997608
2026-07-31T01:08:01+00:00,bid,H200 NVL,9,13,0.403778,0.404889,1.335556,2.002222,3.211111,0.703278,0.986689
2026-07-31T01:08:01+00:00,bid,L4,7,12,0.135556,0.241481,0.267778,0.27,0.320556,0.267963,0.997892
2026-07-31T01:08:01+00:00,bid,L40,2,4,0.267407,0.318333,0.369259,0.420185,0.471111,0.369259,0.992347
2026-07-31T01:08:01+00:00,bid,L40S,33,103,0.20037,0.333704,0.534815,0.540741,0.933611,0.537037,0.997081
2026-07-31T01:08:01+00:00,bid,Q RTX 5000,1,2,0.054074,0.054074,0.054074,0.054074,0.054074,,0.979545
2026-07-31T01:08:01+00:00,bid,Q RTX 8000,4,5,0.099222,0.099639,0.099778,0.112389,0.150222,0.099778,0.999501
2026-07-31T01:08:01+00:00,bid,Quadro GV100,1,1,0.134074,0.134074,0.134074,0.134074,0.134074,,0.968902
2026-07-31T01:08:01+00:00,bid,Quadro P4000,4,6,0.040741,0.041296,0.043574,0.04575,0.046,0.045833,0.968275
2026-07-31T01:08:01+00:00,bid,RTX 2060,3,4,0.027259,0.029185,0.031111,0.183333,0.335556,0.031111,0.991138
2026-07-31T01:08:01+00:00,bid,RTX 2060S,3,9,0.046778,0.046878,0.046978,0.085341,0.123704,0.046978,0.966471
2026-07-31T01:08:01+00:00,bid,RTX 2070S,4,25,0.066831,0.066847,0.066944,0.067037,0.067037,,0.987505
2026-07-31T01:08:01+00:00,bid,RTX 2080 Ti,5,8,0.037778,0.041111,0.042222,0.067802,0.108889,0.055012,0.99249
2026-07-31T01:08:01+00:00,bid,RTX 2080S,1,1,0.037778,0.037778,0.037778,0.037778,0.037778,0.037778,0.928344
2026-07-31T01:08:01+00:00,bid,RTX 3060,16,57,0.024741,0.040648,0.043852,0.053611,0.137037,0.053519,0.99133
2026-07-31T01:08:01+00:00,bid,RTX 3060 Ti,1,2,0.041852,0.041852,0.041852,0.041852,0.041852,0.041852,0.997775
2026-07-31T01:08:01+00:00,bid,RTX 3060 laptop,5,8,0.013481,0.038444,0.058815,0.069185,0.101111,0.069185,0.998769
2026-07-31T01:08:01+00:00,bid,RTX 3070,18,48,0.031556,0.053681,0.055,0.06863,0.202222,0.077556,0.991371
2026-07-31T01:08:01+00:00,bid,RTX 3070 laptop,1,1,0.442222,0.442222,0.442222,0.442222,0.442222,,0.965052
2026-07-31T01:08:01+00:00,bid,RTX 3080,13,35,0.041111,0.061481,0.068889,0.140556,0.24083,0.115278,0.991522
2026-07-31T01:08:01+00:00,bid,RTX 3080 Ti,9,13,0.015556,0.057037,0.088889,0.107778,0.175556,0.107778,0.994583
2026-07-31T01:08:01+00:00,bid,RTX 3090,70,161,0.053778,0.107778,0.134444,0.200972,0.376296,0.147083,0.991029
2026-07-31T01:08:01+00:00,bid,RTX 4000Ada,2,3,0.067556,0.091222,0.114889,0.138556,0.162222,,0.991867
2026-07-31T01:08:01+00:00,bid,RTX 4060,6,16,0.039852,0.053556,0.053778,0.053926,0.083704,0.061778,0.983622
2026-07-31T01:08:01+00:00,bid,RTX 4060 Ti,5,8,0.041111,0.057037,0.076889,0.107778,0.107778,0.107778,0.997843
2026-07-31T01:08:01+00:00,bid,RTX 4070,5,10,0.029222,0.054444,0.075222,0.075778,0.076889,0.0755,0.997266
2026-07-31T01:08:01+00:00,bid,RTX 4070 Ti,5,9,0.095556,0.108889,0.215556,0.240556,0.241111,0.162222,0.990598
2026-07-31T01:08:01+00:00,bid,RTX 4070S,14,53,0.067222,0.068935,0.075852,0.088106,0.098148,0.076296,0.991257
2026-07-31T01:08:01+00:00,bid,RTX 4070S Ti,11,21,0.074074,0.109722,0.200556,0.201667,0.202222,0.200833,0.999463
2026-07-31T01:08:01+00:00,bid,RTX 4080,11,22,0.071111,0.133852,0.147407,0.157926,0.255556,0.133852,0.982479
2026-07-31T01:08:01+00:00,bid,RTX 4080S,17,57,0.092889,0.135741,0.200556,0.240185,0.240741,0.221944,0.990469
2026-07-31T01:08:01+00:00,bid,RTX 4090,98,318,0.082494,0.200593,0.267778,0.403519,0.762222,0.352222,0.995581
2026-07-31T01:08:01+00:00,bid,RTX 4090D,3,7,0.604556,0.604833,0.605111,0.605667,0.606222,,0.967226
2026-07-31T01:08:01+00:00,bid,RTX 5000Ada,2,2,0.268889,0.285556,0.302222,0.318889,0.335556,0.302222,0.996228
2026-07-31T01:08:01+00:00,bid,RTX 5060,3,4,0.055556,0.075556,0.095556,0.122222,0.148889,0.102222,0.996531
2026-07-31T01:08:01+00:00,bid,RTX 5060 Ti,23,76,0.060926,0.080324,0.081852,0.14088,0.159222,0.090722,0.996534
2026-07-31T01:08:01+00:00,bid,RTX 5070,5,6,0.054815,0.055556,0.083704,0.091481,0.11074,0.091481,0.996328
2026-07-31T01:08:01+00:00,bid,RTX 5070 Ti,15,26,0.093889,0.101667,0.108889,0.134481,0.158963,0.108148,0.994138
2026-07-31T01:08:01+00:00,bid,RTX 5080,19,40,0.081111,0.115926,0.133432,0.154519,0.242222,0.154519,0.992335
2026-07-31T01:08:01+00:00,bid,RTX 5090,66,160,0.134815,0.273537,0.356759,0.419167,1.602222,0.373611,0.996507
2026-07-31T01:08:01+00:00,bid,RTX 5880Ada,5,7,0.295185,0.295185,0.297037,0.297037,0.297037,0.297037,0.995944
2026-07-31T01:08:01+00:00,bid,RTX 6000Ada,17,37,0.137778,0.139259,0.387778,0.468889,0.774444,0.37375,0.996192
2026-07-31T01:08:01+00:00,bid,RTX A2000,1,1,0.400148,0.400148,0.400148,0.400148,0.400148,,0.994282
2026-07-31T01:08:01+00:00,bid,RTX A4000,19,101,0.041111,0.093889,0.107037,0.133583,0.149748,0.121749,0.97131
2026-07-31T01:08:01+00:00,bid,RTX A5000,4,21,0.11037,0.138009,0.187103,0.227633,0.22958,0.226984,0.997372
2026-07-31T01:08:01+00:00,bid,RTX A6000,6,12,0.143704,0.227486,0.311639,0.330833,0.334444,,0.97952
2026-07-31T01:08:01+00:00,bid,RTX PRO 4000,13,23,0.067778,0.068889,0.20237,0.234444,0.241481,0.234444,0.995419
2026-07-31T01:08:01+00:00,bid,RTX PRO 5000,22,45,0.165185,0.294722,0.401481,0.467778,0.803704,0.401481,0.987504
2026-07-31T01:08:01+00:00,bid,RTX PRO 6000 S,21,42,0.335556,0.801481,1.062222,1.06963,1.467222,1.068148,0.99792
2026-07-31T01:08:01+00:00,bid,RTX PRO 6000 WS,27,46,0.334444,0.467963,0.603704,0.928056,2.544444,0.46963,0.994633
2026-07-31T01:08:01+00:00,bid,Tesla P100,4,5,0.041481,0.111204,0.135,0.135556,0.135556,0.135556,0.989772
2026-07-31T01:08:01+00:00,bid,Tesla P40,3,8,0.065889,0.066167,0.066444,0.066444,0.066444,0.066444,0.993304
2026-07-31T01:08:01+00:00,bid,Tesla T4,3,4,3.400741,3.401111,3.401481,3.401481,3.401481,,0.972401
2026-07-31T01:08:01+00:00,bid,Tesla V100,25,78,0.020278,0.020556,0.022222,0.160556,0.242222,0.162222,0.993777
2026-07-31T01:08:01+00:00,bid,Titan RTX,2,3,0.094444,0.104722,0.115,0.125278,0.135556,0.115,0.968238
2026-07-31T01:08:01+00:00,bid,Titan Xp,1,1,0.042222,0.042222,0.042222,0.042222,0.042222,0.042222,0.99612
2026-07-31T01:13:00+00:00,on-demand,A100 PCIE,13,35,0.333611,0.335556,0.868148,1.001111,1.002222,0.934352,0.990568
2026-07-31T01:13:00+00:00,on-demand,A100 SXM4,32,91,0.267037,0.787361,1.000833,1.212278,1.735185,0.934444,0.992088
2026-07-31T01:13:00+00:00,on-demand,A10g,1,1,0.161185,0.161185,0.161185,0.161185,0.161185,,0.911239
2026-07-31T01:13:00+00:00,on-demand,A40,2,6,0.287037,0.28713,0.287222,0.287315,0.287407,0.287222,0.997276
2026-07-31T01:13:00+00:00,on-demand,A800 PCIE,2,5,0.667222,0.667639,0.668056,0.668472,0.668889,,0.994436
2026-07-31T01:13:00+00:00,on-demand,B200,18,69,5.625694,6.250781,6.690104,6.875911,7.752083,6.690104,0.979606
2026-07-31T01:13:00+00:00,on-demand,B300,1,4,5.625521,5.625521,5.625521,5.625521,5.625521,,0.993432
2026-07-31T01:13:00+00:00,on-demand,CMP 170HX,4,19,0.186852,0.18713,0.1875,0.188056,0.188889,,0.943263
2026-07-31T01:13:00+00:00,on-demand,GTX 1050 Ti,1,1,0.611111,0.611111,0.611111,0.611111,0.611111,,0.982343
2026-07-31T01:13:00+00:00,on-demand,GTX 1060,3,4,0.087778,0.087963,0.088148,0.216296,0.344444,0.087963,0.999283
2026-07-31T01:13:00+00:00,on-demand,GTX 1070,1,1,0.531111,0.531111,0.531111,0.531111,0.531111,0.531111,0.989401
2026-07-31T01:13:00+00:00,on-demand,GTX 1070 Ti,1,6,0.04837,0.04837,0.04837,0.04837,0.04837,0.04837,0.988101
2026-07-31T01:13:00+00:00,on-demand,GTX 1080,4,8,0.048556,0.048806,0.049,0.050722,0.055556,0.049111,0.990129
2026-07-31T01:13:00+00:00,on-demand,GTX 1080 Ti,7,21,0.060556,0.061667,0.068889,0.07377,0.074444,0.067937,0.997109
2026-07-31T01:13:00+00:00,on-demand,GTX 1650 S,1,1,0.677778,0.677778,0.677778,0.677778,0.677778,,0.984472
2026-07-31T01:13:00+00:00,on-demand,GTX 1660,1,4,0.067963,0.067963,0.067963,0.067963,0.067963,0.067963,0.996978
2026-07-31T01:13:00+00:00,on-demand,GTX 1660 S,2,5,0.049889,0.150194,0.2505,0.350806,0.451111,0.049889,0.962724
2026-07-31T01:13:00+00:00,on-demand,GTX 1660 Ti,2,2,0.071111,0.206111,0.341111,0.476111,0.611111,0.611111,0.991839
2026-07-31T01:13:00+00:00,on-demand,H100 NVL,4,8,2.268889,2.368889,2.534815,2.834028,3.333889,2.868056,0.983594
2026-07-31T01:13:00+00:00,on-demand,H100 PCIE,4,15,1.866944,1.867153,1.868056,1.935278,2.134444,1.868056,0.963034
2026-07-31T01:13:00+00:00,on-demand,H100 SXM,12,38,1.601481,1.787778,2.201111,3.525616,4.167111,3.282824,0.992561
2026-07-31T01:13:00+00:00,on-demand,H200,7,25,3.934576,3.935307,4.211075,4.211349,7.30318,4.211075,0.99895
2026-07-31T01:13:00+00:00,on-demand,H200 NVL,6,19,2.800317,2.867639,3.095278,3.28125,4.011111,3.334444,0.98844
2026-07-31T01:13:00+00:00,on-demand,L4,4,8,0.295556,0.317778,0.329537,0.333935,0.334074,0.333889,0.996671
2026-07-31T01:13:00+00:00,on-demand,L40,2,4,0.454074,0.485,0.515926,0.546852,0.577778,0.515926,0.992347
2026-07-31T01:13:00+00:00,on-demand,L40S,15,59,0.40037,0.466944,0.534074,0.934583,1.074074,0.802222,0.996103
2026-07-31T01:13:00+00:00,on-demand,Q RTX 5000,1,2,0.080741,0.080741,0.080741,0.080741,0.080741,,0.979545
2026-07-31T01:13:00+00:00,on-demand,Q RTX 8000,4,8,0.253111,0.253556,0.253889,0.258444,0.271556,0.253889,0.99868
2026-07-31T01:13:00+00:00,on-demand,Quadro GV100,1,1,0.467407,0.467407,0.467407,0.467407,0.467407,,0.968902
2026-07-31T01:13:00+00:00,on-demand,Quadro P4000,4,7,0.048148,0.052593,0.054321,0.054815,0.055556,0.055062,0.975937
2026-07-31T01:13:00+00:00,on-demand,RTX 2060,1,1,0.411111,0.411111,0.411111,0.411111,0.411111,0.411111,0.991239
2026-07-31T01:13:00+00:00,on-demand,RTX 2060S,2,5,0.066978,0.121159,0.175341,0.229522,0.283704,0.175341,0.969612
2026-07-31T01:13:00+00:00,on-demand,RTX 2070S,2,12,0.073519,0.073565,0.073611,0.073657,0.073704,,0.987505
2026-07-31T01:13:00+00:00,on-demand,RTX 2080 Ti,9,29,0.067778,0.068889,0.080022,0.080056,0.811111,0.080022,0.994713
2026-07-31T01:13:00+00:00,on-demand,RTX 2080S,1,1,0.744444,0.744444,0.744444,0.744444,0.744444,0.744444,0.928344
2026-07-31T01:13:00+00:00,on-demand,RTX 3060,14,43,0.032741,0.067361,0.090463,0.369259,1.335556,0.211393,0.993675
2026-07-31T01:13:00+00:00,on-demand,RTX 3060 laptop,4,5,0.026815,0.037537,0.041667,0.057963,0.105185,0.105185,0.998769
2026-07-31T01:13:00+00:00,on-demand,RTX 3070,14,56,0.041111,0.074306,0.103781,0.107176,0.161852,0.075556,0.987307
2026-07-31T01:13:00+00:00,on-demand,RTX 3080,12,47,0.060222,0.105576,0.1135,0.143639,0.251496,0.113556,0.994291
2026-07-31T01:13:00+00:00,on-demand,RTX 3080 Ti,6,9,0.082222,0.1025,0.108333,0.127778,0.142222,0.121481,0.995323
2026-07-31T01:13:00+00:00,on-demand,RTX 3090,39,111,0.102963,0.143315,0.241296,0.768519,1.335556,0.266444,0.98845
2026-07-31T01:13:00+00:00,on-demand,RTX 3090 Ti,1,1,0.175556,0.175556,0.175556,0.175556,0.175556,,0.993211
2026-07-31T01:13:00+00:00,on-demand,RTX 4000Ada,1,1,0.202222,0.202222,0.202222,0.202222,0.202222,,0.995028
2026-07-31T01:13:00+00:00,on-demand,RTX 4060,5,9,0.060593,0.061111,0.061185,0.064444,2.677778,0.062778,0.985005
2026-07-31T01:13:00+00:00,on-demand,RTX 4060 Ti,2,6,0.066444,0.079926,0.093407,0.106889,0.12037,0.12037,0.981452
2026-07-31T01:13:00+00:00,on-demand,RTX 4070,4,6,0.081111,0.081944,0.085556,0.089444,0.091111,0.09,0.98802
2026-07-31T01:13:00+00:00,on-demand,RTX 4070 Ti,9,25,0.09037,0.093889,0.094444,0.242222,0.282444,0.094444,0.99142
2026-07-31T01:13:00+00:00,on-demand,RTX 4070S,10,40,0.080556,0.081134,0.082315,0.084213,0.107222,0.084815,0.987122
2026-07-31T01:13:00+00:00,on-demand,RTX 4070S Ti,6,12,0.107407,0.120694,0.12337,0.182241,0.247778,0.12337,0.995267
2026-07-31T01:13:00+00:00,on-demand,RTX 4080,10,22,0.114259,0.157796,0.159926,0.18075,0.295556,0.174574,0.985145
2026-07-31T01:13:00+00:00,on-demand,RTX 4080S,23,69,0.098222,0.162222,0.201037,0.207917,0.803704,0.201111,0.99058
2026-07-31T01:13:00+00:00,on-demand,RTX 4090,55,200,0.134444,0.306926,0.388889,0.602778,1.334815,0.561852,0.994236
2026-07-31T01:13:00+00:00,on-demand,RTX 4090D,3,7,0.667222,0.6675,0.667778,0.668333,0.668889,,0.967226
2026-07-31T01:13:00+00:00,on-demand,RTX 5000Ada,2,2,0.402222,0.415556,0.428889,0.442222,0.455556,0.402222,0.991604
2026-07-31T01:13:00+00:00,on-demand,RTX 5060,4,5,0.075185,0.075463,0.076296,0.103333,0.182222,0.077037,0.994989
2026-07-31T01:13:00+00:00,on-demand,RTX 5060 Ti,14,52,0.080556,0.087546,0.103944,0.172394,0.191556,0.121259,0.996821
2026-07-31T01:13:00+00:00,on-demand,RTX 5060 laptop,1,1,0.135556,0.135556,0.135556,0.135556,0.135556,,0.97072
2026-07-31T01:13:00+00:00,on-demand,RTX 5070,6,11,0.094259,0.097778,0.103333,0.118611,0.148147,0.103333,0.996862
2026-07-31T01:13:00+00:00,on-demand,RTX 5070 Ti,6,11,0.122963,0.128889,0.131667,0.184167,0.201111,0.165,0.993031
2026-07-31T01:13:00+00:00,on-demand,RTX 5080,20,70,0.133704,0.173759,0.187429,0.201111,0.802963,0.188148,0.988801
2026-07-31T01:13:00+00:00,on-demand,RTX 5090,49,147,0.212889,0.426852,0.47037,0.613452,2.002593,0.634889,0.9927
2026-07-31T01:13:00+00:00,on-demand,RTX 5880Ada,4,8,0.453852,0.455019,0.511963,0.568981,0.57037,0.511963,0.996876
2026-07-31T01:13:00+00:00,on-demand,RTX 6000Ada,10,25,0.302222,0.461204,0.5625,0.670949,0.788889,0.640463,0.99381
2026-07-31T01:13:00+00:00,on-demand,RTX A2000,4,5,0.034074,0.03563,0.264815,0.704,1.335556,,0.994741
2026-07-31T01:13:00+00:00,on-demand,RTX A4000,8,48,0.133468,0.133657,0.133858,0.152277,0.160415,0.160277,0.97131
2026-07-31T01:13:00+00:00,on-demand,RTX A5000,3,19,0.200556,0.21575,0.230944,0.230964,0.230984,0.230944,0.996647
2026-07-31T01:13:00+00:00,on-demand,RTX A6000,12,40,0.200556,0.347361,0.375556,0.733958,1.335556,0.403333,0.991282
2026-07-31T01:13:00+00:00,on-demand,RTX PRO 4000,10,21,0.167037,0.183519,0.262778,0.305315,0.337037,0.292778,0.991558
2026-07-31T01:13:00+00:00,on-demand,RTX PRO 4500,1,1,0.308889,0.308889,0.308889,0.308889,0.308889,,0.949433
2026-07-31T01:13:00+00:00,on-demand,RTX PRO 5000,14,31,0.36963,0.612361,0.763519,0.889819,1.085185,0.889611,0.987701
2026-07-31T01:13:00+00:00,on-demand,RTX PRO 6000 S,10,33,1.200889,1.430069,1.534167,1.700347,1.736296,1.600556,0.960886
2026-07-31T01:13:00+00:00,on-demand,RTX PRO 6000 WS,17,36,0.867481,1.067778,1.282222,1.403704,13.335556,1.335278,0.993502
2026-07-31T01:13:00+00:00,on-demand,Tesla P100,5,10,0.068148,0.081481,0.094074,0.201111,0.202222,0.147593,0.989772
2026-07-31T01:13:00+00:00,on-demand,Tesla P40,2,6,0.132556,0.132694,0.132833,0.132972,0.133111,0.132833,0.993304
2026-07-31T01:13:00+00:00,on-demand,Tesla T4,2,3,12.000741,12.000926,12.001111,12.001296,12.001481,,0.972401
2026-07-31T01:13:00+00:00,on-demand,Tesla V100,12,37,0.093611,0.095278,0.214222,0.267361,0.268889,0.226222,0.980372
2026-07-31T01:13:00+00:00,on-demand,Titan RTX,3,4,0.134444,0.135,0.135556,0.149259,0.162963,0.135556,0.987621
2026-07-31T01:13:00+00:00,on-demand,Titan Xp,1,1,0.055556,0.055556,0.055556,0.055556,0.055556,0.055556,0.99612
2026-07-31T01:13:00+00:00,bid,A100 PCIE,23,31,0.133889,0.135556,0.135556,0.202222,0.486098,0.201111,0.993683
2026-07-31T01:13:00+00:00,bid,A100 SXM4,43,82,0.135556,0.521111,0.668519,0.806214,1.002222,0.605185,0.99161
2026-07-31T01:13:00+00:00,bid,A10g,1,1,0.081185,0.081185,0.081185,0.081185,0.081185,,0.911239
2026-07-31T01:13:00+00:00,bid,A40,3,8,0.233704,0.233889,0.234074,0.234074,0.234074,0.234074,0.997276
2026-07-31T01:13:00+00:00,bid,A800 PCIE,7,12,0.136556,0.137111,0.138222,0.138222,0.138222,,0.994436
2026-07-31T01:13:00+00:00,bid,B200,17,67,5.000694,5.625347,5.877604,6.252604,7.377083,6.064453,0.979707
2026-07-31T01:13:00+00:00,bid,CMP 170HX,6,25,0.160185,0.160556,0.160833,0.161111,0.162222,,0.943263
2026-07-31T01:13:00+00:00,bid,GTX 1050 Ti,1,1,0.024444,0.024444,0.024444,0.024444,0.024444,,0.982343
2026-07-31T01:13:00+00:00,bid,GTX 1060,3,3,0.014074,0.022593,0.031111,0.04963,0.068148,0.068148,0.991085
2026-07-31T01:13:00+00:00,bid,GTX 1070,1,1,0.024444,0.024444,0.024444,0.024444,0.024444,0.024444,0.989401
2026-07-31T01:13:00+00:00,bid,GTX 1080,6,18,0.037037,0.04037,0.040741,0.041944,0.053704,0.041111,0.992375
2026-07-31T01:13:00+00:00,bid,GTX 1080 Ti,9,35,0.040317,0.040556,0.041111,0.053651,0.054074,0.041111,0.997109
2026-07-31T01:13:00+00:00,bid,GTX 1650 S,1,1,0.04,0.04,0.04,0.04,0.04,,0.984472
2026-07-31T01:13:00+00:00,bid,GTX 1660,1,1,0.037778,0.037778,0.037778,0.037778,0.037778,,0.991191
2026-07-31T01:13:00+00:00,bid,GTX 1660 S,2,5,0.031111,0.033472,0.035833,0.038194,0.040556,0.040556,0.962724
2026-07-31T01:13:00+00:00,bid,GTX 1660 Ti,2,2,0.037778,0.042778,0.047778,0.052778,0.057778,0.037778,0.991839
2026-07-31T01:13:00+00:00,bid,H100 NVL,7,11,0.803259,0.806519,1.468889,1.735556,2.000556,0.806519,0.992474
2026-07-31T01:13:00+00:00,bid,H100 PCIE,3,14,1.333611,1.33375,1.333889,1.4675,1.601111,1.333889,0.963034
2026-07-31T01:13:00+00:00,bid,H100 SXM,14,41,0.668148,1.067593,1.488333,2.517681,4.002222,2.069333,0.988188
2026-07-31T01:13:00+00:00,bid,H200,7,25,3.816155,3.816886,3.947917,3.948191,7.040022,3.947917,0.99895
2026-07-31T01:13:00+00:00,bid,H200 NVL,8,18,0.403778,0.404889,1.434325,1.902222,3.211111,0.404889,0.985081
2026-07-31T01:13:00+00:00,bid,L4,6,12,0.134444,0.155556,0.241481,0.267685,0.320556,0.267407,0.997634
2026-07-31T01:13:00+00:00,bid,L40,3,5,0.267407,0.335556,0.403704,0.437407,0.471111,0.403704,0.997267
2026-07-31T01:13:00+00:00,bid,L40S,30,95,0.200185,0.333565,0.500556,0.540741,0.933611,0.537037,0.997159
2026-07-31T01:13:00+00:00,bid,Q RTX 5000,1,2,0.054074,0.054074,0.054074,0.054074,0.054074,,0.979545
2026-07-31T01:13:00+00:00,bid,Q RTX 8000,6,7,0.099222,0.099778,0.099778,0.101611,0.150222,0.099778,0.999501
2026-07-31T01:13:00+00:00,bid,Quadro GV100,1,1,0.134074,0.134074,0.134074,0.134074,0.134074,,0.968902
2026-07-31T01:13:00+00:00,bid,Quadro P4000,4,6,0.040741,0.041296,0.043574,0.04575,0.046,0.045833,0.978307
2026-07-31T01:13:00+00:00,bid,RTX 2060,2,2,0.031111,0.107222,0.183333,0.259444,0.335556,0.183333,0.993241
2026-07-31T01:13:00+00:00,bid,RTX 2060S,2,8,0.046778,0.046828,0.046878,0.046928,0.046978,0.046878,0.97628
2026-07-31T01:13:00+00:00,bid,RTX 2070S,3,21,0.066831,0.066842,0.066852,0.066944,0.067037,,0.987505
2026-07-31T01:13:00+00:00,bid,RTX 2080 Ti,6,10,0.037778,0.041389,0.055012,0.068228,0.108889,0.067802,0.994233
2026-07-31T01:13:00+00:00,bid,RTX 2080S,1,1,0.037778,0.037778,0.037778,0.037778,0.037778,0.037778,0.929594
2026-07-31T01:13:00+00:00,bid,RTX 3060,15,43,0.024741,0.040741,0.042222,0.078167,0.137037,0.0841,0.99133
2026-07-31T01:13:00+00:00,bid,RTX 3060 laptop,6,10,0.013481,0.045204,0.067333,0.09313,0.101111,0.085148,0.99586
2026-07-31T01:13:00+00:00,bid,RTX 3070,15,43,0.040444,0.053889,0.055556,0.078222,0.202222,0.087556,0.99153
2026-07-31T01:13:00+00:00,bid,RTX 3070 Ti,1,2,0.054444,0.054444,0.054444,0.054444,0.054444,,0.996661
2026-07-31T01:13:00+00:00,bid,RTX 3070 laptop,1,1,0.442222,0.442222,0.442222,0.442222,0.442222,,0.965052
2026-07-31T01:13:00+00:00,bid,RTX 3080,12,30,0.041111,0.057648,0.087963,0.140694,0.24083,0.108889,0.990008
2026-07-31T01:13:00+00:00,bid,RTX 3080 Ti,6,7,0.015556,0.061667,0.085556,0.105556,0.175556,0.142222,0.994895
2026-07-31T01:13:00+00:00,bid,RTX 3090,68,170,0.042222,0.107778,0.14088,0.201259,0.376296,0.148148,0.990438
2026-07-31T01:13:00+00:00,bid,RTX 4000Ada,2,3,0.067556,0.091222,0.114889,0.138556,0.162222,,0.991867
2026-07-31T01:13:00+00:00,bid,RTX 4060,3,4,0.053926,0.054222,0.054519,0.069111,0.083704,0.083704,0.983622
2026-07-31T01:13:00+00:00,bid,RTX 4060 Ti,6,15,0.041111,0.050889,0.085259,0.103824,0.107778,0.107222,0.997274
2026-07-31T01:13:00+00:00,bid,RTX 4070,7,14,0.028741,0.029667,0.075222,0.0825,0.148889,0.0825,0.997266
2026-07-31T01:13:00+00:00,bid,RTX 4070 Ti,5,10,0.108148,0.215556,0.240556,0.241111,0.241111,0.215556,0.990598
2026-07-31T01:13:00+00:00,bid,RTX 4070S,17,55,0.067222,0.069074,0.071481,0.079407,0.098148,0.076296,0.989501
2026-07-31T01:13:00+00:00,bid,RTX 4070S Ti,11,21,0.054815,0.100759,0.200556,0.201667,0.202222,0.201111,0.999463
2026-07-31T01:13:00+00:00,bid,RTX 4080,10,19,0.133593,0.14713,0.147778,0.162815,0.255556,0.150778,0.958027
2026-07-31T01:13:00+00:00,bid,RTX 4080S,18,53,0.092889,0.135046,0.194509,0.231065,0.240741,0.221944,0.990469
2026-07-31T01:13:00+00:00,bid,RTX 4090,94,267,0.090765,0.201185,0.268333,0.394815,0.761111,0.347222,0.995218
2026-07-31T01:13:00+00:00,bid,RTX 4090D,5,9,0.604556,0.605111,0.606222,0.606222,0.606222,,0.967226
2026-07-31T01:13:00+00:00,bid,RTX 5000Ada,1,1,0.335556,0.335556,0.335556,0.335556,0.335556,0.335556,0.99419
2026-07-31T01:13:00+00:00,bid,RTX 5060,3,4,0.055556,0.075556,0.095556,0.122222,0.148889,0.102222,0.996531
2026-07-31T01:13:00+00:00,bid,RTX 5060 Ti,24,71,0.060926,0.077338,0.104889,0.147231,0.160889,0.120741,0.997118
2026-07-31T01:13:00+00:00,bid,RTX 5070,5,6,0.054815,0.055556,0.091481,0.11074,0.115556,0.11074,0.996035
2026-07-31T01:13:00+00:00,bid,RTX 5070 Ti,12,24,0.093889,0.095278,0.108333,0.111806,0.242222,0.101667,0.994861
2026-07-31T01:13:00+00:00,bid,RTX 5080,19,40,0.081111,0.125868,0.133481,0.168333,0.242222,0.154889,0.992335
2026-07-31T01:13:00+00:00,bid,RTX 5090,76,165,0.110222,0.270741,0.333602,0.403704,1.602222,0.333593,0.995885
2026-07-31T01:13:00+00:00,bid,RTX 5880Ada,5,7,0.295185,0.295185,0.297037,0.297037,0.297037,0.297037,0.993934
2026-07-31T01:13:00+00:00,bid,RTX 6000Ada,16,33,0.137778,0.196093,0.394028,0.488796,0.774444,0.40125,0.996252
2026-07-31T01:13:00+00:00,bid,RTX A2000,1,1,0.400148,0.400148,0.400148,0.400148,0.400148,,0.994282
2026-07-31T01:13:00+00:00,bid,RTX A4000,20,99,0.053926,0.075917,0.100345,0.113759,0.14961,0.08037,0.97131
2026-07-31T01:13:00+00:00,bid,RTX A5000,6,29,0.028556,0.119556,0.187048,0.227302,0.22958,0.226984,0.997372
2026-07-31T01:13:00+00:00,bid,RTX A6000,8,13,0.143704,0.204537,0.272195,0.307736,0.334074,,0.989561
2026-07-31T01:13:00+00:00,bid,RTX PRO 4000,13,22,0.067778,0.108889,0.214444,0.240741,0.241481,0.240741,0.997455
2026-07-31T01:13:00+00:00,bid,RTX PRO 5000,23,47,0.165185,0.34713,0.467778,0.475556,0.803704,0.4675,0.985918
2026-07-31T01:13:00+00:00,bid,RTX PRO 6000 S,22,43,0.335556,0.780021,1.06,1.06963,1.467222,1.065185,0.997431
2026-07-31T01:13:00+00:00,bid,RTX PRO 6000 WS,29,50,0.334444,0.535926,0.734963,0.922222,2.544444,0.734506,0.99324
2026-07-31T01:13:00+00:00,bid,Tesla P100,4,5,0.041481,0.111204,0.135,0.135556,0.135556,0.135556,0.989772
2026-07-31T01:13:00+00:00,bid,Tesla P40,3,8,0.065889,0.066167,0.066444,0.066444,0.066444,0.066444,0.993304
2026-07-31T01:13:00+00:00,bid,Tesla T4,2,3,3.400741,3.400926,3.401111,3.401296,3.401481,,0.972401
2026-07-31T01:13:00+00:00,bid,Tesla V100,23,72,0.020278,0.020556,0.022222,0.162222,0.242222,0.162222,0.993777
2026-07-31T01:13:00+00:00,bid,Titan RTX,4,5,0.094444,0.095278,0.102222,0.115556,0.135556,0.102222,0.968173
2026-07-31T01:13:00+00:00,bid,Titan Xp,1,1,0.042222,0.042222,0.042222,0.042222,0.042222,0.042222,0.996749
2026-07-31T01:18:30+00:00,on-demand,A100 PCIE,9,22,0.333611,0.335556,0.867037,1.002222,1.04,0.93463,0.993878
2026-07-31T01:18:30+00:00,on-demand,A100 SXM4,28,77,0.267037,0.734722,1.054759,1.1875,1.735185,1.187333,0.991026
2026-07-31T01:18:30+00:00,on-demand,A10g,1,1,0.161185,0.161185,0.161185,0.161185,0.161185,,0.912918
2026-07-31T01:18:30+00:00,on-demand,A40,1,4,0.287037,0.287037,0.287037,0.287037,0.287037,0.287037,0.997276
2026-07-31T01:18:30+00:00,on-demand,A800 PCIE,2,5,0.667222,0.667639,0.668056,0.668472,0.668889,,0.994443
2026-07-31T01:18:30+00:00,on-demand,B200,12,42,5.625694,6.689779,6.876563,7.644857,7.752083,6.877083,0.99222
2026-07-31T01:18:30+00:00,on-demand,B300,1,4,5.625521,5.625521,5.625521,5.625521,5.625521,,0.993445
2026-07-31T01:18:30+00:00,on-demand,CMP 170HX,4,15,0.186944,0.187153,0.1875,0.188056,0.188889,,0.943654
2026-07-31T01:18:30+00:00,on-demand,GTX 1050 Ti,1,1,0.611111,0.611111,0.611111,0.611111,0.611111,,0.982343
2026-07-31T01:18:30+00:00,on-demand,GTX 1060,3,4,0.087778,0.088333,0.088889,0.216667,0.344444,0.088333,0.999305
2026-07-31T01:18:30+00:00,on-demand,GTX 1070,1,1,0.531111,0.531111,0.531111,0.531111,0.531111,0.531111,0.989401
2026-07-31T01:18:30+00:00,on-demand,GTX 1070 Ti,1,1,0.050222,0.050222,0.050222,0.050222,0.050222,0.050222,0.988101
2026-07-31T01:18:30+00:00,on-demand,GTX 1080,3,9,0.042222,0.045296,0.04837,0.048741,0.049111,0.048741,0.99683
2026-07-31T01:18:30+00:00,on-demand,GTX 1080 Ti,5,18,0.060317,0.062222,0.068889,0.073651,0.074444,0.067937,0.997111
2026-07-31T01:18:30+00:00,on-demand,GTX 1650 S,1,1,0.677778,0.677778,0.677778,0.677778,0.677778,,0.984602
2026-07-31T01:18:30+00:00,on-demand,GTX 1660 S,1,1,0.451111,0.451111,0.451111,0.451111,0.451111,,0.930074
2026-07-31T01:18:30+00:00,on-demand,GTX 1660 Ti,2,2,0.071111,0.206111,0.341111,0.476111,0.611111,0.611111,0.991907
2026-07-31T01:18:30+00:00,on-demand,H100 NVL,7,12,1.602222,2.514815,2.668148,2.871556,3.333889,2.871556,0.996489
2026-07-31T01:18:30+00:00,on-demand,H100 PCIE,3,13,1.802222,1.834583,1.866944,1.867083,1.867222,1.866944,0.963074
2026-07-31T01:18:30+00:00,on-demand,H100 SXM,13,40,1.601481,1.734444,2.933889,3.847111,6.788889,2.934444,0.992562
2026-07-31T01:18:30+00:00,on-demand,H200,7,22,3.934576,3.935307,4.08114,4.211349,7.171601,4.08114,0.997668
2026-07-31T01:18:30+00:00,on-demand,H200 NVL,8,23,2.800317,2.800972,3.095278,3.334722,3.472222,3.335,0.988644
2026-07-31T01:18:30+00:00,on-demand,L4,4,5,0.202222,0.272222,0.315,0.334722,0.335556,0.335,0.98388
2026-07-31T01:18:30+00:00,on-demand,L40,2,4,0.454074,0.485,0.515926,0.546852,0.577778,0.515926,0.992355
2026-07-31T01:18:30+00:00,on-demand,L40S,16,60,0.40037,0.466991,0.667111,0.867847,1.074074,0.800741,0.996108
2026-07-31T01:18:30+00:00,on-demand,Q RTX 5000,1,2,0.080741,0.080741,0.080741,0.080741,0.080741,,0.983109
2026-07-31T01:18:30+00:00,on-demand,Q RTX 8000,4,8,0.252556,0.253417,0.254259,0.261333,0.280889,0.254259,0.99868
2026-07-31T01:18:30+00:00,on-demand,Quadro GV100,1,1,0.467407,0.467407,0.467407,0.467407,0.467407,,0.968909
2026-07-31T01:18:30+00:00,on-demand,Quadro P4000,5,9,0.047407,0.048148,0.054568,0.057037,0.067,0.057037,0.972327
2026-07-31T01:18:30+00:00,on-demand,RTX 2060,1,1,0.411111,0.411111,0.411111,0.411111,0.411111,0.411111,0.991239
2026-07-31T01:18:30+00:00,on-demand,RTX 2060S,2,5,0.080111,0.131009,0.181907,0.232806,0.283704,0.181907,0.959868
2026-07-31T01:18:30+00:00,on-demand,RTX 2070S,2,13,0.073498,0.073549,0.073601,0.073652,0.073704,,0.987506
2026-07-31T01:18:30+00:00,on-demand,RTX 2080 Ti,9,29,0.067778,0.074222,0.080032,0.08837,0.811111,0.080032,0.994713
2026-07-31T01:18:30+00:00,on-demand,RTX 2080S,1,1,0.744444,0.744444,0.744444,0.744444,0.744444,0.744444,0.929594
2026-07-31T01:18:30+00:00,on-demand,RTX 3060,13,54,0.032741,0.050852,0.062852,0.073498,1.334815,0.055556,0.991331
2026-07-31T01:18:30+00:00,on-demand,RTX 3060 laptop,4,5,0.026815,0.037537,0.041667,0.057963,0.105185,0.105185,0.998769
2026-07-31T01:18:30+00:00,on-demand,RTX 3070,9,45,0.042222,0.066944,0.067556,0.106944,0.107037,0.067556,0.989014
2026-07-31T01:18:30+00:00,on-demand,RTX 3070 laptop,1,1,0.468889,0.468889,0.468889,0.468889,0.468889,,0.965078
2026-07-31T01:18:30+00:00,on-demand,RTX 3080,12,45,0.060222,0.107169,0.1135,0.14487,0.251496,0.113556,0.994297
2026-07-31T01:18:30+00:00,on-demand,RTX 3080 Ti,3,3,0.082222,0.112222,0.142222,0.172963,0.203704,0.142222,0.981285
2026-07-31T01:18:30+00:00,on-demand,RTX 3090,39,125,0.080003,0.147167,0.233704,0.502037,1.334074,0.247481,0.99047
2026-07-31T01:18:30+00:00,on-demand,RTX 3090 Ti,1,1,0.175556,0.175556,0.175556,0.175556,0.175556,,0.993212
2026-07-31T01:18:30+00:00,on-demand,RTX 4000Ada,1,1,0.202222,0.202222,0.202222,0.202222,0.202222,,0.995039
2026-07-31T01:18:30+00:00,on-demand,RTX 4060,6,11,0.061111,0.061667,0.062593,0.068519,2.677778,0.062222,0.989455
2026-07-31T01:18:30+00:00,on-demand,RTX 4060 Ti,4,9,0.079778,0.102722,0.112037,0.121556,0.145111,0.112037,0.996301
2026-07-31T01:18:30+00:00,on-demand,RTX 4070,5,10,0.081111,0.081111,0.082222,0.082222,0.088889,0.082222,0.985893
2026-07-31T01:18:30+00:00,on-demand,RTX 4070 Ti,9,25,0.091111,0.093889,0.094444,0.242222,0.282444,0.094444,0.990609
2026-07-31T01:18:30+00:00,on-demand,RTX 4070S,8,28,0.080556,0.080849,0.081667,0.085417,0.08963,0.084815,0.993096
2026-07-31T01:18:30+00:00,on-demand,RTX 4070S Ti,7,16,0.067778,0.088148,0.120556,0.16263,0.247222,0.124148,0.994156
2026-07-31T01:18:30+00:00,on-demand,RTX 4080,9,20,0.114259,0.148148,0.158074,0.161037,0.187185,0.148148,0.982484
2026-07-31T01:18:30+00:00,on-demand,RTX 4080S,18,57,0.147222,0.200468,0.202148,0.267324,0.803704,0.254463,0.990597
2026-07-31T01:18:30+00:00,on-demand,RTX 4090,59,246,0.168889,0.307259,0.402222,0.581852,1.334815,0.467381,0.994598
2026-07-31T01:18:30+00:00,on-demand,RTX 4090D,3,7,0.667222,0.6675,0.667778,0.668333,0.668889,,0.967226
2026-07-31T01:18:30+00:00,on-demand,RTX 5000Ada,2,2,0.402222,0.415556,0.428889,0.442222,0.455556,0.402222,0.99161
2026-07-31T01:18:30+00:00,on-demand,RTX 5060,3,3,0.068889,0.072963,0.077037,0.12963,0.182222,0.12963,0.994991
2026-07-31T01:18:30+00:00,on-demand,RTX 5060 Ti,12,42,0.071852,0.081296,0.089685,0.134486,0.191556,0.106025,0.993522
2026-07-31T01:18:30+00:00,on-demand,RTX 5060 laptop,1,1,0.135556,0.135556,0.135556,0.135556,0.135556,,0.970724
2026-07-31T01:18:30+00:00,on-demand,RTX 5070,6,10,0.081481,0.088611,0.093704,0.105463,0.148147,0.099815,0.997331
2026-07-31T01:18:30+00:00,on-demand,RTX 5070 Ti,4,7,0.120556,0.126806,0.132222,0.142593,0.163704,0.14213,0.995054
2026-07-31T01:18:30+00:00,on-demand,RTX 5080,17,65,0.133704,0.173651,0.174444,0.202222,0.802963,0.174074,0.994268
2026-07-31T01:18:30+00:00,on-demand,RTX 5090,52,157,0.212889,0.423556,0.504803,0.668981,2.668889,0.600823,0.993954
2026-07-31T01:18:30+00:00,on-demand,RTX 5880Ada,3,7,0.453852,0.511185,0.568519,0.569444,0.57037,0.568519,0.993944
2026-07-31T01:18:30+00:00,on-demand,RTX 6000Ada,9,24,0.302222,0.441111,0.640278,0.681111,0.735556,0.661019,0.994968
2026-07-31T01:18:30+00:00,on-demand,RTX A2000,3,4,0.034074,0.035111,0.036148,0.264815,0.493481,,0.995199
2026-07-31T01:18:30+00:00,on-demand,RTX A4000,7,44,0.067259,0.133493,0.133704,0.141691,0.160277,0.160277,0.97131
2026-07-31T01:18:30+00:00,on-demand,RTX A5000,6,23,0.230914,0.23109,0.300222,30.092815,40.001481,0.231196,0.997372
2026-07-31T01:18:30+00:00,on-demand,RTX A6000,10,36,0.346984,0.3475,0.403333,1.133727,1.334444,0.403333,0.991289
2026-07-31T01:18:30+00:00,on-demand,RTX PRO 4000,8,22,0.167037,0.212778,0.290778,0.319901,0.335185,0.319704,0.992178
2026-07-31T01:18:30+00:00,on-demand,RTX PRO 4500,1,1,0.308889,0.308889,0.308889,0.308889,0.308889,,0.949673
2026-07-31T01:18:30+00:00,on-demand,RTX PRO 5000,14,31,0.36963,0.601574,0.663704,0.878134,0.958815,0.668889,0.991118
2026-07-31T01:18:30+00:00,on-demand,RTX PRO 6000 S,10,26,1.200889,1.485069,1.567222,1.71135,1.736296,1.600556,0.981381
2026-07-31T01:18:30+00:00,on-demand,RTX PRO 6000 WS,17,34,0.802222,1.014444,1.282222,1.511852,13.335556,1.269815,0.993517
2026-07-31T01:18:30+00:00,on-demand,Tesla P100,5,10,0.068148,0.094074,0.094815,0.201111,0.202222,0.147963,0.987481
2026-07-31T01:18:30+00:00,on-demand,Tesla P40,2,6,0.132556,0.132694,0.132833,0.132972,0.133111,0.132833,0.993307
2026-07-31T01:18:30+00:00,on-demand,Tesla T4,2,3,12.000741,12.000926,12.001111,12.001296,12.001481,,0.972401
2026-07-31T01:18:30+00:00,on-demand,Tesla V100,9,30,0.093611,0.094444,0.167407,0.266944,0.335556,0.274222,0.972721
2026-07-31T01:18:30+00:00,on-demand,Titan RTX,1,1,0.162222,0.162222,0.162222,0.162222,0.162222,0.162222,0.99848
2026-07-31T01:18:30+00:00,on-demand,Titan Xp,1,1,0.062222,0.062222,0.062222,0.062222,0.062222,0.062222,0.996687
2026-07-31T01:18:30+00:00,bid,A100 PCIE,23,30,0.134444,0.135,0.135556,0.201852,0.486098,0.201111,0.993878
2026-07-31T01:18:30+00:00,bid,A100 SXM4,45,87,0.135556,0.521111,0.667963,0.867778,1.002222,0.605185,0.988081
2026-07-31T01:18:30+00:00,bid,A10g,1,1,0.081185,0.081185,0.081185,0.081185,0.081185,,0.912918
2026-07-31T01:18:30+00:00,bid,A40,2,6,0.233704,0.233796,0.233889,0.233981,0.234074,0.233889,0.996875
2026-07-31T01:18:30+00:00,bid,A800 PCIE,6,10,0.129889,0.130722,0.131556,0.131556,0.131556,,0.994443
2026-07-31T01:18:30+00:00,bid,B200,13,43,5.000694,5.626042,5.876302,6.252604,7.377083,5.876953,0.990365
2026-07-31T01:18:30+00:00,bid,CMP 170HX,7,35,0.160185,0.160417,0.160556,0.160833,0.162222,,0.943654
2026-07-31T01:18:30+00:00,bid,GTX 1050 Ti,1,1,0.024444,0.024444,0.024444,0.024444,0.024444,,0.982343
2026-07-31T01:18:30+00:00,bid,GTX 1060,3,3,0.014074,0.022593,0.031111,0.04963,0.068148,0.068148,0.991085
2026-07-31T01:18:30+00:00,bid,GTX 1070,1,1,0.024444,0.024444,0.024444,0.024444,0.024444,0.024444,0.989401
2026-07-31T01:18:30+00:00,bid,GTX 1070 Ti,1,6,0.04037,0.04037,0.04037,0.04037,0.04037,0.04037,0.988101
2026-07-31T01:18:30+00:00,bid,GTX 1080,5,12,0.028889,0.034519,0.04037,0.041111,0.053704,0.040741,0.99683
2026-07-31T01:18:30+00:00,bid,GTX 1080 Ti,8,31,0.040317,0.040694,0.047381,0.053935,0.055556,0.047381,0.997111
2026-07-31T01:18:30+00:00,bid,GTX 1650 S,1,1,0.037778,0.037778,0.037778,0.037778,0.037778,,0.984602
2026-07-31T01:18:30+00:00,bid,GTX 1660 S,2,5,0.031111,0.033472,0.035833,0.038194,0.040556,0.040556,0.963034
2026-07-31T01:18:30+00:00,bid,GTX 1660 Ti,2,2,0.037778,0.042778,0.047778,0.052778,0.057778,0.037778,0.991907
2026-07-31T01:18:30+00:00,bid,H100 NVL,8,12,0.803259,0.806519,1.535556,1.848889,2.000556,1.20437,0.983605
2026-07-31T01:18:30+00:00,bid,H100 PCIE,5,18,1.333611,1.333889,1.333889,1.335555,1.602222,1.333889,0.963074
2026-07-31T01:18:30+00:00,bid,H100 SXM,16,43,0.602222,0.968519,1.869444,2.667245,6.668889,2.600787,0.992288
2026-07-31T01:18:30+00:00,bid,H200,7,22,3.486404,3.816338,3.817251,3.948191,6.908443,3.817251,0.997668
2026-07-31T01:18:30+00:00,bid,H200 NVL,9,25,0.403778,0.404889,1.335556,1.867222,3.205556,0.404889,0.988644
2026-07-31T01:18:30+00:00,bid,L4,9,15,0.134444,0.135556,0.267778,0.271852,0.322222,0.268519,0.997377
2026-07-31T01:18:30+00:00,bid,L40,2,4,0.267407,0.318333,0.369259,0.420185,0.471111,0.369259,0.992355
2026-07-31T01:18:30+00:00,bid,L40S,29,83,0.200185,0.333704,0.534815,0.540741,0.933611,0.536111,0.998373
2026-07-31T01:18:30+00:00,bid,Q RTX 5000,1,2,0.054074,0.054074,0.054074,0.054074,0.054074,,0.983109
2026-07-31T01:18:30+00:00,bid,Q RTX 8000,5,6,0.015556,0.099222,0.099778,0.099778,0.099778,0.099778,0.999501
2026-07-31T01:18:30+00:00,bid,Quadro GV100,1,1,0.134074,0.134074,0.134074,0.134074,0.134074,,0.968909
2026-07-31T01:18:30+00:00,bid,Quadro P4000,5,8,0.040741,0.041481,0.045667,0.046,0.047778,0.046,0.987416
2026-07-31T01:18:30+00:00,bid,RTX 2060,3,4,0.027259,0.029185,0.031111,0.183333,0.335556,0.031111,0.991239
2026-07-31T01:18:30+00:00,bid,RTX 2060S,3,9,0.046778,0.046878,0.046978,0.085341,0.123704,0.046978,0.966539
2026-07-31T01:18:30+00:00,bid,RTX 2070S,3,17,0.066831,0.066934,0.067037,0.067037,0.067037,,0.987506
2026-07-31T01:18:30+00:00,bid,RTX 2080 Ti,6,10,0.037778,0.041389,0.055012,0.068228,0.108889,0.067802,0.99424
2026-07-31T01:18:30+00:00,bid,RTX 2080S,1,1,0.037778,0.037778,0.037778,0.037778,0.037778,0.037778,0.929594
2026-07-31T01:18:30+00:00,bid,RTX 3060,14,49,0.024741,0.040833,0.0455,0.090491,0.137037,0.0841,0.991331
2026-07-31T01:18:30+00:00,bid,RTX 3060 Ti,1,1,0.057037,0.057037,0.057037,0.057037,0.057037,0.057037,0.995748
2026-07-31T01:18:30+00:00,bid,RTX 3060 laptop,5,8,0.013481,0.038444,0.065481,0.069185,0.101111,0.069185,0.998088
2026-07-31T01:18:30+00:00,bid,RTX 3070,11,34,0.040444,0.05375,0.067407,0.078407,0.202222,0.068519,0.991555
2026-07-31T01:18:30+00:00,bid,RTX 3070 laptop,1,1,0.442222,0.442222,0.442222,0.442222,0.442222,,0.965078
2026-07-31T01:18:30+00:00,bid,RTX 3080,12,33,0.041111,0.056926,0.087546,0.1655,0.24083,0.138056,0.989359
2026-07-31T01:18:30+00:00,bid,RTX 3080 Ti,7,8,0.015556,0.04963,0.095556,0.108333,0.118222,0.108333,0.995209
2026-07-31T01:18:30+00:00,bid,RTX 3090,58,141,0.051778,0.107778,0.134778,0.202037,0.375556,0.146944,0.989997
2026-07-31T01:18:30+00:00,bid,RTX 4000Ada,2,2,0.068444,0.091889,0.115333,0.138778,0.162222,,0.991894
2026-07-31T01:18:30+00:00,bid,RTX 4060,3,5,0.053926,0.053926,0.053926,0.054741,0.055556,,0.983708
2026-07-31T01:18:30+00:00,bid,RTX 4060 Ti,8,22,0.039778,0.041944,0.072556,0.097083,0.107778,0.093667,0.995336
2026-07-31T01:18:30+00:00,bid,RTX 4070,6,10,0.027741,0.028306,0.041667,0.082569,0.148889,0.091944,0.991709
2026-07-31T01:18:30+00:00,bid,RTX 4070 Ti,6,11,0.081481,0.135556,0.228056,0.240972,0.241111,0.108889,0.991021
2026-07-31T01:18:30+00:00,bid,RTX 4070S,14,45,0.067222,0.069537,0.075407,0.082106,0.098148,0.080306,0.991277
2026-07-31T01:18:30+00:00,bid,RTX 4070S Ti,10,21,0.054815,0.094028,0.09463,0.200972,0.202222,0.200556,0.995275
2026-07-31T01:18:30+00:00,bid,RTX 4080,9,17,0.133593,0.138222,0.147407,0.148148,0.255556,0.150778,0.975211
2026-07-31T01:18:30+00:00,bid,RTX 4080S,19,62,0.104444,0.135741,0.200278,0.221944,0.240741,0.203704,0.990489
2026-07-31T01:18:30+00:00,bid,RTX 4090,101,318,0.090765,0.201185,0.293111,0.401852,0.762222,0.387778,0.995587
2026-07-31T01:18:30+00:00,bid,RTX 4090D,4,8,0.604556,0.604972,0.605667,0.606222,0.606222,,0.967226
2026-07-31T01:18:30+00:00,bid,RTX 5000Ada,1,1,0.335556,0.335556,0.335556,0.335556,0.335556,0.335556,0.9942
2026-07-31T01:18:30+00:00,bid,RTX 5060,3,4,0.055556,0.075556,0.095556,0.122222,0.148889,0.102222,0.996531
2026-07-31T01:18:30+00:00,bid,RTX 5060 Ti,22,68,0.060926,0.080301,0.094537,0.134074,0.158444,0.095185,0.996501
2026-07-31T01:18:30+00:00,bid,RTX 5070,6,9,0.054815,0.082315,0.097222,0.113518,0.115556,0.11074,0.996038
2026-07-31T01:18:30+00:00,bid,RTX 5070 Ti,9,14,0.094444,0.108889,0.108889,0.120556,0.157037,0.1275,0.997864
2026-07-31T01:18:30+00:00,bid,RTX 5080,19,41,0.02963,0.119778,0.133432,0.140963,0.242222,0.134222,0.989152
2026-07-31T01:18:30+00:00,bid,RTX 5090,70,148,0.125556,0.271111,0.32963,0.40213,0.802963,0.324,0.995902
2026-07-31T01:18:30+00:00,bid,RTX 5880Ada,6,8,0.295185,0.295648,0.297037,0.297037,0.297037,0.297037,0.995945
2026-07-31T01:18:30+00:00,bid,RTX 6000Ada,17,37,0.137778,0.201481,0.400278,0.467778,0.680889,0.401111,0.996482
2026-07-31T01:18:30+00:00,bid,RTX A2000,1,1,0.400148,0.400148,0.400148,0.400148,0.400148,,0.994283
2026-07-31T01:18:30+00:00,bid,RTX A4000,15,78,0.041111,0.087037,0.106801,0.107099,0.149748,0.093889,0.97131
2026-07-31T01:18:30+00:00,bid,RTX A5000,9,33,0.11037,0.147222,0.227407,0.334074,0.334815,0.227196,0.971796
2026-07-31T01:18:30+00:00,bid,RTX A6000,4,9,0.202593,0.277273,0.311639,0.324352,0.334074,,0.981385
2026-07-31T01:18:30+00:00,bid,RTX PRO 4000,13,26,0.067778,0.068889,0.214444,0.240494,0.241481,0.240494,0.995424
2026-07-31T01:18:30+00:00,bid,RTX PRO 5000,21,42,0.135111,0.40037,0.467222,0.533889,0.803704,0.467083,0.985949
2026-07-31T01:18:30+00:00,bid,RTX PRO 6000 S,23,46,0.335556,0.726272,0.802963,1.068889,1.467222,1.062222,0.997023
2026-07-31T01:18:30+00:00,bid,RTX PRO 6000 WS,26,43,0.334444,0.538518,0.668889,0.934306,2.544444,0.600296,0.989921
2026-07-31T01:18:30+00:00,bid,Tesla P100,3,4,0.041481,0.087963,0.134444,0.135,0.135556,0.135,0.9898
2026-07-31T01:18:30+00:00,bid,Tesla P40,3,8,0.065889,0.066167,0.066444,0.066444,0.066444,0.066444,0.993307
2026-07-31T01:18:30+00:00,bid,Tesla T4,3,4,3.400741,3.401111,3.401481,3.401481,3.401481,,0.972401
2026-07-31T01:18:30+00:00,bid,Tesla V100,24,68,0.020278,0.020556,0.08463,0.14125,0.242222,0.162222,0.993778
2026-07-31T01:18:30+00:00,bid,Titan RTX,4,5,0.094444,0.095278,0.102222,0.115556,0.135556,0.102222,0.968927
2026-07-31T01:18:30+00:00,bid,Titan Xp,1,1,0.042222,0.042222,0.042222,0.042222,0.042222,0.042222,0.99804
2026-07-31T01:23:03+00:00,on-demand,A100 PCIE,13,31,0.333611,0.335556,0.736,1.001111,1.041333,0.74,0.997691
2026-07-31T01:23:03+00:00,on-demand,A100 SXM4,26,72,0.267407,0.817708,1.021889,1.187833,1.471096,0.988741,0.993793
2026-07-31T01:23:03+00:00,on-demand,A10g,1,1,0.161185,0.161185,0.161185,0.161185,0.161185,,0.912918
2026-07-31T01:23:03+00:00,on-demand,A40,1,4,0.287037,0.287037,0.287037,0.287037,0.287037,0.287037,0.996474
2026-07-31T01:23:03+00:00,on-demand,A800 PCIE,3,7,0.667222,0.6675,0.667778,0.668333,0.668889,,0.994443
2026-07-31T01:23:03+00:00,on-demand,B200,10,39,6.000694,6.251302,6.689453,7.500521,7.752083,6.690104,0.993176
2026-07-31T01:23:03+00:00,on-demand,B300,1,4,5.625521,5.625521,5.625521,5.625521,5.625521,,0.993445
2026-07-31T01:23:03+00:00,on-demand,CMP 170HX,4,19,0.186852,0.18713,0.1875,0.188056,0.188889,,0.943654
2026-07-31T01:23:03+00:00,on-demand,GTX 1050 Ti,1,1,0.611111,0.611111,0.611111,0.611111,0.611111,,0.982343
2026-07-31T01:23:03+00:00,on-demand,GTX 1060,3,4,0.087778,0.087963,0.088148,0.216296,0.344444,0.087963,0.999283
2026-07-31T01:23:03+00:00,on-demand,GTX 1070,1,1,0.531111,0.531111,0.531111,0.531111,0.531111,0.531111,0.989401
2026-07-31T01:23:03+00:00,on-demand,GTX 1070 Ti,1,2,0.049111,0.049111,0.049111,0.049111,0.049111,0.049111,0.997386
2026-07-31T01:23:03+00:00,on-demand,GTX 1080,4,12,0.04837,0.048509,0.048722,0.050556,0.055556,0.048556,0.990801
2026-07-31T01:23:03+00:00,on-demand,GTX 1080 Ti,6,23,0.060317,0.061972,0.067556,0.07246,0.074074,0.066222,0.997377
2026-07-31T01:23:03+00:00,on-demand,GTX 1650 S,1,1,0.677778,0.677778,0.677778,0.677778,0.677778,,0.984602
2026-07-31T01:23:03+00:00,on-demand,GTX 1660,1,1,0.677778,0.677778,0.677778,0.677778,0.677778,,0.991307
2026-07-31T01:23:03+00:00,on-demand,GTX 1660 S,2,5,0.049889,0.150194,0.2505,0.350806,0.451111,0.049889,0.963034
2026-07-31T01:23:03+00:00,on-demand,GTX 1660 Ti,2,2,0.071111,0.206111,0.341111,0.476111,0.611111,0.611111,0.991907
2026-07-31T01:23:03+00:00,on-demand,H100 NVL,6,11,2.268889,2.438519,2.748667,2.83237,3.333889,2.831556,0.994491
2026-07-31T01:23:03+00:00,on-demand,H100 PCIE,3,14,1.866944,1.867083,1.867222,1.8675,1.867778,1.867222,0.963074
2026-07-31T01:23:03+00:00,on-demand,H100 SXM,13,39,1.601481,1.811111,2.933889,3.500444,5.068889,2.934444,0.992531
2026-07-31T01:23:03+00:00,on-demand,H200,7,22,3.934576,3.935307,4.08114,4.211349,7.171601,4.08114,0.997668
2026-07-31T01:23:03+00:00,on-demand,H200 NVL,5,9,3.068889,3.121667,3.334444,3.477778,4.922222,3.406111,0.987611
2026-07-31T01:23:03+00:00,on-demand,L4,5,9,0.202222,0.295556,0.333889,0.334444,0.335556,0.334444,0.997893
2026-07-31T01:23:03+00:00,on-demand,L40,2,4,0.454074,0.485,0.515926,0.546852,0.577778,0.515926,0.992355
2026-07-31T01:23:03+00:00,on-demand,L40S,15,58,0.400741,0.498333,0.534074,0.801111,1.074074,0.800556,0.996108
2026-07-31T01:23:03+00:00,on-demand,Q RTX 5000,1,2,0.080741,0.080741,0.080741,0.080741,0.080741,,0.983109
2026-07-31T01:23:03+00:00,on-demand,Q RTX 8000,3,7,0.253704,0.253889,0.254074,0.267481,0.280889,0.254074,0.99868
2026-07-31T01:23:03+00:00,on-demand,Quadro GV100,1,1,0.467407,0.467407,0.467407,0.467407,0.467407,,0.968909
2026-07-31T01:23:03+00:00,on-demand,Quadro P4000,5,9,0.054074,0.054568,0.054815,0.055185,0.055556,0.055185,0.972327
2026-07-31T01:23:03+00:00,on-demand,RTX 2060,1,1,0.415556,0.415556,0.415556,0.415556,0.415556,0.415556,0.995246
2026-07-31T01:23:03+00:00,on-demand,RTX 2060S,1,1,0.283704,0.283704,0.283704,0.283704,0.283704,0.283704,0.953197
2026-07-31T01:23:03+00:00,on-demand,RTX 2070S,3,21,0.073498,0.073508,0.073519,0.073611,0.073704,,0.987506
2026-07-31T01:23:03+00:00,on-demand,RTX 2080 Ti,10,31,0.040444,0.068889,0.080027,0.080097,0.811111,0.080032,0.993602
2026-07-31T01:23:03+00:00,on-demand,RTX 3060,13,47,0.033481,0.050852,0.068889,0.152415,1.335556,0.152415,0.997014
2026-07-31T01:23:03+00:00,on-demand,RTX 3060 laptop,4,5,0.026815,0.037537,0.041667,0.057963,0.105185,0.105185,0.998769
2026-07-31T01:23:03+00:00,on-demand,RTX 3070,8,44,0.042222,0.062153,0.070714,0.106944,0.107037,0.070714,0.989418
2026-07-31T01:23:03+00:00,on-demand,RTX 3070 laptop,1,1,0.468889,0.468889,0.468889,0.468889,0.468889,,0.965078
2026-07-31T01:23:03+00:00,on-demand,RTX 3080,11,40,0.060278,0.100977,0.113444,0.132583,0.251496,0.1135,0.994297
2026-07-31T01:23:03+00:00,on-demand,RTX 3080 Ti,5,8,0.068889,0.082222,0.114444,0.134074,0.142222,0.134074,0.992094
2026-07-31T01:23:03+00:00,on-demand,RTX 3090,35,106,0.111481,0.144167,0.247037,0.801296,1.336296,0.247556,0.988955
2026-07-31T01:23:03+00:00,on-demand,RTX 3090 Ti,1,1,0.175556,0.175556,0.175556,0.175556,0.175556,,0.993212
2026-07-31T01:23:03+00:00,on-demand,RTX 4000Ada,1,1,0.202222,0.202222,0.202222,0.202222,0.202222,,0.995039
2026-07-31T01:23:03+00:00,on-demand,RTX 4060,6,11,0.060593,0.061389,0.062593,0.064074,2.677778,0.062222,0.985518
2026-07-31T01:23:03+00:00,on-demand,RTX 4060 Ti,6,17,0.058148,0.067685,0.082037,0.105741,0.120296,0.081852,0.984486
2026-07-31T01:23:03+00:00,on-demand,RTX 4060 laptop,1,1,0.148148,0.148148,0.148148,0.148148,0.148148,0.148148,0.996465
2026-07-31T01:23:03+00:00,on-demand,RTX 4070,3,4,0.081111,0.081667,0.082222,0.082222,0.082222,0.082222,0.984195
2026-07-31T01:23:03+00:00,on-demand,RTX 4070 Ti,8,24,0.093111,0.094306,0.096667,0.252139,0.282444,0.095556,0.993277
2026-07-31T01:23:03+00:00,on-demand,RTX 4070S,8,20,0.080556,0.081944,0.082407,0.084815,0.08963,0.084815,0.987735
2026-07-31T01:23:03+00:00,on-demand,RTX 4070S Ti,6,14,0.068889,0.110694,0.120833,0.181111,0.247222,0.121111,0.995275
2026-07-31T01:23:03+00:00,on-demand,RTX 4080,10,29,0.157704,0.159667,0.181241,0.248935,0.270074,0.228352,0.982484
2026-07-31T01:23:03+00:00,on-demand,RTX 4080S,21,69,0.14787,0.200278,0.201481,0.228741,0.803704,0.214926,0.990597
2026-07-31T01:23:03+00:00,on-demand,RTX 4090,56,197,0.167778,0.320972,0.441944,0.622361,1.334815,0.468889,0.995232
2026-07-31T01:23:03+00:00,on-demand,RTX 4090D,3,7,0.667222,0.6675,0.667778,0.668333,0.668889,,0.967226
2026-07-31T01:23:03+00:00,on-demand,RTX 5000Ada,1,1,0.455556,0.455556,0.455556,0.455556,0.455556,,0.989021
2026-07-31T01:23:03+00:00,on-demand,RTX 5060,3,3,0.068889,0.072963,0.077037,0.12963,0.182222,0.12963,0.994991
2026-07-31T01:23:03+00:00,on-demand,RTX 5060 Ti,13,45,0.071852,0.086944,0.113778,0.176278,0.227407,0.116809,0.994904
2026-07-31T01:23:03+00:00,on-demand,RTX 5070,7,10,0.081481,0.092963,0.108519,0.137037,0.148147,0.127963,0.996733
2026-07-31T01:23:03+00:00,on-demand,RTX 5070 Ti,7,15,0.120556,0.121667,0.135556,0.194815,0.201111,0.121111,0.995009
2026-07-31T01:23:03+00:00,on-demand,RTX 5080,19,68,0.133704,0.17327,0.173889,0.235733,0.802963,0.173651,0.9959
2026-07-31T01:23:03+00:00,on-demand,RTX 5090,50,142,0.302963,0.45763,0.541103,0.654352,2.668889,0.650296,0.991962
2026-07-31T01:23:03+00:00,on-demand,RTX 5880Ada,3,7,0.453852,0.511185,0.568519,0.569444,0.57037,0.568519,0.995945
2026-07-31T01:23:03+00:00,on-demand,RTX 6000Ada,10,25,0.302222,0.461204,0.615694,0.671009,0.735556,0.640926,0.99657
2026-07-31T01:23:03+00:00,on-demand,RTX A2000,5,6,0.034074,0.036148,0.036148,0.493481,1.335556,,0.995199
2026-07-31T01:23:03+00:00,on-demand,RTX A4000,7,42,0.093889,0.126919,0.133704,0.140386,0.160277,0.12037,0.97131
2026-07-31T01:23:03+00:00,on-demand,RTX A5000,4,13,0.230914,0.333506,20.184222,40.000926,40.001481,0.299309,0.984222
2026-07-31T01:23:03+00:00,on-demand,RTX A6000,13,49,0.200278,0.347222,0.402222,1.333611,1.335556,0.403333,0.951683
2026-07-31T01:23:03+00:00,on-demand,RTX PRO 4000,10,22,0.167222,0.227778,0.254167,0.305241,0.335185,0.319704,0.983378
2026-07-31T01:23:03+00:00,on-demand,RTX PRO 4500,1,1,0.308889,0.308889,0.308889,0.308889,0.308889,,0.949673
2026-07-31T01:23:03+00:00,on-demand,RTX PRO 5000,11,28,0.36963,0.620796,0.841852,0.88975,0.908148,0.88975,0.987905
2026-07-31T01:23:03+00:00,on-demand,RTX PRO 6000 S,11,27,1.095556,1.302037,1.600556,1.734352,1.736296,1.468426,0.992078
2026-07-31T01:23:03+00:00,on-demand,RTX PRO 6000 WS,15,33,0.802222,1.117926,1.333889,1.3796,5.334815,1.335278,0.992684
2026-07-31T01:23:03+00:00,on-demand,Tesla P100,5,10,0.068148,0.081481,0.094074,0.201111,0.202222,0.147593,0.9898
2026-07-31T01:23:03+00:00,on-demand,Tesla P40,2,6,0.132556,0.132694,0.132833,0.132972,0.133111,0.132833,0.993307
2026-07-31T01:23:03+00:00,on-demand,Tesla T4,2,3,12.000741,12.000926,12.001111,12.001296,12.001481,,0.972401
2026-07-31T01:23:03+00:00,on-demand,Tesla V100,7,22,0.079037,0.09375,0.094444,0.181389,0.335556,0.335556,0.966233
2026-07-31T01:23:03+00:00,on-demand,Titan RTX,2,2,0.135556,0.142407,0.149259,0.156111,0.162963,0.149259,0.993017
2026-07-31T01:23:03+00:00,on-demand,Titan Xp,1,1,0.055556,0.055556,0.055556,0.055556,0.055556,0.055556,0.99804
2026-07-31T01:23:03+00:00,bid,A100 PCIE,24,36,0.133889,0.134444,0.135556,0.152037,0.486098,0.135556,0.993878
2026-07-31T01:23:03+00:00,bid,A100 SXM4,43,85,0.135556,0.414444,0.667593,0.802667,1.002222,0.636389,0.988081
2026-07-31T01:23:03+00:00,bid,A10g,1,1,0.081185,0.081185,0.081185,0.081185,0.081185,,0.912918
2026-07-31T01:23:03+00:00,bid,A40,3,8,0.233704,0.233889,0.234074,0.234074,0.234074,0.234074,0.997276
2026-07-31T01:23:03+00:00,bid,A800 PCIE,6,10,0.129889,0.130722,0.131556,0.131556,0.131556,,0.994443
2026-07-31T01:23:03+00:00,bid,B200,17,75,5.000694,5.625521,5.877604,6.252604,7.377083,5.877604,0.979916
2026-07-31T01:23:03+00:00,bid,CMP 170HX,6,24,0.160185,0.160556,0.160833,0.161944,0.162222,,0.943654
2026-07-31T01:23:03+00:00,bid,GTX 1050 Ti,1,1,0.024444,0.024444,0.024444,0.024444,0.024444,,0.982343
2026-07-31T01:23:03+00:00,bid,GTX 1060,3,3,0.014074,0.022593,0.031111,0.04963,0.068148,0.068148,0.991085
2026-07-31T01:23:03+00:00,bid,GTX 1070,1,1,0.024444,0.024444,0.024444,0.024444,0.024444,0.024444,0.989401
2026-07-31T01:23:03+00:00,bid,GTX 1080,6,16,0.04037,0.040694,0.041667,0.042222,0.053704,0.041111,0.995839
2026-07-31T01:23:03+00:00,bid,GTX 1080 Ti,7,27,0.040317,0.040648,0.041111,0.053862,0.055556,0.041111,0.997111
2026-07-31T01:23:03+00:00,bid,GTX 1650 S,1,1,0.037778,0.037778,0.037778,0.037778,0.037778,,0.984602
2026-07-31T01:23:03+00:00,bid,GTX 1660,1,1,0.037778,0.037778,0.037778,0.037778,0.037778,,0.991307
2026-07-31T01:23:03+00:00,bid,GTX 1660 S,2,5,0.031111,0.033472,0.035833,0.038194,0.040556,0.040556,0.963034
2026-07-31T01:23:03+00:00,bid,GTX 1660 Ti,2,2,0.037778,0.042778,0.047778,0.052778,0.057778,0.037778,0.991907
2026-07-31T01:23:03+00:00,bid,H100 NVL,7,11,0.803259,0.806519,1.402963,1.735556,2.000556,0.806519,0.992493
2026-07-31T01:23:03+00:00,bid,H100 PCIE,3,14,1.333611,1.33375,1.333889,1.4675,1.601111,1.333889,0.963074
2026-07-31T01:23:03+00:00,bid,H100 SXM,14,40,0.602222,1.173889,1.869444,2.633958,4.002222,2.534445,0.992288
2026-07-31T01:23:03+00:00,bid,H200,9,24,3.486404,3.816155,3.817251,3.947917,6.908443,3.817251,0.997668
2026-07-31T01:23:03+00:00,bid,H200 NVL,10,16,0.403778,0.554083,1.005,1.835556,3.744444,1.0025,0.987486
2026-07-31T01:23:03+00:00,bid,L4,7,14,0.134444,0.241481,0.267778,0.269074,0.320556,0.268333,0.997893
2026-07-31T01:23:03+00:00,bid,L40,2,4,0.267407,0.318333,0.369259,0.420185,0.471111,0.369259,0.992355
2026-07-31T01:23:03+00:00,bid,L40S,32,89,0.200185,0.334259,0.534815,0.540741,0.774815,0.535185,0.998498
2026-07-31T01:23:03+00:00,bid,Q RTX 5000,1,2,0.054074,0.054074,0.054074,0.054074,0.054074,,0.983109
2026-07-31T01:23:03+00:00,bid,Q RTX 8000,6,7,0.015556,0.099361,0.099778,0.099778,0.150222,0.099778,0.999501
2026-07-31T01:23:03+00:00,bid,Quadro GV100,1,1,0.134074,0.134074,0.134074,0.134074,0.134074,,0.968909
2026-07-31T01:23:03+00:00,bid,Quadro P4000,5,8,0.040741,0.041481,0.045667,0.046,0.047778,0.046,0.987416
2026-07-31T01:23:03+00:00,bid,RTX 2060,2,2,0.031111,0.107222,0.183333,0.259444,0.335556,0.183333,0.993243
2026-07-31T01:23:03+00:00,bid,RTX 2060S,2,8,0.046778,0.046828,0.046878,0.046928,0.046978,0.046878,0.976354
2026-07-31T01:23:03+00:00,bid,RTX 2070S,3,21,0.066831,0.066842,0.066852,0.066944,0.067037,,0.987506
2026-07-31T01:23:03+00:00,bid,RTX 2080 Ti,8,14,0.037778,0.041111,0.04537,0.067944,0.108889,0.055012,0.99424
2026-07-31T01:23:03+00:00,bid,RTX 2080S,1,1,0.037778,0.037778,0.037778,0.037778,0.037778,0.037778,0.929594
2026-07-31T01:23:03+00:00,bid,RTX 3060,18,53,0.025111,0.040741,0.041889,0.052185,0.137037,0.050852,0.991331
2026-07-31T01:23:03+00:00,bid,RTX 3060 laptop,4,5,0.013481,0.032204,0.052704,0.067519,0.069185,0.068074,0.99261
2026-07-31T01:23:03+00:00,bid,RTX 3070,12,34,0.040444,0.059306,0.068519,0.089139,0.202222,0.068519,0.994094
2026-07-31T01:23:03+00:00,bid,RTX 3070 Ti,1,2,0.054444,0.054444,0.054444,0.054444,0.054444,,0.996662
2026-07-31T01:23:03+00:00,bid,RTX 3070 laptop,1,1,0.442222,0.442222,0.442222,0.442222,0.442222,,0.965078
2026-07-31T01:23:03+00:00,bid,RTX 3080,13,34,0.042222,0.061481,0.067778,0.140556,0.24083,0.135556,0.992081
2026-07-31T01:23:03+00:00,bid,RTX 3080 Ti,9,13,0.015556,0.07037,0.095556,0.107778,0.175556,0.107778,0.995209
2026-07-31T01:23:03+00:00,bid,RTX 3090,73,172,0.053778,0.10737,0.134815,0.202222,0.375556,0.147222,0.9914
2026-07-31T01:23:03+00:00,bid,RTX 4000Ada,2,3,0.067556,0.091222,0.114889,0.138556,0.162222,,0.991894
2026-07-31T01:23:03+00:00,bid,RTX 4060,3,5,0.053926,0.054222,0.054519,0.058667,0.062815,0.062815,0.983708
2026-07-31T01:23:03+00:00,bid,RTX 4060 Ti,11,25,0.035556,0.041667,0.076889,0.093667,0.107222,0.09363,0.993959
2026-07-31T01:23:03+00:00,bid,RTX 4070,8,13,0.028741,0.029944,0.055,0.060611,0.162222,0.055556,0.998247
2026-07-31T01:23:03+00:00,bid,RTX 4070 Ti,7,12,0.081481,0.108519,0.215556,0.240833,0.241111,0.108889,0.991433
2026-07-31T01:23:03+00:00,bid,RTX 4070S,13,44,0.067222,0.069074,0.076296,0.084815,0.098148,0.082407,0.990131
2026-07-31T01:23:03+00:00,bid,RTX 4070S Ti,11,21,0.054815,0.094167,0.094815,0.201667,0.202222,0.200833,0.995275
2026-07-31T01:23:03+00:00,bid,RTX 4080,16,41,0.077222,0.13713,0.147037,0.147407,0.255556,0.147037,0.989622
2026-07-31T01:23:03+00:00,bid,RTX 4080S,21,64,0.092889,0.135741,0.188741,0.203704,0.240741,0.202889,0.990489
2026-07-31T01:23:03+00:00,bid,RTX 4090,81,246,0.090765,0.201185,0.293111,0.402222,0.761111,0.382593,0.995407
2026-07-31T01:23:03+00:00,bid,RTX 4090D,5,9,0.604556,0.605111,0.606222,0.606222,0.606222,,0.967226
2026-07-31T01:23:03+00:00,bid,RTX 5060,4,5,0.042222,0.051056,0.054778,0.078889,0.148889,0.055556,0.992583
2026-07-31T01:23:03+00:00,bid,RTX 5060 Ti,20,64,0.060926,0.077801,0.100907,0.146949,0.159778,0.099593,0.996771
2026-07-31T01:23:03+00:00,bid,RTX 5070,6,8,0.054815,0.06213,0.082778,0.103981,0.111481,0.097222,0.994399
2026-07-31T01:23:03+00:00,bid,RTX 5070 Ti,13,24,0.093889,0.101481,0.108296,0.108889,0.183704,0.108889,0.994617
2026-07-31T01:23:03+00:00,bid,RTX 5080,20,40,0.02963,0.115778,0.13342,0.15113,0.241111,0.136444,0.992238
2026-07-31T01:23:03+00:00,bid,RTX 5090,76,162,0.110222,0.203704,0.287963,0.406389,0.845926,0.285741,0.995767
2026-07-31T01:23:03+00:00,bid,RTX 5880Ada,6,8,0.295185,0.295648,0.297037,0.297037,0.297037,0.297037,0.994945
2026-07-31T01:23:03+00:00,bid,RTX 6000Ada,19,36,0.137778,0.170704,0.402222,0.508009,0.774444,0.467704,0.996033
2026-07-31T01:23:03+00:00,bid,RTX A2000,1,1,0.400148,0.400148,0.400148,0.400148,0.400148,,0.994283
2026-07-31T01:23:03+00:00,bid,RTX A4000,17,83,0.054519,0.078074,0.093889,0.10716,0.149748,0.08713,0.97131
2026-07-31T01:23:03+00:00,bid,RTX A5000,7,25,0.028556,0.168677,0.22958,0.334444,0.334815,0.168677,0.971796
2026-07-31T01:23:03+00:00,bid,RTX A6000,4,9,0.202593,0.277273,0.311639,0.324352,0.334074,,0.981385
2026-07-31T01:23:03+00:00,bid,RTX PRO 4000,13,24,0.067778,0.108889,0.214444,0.240494,0.241481,0.240494,0.997456
2026-07-31T01:23:03+00:00,bid,RTX PRO 5000,25,48,0.135111,0.401037,0.467778,0.533889,0.803704,0.467778,0.987565
2026-07-31T01:23:03+00:00,bid,RTX PRO 6000 S,19,40,0.335556,0.780229,0.802963,1.068889,1.467222,1.068148,0.997637
2026-07-31T01:23:03+00:00,bid,RTX PRO 6000 WS,25,43,0.334444,0.535926,0.856296,0.993481,2.544444,0.934815,0.993244
2026-07-31T01:23:03+00:00,bid,Tesla P100,3,4,0.041481,0.087963,0.134444,0.135,0.135556,0.135,0.9898
2026-07-31T01:23:03+00:00,bid,Tesla P40,3,8,0.065889,0.066167,0.066444,0.066444,0.066444,0.066444,0.993307
2026-07-31T01:23:03+00:00,bid,Tesla T4,3,4,3.400741,3.401111,3.401481,3.401481,3.401481,,0.972401
2026-07-31T01:23:03+00:00,bid,Tesla V100,27,85,0.020278,0.020556,0.022222,0.095407,0.242222,0.134815,0.99349
2026-07-31T01:23:03+00:00,bid,Titan RTX,2,3,0.094444,0.104722,0.115,0.125278,0.135556,0.115,0.968992
2026-07-31T01:23:03+00:00,bid,Titan Xp,1,1,0.042222,0.042222,0.042222,0.042222,0.042222,0.042222,0.997723
2026-07-31T01:28:00+00:00,on-demand,A100 PCIE,9,19,0.268148,0.334444,0.737333,1.001111,1.041333,0.802741,0.995424
2026-07-31T01:28:00+00:00,on-demand,A100 SXM4,24,65,0.268889,0.824606,1.042667,1.1875,1.384382,1.035778,0.989553
2026-07-31T01:28:00+00:00,on-demand,A10g,1,1,0.161185,0.161185,0.161185,0.161185,0.161185,,0.912918
2026-07-31T01:28:00+00:00,on-demand,A40,1,4,0.287037,0.287037,0.287037,0.287037,0.287037,0.287037,0.997276
2026-07-31T01:28:00+00:00,on-demand,A800 PCIE,2,3,0.667778,0.668056,0.668333,0.668611,0.668889,,0.994443
2026-07-31T01:28:00+00:00,on-demand,B200,11,51,5.937674,6.469531,6.751302,7.313672,7.752083,6.813672,0.979549
2026-07-31T01:28:00+00:00,on-demand,B300,1,4,5.625521,5.625521,5.625521,5.625521,5.625521,,0.993445
2026-07-31T01:28:00+00:00,on-demand,CMP 170HX,5,27,0.186852,0.186944,0.187222,0.187778,0.188889,,0.943654
2026-07-31T01:28:00+00:00,on-demand,GTX 1050 Ti,1,1,0.611111,0.611111,0.611111,0.611111,0.611111,,0.982343
2026-07-31T01:28:00+00:00,on-demand,GTX 1060,3,4,0.087778,0.088333,0.088889,0.216667,0.344444,0.088333,0.999305
2026-07-31T01:28:00+00:00,on-demand,GTX 1070,1,1,0.531111,0.531111,0.531111,0.531111,0.531111,0.531111,0.989401
2026-07-31T01:28:00+00:00,on-demand,GTX 1080,6,16,0.027778,0.048417,0.048722,0.049056,0.050222,0.048833,0.996494
2026-07-31T01:28:00+00:00,on-demand,GTX 1080 Ti,6,20,0.060317,0.060602,0.061481,0.067222,0.073889,0.060741,0.996899
2026-07-31T01:28:00+00:00,on-demand,GTX 1650 S,1,1,0.677778,0.677778,0.677778,0.677778,0.677778,,0.984602
2026-07-31T01:28:00+00:00,on-demand,GTX 1660,1,4,0.067963,0.067963,0.067963,0.067963,0.067963,0.067963,0.99698
2026-07-31T01:28:00+00:00,on-demand,GTX 1660 S,2,5,0.049889,0.150194,0.2505,0.350806,0.451111,0.049889,0.963034
2026-07-31T01:28:00+00:00,on-demand,GTX 1660 Ti,2,2,0.071111,0.206111,0.341111,0.476111,0.611111,0.611111,0.991907
2026-07-31T01:28:00+00:00,on-demand,H100 NVL,6,11,1.602222,2.648519,2.667778,2.759481,3.333889,2.789926,0.994491
2026-07-31T01:28:00+00:00,on-demand,H100 PCIE,3,7,1.867222,1.8675,1.867778,2.001667,2.135556,1.867778,0.963074
2026-07-31T01:28:00+00:00,on-demand,H100 SXM,13,40,1.601481,1.811111,2.933889,3.847111,5.068889,2.934444,0.992288
2026-07-31T01:28:00+00:00,on-demand,H200,6,21,3.934576,3.935124,4.073374,4.211486,7.171601,4.073374,0.99828
2026-07-31T01:28:00+00:00,on-demand,H200 NVL,6,11,2.801111,2.882083,3.228056,3.335278,4.922222,3.335,0.988127
2026-07-31T01:28:00+00:00,on-demand,L4,5,9,0.202222,0.295556,0.333889,0.334074,0.335556,0.334074,0.997377
2026-07-31T01:28:00+00:00,on-demand,L40,2,4,0.454074,0.485,0.515926,0.546852,0.577778,0.515926,0.992355
2026-07-31T01:28:00+00:00,on-demand,L40S,13,47,0.40037,0.467037,0.534074,0.803704,1.074074,0.802222,0.995207
2026-07-31T01:28:00+00:00,on-demand,Q RTX 8000,4,8,0.253704,0.253981,0.254444,0.261333,0.280889,0.254444,0.99868
2026-07-31T01:28:00+00:00,on-demand,Quadro GV100,1,1,0.467407,0.467407,0.467407,0.467407,0.467407,,0.968909
2026-07-31T01:28:00+00:00,on-demand,Quadro P4000,5,9,0.047407,0.054444,0.054568,0.054815,0.055556,0.054568,0.972327
2026-07-31T01:28:00+00:00,on-demand,RTX 2060,1,1,0.411111,0.411111,0.411111,0.411111,0.411111,0.411111,0.991239
2026-07-31T01:28:00+00:00,on-demand,RTX 2060S,1,1,0.283704,0.283704,0.283704,0.283704,0.283704,0.283704,0.953197
2026-07-31T01:28:00+00:00,on-demand,RTX 2070S,2,12,0.073519,0.073565,0.073611,0.073657,0.073704,,0.987506
2026-07-31T01:28:00+00:00,on-demand,RTX 2080 Ti,7,26,0.068889,0.077122,0.080032,0.080083,0.122222,0.080044,0.994713
2026-07-31T01:28:00+00:00,on-demand,RTX 2080S,1,1,0.744444,0.744444,0.744444,0.744444,0.744444,0.744444,0.929594
2026-07-31T01:28:00+00:00,on-demand,RTX 3060,12,38,0.032741,0.052843,0.068333,0.148148,1.335556,0.163407,0.994172
2026-07-31T01:28:00+00:00,on-demand,RTX 3060 laptop,4,5,0.026815,0.037537,0.041667,0.057963,0.105185,0.105185,0.998769
2026-07-31T01:28:00+00:00,on-demand,RTX 3070,11,53,0.041111,0.067083,0.081852,0.106944,0.107222,0.100617,0.99228
2026-07-31T01:28:00+00:00,on-demand,RTX 3080,12,47,0.060222,0.105576,0.1135,0.144454,0.251496,0.113556,0.992916
2026-07-31T01:28:00+00:00,on-demand,RTX 3080 Ti,5,7,0.082222,0.114444,0.135185,0.179556,0.203704,0.135185,0.991451
2026-07-31T01:28:00+00:00,on-demand,RTX 3090,44,133,0.093889,0.139167,0.23713,0.439074,1.336296,0.258519,0.99047
2026-07-31T01:28:00+00:00,on-demand,RTX 3090 Ti,1,1,0.175556,0.175556,0.175556,0.175556,0.175556,,0.993212
2026-07-31T01:28:00+00:00,on-demand,RTX 4000Ada,2,3,0.100889,0.126222,0.151556,0.176889,0.202222,,0.991894
2026-07-31T01:28:00+00:00,on-demand,RTX 4060,5,9,0.060593,0.061111,0.062963,0.064444,2.677778,0.062778,0.985518
2026-07-31T01:28:00+00:00,on-demand,RTX 4060 Ti,3,8,0.058148,0.062296,0.066444,0.1055,0.144556,0.101352,0.997843
2026-07-31T01:28:00+00:00,on-demand,RTX 4070,4,7,0.080741,0.081852,0.082222,0.085278,0.094444,0.088333,0.986325
2026-07-31T01:28:00+00:00,on-demand,RTX 4070 Ti,8,21,0.09037,0.093694,0.094889,0.252139,0.282444,0.094722,0.991021
2026-07-31T01:28:00+00:00,on-demand,RTX 4070S,9,34,0.080556,0.081204,0.082407,0.08963,0.10787,0.098704,0.991277
2026-07-31T01:28:00+00:00,on-demand,RTX 4070S Ti,8,14,0.088889,0.117269,0.12337,0.212778,0.248889,0.12563,0.995645
2026-07-31T01:28:00+00:00,on-demand,RTX 4080,13,35,0.114259,0.158074,0.186926,0.268889,0.270074,0.227704,0.988355
2026-07-31T01:28:00+00:00,on-demand,RTX 4080S,21,73,0.147222,0.162222,0.201111,0.228741,0.803704,0.193315,0.990597
2026-07-31T01:28:00+00:00,on-demand,RTX 4090,55,203,0.134444,0.314352,0.401481,0.637315,1.334815,0.601852,0.995407
2026-07-31T01:28:00+00:00,on-demand,RTX 4090D,3,7,0.667222,0.6675,0.667778,0.668333,0.668889,,0.967226
2026-07-31T01:28:00+00:00,on-demand,RTX 5000Ada,2,2,0.402222,0.415556,0.428889,0.442222,0.455556,0.402222,0.99161
2026-07-31T01:28:00+00:00,on-demand,RTX 5060,3,4,0.075185,0.07537,0.075556,0.128889,0.182222,0.128704,0.994991
2026-07-31T01:28:00+00:00,on-demand,RTX 5060 Ti,16,50,0.067556,0.085394,0.100241,0.179681,0.227407,0.15463,0.996651
2026-07-31T01:28:00+00:00,on-demand,RTX 5070,8,14,0.081481,0.093333,0.102667,0.128518,0.148147,0.097037,0.99282
2026-07-31T01:28:00+00:00,on-demand,RTX 5070 Ti,4,6,0.122222,0.131389,0.135,0.141944,0.161111,0.161111,0.997083
2026-07-31T01:28:00+00:00,on-demand,RTX 5080,19,59,0.133704,0.173741,0.175556,0.207407,0.802963,0.176111,0.994268
2026-07-31T01:28:00+00:00,on-demand,RTX 5090,44,121,0.306852,0.41787,0.475741,0.649583,2.668889,0.66787,0.991559
2026-07-31T01:28:00+00:00,on-demand,RTX 5880Ada,3,7,0.453852,0.454111,0.45437,0.51237,0.57037,0.45437,0.997812
2026-07-31T01:28:00+00:00,on-demand,RTX 6000Ada,10,25,0.302222,0.464722,0.603102,0.64162,0.735556,0.640926,0.992666
2026-07-31T01:28:00+00:00,on-demand,RTX A2000,5,6,0.034074,0.036148,0.036148,0.493481,1.335556,,0.995199
2026-07-31T01:28:00+00:00,on-demand,RTX A4000,10,55,0.067852,0.114061,0.133611,0.145623,0.160415,0.133935,0.97131
2026-07-31T01:28:00+00:00,on-demand,RTX A5000,3,12,0.230914,20.115827,40.000741,40.001111,40.001481,0.230914,0.971796
2026-07-31T01:28:00+00:00,on-demand,RTX A6000,11,37,0.200556,0.347593,0.404444,1.33375,1.335556,0.403333,0.951683
2026-07-31T01:28:00+00:00,on-demand,RTX PRO 4000,10,27,0.167222,0.244306,0.293444,0.320296,0.321481,0.319704,0.997139
2026-07-31T01:28:00+00:00,on-demand,RTX PRO 4500,1,1,0.308889,0.308889,0.308889,0.308889,0.308889,,0.949726
2026-07-31T01:28:00+00:00,on-demand,RTX PRO 5000,13,31,0.36963,0.640556,0.841852,0.889889,0.958074,0.889611,0.991118
2026-07-31T01:28:00+00:00,on-demand,RTX PRO 6000 S,10,26,1.200889,1.353704,1.534167,1.700347,1.736296,1.405926,0.980346
2026-07-31T01:28:00+00:00,on-demand,RTX PRO 6000 WS,16,35,0.867481,1.126741,1.30563,1.340819,5.334815,1.331833,0.992684
2026-07-31T01:28:00+00:00,on-demand,Tesla P100,5,10,0.068148,0.094074,0.094815,0.201111,0.202222,0.147963,0.987481
2026-07-31T01:28:00+00:00,on-demand,Tesla P40,2,6,0.132556,0.132694,0.132833,0.132972,0.133111,0.132833,0.993307
2026-07-31T01:28:00+00:00,on-demand,Tesla T4,2,3,12.000741,12.000926,12.001111,12.001296,12.001481,,0.972401
2026-07-31T01:28:00+00:00,on-demand,Tesla V100,10,32,0.093611,0.094722,0.167222,0.267153,0.268889,0.268889,0.973711
2026-07-31T01:28:00+00:00,on-demand,Titan RTX,2,3,0.134444,0.141389,0.148333,0.155278,0.162222,0.148333,0.998416
2026-07-31T01:28:00+00:00,on-demand,Titan Xp,1,1,0.055556,0.055556,0.055556,0.055556,0.055556,0.055556,0.997723
2026-07-31T01:28:00+00:00,bid,A100 PCIE,22,34,0.133889,0.134444,0.135556,0.185,0.486098,0.135556,0.993878
2026-07-31T01:28:00+00:00,bid,A100 SXM4,53,103,0.135556,0.414444,0.680741,0.868889,1.002222,0.636389,0.988081
2026-07-31T01:28:00+00:00,bid,A10g,1,1,0.081185,0.081185,0.081185,0.081185,0.081185,,0.912918
2026-07-31T01:28:00+00:00,bid,A40,4,12,0.233704,0.233704,0.233889,0.234074,0.234074,0.233889,0.997276
2026-07-31T01:28:00+00:00,bid,A800 PCIE,7,12,0.129889,0.130444,0.131556,0.131556,0.131556,,0.994443
2026-07-31T01:28:00+00:00,bid,B200,18,75,5.000694,5.625391,5.876953,7.094596,7.377083,5.877604,0.979549
2026-07-31T01:28:00+00:00,bid,CMP 170HX,7,33,0.160185,0.160417,0.160556,0.161111,0.162222,,0.943654
2026-07-31T01:28:00+00:00,bid,GTX 1050 Ti,1,1,0.024444,0.024444,0.024444,0.024444,0.024444,,0.982343
2026-07-31T01:28:00+00:00,bid,GTX 1060,3,3,0.014074,0.022593,0.031111,0.04963,0.068148,0.068148,0.991085
2026-07-31T01:28:00+00:00,bid,GTX 1070,1,1,0.024444,0.024444,0.024444,0.024444,0.024444,0.024444,0.989401
2026-07-31T01:28:00+00:00,bid,GTX 1080,5,12,0.028889,0.034519,0.04037,0.041111,0.053704,0.040741,0.996043
2026-07-31T01:28:00+00:00,bid,GTX 1080 Ti,8,29,0.040317,0.040694,0.047381,0.054167,0.055556,0.047381,0.997111
2026-07-31T01:28:00+00:00,bid,GTX 1650 S,1,1,0.037778,0.037778,0.037778,0.037778,0.037778,,0.984602
2026-07-31T01:28:00+00:00,bid,GTX 1660,1,1,0.037778,0.037778,0.037778,0.037778,0.037778,,0.991307
2026-07-31T01:28:00+00:00,bid,GTX 1660 S,2,5,0.031111,0.033472,0.035833,0.038194,0.040556,0.040556,0.963034
2026-07-31T01:28:00+00:00,bid,GTX 1660 Ti,2,2,0.037778,0.042778,0.047778,0.052778,0.057778,0.037778,0.991907
2026-07-31T01:28:00+00:00,bid,H100 NVL,7,11,0.803259,0.806519,1.468889,1.735556,2.000556,0.806519,0.992493
2026-07-31T01:28:00+00:00,bid,H100 PCIE,3,7,1.467556,1.534333,1.601111,1.601667,1.602222,1.601111,0.99034
2026-07-31T01:28:00+00:00,bid,H100 SXM,16,43,0.601111,0.669259,1.488333,2.534028,4.002222,2.072,0.99241
2026-07-31T01:28:00+00:00,bid,H200,7,25,3.816155,3.816338,3.817251,3.948191,6.908443,3.817251,0.99761
2026-07-31T01:28:00+00:00,bid,H200 NVL,9,20,0.403778,0.404889,1.335556,1.867778,3.211111,0.404889,0.986692
2026-07-31T01:28:00+00:00,bid,L4,8,15,0.134444,0.212037,0.267778,0.268981,0.320444,0.268148,0.99794
2026-07-31T01:28:00+00:00,bid,L40,3,5,0.267407,0.335556,0.403704,0.437407,0.471111,0.403704,0.997268
2026-07-31T01:28:00+00:00,bid,L40S,30,94,0.200185,0.333519,0.467037,0.536574,0.933611,0.535,0.998277
2026-07-31T01:28:00+00:00,bid,Q RTX 5000,1,2,0.054074,0.054074,0.054074,0.054074,0.054074,,0.983109
2026-07-31T01:28:00+00:00,bid,Q RTX 6000,1,1,0.108889,0.108889,0.108889,0.108889,0.108889,0.108889,0.951441
2026-07-31T01:28:00+00:00,bid,Q RTX 8000,4,5,0.015556,0.078306,0.0995,0.112389,0.150222,0.0995,0.998736
2026-07-31T01:28:00+00:00,bid,Quadro GV100,1,1,0.134074,0.134074,0.134074,0.134074,0.134074,,0.968909
2026-07-31T01:28:00+00:00,bid,Quadro P4000,4,6,0.040741,0.041296,0.043574,0.04575,0.046,0.045833,0.97831
2026-07-31T01:28:00+00:00,bid,RTX 2060,3,4,0.027259,0.029185,0.031111,0.183333,0.335556,0.031111,0.991239
2026-07-31T01:28:00+00:00,bid,RTX 2060S,3,9,0.046778,0.046878,0.046978,0.085341,0.123704,0.046978,0.966539
2026-07-31T01:28:00+00:00,bid,RTX 2070S,2,13,0.066831,0.066883,0.066934,0.066986,0.067037,,0.987506
2026-07-31T01:28:00+00:00,bid,RTX 2080 Ti,5,8,0.037778,0.041111,0.042222,0.067802,0.108889,0.055012,0.992492
2026-07-31T01:28:00+00:00,bid,RTX 2080S,1,1,0.037778,0.037778,0.037778,0.037778,0.037778,0.037778,0.929594
2026-07-31T01:28:00+00:00,bid,RTX 3060,15,53,0.037778,0.041667,0.048185,0.05463,0.137037,0.053519,0.994719
2026-07-31T01:28:00+00:00,bid,RTX 3060 laptop,7,10,0.013481,0.026037,0.065481,0.068074,0.101111,0.068074,0.998088
2026-07-31T01:28:00+00:00,bid,RTX 3070,12,37,0.040444,0.053819,0.068148,0.089139,0.202222,0.077481,0.994094
2026-07-31T01:28:00+00:00,bid,RTX 3070 Ti,1,2,0.054444,0.054444,0.054444,0.054444,0.054444,,0.996662
2026-07-31T01:28:00+00:00,bid,RTX 3070 laptop,1,1,0.442222,0.442222,0.442222,0.442222,0.442222,,0.965078
2026-07-31T01:28:00+00:00,bid,RTX 3080,13,37,0.041111,0.061481,0.081926,0.140556,0.24083,0.131019,0.991534
2026-07-31T01:28:00+00:00,bid,RTX 3080 Ti,6,6,0.015556,0.039259,0.07963,0.088889,0.175556,0.088889,0.991224
2026-07-31T01:28:00+00:00,bid,RTX 3090,75,174,0.053778,0.107778,0.134815,0.200833,0.376296,0.146944,0.991305
2026-07-31T01:28:00+00:00,bid,RTX 4000Ada,2,3,0.067556,0.091222,0.114889,0.138556,0.162222,,0.991894
2026-07-31T01:28:00+00:00,bid,RTX 4060,3,4,0.053926,0.054222,0.054519,0.069111,0.083704,0.083704,0.983708
2026-07-31T01:28:00+00:00,bid,RTX 4060 Ti,8,21,0.039778,0.041944,0.085259,0.097083,0.107778,0.093704,0.995336
2026-07-31T01:28:00+00:00,bid,RTX 4070,6,11,0.028741,0.029389,0.042333,0.055278,0.075778,0.055556,0.990733
2026-07-31T01:28:00+00:00,bid,RTX 4070 Ti,6,11,0.081481,0.135556,0.228056,0.240972,0.241111,0.108889,0.991021
2026-07-31T01:28:00+00:00,bid,RTX 4070S,10,29,0.067222,0.068935,0.075407,0.083912,0.098148,0.081204,0.991277
2026-07-31T01:28:00+00:00,bid,RTX 4070S Ti,11,22,0.074074,0.094444,0.201111,0.201667,0.202222,0.201111,0.999463
2026-07-31T01:28:00+00:00,bid,RTX 4080,16,43,0.133593,0.146991,0.147407,0.147407,0.255556,0.147222,0.990032
2026-07-31T01:28:00+00:00,bid,RTX 4080S,19,57,0.104444,0.161722,0.200556,0.221944,0.240741,0.203704,0.990489
2026-07-31T01:28:00+00:00,bid,RTX 4090,101,291,0.115494,0.200593,0.267556,0.387778,0.762222,0.341389,0.995232
2026-07-31T01:28:00+00:00,bid,RTX 4090D,3,7,0.604556,0.604833,0.605111,0.605667,0.606222,,0.967226
2026-07-31T01:28:00+00:00,bid,RTX 5000Ada,1,1,0.335556,0.335556,0.335556,0.335556,0.335556,0.335556,0.9942
2026-07-31T01:28:00+00:00,bid,RTX 5060,4,5,0.042222,0.052222,0.056667,0.080556,0.148889,0.057778,0.995326
2026-07-31T01:28:00+00:00,bid,RTX 5060 Ti,27,78,0.042222,0.080324,0.107222,0.14162,0.160889,0.134074,0.997043
2026-07-31T01:28:00+00:00,bid,RTX 5070,5,7,0.054815,0.055556,0.081852,0.114444,0.115556,0.114444,0.996038
2026-07-31T01:28:00+00:00,bid,RTX 5070 Ti,14,25,0.093889,0.094722,0.108333,0.108889,0.158963,0.101667,0.99512
2026-07-31T01:28:00+00:00,bid,RTX 5080,18,38,0.02963,0.112778,0.133457,0.168,0.254815,0.147556,0.990755
2026-07-31T01:28:00+00:00,bid,RTX 5090,86,190,0.114222,0.213037,0.287963,0.40069,0.845926,0.322546,0.995896
2026-07-31T01:28:00+00:00,bid,RTX 5880Ada,5,6,0.295185,0.297037,0.297037,0.297037,0.297037,0.297037,0.995945
2026-07-31T01:28:00+00:00,bid,RTX 6000Ada,17,34,0.137778,0.139926,0.388889,0.468889,0.774444,0.40125,0.996033
2026-07-31T01:28:00+00:00,bid,RTX A2000,1,1,0.400148,0.400148,0.400148,0.400148,0.400148,,0.994283
2026-07-31T01:28:00+00:00,bid,RTX A4000,18,96,0.053926,0.083704,0.100623,0.10713,0.14961,0.08037,0.97131
2026-07-31T01:28:00+00:00,bid,RTX A5000,7,25,0.028556,0.168677,0.22958,0.334444,0.334815,0.168677,0.971796
2026-07-31T01:28:00+00:00,bid,RTX A6000,6,13,0.202593,0.302167,0.311639,0.330833,0.334444,,0.977803
2026-07-31T01:28:00+00:00,bid,RTX PRO 4000,13,26,0.067778,0.108889,0.215185,0.240494,0.241481,0.240494,0.991585
2026-07-31T01:28:00+00:00,bid,RTX PRO 5000,26,49,0.135111,0.400463,0.467083,0.471389,0.803704,0.467083,0.987565
2026-07-31T01:28:00+00:00,bid,RTX PRO 6000 S,20,38,0.402222,0.780576,0.935093,1.06963,1.467222,1.068148,0.997767
2026-07-31T01:28:00+00:00,bid,RTX PRO 6000 WS,32,52,0.269778,0.468056,0.701926,0.988056,2.544444,0.801827,0.994135
2026-07-31T01:28:00+00:00,bid,Tesla P100,4,5,0.041481,0.111204,0.135,0.135556,0.135556,0.135556,0.9898
2026-07-31T01:28:00+00:00,bid,Tesla P40,2,6,0.065889,0.066028,0.066167,0.066306,0.066444,0.066167,0.993307
2026-07-31T01:28:00+00:00,bid,Tesla T4,3,4,3.400741,3.401111,3.401481,3.401481,3.401481,,0.972401
2026-07-31T01:28:00+00:00,bid,Tesla V100,28,82,0.020278,0.020556,0.022222,0.104981,0.162222,0.134815,0.99349
2026-07-31T01:28:00+00:00,bid,Titan RTX,3,4,0.107778,0.108333,0.108889,0.108889,0.108889,0.108889,0.998351
2026-07-31T01:28:00+00:00,bid,Titan Xp,1,1,0.042222,0.042222,0.042222,0.042222,0.042222,0.042222,0.996749
2026-07-31T01:33:00+00:00,on-demand,A100 PCIE,12,29,0.333611,0.335278,0.638,1.001111,1.002222,0.803704,0.994651
2026-07-31T01:33:00+00:00,on-demand,A100 SXM4,31,83,0.267037,0.807361,1.042667,1.187667,1.734259,1.042,0.995993
2026-07-31T01:33:00+00:00,on-demand,A10g,1,1,0.161185,0.161185,0.161185,0.161185,0.161185,,0.912918
2026-07-31T01:33:00+00:00,on-demand,A40,1,4,0.287037,0.287037,0.287037,0.287037,0.287037,0.287037,0.996474
2026-07-31T01:33:00+00:00,on-demand,A800 PCIE,3,7,0.667222,0.6675,0.667778,0.668333,0.668889,,0.994443
2026-07-31T01:33:00+00:00,on-demand,B200,12,55,5.937674,6.251628,6.720703,7.641211,7.752083,6.751302,0.984957
2026-07-31T01:33:00+00:00,on-demand,B300,1,4,5.625521,5.625521,5.625521,5.625521,5.625521,,0.993445
2026-07-31T01:33:00+00:00,on-demand,CMP 170HX,5,27,0.186852,0.186944,0.187222,0.187778,0.188889,,0.943654
2026-07-31T01:33:00+00:00,on-demand,GTX 1050 Ti,1,1,0.611111,0.611111,0.611111,0.611111,0.611111,,0.982343
2026-07-31T01:33:00+00:00,on-demand,GTX 1060,3,4,0.087778,0.088333,0.088889,0.216667,0.344444,0.088333,0.999305
2026-07-31T01:33:00+00:00,on-demand,GTX 1070,1,1,0.531111,0.531111,0.531111,0.531111,0.531111,0.531111,0.989401
2026-07-31T01:33:00+00:00,on-demand,GTX 1070 Ti,2,8,0.04837,0.048556,0.048741,0.048926,0.049111,0.048741,0.988101
2026-07-31T01:33:00+00:00,on-demand,GTX 1080,4,8,0.027778,0.038611,0.045389,0.048972,0.050222,0.049389,0.996662
2026-07-31T01:33:00+00:00,on-demand,GTX 1080 Ti,6,18,0.029333,0.060602,0.061481,0.070794,0.074444,0.062222,0.997111
2026-07-31T01:33:00+00:00,on-demand,GTX 1650 S,1,1,0.677778,0.677778,0.677778,0.677778,0.677778,,0.984602
2026-07-31T01:33:00+00:00,on-demand,GTX 1660,1,1,0.677778,0.677778,0.677778,0.677778,0.677778,,0.991307
2026-07-31T01:33:00+00:00,on-demand,GTX 1660 S,2,5,0.049889,0.150194,0.2505,0.350806,0.451111,0.049889,0.963034
2026-07-31T01:33:00+00:00,on-demand,GTX 1660 Ti,2,2,0.071111,0.206111,0.341111,0.476111,0.611111,0.611111,0.991907
2026-07-31T01:33:00+00:00,on-demand,H100 NVL,6,11,2.402222,2.667593,2.709037,2.75237,3.333889,2.751556,0.996489
2026-07-31T01:33:00+00:00,on-demand,H100 PCIE,1,4,1.867222,1.867222,1.867222,1.867222,1.867222,1.867222,0.963074
2026-07-31T01:33:00+00:00,on-demand,H100 SXM,14,41,1.601481,1.753611,2.681537,3.729222,5.068889,2.934167,0.992531
2026-07-31T01:33:00+00:00,on-demand,H200,6,21,3.934576,3.935124,4.073374,4.211486,7.040022,4.073374,0.998275
2026-07-31T01:33:00+00:00,on-demand,H200 NVL,5,9,3.068889,3.121667,3.334444,3.335556,4.922222,3.335,0.981596
2026-07-31T01:33:00+00:00,on-demand,L4,5,10,0.202222,0.295556,0.333778,0.334444,0.335556,0.334444,0.997377
2026-07-31T01:33:00+00:00,on-demand,L40,2,4,0.454074,0.485,0.515926,0.546852,0.577778,0.515926,0.992355
2026-07-31T01:33:00+00:00,on-demand,L40S,16,60,0.40037,0.466991,0.533889,0.867847,1.074074,0.801111,0.995207
2026-07-31T01:33:00+00:00,on-demand,Q RTX 5000,1,2,0.080741,0.080741,0.080741,0.080741,0.080741,,0.983109
2026-07-31T01:33:00+00:00,on-demand,Q RTX 8000,4,8,0.252556,0.252972,0.253407,0.2605,0.280889,0.253407,0.99909
2026-07-31T01:33:00+00:00,on-demand,Quadro GV100,1,1,0.467407,0.467407,0.467407,0.467407,0.467407,,0.968909
2026-07-31T01:33:00+00:00,on-demand,Quadro P4000,5,9,0.048148,0.054074,0.054444,0.054568,0.057037,0.054568,0.972327
2026-07-31T01:33:00+00:00,on-demand,RTX 2060,1,1,0.415556,0.415556,0.415556,0.415556,0.415556,0.415556,0.995246
2026-07-31T01:33:00+00:00,on-demand,RTX 2060S,1,1,0.283704,0.283704,0.283704,0.283704,0.283704,0.283704,0.953197
2026-07-31T01:33:00+00:00,on-demand,RTX 2070S,2,13,0.073498,0.073549,0.073601,0.073652,0.073704,,0.99226
2026-07-31T01:33:00+00:00,on-demand,RTX 2080 Ti,8,25,0.068889,0.077243,0.080044,0.090639,0.811111,0.080044,0.994713
2026-07-31T01:33:00+00:00,on-demand,RTX 3060,12,46,0.040741,0.05088,0.068333,0.181111,1.335556,0.062852,0.995369
2026-07-31T01:33:00+00:00,on-demand,RTX 3060 laptop,4,5,0.026815,0.037537,0.041667,0.057963,0.105185,0.105185,0.998769
2026-07-31T01:33:00+00:00,on-demand,RTX 3070,9,37,0.041111,0.081852,0.100617,0.106944,0.142444,0.103781,0.988243
2026-07-31T01:33:00+00:00,on-demand,RTX 3070 laptop,1,1,0.468889,0.468889,0.468889,0.468889,0.468889,,0.965078
2026-07-31T01:33:00+00:00,on-demand,RTX 3080,11,43,0.060222,0.113375,0.113481,0.141917,0.251496,0.113519,0.994297
2026-07-31T01:33:00+00:00,on-demand,RTX 3080 Ti,6,9,0.082222,0.1025,0.120926,0.160185,0.203704,0.134074,0.986855
2026-07-31T01:33:00+00:00,on-demand,RTX 3090,40,123,0.109074,0.147778,0.247222,0.438889,1.336296,0.266815,0.985294
2026-07-31T01:33:00+00:00,on-demand,RTX 3090 Ti,1,1,0.175556,0.175556,0.175556,0.175556,0.175556,,0.993212
2026-07-31T01:33:00+00:00,on-demand,RTX 4000Ada,1,1,0.202222,0.202222,0.202222,0.202222,0.202222,,0.995039
2026-07-31T01:33:00+00:00,on-demand,RTX 4060,6,11,0.061111,0.061667,0.062593,0.064074,2.677778,0.062222,0.990993
2026-07-31T01:33:00+00:00,on-demand,RTX 4060 Ti,1,2,0.108519,0.108519,0.108519,0.108519,0.108519,0.108519,0.998073
2026-07-31T01:33:00+00:00,on-demand,RTX 4070,3,8,0.080741,0.081481,0.082222,0.088056,0.093889,0.093889,0.984195
2026-07-31T01:33:00+00:00,on-demand,RTX 4070 Ti,9,25,0.088519,0.093889,0.094444,0.242222,0.282444,0.094444,0.991433
2026-07-31T01:33:00+00:00,on-demand,RTX 4070S,9,34,0.080556,0.081204,0.082222,0.084815,0.109074,0.084815,0.987735
2026-07-31T01:33:00+00:00,on-demand,RTX 4070S Ti,10,22,0.068889,0.107778,0.120833,0.235694,0.248889,0.184167,0.995275
2026-07-31T01:33:00+00:00,on-demand,RTX 4080,10,30,0.115185,0.158259,0.173981,0.248935,0.270074,0.228352,0.985161
2026-07-31T01:33:00+00:00,on-demand,RTX 4080S,22,70,0.147222,0.175903,0.201778,0.263611,0.803704,0.202222,0.992394
2026-07-31T01:33:00+00:00,on-demand,RTX 4090,55,206,0.135556,0.307852,0.416,0.637315,1.334815,0.561852,0.994946
2026-07-31T01:33:00+00:00,on-demand,RTX 4090D,3,7,0.667222,0.6675,0.667778,0.668333,0.668889,,0.967226
2026-07-31T01:33:00+00:00,on-demand,RTX 5000Ada,1,1,0.455556,0.455556,0.455556,0.455556,0.455556,,0.989021
2026-07-31T01:33:00+00:00,on-demand,RTX 5060,2,2,0.068889,0.097222,0.125556,0.153889,0.182222,0.182222,0.989864
2026-07-31T01:33:00+00:00,on-demand,RTX 5060 Ti,17,59,0.067556,0.080556,0.106025,0.176278,0.227407,0.107272,0.993503
2026-07-31T01:33:00+00:00,on-demand,RTX 5060 laptop,1,1,0.135556,0.135556,0.135556,0.135556,0.135556,,0.970724
2026-07-31T01:33:00+00:00,on-demand,RTX 5070,6,11,0.088889,0.094769,0.103704,0.113111,0.147407,0.102685,0.996022
2026-07-31T01:33:00+00:00,on-demand,RTX 5070 Ti,4,8,0.134444,0.135278,0.168148,0.201111,0.202222,0.202222,0.997361
2026-07-31T01:33:00+00:00,on-demand,RTX 5080,16,54,0.161111,0.172472,0.180243,0.218978,0.802963,0.17327,0.996544
2026-07-31T01:33:00+00:00,on-demand,RTX 5090,50,147,0.307037,0.466885,0.515694,0.668194,2.668889,0.655704,0.992366
2026-07-31T01:33:00+00:00,on-demand,RTX 5880Ada,3,7,0.453852,0.511185,0.568519,0.569444,0.57037,0.568519,0.993944
2026-07-31T01:33:00+00:00,on-demand,RTX 6000Ada,11,27,0.302222,0.481296,0.640463,0.662037,0.788148,0.641389,0.993415
2026-07-31T01:33:00+00:00,on-demand,RTX A2000,5,7,0.034074,0.034074,0.036148,0.493481,1.335556,,0.995199
2026-07-31T01:33:00+00:00,on-demand,RTX A4000,7,40,0.107037,0.133493,0.133704,0.147052,0.160415,0.160277,0.97131
2026-07-31T01:33:00+00:00,on-demand,RTX A5000,4,12,0.230944,0.331514,20.182889,40.000926,40.001481,0.297991,0.984222
2026-07-31T01:33:00+00:00,on-demand,RTX A6000,11,43,0.200278,0.347196,0.404444,1.33375,1.335556,0.404444,0.951683
2026-07-31T01:33:00+00:00,on-demand,RTX PRO 4000,7,15,0.135556,0.167963,0.241111,0.318778,0.321481,0.318778,0.995424
2026-07-31T01:33:00+00:00,on-demand,RTX PRO 4500,1,1,0.308889,0.308889,0.308889,0.308889,0.308889,,0.949726
2026-07-31T01:33:00+00:00,on-demand,RTX PRO 5000,11,28,0.36963,0.640833,0.841852,0.88975,0.907407,0.88975,0.987565
2026-07-31T01:33:00+00:00,on-demand,RTX PRO 6000 S,11,27,1.006667,1.365185,1.533889,1.667685,1.736296,1.498056,0.996961
2026-07-31T01:33:00+00:00,on-demand,RTX PRO 6000 WS,15,33,0.868889,1.084037,1.333889,1.371111,5.334815,1.335278,0.992684
2026-07-31T01:33:00+00:00,on-demand,Tesla P100,5,10,0.068148,0.094074,0.094815,0.201111,0.202222,0.147963,0.987481
2026-07-31T01:33:00+00:00,on-demand,Tesla P40,2,6,0.132556,0.132694,0.132833,0.132972,0.133111,0.132833,0.993307
2026-07-31T01:33:00+00:00,on-demand,Tesla T4,2,3,12.000741,12.000926,12.001111,12.001296,12.001481,,0.972401
2026-07-31T01:33:00+00:00,on-demand,Tesla V100,8,29,0.093611,0.094306,0.131481,0.267014,0.335556,0.335556,0.969477
2026-07-31T01:33:00+00:00,on-demand,Titan RTX,2,2,0.135556,0.142407,0.149259,0.156111,0.162963,0.149259,0.993017
2026-07-31T01:33:00+00:00,on-demand,Titan Xp,1,1,0.055556,0.055556,0.055556,0.055556,0.055556,0.055556,0.996121
2026-07-31T01:33:00+00:00,bid,A100 PCIE,22,27,0.134444,0.135556,0.135556,0.185,0.486098,0.135556,0.993878
2026-07-31T01:33:00+00:00,bid,A100 SXM4,45,86,0.135556,0.414444,0.667963,0.802667,1.002222,0.603889,0.988081
2026-07-31T01:33:00+00:00,bid,A10g,1,1,0.081185,0.081185,0.081185,0.081185,0.081185,,0.912918
2026-07-31T01:33:00+00:00,bid,A40,4,12,0.233704,0.233704,0.233889,0.234074,0.234074,0.233889,0.997818
2026-07-31T01:33:00+00:00,bid,A800 PCIE,7,12,0.129889,0.130444,0.131556,0.131556,0.131556,,0.994443
2026-07-31T01:33:00+00:00,bid,B200,13,43,5.000694,5.626042,5.877604,6.252604,7.377083,6.064453,0.990365
2026-07-31T01:33:00+00:00,bid,CMP 170HX,6,31,0.160185,0.160347,0.160556,0.160972,0.162222,,0.943654
2026-07-31T01:33:00+00:00,bid,GTX 1050 Ti,1,1,0.024444,0.024444,0.024444,0.024444,0.024444,,0.982343
2026-07-31T01:33:00+00:00,bid,GTX 1060,2,2,0.031111,0.04037,0.04963,0.058889,0.068148,0.068148,0.995184
2026-07-31T01:33:00+00:00,bid,GTX 1070,1,1,0.024444,0.024444,0.024444,0.024444,0.024444,0.024444,0.989401
2026-07-31T01:33:00+00:00,bid,GTX 1080,7,22,0.034519,0.038704,0.04037,0.040833,0.053704,0.040463,0.99552
2026-07-31T01:33:00+00:00,bid,GTX 1080 Ti,10,34,0.016,0.040602,0.041111,0.053829,0.055556,0.041111,0.997111
2026-07-31T01:33:00+00:00,bid,GTX 1650 S,1,1,0.037778,0.037778,0.037778,0.037778,0.037778,,0.984602
2026-07-31T01:33:00+00:00,bid,GTX 1660,1,1,0.037778,0.037778,0.037778,0.037778,0.037778,,0.991307
2026-07-31T01:33:00+00:00,bid,GTX 1660 S,2,5,0.031111,0.033472,0.035833,0.038194,0.040556,0.040556,0.963034
2026-07-31T01:33:00+00:00,bid,GTX 1660 Ti,2,2,0.037778,0.042778,0.047778,0.052778,0.057778,0.037778,0.991907
2026-07-31T01:33:00+00:00,bid,H100 NVL,7,11,0.803259,0.806519,1.402963,1.735556,2.000556,0.806519,0.992493
2026-07-31T01:33:00+00:00,bid,H100 PCIE,2,5,1.467556,1.501222,1.534889,1.568556,1.602222,1.534889,0.976707
2026-07-31T01:33:00+00:00,bid,H100 SXM,16,43,0.602222,0.922296,1.579,2.567616,6.668889,2.534167,0.992288
2026-07-31T01:33:00+00:00,bid,H200,6,21,3.816155,3.816703,3.882584,3.948328,6.776864,3.882584,0.99828
2026-07-31T01:33:00+00:00,bid,H200 NVL,12,29,0.403778,0.852472,1.60127,1.867778,3.211111,1.001667,0.988644
2026-07-31T01:33:00+00:00,bid,L4,10,18,0.134444,0.152037,0.241481,0.268889,0.322222,0.267407,0.997635
2026-07-31T01:33:00+00:00,bid,L40,2,4,0.267407,0.318333,0.369259,0.420185,0.471111,0.369259,0.992355
2026-07-31T01:33:00+00:00,bid,L40S,29,88,0.200185,0.333704,0.534259,0.540741,0.933611,0.535185,0.998415
2026-07-31T01:33:00+00:00,bid,Q RTX 5000,1,2,0.054074,0.054074,0.054074,0.054074,0.054074,,0.983109
2026-07-31T01:33:00+00:00,bid,Q RTX 8000,6,7,0.015556,0.099361,0.099778,0.099778,0.150222,0.099778,0.999501
2026-07-31T01:33:00+00:00,bid,Quadro GV100,1,1,0.134074,0.134074,0.134074,0.134074,0.134074,,0.968909
2026-07-31T01:33:00+00:00,bid,Quadro P4000,5,8,0.040741,0.041481,0.045667,0.046,0.047778,0.046,0.987416
2026-07-31T01:33:00+00:00,bid,RTX 2060,2,2,0.031111,0.107222,0.183333,0.259444,0.335556,0.183333,0.993243
2026-07-31T01:33:00+00:00,bid,RTX 2060S,3,9,0.046778,0.046878,0.046978,0.085341,0.123704,0.046978,0.966539
2026-07-31T01:33:00+00:00,bid,RTX 2070S,2,13,0.066831,0.066883,0.066934,0.066986,0.067037,,0.987506
2026-07-31T01:33:00+00:00,bid,RTX 2080 Ti,6,10,0.037778,0.041111,0.041667,0.061407,0.108889,0.042222,0.992492
2026-07-31T01:33:00+00:00,bid,RTX 2080S,1,1,0.037778,0.037778,0.037778,0.037778,0.037778,0.037778,0.929594
2026-07-31T01:33:00+00:00,bid,RTX 3060,15,50,0.024741,0.039259,0.042222,0.050852,0.137037,0.053519,0.990171
2026-07-31T01:33:00+00:00,bid,RTX 3060 laptop,6,9,0.013481,0.045574,0.068074,0.09313,0.101111,0.085148,0.997352
2026-07-31T01:33:00+00:00,bid,RTX 3070,12,39,0.040444,0.041111,0.053889,0.07625,0.202222,0.069444,0.996715
2026-07-31T01:33:00+00:00,bid,RTX 3070 Ti,1,2,0.054444,0.054444,0.054444,0.054444,0.054444,,0.996662
2026-07-31T01:33:00+00:00,bid,RTX 3070 laptop,1,1,0.442222,0.442222,0.442222,0.442222,0.442222,,0.965078
2026-07-31T01:33:00+00:00,bid,RTX 3080,13,32,0.041111,0.061481,0.09,0.141111,0.24083,0.135556,0.991534
2026-07-31T01:33:00+00:00,bid,RTX 3080 Ti,6,7,0.015556,0.06037,0.072222,0.090185,0.108889,0.08963,0.994896
2026-07-31T01:33:00+00:00,bid,RTX 3090,80,177,0.016296,0.107315,0.135185,0.201111,0.375556,0.148519,0.99047
2026-07-31T01:33:00+00:00,bid,RTX 4000Ada,1,1,0.162222,0.162222,0.162222,0.162222,0.162222,,0.995039
2026-07-31T01:33:00+00:00,bid,RTX 4060,3,5,0.053926,0.053926,0.053926,0.054222,0.054519,,0.983708
2026-07-31T01:33:00+00:00,bid,RTX 4060 Ti,6,17,0.041111,0.050889,0.085259,0.093685,0.107222,0.093704,0.989398
2026-07-31T01:33:00+00:00,bid,RTX 4070,8,15,0.028741,0.029944,0.068235,0.078685,0.148889,0.075778,0.984195
2026-07-31T01:33:00+00:00,bid,RTX 4070 Ti,5,10,0.108148,0.215556,0.240556,0.241111,0.241111,0.215556,0.990609
2026-07-31T01:33:00+00:00,bid,RTX 4070S,11,37,0.067222,0.06838,0.071481,0.085417,0.098148,0.075407,0.991277
2026-07-31T01:33:00+00:00,bid,RTX 4070S Ti,12,23,0.054815,0.088935,0.147685,0.201111,0.202222,0.201111,0.997369
2026-07-31T01:33:00+00:00,bid,RTX 4080,18,44,0.077222,0.14038,0.147222,0.147407,0.255556,0.147037,0.985849
2026-07-31T01:33:00+00:00,bid,RTX 4080S,21,57,0.015556,0.134537,0.188741,0.203704,0.240741,0.203704,0.990489
2026-07-31T01:33:00+00:00,bid,RTX 4090,111,331,0.090765,0.200796,0.266984,0.395185,0.762222,0.362361,0.995332
2026-07-31T01:33:00+00:00,bid,RTX 4090D,5,9,0.604556,0.605111,0.606222,0.606222,0.606222,,0.967226
2026-07-31T01:33:00+00:00,bid,RTX 5000Ada,1,1,0.335556,0.335556,0.335556,0.335556,0.335556,0.335556,0.9942
2026-07-31T01:33:00+00:00,bid,RTX 5060,5,6,0.042222,0.054,0.055556,0.095556,0.148889,0.055556,0.995326
2026-07-31T01:33:00+00:00,bid,RTX 5060 Ti,26,84,0.043111,0.071458,0.101444,0.147157,0.159222,0.10237,0.996651
2026-07-31T01:33:00+00:00,bid,RTX 5070,4,6,0.054815,0.096759,0.112592,0.116389,0.122222,0.114444,0.992211
2026-07-31T01:33:00+00:00,bid,RTX 5070 Ti,14,26,0.093889,0.107778,0.108889,0.1345,0.157481,0.134444,0.996287
2026-07-31T01:33:00+00:00,bid,RTX 5080,16,32,0.02963,0.105741,0.134963,0.172444,0.254815,0.148889,0.988322
2026-07-31T01:33:00+00:00,bid,RTX 5090,86,169,0.114222,0.268333,0.302009,0.437778,0.868889,0.312926,0.995669
2026-07-31T01:33:00+00:00,bid,RTX 5880Ada,6,8,0.295185,0.295648,0.297037,0.297037,0.297037,0.297037,0.994945
2026-07-31T01:33:00+00:00,bid,RTX 6000Ada,19,37,0.139259,0.3875,0.467778,0.508009,0.748148,0.468741,0.994968
2026-07-31T01:33:00+00:00,bid,RTX A2000,1,1,0.400148,0.400148,0.400148,0.400148,0.400148,,0.994283
2026-07-31T01:33:00+00:00,bid,RTX A4000,18,90,0.041111,0.083704,0.100623,0.126957,0.149748,0.08713,0.97131
2026-07-31T01:33:00+00:00,bid,RTX A5000,7,24,0.028556,0.168677,0.229611,0.334444,0.334815,0.168677,0.971796
2026-07-31T01:33:00+00:00,bid,RTX A6000,5,10,0.143704,0.202593,0.302167,0.321111,0.334074,,0.991425
2026-07-31T01:33:00+00:00,bid,RTX PRO 4000,12,22,0.067778,0.098889,0.214815,0.234722,0.241481,0.235,0.993505
2026-07-31T01:33:00+00:00,bid,RTX PRO 5000,21,42,0.135111,0.400741,0.467222,0.533889,0.803704,0.467222,0.987565
2026-07-31T01:33:00+00:00,bid,RTX PRO 6000 S,19,40,0.335556,0.78009,0.802963,1.06963,1.467222,1.065185,0.997023
2026-07-31T01:33:00+00:00,bid,RTX PRO 6000 WS,32,52,0.269778,0.518056,0.668889,0.949759,2.544444,0.600296,0.993244
2026-07-31T01:33:00+00:00,bid,Tesla P100,3,4,0.041481,0.087963,0.134444,0.135,0.135556,0.135,0.9898
2026-07-31T01:33:00+00:00,bid,Tesla P40,3,8,0.065889,0.066167,0.066444,0.066444,0.066444,0.066444,0.993307
2026-07-31T01:33:00+00:00,bid,Tesla T4,2,3,3.400741,3.400926,3.401111,3.401296,3.401481,,0.972401
2026-07-31T01:33:00+00:00,bid,Tesla V100,28,78,0.020278,0.020556,0.051296,0.133935,0.242222,0.162222,0.993778
2026-07-31T01:33:00+00:00,bid,Titan RTX,4,6,0.094444,0.104444,0.108333,0.115556,0.135556,0.108333,0.998351
2026-07-31T01:33:00+00:00,bid,Titan Xp,1,1,0.042222,0.042222,0.042222,0.042222,0.042222,0.042222,0.996121
2026-07-31T01:37:59+00:00,on-demand,A100 PCIE,12,28,0.268148,0.334306,0.802185,1.001389,1.535049,0.867593,0.995424
2026-07-31T01:37:59+00:00,on-demand,A100 SXM4,26,75,0.267037,0.817431,1.054759,1.157833,1.384382,1.069333,0.994401
2026-07-31T01:37:59+00:00,on-demand,A10g,1,1,0.161185,0.161185,0.161185,0.161185,0.161185,,0.912918
2026-07-31T01:37:59+00:00,on-demand,A40,1,4,0.287037,0.287037,0.287037,0.287037,0.287037,0.287037,0.996474
2026-07-31T01:37:59+00:00,on-demand,A800 PCIE,2,5,0.667222,0.667639,0.668056,0.668472,0.668889,,0.994443
2026-07-31T01:37:59+00:00,on-demand,B200,9,31,4.982292,6.252083,6.690104,6.752604,7.752083,6.720703,0.982433
2026-07-31T01:37:59+00:00,on-demand,B300,1,4,5.625521,5.625521,5.625521,5.625521,5.625521,,0.993445
2026-07-31T01:37:59+00:00,on-demand,CMP 170HX,4,19,0.186852,0.18713,0.1875,0.188056,0.188889,,0.943654
2026-07-31T01:37:59+00:00,on-demand,GTX 1060,3,4,0.087778,0.087963,0.088148,0.216296,0.344444,0.087963,0.999283
2026-07-31T01:37:59+00:00,on-demand,GTX 1070,1,1,0.531111,0.531111,0.531111,0.531111,0.531111,0.531111,0.989401
2026-07-31T01:37:59+00:00,on-demand,GTX 1070 Ti,2,10,0.04837,0.048417,0.048463,0.048509,0.048556,0.048463,0.988101
2026-07-31T01:37:59+00:00,on-demand,GTX 1080,3,4,0.048889,0.049,0.049111,0.049667,0.050222,0.049667,0.994069
2026-07-31T01:37:59+00:00,on-demand,GTX 1080 Ti,6,18,0.060317,0.060602,0.060926,0.061944,0.068889,0.060741,0.997111
2026-07-31T01:37:59+00:00,on-demand,GTX 1650 S,1,1,0.677778,0.677778,0.677778,0.677778,0.677778,,0.984602
2026-07-31T01:37:59+00:00,on-demand,GTX 1660 S,2,5,0.049889,0.150194,0.2505,0.350806,0.451111,0.049889,0.963034
2026-07-31T01:37:59+00:00,on-demand,GTX 1660 Ti,1,1,0.071111,0.071111,0.071111,0.071111,0.071111,,0.997438
2026-07-31T01:37:59+00:00,on-demand,H100 NVL,6,11,2.268889,2.468519,2.688667,2.71237,3.333889,2.711556,0.994491
2026-07-31T01:37:59+00:00,on-demand,H100 PCIE,2,6,1.867222,1.934028,2.000833,2.067639,2.134444,2.000833,0.976707
2026-07-31T01:37:59+00:00,on-demand,H100 SXM,12,39,1.601481,2.084722,3.155333,4.022069,5.068889,3.500444,0.99241
2026-07-31T01:37:59+00:00,on-demand,H200,6,21,3.934576,3.935124,4.073374,4.211486,7.040022,4.073374,0.99828
2026-07-31T01:37:59+00:00,on-demand,H200 NVL,5,9,2.802222,3.121667,3.335556,3.472222,4.922222,3.403889,0.988644
2026-07-31T01:37:59+00:00,on-demand,L4,5,10,0.202222,0.295556,0.325185,0.333778,0.334074,0.333778,0.995338
2026-07-31T01:37:59+00:00,on-demand,L40,2,4,0.454074,0.485,0.515926,0.546852,0.577778,0.515926,0.992355
2026-07-31T01:37:59+00:00,on-demand,L40S,16,59,0.40037,0.513981,0.567778,0.800463,1.074074,0.800148,0.996377
2026-07-31T01:37:59+00:00,on-demand,Q RTX 5000,2,3,0.080741,0.080926,0.081111,0.081296,0.081481,,0.983109
2026-07-31T01:37:59+00:00,on-demand,Q RTX 8000,4,8,0.253111,0.253556,0.253889,0.258444,0.271556,0.253889,0.99868
2026-07-31T01:37:59+00:00,on-demand,Quadro GV100,1,1,0.467407,0.467407,0.467407,0.467407,0.467407,,0.968909
2026-07-31T01:37:59+00:00,on-demand,Quadro P4000,4,7,0.047407,0.052778,0.054691,0.057944,0.067333,0.060951,0.970765
2026-07-31T01:37:59+00:00,on-demand,RTX 2060,1,1,0.415556,0.415556,0.415556,0.415556,0.415556,0.415556,0.995246
2026-07-31T01:37:59+00:00,on-demand,RTX 2070S,3,21,0.073498,0.073508,0.073519,0.073611,0.073704,,0.987506
2026-07-31T01:37:59+00:00,on-demand,RTX 2080 Ti,10,30,0.040444,0.075674,0.080044,0.08588,0.811111,0.080056,0.994713
2026-07-31T01:37:59+00:00,on-demand,RTX 2080S,1,1,0.744444,0.744444,0.744444,0.744444,0.744444,0.744444,0.929594
2026-07-31T01:37:59+00:00,on-demand,RTX 3060,11,35,0.031556,0.060648,0.073498,0.211393,1.335556,0.211393,0.997014
2026-07-31T01:37:59+00:00,on-demand,RTX 3060 laptop,4,5,0.026815,0.037537,0.041667,0.057963,0.105185,0.105185,0.998769
2026-07-31T01:37:59+00:00,on-demand,RTX 3070,11,49,0.047778,0.066964,0.075556,0.106944,0.142444,0.076667,0.991213
2026-07-31T01:37:59+00:00,on-demand,RTX 3070 laptop,1,1,0.468889,0.468889,0.468889,0.468889,0.468889,,0.965078
2026-07-31T01:37:59+00:00,on-demand,RTX 3080,11,38,0.060278,0.078519,0.113444,0.132583,0.251496,0.113556,0.991534
2026-07-31T01:37:59+00:00,on-demand,RTX 3080 Ti,4,5,0.068889,0.078889,0.111667,0.150722,0.179556,0.160333,0.986368
2026-07-31T01:37:59+00:00,on-demand,RTX 3090,41,131,0.080003,0.134444,0.233704,0.427407,1.336296,0.259156,0.989267
2026-07-31T01:37:59+00:00,on-demand,RTX 3090 Ti,1,1,0.175556,0.175556,0.175556,0.175556,0.175556,,0.993212
2026-07-31T01:37:59+00:00,on-demand,RTX 4000Ada,2,3,0.100889,0.126222,0.151556,0.176889,0.202222,,0.991894
2026-07-31T01:37:59+00:00,on-demand,RTX 4060,8,21,0.060198,0.060907,0.062222,0.065704,2.677778,0.064444,0.990737
2026-07-31T01:37:59+00:00,on-demand,RTX 4060 Ti,3,7,0.066444,0.074333,0.082222,0.097963,0.113704,0.113704,0.994529
2026-07-31T01:37:59+00:00,on-demand,RTX 4070,3,4,0.081111,0.081667,0.082222,0.083333,0.084444,0.084444,0.984195
2026-07-31T01:37:59+00:00,on-demand,RTX 4070 Ti,9,25,0.093111,0.094444,0.095556,0.242222,0.282444,0.095556,0.991433
2026-07-31T01:37:59+00:00,on-demand,RTX 4070S,8,26,0.080556,0.081181,0.082315,0.094167,0.111481,0.107778,0.992187
2026-07-31T01:37:59+00:00,on-demand,RTX 4070S Ti,10,20,0.067778,0.107593,0.114722,0.216454,0.248889,0.185685,0.994716
2026-07-31T01:37:59+00:00,on-demand,RTX 4080,12,35,0.114259,0.157981,0.173981,0.269046,0.270074,0.228037,0.988096
2026-07-31T01:37:59+00:00,on-demand,RTX 4080S,21,68,0.098222,0.160556,0.200556,0.213611,0.803704,0.160556,0.990489
2026-07-31T01:37:59+00:00,on-demand,RTX 4090,52,186,0.134444,0.310926,0.465625,0.667639,1.334815,0.495278,0.996031
2026-07-31T01:37:59+00:00,on-demand,RTX 4090D,3,7,0.667222,0.6675,0.667778,0.668333,0.668889,,0.967226
2026-07-31T01:37:59+00:00,on-demand,RTX 5000Ada,1,1,0.455556,0.455556,0.455556,0.455556,0.455556,,0.989021
2026-07-31T01:37:59+00:00,on-demand,RTX 5060,3,4,0.068889,0.072037,0.075185,0.128704,0.182222,0.128704,0.994991
2026-07-31T01:37:59+00:00,on-demand,RTX 5060 Ti,11,39,0.074815,0.081852,0.100556,0.152398,0.227407,0.107593,0.992632
2026-07-31T01:37:59+00:00,on-demand,RTX 5070,5,6,0.081481,0.088889,0.11037,0.126667,0.148148,0.11037,0.996733
2026-07-31T01:37:59+00:00,on-demand,RTX 5070 Ti,7,14,0.120556,0.128333,0.135556,0.194815,0.202222,0.122222,0.99734
2026-07-31T01:37:59+00:00,on-demand,RTX 5080,16,60,0.160463,0.173759,0.174778,0.207343,0.802963,0.175111,0.996593
2026-07-31T01:37:59+00:00,on-demand,RTX 5090,51,144,0.306852,0.425111,0.533611,0.668241,2.668889,0.650185,0.990698
2026-07-31T01:37:59+00:00,on-demand,RTX 5880Ada,3,7,0.453852,0.511185,0.568519,0.569444,0.57037,0.568519,0.995945
2026-07-31T01:37:59+00:00,on-demand,RTX 6000Ada,10,25,0.302222,0.461204,0.590602,0.654676,0.735556,0.640926,0.993817
2026-07-31T01:37:59+00:00,on-demand,RTX A2000,4,5,0.034074,0.03563,0.264815,0.704,1.335556,,0.994741
2026-07-31T01:37:59+00:00,on-demand,RTX A4000,10,54,0.071778,0.113645,0.133611,0.143665,0.160415,0.133657,0.978457
2026-07-31T01:37:59+00:00,on-demand,RTX A5000,4,19,0.230914,0.230966,20.115862,40.000926,40.001481,0.230949,0.984222
2026-07-31T01:37:59+00:00,on-demand,RTX A6000,9,38,0.200278,0.347407,0.534074,1.333889,1.335556,,0.690945
2026-07-31T01:37:59+00:00,on-demand,RTX PRO 4000,10,24,0.167222,0.254306,0.265444,0.319241,0.321481,0.318778,0.994362
2026-07-31T01:37:59+00:00,on-demand,RTX PRO 4500,2,2,0.308889,0.315556,0.322222,0.328889,0.335556,0.335556,0.974427
2026-07-31T01:37:59+00:00,on-demand,RTX PRO 5000,12,29,0.36963,0.630676,0.745067,0.889681,0.944148,0.889611,0.989574
2026-07-31T01:37:59+00:00,on-demand,RTX PRO 6000 S,10,26,1.200889,1.35,1.534028,1.70125,1.736296,1.600556,0.980548
2026-07-31T01:37:59+00:00,on-demand,RTX PRO 6000 WS,16,36,0.801111,1.126741,1.334259,1.354537,5.334815,1.334722,0.984162
2026-07-31T01:37:59+00:00,on-demand,Tesla P100,4,8,0.068148,0.087593,0.094444,0.121667,0.202222,0.094815,0.977141
2026-07-31T01:37:59+00:00,on-demand,Tesla P40,2,6,0.132556,0.132694,0.132833,0.132972,0.133111,0.132833,0.993307
2026-07-31T01:37:59+00:00,on-demand,Tesla T4,2,3,12.000741,12.000926,12.001111,12.001296,12.001481,,0.972401
2026-07-31T01:37:59+00:00,on-demand,Tesla V100,11,36,0.093611,0.094167,0.167407,0.267083,0.268889,0.240889,0.974702
2026-07-31T01:37:59+00:00,on-demand,Titan RTX,2,3,0.134444,0.141574,0.148704,0.155833,0.162963,0.148704,0.963593
2026-07-31T01:37:59+00:00,on-demand,Titan Xp,1,1,0.055556,0.055556,0.055556,0.055556,0.055556,0.055556,0.996121
2026-07-31T01:37:59+00:00,bid,A100 PCIE,24,36,0.133889,0.134444,0.135556,0.152037,0.486098,0.135556,0.993878
2026-07-31T01:37:59+00:00,bid,A100 SXM4,43,87,0.135556,0.415,0.668519,0.868333,1.002222,0.636574,0.988081
2026-07-31T01:37:59+00:00,bid,A10g,1,1,0.081185,0.081185,0.081185,0.081185,0.081185,,0.912918
2026-07-31T01:37:59+00:00,bid,A40,5,16,0.233704,0.233704,0.233704,0.234074,0.234074,0.233704,0.997276
2026-07-31T01:37:59+00:00,bid,A800 PCIE,6,11,0.129889,0.130444,0.131,0.131556,0.131556,,0.994443
2026-07-31T01:37:59+00:00,bid,B200,12,55,5.000694,5.625239,5.876953,6.533268,7.377083,5.877604,0.980991
2026-07-31T01:37:59+00:00,bid,CMP 170HX,7,32,0.160185,0.160417,0.160556,0.161667,0.162222,,0.943654
2026-07-31T01:37:59+00:00,bid,GTX 1050 Ti,1,1,0.024444,0.024444,0.024444,0.024444,0.024444,,0.982343
2026-07-31T01:37:59+00:00,bid,GTX 1060,3,3,0.014074,0.022593,0.031111,0.04963,0.068148,0.068148,0.991085
2026-07-31T01:37:59+00:00,bid,GTX 1070,1,1,0.024444,0.024444,0.024444,0.024444,0.024444,0.024444,0.989401
2026-07-31T01:37:59+00:00,bid,GTX 1070 Ti,1,4,0.040556,0.040556,0.040556,0.040556,0.040556,0.040556,0.997386
2026-07-31T01:37:59+00:00,bid,GTX 1080,5,12,0.034519,0.037037,0.04037,0.041111,0.053704,0.040741,0.996043
2026-07-31T01:37:59+00:00,bid,GTX 1080 Ti,7,28,0.040317,0.040556,0.041111,0.047937,0.054074,0.041111,0.997111
2026-07-31T01:37:59+00:00,bid,GTX 1650 S,1,1,0.037778,0.037778,0.037778,0.037778,0.037778,,0.984602
2026-07-31T01:37:59+00:00,bid,GTX 1660,1,1,0.037778,0.037778,0.037778,0.037778,0.037778,,0.991307
2026-07-31T01:37:59+00:00,bid,GTX 1660 S,2,5,0.031111,0.033472,0.035833,0.038194,0.040556,0.040556,0.963034
2026-07-31T01:37:59+00:00,bid,GTX 1660 Ti,2,2,0.037778,0.042778,0.047778,0.052778,0.057778,0.037778,0.991907
2026-07-31T01:37:59+00:00,bid,H100 NVL,7,11,0.803259,0.806519,1.468889,1.735556,2.000556,0.806519,0.992493
2026-07-31T01:37:59+00:00,bid,H100 PCIE,2,6,1.467556,1.500944,1.534333,1.567722,1.601111,1.534333,0.976707
2026-07-31T01:37:59+00:00,bid,H100 SXM,14,41,0.602222,0.753852,1.868111,2.534306,4.002222,2.302944,0.988232
2026-07-31T01:37:59+00:00,bid,H200,6,21,3.816155,3.816703,3.882584,3.948328,6.776864,3.882584,0.99828
2026-07-31T01:37:59+00:00,bid,H200 NVL,10,15,0.403778,0.604083,1.601667,1.868889,3.744444,0.803278,0.988462
2026-07-31T01:37:59+00:00,bid,L4,8,19,0.134444,0.195556,0.267593,0.282056,0.320556,0.267778,0.997635
2026-07-31T01:37:59+00:00,bid,L40,2,4,0.267407,0.318333,0.369259,0.420185,0.471111,0.369259,0.992355
2026-07-31T01:37:59+00:00,bid,L40S,30,87,0.20037,0.333704,0.500833,0.540741,0.933889,0.536111,0.998581
2026-07-31T01:37:59+00:00,bid,Q RTX 5000,1,2,0.054074,0.054074,0.054074,0.054074,0.054074,,0.983109
2026-07-31T01:37:59+00:00,bid,Q RTX 8000,6,7,0.015556,0.055583,0.0995,0.099778,0.150222,0.0995,0.999267
2026-07-31T01:37:59+00:00,bid,Quadro GV100,1,1,0.134074,0.134074,0.134074,0.134074,0.134074,,0.968909
2026-07-31T01:37:59+00:00,bid,Quadro P4000,4,6,0.03437,0.039148,0.043204,0.04575,0.046,0.045833,0.987478
2026-07-31T01:37:59+00:00,bid,RTX 2060,3,4,0.027259,0.029185,0.031111,0.183333,0.335556,0.031111,0.991239
2026-07-31T01:37:59+00:00,bid,RTX 2060S,3,9,0.046778,0.046878,0.046978,0.085341,0.123704,0.046978,0.966633
2026-07-31T01:37:59+00:00,bid,RTX 2070S,3,21,0.066831,0.066842,0.066852,0.066944,0.067037,,0.987506
2026-07-31T01:37:59+00:00,bid,RTX 2080 Ti,6,10,0.037778,0.041389,0.055012,0.068228,0.108889,0.067802,0.99424
2026-07-31T01:37:59+00:00,bid,RTX 2080S,1,1,0.037778,0.037778,0.037778,0.037778,0.037778,0.037778,0.929594
2026-07-31T01:37:59+00:00,bid,RTX 3060,18,56,0.026222,0.041204,0.046315,0.054306,0.137037,0.050852,0.994308
2026-07-31T01:37:59+00:00,bid,RTX 3060 laptop,6,8,0.013481,0.019833,0.049963,0.065593,0.069185,0.066963,0.990439
2026-07-31T01:37:59+00:00,bid,RTX 3070,9,32,0.040444,0.053611,0.067778,0.093889,0.202222,0.068519,0.996715
2026-07-31T01:37:59+00:00,bid,RTX 3070 laptop,1,1,0.442222,0.442222,0.442222,0.442222,0.442222,,0.965078
2026-07-31T01:37:59+00:00,bid,RTX 3080,11,31,0.041111,0.064213,0.067778,0.17424,0.24083,0.09,0.989827
2026-07-31T01:37:59+00:00,bid,RTX 3080 Ti,5,6,0.015556,0.083704,0.088889,0.107778,0.175556,0.107778,0.993709
2026-07-31T01:37:59+00:00,bid,RTX 3090,69,170,0.016296,0.107778,0.134815,0.201481,0.376296,0.147222,0.99047
2026-07-31T01:37:59+00:00,bid,RTX 4000Ada,2,3,0.067556,0.091222,0.114889,0.138556,0.162222,,0.991894
2026-07-31T01:37:59+00:00,bid,RTX 4060,5,13,0.053531,0.053926,0.053926,0.055556,0.065481,0.065481,0.983708
2026-07-31T01:37:59+00:00,bid,RTX 4060 Ti,8,21,0.041111,0.049167,0.085259,0.093796,0.107222,0.093704,0.982719
2026-07-31T01:37:59+00:00,bid,RTX 4070,6,11,0.028741,0.029389,0.042333,0.070444,0.076889,0.075778,0.990733
2026-07-31T01:37:59+00:00,bid,RTX 4070 Ti,6,11,0.081481,0.125556,0.228056,0.240972,0.241111,0.148519,0.990609
2026-07-31T01:37:59+00:00,bid,RTX 4070S,13,49,0.067222,0.068889,0.076296,0.084815,0.098148,0.080306,0.991277
2026-07-31T01:37:59+00:00,bid,RTX 4070S Ti,11,23,0.054815,0.094167,0.200556,0.201111,0.202222,0.201111,0.999463
2026-07-31T01:37:59+00:00,bid,RTX 4080,15,41,0.077222,0.136037,0.147037,0.147407,0.148148,0.147037,0.989213
2026-07-31T01:37:59+00:00,bid,RTX 4080S,18,56,0.104444,0.135046,0.194509,0.231065,0.240741,0.221944,0.990489
2026-07-31T01:37:59+00:00,bid,RTX 4090,102,316,0.080494,0.200694,0.268074,0.388611,0.762222,0.336296,0.995041
2026-07-31T01:37:59+00:00,bid,RTX 4090D,4,8,0.604556,0.604972,0.605667,0.606222,0.606222,,0.967226
2026-07-31T01:37:59+00:00,bid,RTX 5000Ada,1,1,0.335556,0.335556,0.335556,0.335556,0.335556,0.335556,0.9942
2026-07-31T01:37:59+00:00,bid,RTX 5060,3,4,0.054,0.054778,0.055556,0.102222,0.148889,0.055556,0.995326
2026-07-31T01:37:59+00:00,bid,RTX 5060 Ti,23,74,0.044444,0.080463,0.081111,0.14088,0.159222,0.093889,0.996767
2026-07-31T01:37:59+00:00,bid,RTX 5070,4,5,0.054815,0.064815,0.075926,0.090463,0.11074,0.083704,0.993924
2026-07-31T01:37:59+00:00,bid,RTX 5070 Ti,14,28,0.093889,0.103056,0.108333,0.108889,0.240556,0.107778,0.993216
2026-07-31T01:37:59+00:00,bid,RTX 5080,20,42,0.02963,0.117241,0.133457,0.175,0.254815,0.147556,0.990755
2026-07-31T01:37:59+00:00,bid,RTX 5090,75,168,0.114222,0.202222,0.333611,0.427611,1.602222,0.294444,0.995902
2026-07-31T01:37:59+00:00,bid,RTX 5880Ada,6,8,0.295185,0.295648,0.297037,0.297037,0.297037,0.297037,0.994945
2026-07-31T01:37:59+00:00,bid,RTX 6000Ada,24,48,0.137778,0.340787,0.400926,0.468889,0.775556,0.402222,0.996113
2026-07-31T01:37:59+00:00,bid,RTX A2000,1,1,0.400148,0.400148,0.400148,0.400148,0.400148,,0.994283
2026-07-31T01:37:59+00:00,bid,RTX A4000,17,90,0.057111,0.093889,0.107037,0.133611,0.149748,0.121749,0.97131
2026-07-31T01:37:59+00:00,bid,RTX A5000,5,12,0.11037,0.226984,0.334074,0.334815,0.334815,0.168677,0.971796
2026-07-31T01:37:59+00:00,bid,RTX A6000,6,13,0.202593,0.302167,0.311639,0.330833,0.334444,,0.977803
2026-07-31T01:37:59+00:00,bid,RTX PRO 4000,13,25,0.067778,0.068889,0.214444,0.217037,0.241481,0.228765,0.991585
2026-07-31T01:37:59+00:00,bid,RTX PRO 4500,1,1,0.228889,0.228889,0.228889,0.228889,0.228889,0.228889,0.999129
2026-07-31T01:37:59+00:00,bid,RTX PRO 5000,27,47,0.135111,0.348148,0.401481,0.501389,0.803704,0.401481,0.987565
2026-07-31T01:37:59+00:00,bid,RTX PRO 6000 S,18,38,0.335556,0.699502,1.06,1.06963,1.467222,1.062222,0.995239
2026-07-31T01:37:59+00:00,bid,RTX PRO 6000 WS,34,60,0.269778,0.534815,0.668889,0.91,2.544444,0.600296,0.991792
2026-07-31T01:37:59+00:00,bid,Tesla P100,3,4,0.041481,0.087963,0.134444,0.135,0.135556,0.135,0.9898
2026-07-31T01:37:59+00:00,bid,Tesla P40,3,8,0.065889,0.066167,0.066444,0.066444,0.066444,0.066444,0.993307
2026-07-31T01:37:59+00:00,bid,Tesla T4,3,4,3.400741,3.401111,3.401481,3.401481,3.401481,,0.972401
2026-07-31T01:37:59+00:00,bid,Tesla V100,24,79,0.020278,0.020556,0.021111,0.105028,0.202222,0.148889,0.988049
2026-07-31T01:37:59+00:00,bid,Titan RTX,4,6,0.094444,0.104444,0.108333,0.108889,0.108889,0.108333,0.998351
2026-07-31T01:37:59+00:00,bid,Titan Xp,1,1,0.042222,0.042222,0.042222,0.042222,0.042222,0.042222,0.996749
2026-07-31T01:42:58+00:00,on-demand,A100 PCIE,9,21,0.333611,0.335556,0.867037,1.002222,1.04,0.868148,0.995424
2026-07-31T01:42:58+00:00,on-demand,A100 SXM4,30,81,0.267037,0.817338,1.042,1.187833,1.601296,1.042,0.991026
2026-07-31T01:42:58+00:00,on-demand,A10g,1,1,0.161185,0.161185,0.161185,0.161185,0.161185,,0.912918
2026-07-31T01:42:58+00:00,on-demand,A40,1,4,0.287037,0.287037,0.287037,0.287037,0.287037,0.287037,0.997276
2026-07-31T01:42:58+00:00,on-demand,A800 PCIE,2,5,0.667222,0.667639,0.668056,0.668472,0.668889,,0.994443
2026-07-31T01:42:58+00:00,on-demand,B200,12,55,5.937674,6.250846,6.720703,7.644857,7.752083,6.751302,0.984957
2026-07-31T01:42:58+00:00,on-demand,B300,1,4,5.625521,5.625521,5.625521,5.625521,5.625521,,0.993445
2026-07-31T01:42:58+00:00,on-demand,CMP 170HX,5,27,0.186852,0.186944,0.187222,0.187778,0.188889,,0.943654
2026-07-31T01:42:58+00:00,on-demand,GTX 1060,3,4,0.087778,0.088333,0.088889,0.216667,0.344444,0.088333,0.999305
2026-07-31T01:42:58+00:00,on-demand,GTX 1070,1,1,0.531111,0.531111,0.531111,0.531111,0.531111,0.531111,0.989401
2026-07-31T01:42:58+00:00,on-demand,GTX 1070 Ti,1,6,0.04837,0.04837,0.04837,0.04837,0.04837,0.04837,0.988101
2026-07-31T01:42:58+00:00,on-demand,GTX 1080,4,8,0.048556,0.048972,0.049667,0.050259,0.05037,0.049111,0.993903
2026-07-31T01:42:58+00:00,on-demand,GTX 1080 Ti,6,17,0.060556,0.062056,0.066889,0.07246,0.074444,0.064889,0.996272
2026-07-31T01:42:58+00:00,on-demand,GTX 1650 S,1,1,0.677778,0.677778,0.677778,0.677778,0.677778,,0.984602
2026-07-31T01:42:58+00:00,on-demand,GTX 1660,1,4,0.067963,0.067963,0.067963,0.067963,0.067963,0.067963,0.99698
2026-07-31T01:42:58+00:00,on-demand,GTX 1660 S,2,5,0.049889,0.150194,0.2505,0.350806,0.451111,0.049889,0.963034
2026-07-31T01:42:58+00:00,on-demand,GTX 1660 Ti,1,1,0.071111,0.071111,0.071111,0.071111,0.071111,,0.997438
2026-07-31T01:42:58+00:00,on-demand,GTX TITAN X,1,1,0.031556,0.031556,0.031556,0.031556,0.031556,,0.991744
2026-07-31T01:42:58+00:00,on-demand,H100 NVL,6,11,2.362222,2.667593,2.669037,2.67237,3.333889,2.671556,0.996489
2026-07-31T01:42:58+00:00,on-demand,H100 PCIE,3,16,1.733481,1.733556,1.73363,1.800426,1.867222,1.867222,0.705863
2026-07-31T01:42:58+00:00,on-demand,H100 SXM,12,39,1.601481,1.734306,2.934167,3.723389,5.068889,2.934444,0.99241
2026-07-31T01:42:58+00:00,on-demand,H200,6,21,3.934576,3.935124,4.073374,4.211486,7.040022,4.073374,0.99828
2026-07-31T01:42:58+00:00,on-demand,H200 NVL,5,9,2.802222,3.121667,3.335556,3.472222,4.922222,3.403889,0.988644
2026-07-31T01:42:58+00:00,on-demand,L4,4,8,0.202222,0.272222,0.314722,0.333935,0.334074,0.333981,0.984196
2026-07-31T01:42:58+00:00,on-demand,L40,2,4,0.454074,0.485,0.515926,0.546852,0.577778,0.515926,0.992355
2026-07-31T01:42:58+00:00,on-demand,L40S,14,54,0.40037,0.482685,0.667111,0.801296,1.074074,0.800741,0.996377
2026-07-31T01:42:58+00:00,on-demand,Q RTX 5000,2,3,0.080741,0.080926,0.081111,0.081296,0.081481,,0.983109
2026-07-31T01:42:58+00:00,on-demand,Q RTX 8000,4,8,0.252556,0.252972,0.253407,0.258167,0.271556,0.253407,0.99909
2026-07-31T01:42:58+00:00,on-demand,Quadro GV100,1,1,0.467407,0.467407,0.467407,0.467407,0.467407,,0.968909
2026-07-31T01:42:58+00:00,on-demand,Quadro P4000,5,9,0.048148,0.054074,0.054568,0.067,0.067333,0.067,0.972327
2026-07-31T01:42:58+00:00,on-demand,RTX 2060,1,1,0.415556,0.415556,0.415556,0.415556,0.415556,0.415556,0.995246
2026-07-31T01:42:58+00:00,on-demand,RTX 2060S,1,1,0.283704,0.283704,0.283704,0.283704,0.283704,0.283704,0.953197
2026-07-31T01:42:58+00:00,on-demand,RTX 2070S,3,21,0.073498,0.073508,0.073519,0.073611,0.073704,,0.987506
2026-07-31T01:42:58+00:00,on-demand,RTX 2080 Ti,8,25,0.068889,0.078576,0.080044,0.090639,0.811111,0.080044,0.994713
2026-07-31T01:42:58+00:00,on-demand,RTX 2080S,1,1,0.744444,0.744444,0.744444,0.744444,0.744444,0.744444,0.929594
2026-07-31T01:42:58+00:00,on-demand,RTX 3060,12,46,0.033481,0.04987,0.068333,0.372222,1.335556,0.161944,0.990751
2026-07-31T01:42:58+00:00,on-demand,RTX 3060 laptop,3,3,0.026815,0.034519,0.042222,0.073704,0.105185,0.105185,0.998769
2026-07-31T01:42:58+00:00,on-demand,RTX 3070,10,50,0.041111,0.066954,0.067222,0.100671,0.107037,0.067103,0.989418
2026-07-31T01:42:58+00:00,on-demand,RTX 3070 laptop,1,1,0.468889,0.468889,0.468889,0.468889,0.468889,,0.965078
2026-07-31T01:42:58+00:00,on-demand,RTX 3080,10,39,0.060278,0.113368,0.1135,0.138736,0.251496,0.113556,0.992916
2026-07-31T01:42:58+00:00,on-demand,RTX 3080 Ti,5,6,0.068889,0.082222,0.135185,0.142222,0.203704,0.138704,0.981285
2026-07-31T01:42:58+00:00,on-demand,RTX 3090,41,123,0.080003,0.13937,0.233704,0.468889,1.336296,0.270556,0.982545
2026-07-31T01:42:58+00:00,on-demand,RTX 3090 Ti,1,1,0.175556,0.175556,0.175556,0.175556,0.175556,,0.993212
2026-07-31T01:42:58+00:00,on-demand,RTX 4000Ada,1,1,0.202222,0.202222,0.202222,0.202222,0.202222,,0.995039
2026-07-31T01:42:58+00:00,on-demand,RTX 4060,7,13,0.061111,0.061852,0.062963,0.066963,2.677778,0.063333,0.996468
2026-07-31T01:42:58+00:00,on-demand,RTX 4060 Ti,3,4,0.062963,0.072593,0.082222,0.113667,0.145111,0.104037,0.984486
2026-07-31T01:42:58+00:00,on-demand,RTX 4070,5,11,0.080741,0.081111,0.082222,0.094444,0.095556,0.094444,0.985893
2026-07-31T01:42:58+00:00,on-demand,RTX 4070 Ti,9,25,0.093111,0.094222,0.095556,0.242222,0.282444,0.095556,0.991433
2026-07-31T01:42:58+00:00,on-demand,RTX 4070S,9,34,0.080556,0.081204,0.082222,0.084815,0.109074,0.084815,0.989521
2026-07-31T01:42:58+00:00,on-demand,RTX 4070S Ti,9,18,0.088889,0.107407,0.124148,0.247222,0.248889,0.186426,0.993141
2026-07-31T01:42:58+00:00,on-demand,RTX 4080,13,35,0.114259,0.158074,0.175556,0.268889,0.270074,0.187185,0.988355
2026-07-31T01:42:58+00:00,on-demand,RTX 4080S,18,58,0.098222,0.159389,0.202148,0.263611,0.803704,0.180333,0.995607
2026-07-31T01:42:58+00:00,on-demand,RTX 4090,60,230,0.167778,0.307472,0.442778,0.668056,1.334815,0.53537,0.995703
2026-07-31T01:42:58+00:00,on-demand,RTX 4090D,3,7,0.667222,0.6675,0.667778,0.668333,0.668889,,0.967226
2026-07-31T01:42:58+00:00,on-demand,RTX 5000Ada,1,1,0.455556,0.455556,0.455556,0.455556,0.455556,,0.989021
2026-07-31T01:42:58+00:00,on-demand,RTX 5060,3,3,0.068889,0.108889,0.148889,0.165556,0.182222,0.182222,0.98944
2026-07-31T01:42:58+00:00,on-demand,RTX 5060 Ti,15,51,0.071852,0.083981,0.107593,0.155731,0.227407,0.121389,0.993503
2026-07-31T01:42:58+00:00,on-demand,RTX 5070,6,11,0.081481,0.088056,0.1,0.120278,0.211111,0.1,0.997649
2026-07-31T01:42:58+00:00,on-demand,RTX 5070 Ti,5,6,0.115556,0.122222,0.134444,0.135556,0.162222,0.138889,0.995623
2026-07-31T01:42:58+00:00,on-demand,RTX 5080,16,54,0.148889,0.173861,0.175556,0.213889,0.802963,0.177037,0.994013
2026-07-31T01:42:58+00:00,on-demand,RTX 5090,51,145,0.306852,0.440926,0.533611,0.668704,2.668889,0.667269,0.995261
2026-07-31T01:42:58+00:00,on-demand,RTX 5880Ada,3,7,0.453852,0.45463,0.455407,0.511963,0.568519,0.455407,0.997812
2026-07-31T01:42:58+00:00,on-demand,RTX 6000Ada,10,25,0.302222,0.464722,0.589769,0.680972,0.735556,0.680556,0.990887
2026-07-31T01:42:58+00:00,on-demand,RTX A2000,4,5,0.034074,0.03563,0.264815,0.704,1.335556,,0.994741
2026-07-31T01:42:58+00:00,on-demand,RTX A4000,4,27,0.071778,0.118045,0.133586,0.138333,0.152222,,0.97131
2026-07-31T01:42:58+00:00,on-demand,RTX A5000,6,23,0.200556,0.230954,0.296677,30.091148,40.001481,0.230964,0.984222
2026-07-31T01:42:58+00:00,on-demand,RTX A6000,11,40,0.200556,0.347315,0.402222,1.33375,1.335556,0.402222,0.951683
2026-07-31T01:42:58+00:00,on-demand,RTX PRO 4000,9,18,0.134444,0.168889,0.263704,0.321481,0.337037,0.295259,0.991585
2026-07-31T01:42:58+00:00,on-demand,RTX PRO 4500,1,1,0.308889,0.308889,0.308889,0.308889,0.308889,,0.949726
2026-07-31T01:42:58+00:00,on-demand,RTX PRO 5000,12,29,0.36963,0.629289,0.842778,0.890028,2.538519,0.88975,0.987804
2026-07-31T01:42:58+00:00,on-demand,RTX PRO 6000 S,11,30,1.200889,1.435093,1.600556,1.734444,1.736296,1.667315,0.997063
2026-07-31T01:42:58+00:00,on-demand,RTX PRO 6000 WS,15,34,0.868296,1.117907,1.329037,1.335593,5.334815,1.331833,0.992684
2026-07-31T01:42:58+00:00,on-demand,Tesla P100,4,8,0.068148,0.087593,0.094444,0.121667,0.202222,0.094815,0.977141
2026-07-31T01:42:58+00:00,on-demand,Tesla P40,2,6,0.132556,0.132694,0.132833,0.132972,0.133111,0.132833,0.993307
2026-07-31T01:42:58+00:00,on-demand,Tesla T4,2,3,12.000741,12.000926,12.001111,12.001296,12.001481,,0.972401
2026-07-31T01:42:58+00:00,on-demand,Tesla V100,10,35,0.093611,0.094028,0.131296,0.267153,0.268889,0.268889,0.969477
2026-07-31T01:42:58+00:00,on-demand,Titan RTX,2,3,0.134444,0.141574,0.148704,0.155833,0.162963,0.148704,0.993017
2026-07-31T01:42:58+00:00,on-demand,Titan Xp,1,1,0.055556,0.055556,0.055556,0.055556,0.055556,0.055556,0.996121
2026-07-31T01:42:58+00:00,bid,A100 PCIE,22,31,0.133889,0.134444,0.135556,0.185,0.486098,0.135556,0.993878
2026-07-31T01:42:58+00:00,bid,A100 SXM4,48,99,0.135556,0.415556,0.674815,0.824266,1.002222,0.668704,0.991614
2026-07-31T01:42:58+00:00,bid,A10g,1,1,0.081185,0.081185,0.081185,0.081185,0.081185,,0.912918
2026-07-31T01:42:58+00:00,bid,A40,5,14,0.233704,0.233704,0.234074,0.234074,0.234074,0.234074,0.99836
2026-07-31T01:42:58+00:00,bid,A800 PCIE,7,12,0.129889,0.130444,0.131556,0.131556,0.131556,,0.994443
2026-07-31T01:42:58+00:00,bid,B200,19,77,5.000694,5.625521,5.627083,6.251953,7.377083,5.752344,0.979549
2026-07-31T01:42:58+00:00,bid,CMP 170HX,5,21,0.160185,0.160556,0.161111,0.161111,0.162222,,0.943654
2026-07-31T01:42:58+00:00,bid,GTX 1050 Ti,1,1,0.024444,0.024444,0.024444,0.024444,0.024444,,0.982343
2026-07-31T01:42:58+00:00,bid,GTX 1060,2,2,0.031111,0.04037,0.04963,0.058889,0.068148,0.068148,0.995184
2026-07-31T01:42:58+00:00,bid,GTX 1070,1,1,0.024444,0.024444,0.024444,0.024444,0.024444,0.024444,0.989401
2026-07-31T01:42:58+00:00,bid,GTX 1070 Ti,1,6,0.04037,0.04037,0.04037,0.04037,0.04037,0.04037,0.988101
2026-07-31T01:42:58+00:00,bid,GTX 1080,6,16,0.034519,0.03787,0.040463,0.040972,0.053704,0.040556,0.993363
2026-07-31T01:42:58+00:00,bid,GTX 1080 Ti,7,27,0.040317,0.040648,0.041111,0.053862,0.055556,0.041111,0.997111
2026-07-31T01:42:58+00:00,bid,GTX 1650 S,1,1,0.037778,0.037778,0.037778,0.037778,0.037778,,0.984602
2026-07-31T01:42:58+00:00,bid,GTX 1660,1,1,0.037778,0.037778,0.037778,0.037778,0.037778,,0.991307
2026-07-31T01:42:58+00:00,bid,GTX 1660 S,2,5,0.031111,0.033472,0.035833,0.038194,0.040556,0.040556,0.963034
2026-07-31T01:42:58+00:00,bid,GTX 1660 Ti,2,2,0.037778,0.042778,0.047778,0.052778,0.057778,0.037778,0.991907
2026-07-31T01:42:58+00:00,bid,H100 NVL,8,12,0.803259,0.806519,1.435926,1.668889,2.000556,0.806519,0.983605
2026-07-31T01:42:58+00:00,bid,H100 PCIE,4,20,0.733481,0.733593,0.73363,0.917111,1.467556,1.467556,0.705863
2026-07-31T01:42:58+00:00,bid,H100 SXM,17,48,0.602222,1.006519,1.666889,2.66713,4.002222,2.533889,0.992288
2026-07-31T01:42:58+00:00,bid,H200,6,21,3.816155,3.816703,3.882584,3.948328,6.776864,3.882584,0.99828
2026-07-31T01:42:58+00:00,bid,H200 NVL,11,25,0.403778,0.803278,1.206667,1.934722,3.211111,1.201667,0.988644
2026-07-31T01:42:58+00:00,bid,L4,5,14,0.134444,0.215556,0.320444,0.320556,0.321111,0.3205,0.998655
2026-07-31T01:42:58+00:00,bid,L40,3,5,0.267407,0.335556,0.403704,0.437407,0.471111,0.403704,0.997268
2026-07-31T01:42:58+00:00,bid,L40S,32,101,0.200185,0.307176,0.467222,0.540741,0.774815,0.536111,0.998581
2026-07-31T01:42:58+00:00,bid,Q RTX 5000,1,2,0.054074,0.054074,0.054074,0.054074,0.054074,,0.983109
2026-07-31T01:42:58+00:00,bid,Q RTX 8000,6,7,0.015556,0.055583,0.0995,0.099778,0.150222,0.0995,0.999267
2026-07-31T01:42:58+00:00,bid,Quadro GV100,1,1,0.134074,0.134074,0.134074,0.134074,0.134074,,0.968909
2026-07-31T01:42:58+00:00,bid,Quadro P4000,4,6,0.040741,0.041296,0.043574,0.04575,0.046,0.045833,0.978341
2026-07-31T01:42:58+00:00,bid,RTX 2060,3,4,0.027259,0.029185,0.031111,0.183333,0.335556,0.031111,0.991239
2026-07-31T01:42:58+00:00,bid,RTX 2060S,3,9,0.046778,0.046878,0.046978,0.085341,0.123704,0.046978,0.966633
2026-07-31T01:42:58+00:00,bid,RTX 2070S,3,21,0.066831,0.066842,0.066852,0.066944,0.067037,,0.987506
2026-07-31T01:42:58+00:00,bid,RTX 2080 Ti,5,8,0.037778,0.041111,0.042222,0.067802,0.108889,0.055012,0.992492
2026-07-31T01:42:58+00:00,bid,RTX 2080S,1,1,0.037778,0.037778,0.037778,0.037778,0.037778,0.037778,0.929594
2026-07-31T01:42:58+00:00,bid,RTX 3060,18,58,0.024741,0.040741,0.043852,0.053796,0.137037,0.053519,0.993025
2026-07-31T01:42:58+00:00,bid,RTX 3060 laptop,2,2,0.013481,0.027407,0.041333,0.055259,0.069185,0.069185,0.992967
2026-07-31T01:42:58+00:00,bid,RTX 3070,13,36,0.040444,0.053611,0.068519,0.07037,0.202222,0.068704,0.996715
2026-07-31T01:42:58+00:00,bid,RTX 3070 Ti,1,2,0.054444,0.054444,0.054444,0.054444,0.054444,,0.996662
2026-07-31T01:42:58+00:00,bid,RTX 3070 laptop,1,1,0.442222,0.442222,0.442222,0.442222,0.442222,,0.965078
2026-07-31T01:42:58+00:00,bid,RTX 3080,11,26,0.041111,0.064213,0.09,0.138333,0.24083,0.135556,0.991534
2026-07-31T01:42:58+00:00,bid,RTX 3080 Ti,6,7,0.015556,0.035926,0.072963,0.103889,0.108889,0.108889,0.988628
2026-07-31T01:42:58+00:00,bid,RTX 3090,67,150,0.053778,0.107593,0.134815,0.202222,0.376296,0.148889,0.990709
2026-07-31T01:42:58+00:00,bid,RTX 4000Ada,2,3,0.067556,0.091222,0.114889,0.138556,0.162222,,0.991894
2026-07-31T01:42:58+00:00,bid,RTX 4060,4,6,0.053926,0.053926,0.054222,0.061815,0.083704,0.083704,0.983708
2026-07-31T01:42:58+00:00,bid,RTX 4060 Ti,6,16,0.041111,0.057833,0.085259,0.103824,0.107778,0.100426,0.991165
2026-07-31T01:42:58+00:00,bid,RTX 4070,7,13,0.028741,0.029667,0.075222,0.112889,0.211407,0.112889,0.996628
2026-07-31T01:42:58+00:00,bid,RTX 4070 Ti,6,11,0.108148,0.135556,0.228056,0.240972,0.241111,0.162222,0.991021
2026-07-31T01:42:58+00:00,bid,RTX 4070S,14,45,0.067222,0.068935,0.071481,0.075852,0.098148,0.073,0.98951
2026-07-31T01:42:58+00:00,bid,RTX 4070S Ti,12,24,0.054815,0.094306,0.181389,0.201111,0.202222,0.200833,0.999395
2026-07-31T01:42:58+00:00,bid,RTX 4080,17,43,0.077222,0.138222,0.147037,0.147407,0.255556,0.147037,0.990032
2026-07-31T01:42:58+00:00,bid,RTX 4080S,18,53,0.092889,0.135046,0.194509,0.231065,0.240741,0.202889,0.990489
2026-07-31T01:42:58+00:00,bid,RTX 4090,99,293,0.112494,0.200593,0.267778,0.361667,0.761111,0.335185,0.995232
2026-07-31T01:42:58+00:00,bid,RTX 4090D,4,8,0.268148,0.520454,0.604833,0.605389,0.606222,0.268148,0.967226
2026-07-31T01:42:58+00:00,bid,RTX 5000Ada,1,1,0.335556,0.335556,0.335556,0.335556,0.335556,0.335556,0.9942
2026-07-31T01:42:58+00:00,bid,RTX 5060,2,2,0.057778,0.080556,0.103333,0.126111,0.148889,0.103333,0.996324
2026-07-31T01:42:58+00:00,bid,RTX 5060 Ti,26,79,0.044444,0.080583,0.097796,0.146958,0.159778,0.100981,0.996535
2026-07-31T01:42:58+00:00,bid,RTX 5070,5,7,0.055556,0.055556,0.083704,0.11074,0.114444,0.11074,0.996038
2026-07-31T01:42:58+00:00,bid,RTX 5070 Ti,14,25,0.093889,0.094722,0.107963,0.108889,0.157481,0.101667,0.996696
2026-07-31T01:42:58+00:00,bid,RTX 5080,20,42,0.02963,0.104352,0.133392,0.155157,0.242222,0.147556,0.992582
2026-07-31T01:42:58+00:00,bid,RTX 5090,67,146,0.134815,0.271111,0.338519,0.403333,1.602222,0.34,0.996685
2026-07-31T01:42:58+00:00,bid,RTX 5880Ada,4,5,0.295185,0.296574,0.297037,0.297037,0.297037,0.297037,0.993944
2026-07-31T01:42:58+00:00,bid,RTX 6000Ada,20,41,0.137778,0.340787,0.394583,0.418611,0.774444,0.401111,0.991776
2026-07-31T01:42:58+00:00,bid,RTX A2000,1,1,0.400148,0.400148,0.400148,0.400148,0.400148,,0.994283
2026-07-31T01:42:58+00:00,bid,RTX A4000,12,60,0.053926,0.087037,0.106827,0.107068,0.134444,0.080463,0.97131
2026-07-31T01:42:58+00:00,bid,RTX A5000,8,30,0.028556,0.137926,0.228282,0.334259,0.334815,0.168677,0.971796
2026-07-31T01:42:58+00:00,bid,RTX A6000,5,11,0.202593,0.302167,0.321111,0.334074,0.334444,,0.971345
2026-07-31T01:42:58+00:00,bid,RTX PRO 4000,12,26,0.067778,0.179,0.21537,0.240926,0.241481,0.240741,0.997665
2026-07-31T01:42:58+00:00,bid,RTX PRO 5000,26,47,0.135111,0.295556,0.434213,0.478889,0.803704,0.401481,0.987565
2026-07-31T01:42:58+00:00,bid,RTX PRO 6000 S,19,51,0.335556,0.657087,1.067407,1.06963,1.467222,1.068148,0.967238
2026-07-31T01:42:58+00:00,bid,RTX PRO 6000 WS,30,54,0.269778,0.4675,0.668889,0.930972,1.602222,0.721481,0.99398
2026-07-31T01:42:58+00:00,bid,Tesla P100,4,5,0.041481,0.111204,0.135,0.135556,0.135556,0.135556,0.9898
2026-07-31T01:42:58+00:00,bid,Tesla P40,3,8,0.065889,0.066167,0.066444,0.066444,0.066444,0.066444,0.993307
2026-07-31T01:42:58+00:00,bid,Tesla T4,2,3,3.400741,3.400926,3.401111,3.401296,3.401481,,0.972401
2026-07-31T01:42:58+00:00,bid,Tesla V100,25,72,0.020278,0.020556,0.08037,0.133889,0.162222,0.161111,0.993778
2026-07-31T01:42:58+00:00,bid,Titan RTX,4,6,0.094444,0.104444,0.108333,0.115556,0.135556,0.108333,0.998351
2026-07-31T01:42:58+00:00,bid,Titan Xp,1,1,0.042222,0.042222,0.042222,0.042222,0.042222,0.042222,0.996121
2026-07-31T01:48:02+00:00,on-demand,A100 PCIE,11,24,0.333611,0.435778,0.737333,1.001111,1.002222,0.802741,0.993878
2026-07-31T01:48:02+00:00,on-demand,A100 SXM4,28,73,0.267037,0.718056,0.988074,1.068333,1.601296,0.934815,0.993793
2026-07-31T01:48:02+00:00,on-demand,A10g,1,1,0.161185,0.161185,0.161185,0.161185,0.161185,,0.912918
2026-07-31T01:48:02+00:00,on-demand,A40,1,4,0.287037,0.287037,0.287037,0.287037,0.287037,0.287037,0.996474
2026-07-31T01:48:02+00:00,on-demand,A800 PCIE,3,7,0.667222,0.6675,0.667778,0.668333,0.668889,,0.994443
2026-07-31T01:48:02+00:00,on-demand,B200,13,59,4.882292,6.25026,6.690104,7.75026,7.752083,6.720703,0.979549
2026-07-31T01:48:02+00:00,on-demand,B300,1,4,5.625521,5.625521,5.625521,5.625521,5.625521,,0.993445
2026-07-31T01:48:02+00:00,on-demand,CMP 170HX,4,19,0.186852,0.18713,0.1875,0.188056,0.188889,,0.943654
2026-07-31T01:48:02+00:00,on-demand,GTX 1060,3,4,0.087778,0.088333,0.088889,0.216667,0.344444,0.088333,0.999305
2026-07-31T01:48:02+00:00,on-demand,GTX 1070,1,1,0.531111,0.531111,0.531111,0.531111,0.531111,0.531111,0.989401
2026-07-31T01:48:02+00:00,on-demand,GTX 1070 Ti,1,4,0.048556,0.048556,0.048556,0.048556,0.048556,0.048556,0.988101
2026-07-31T01:48:02+00:00,on-demand,GTX 1080,4,10,0.047852,0.048241,0.048741,0.049426,0.05037,0.04837,0.995781
2026-07-31T01:48:02+00:00,on-demand,GTX 1080 Ti,5,14,0.060317,0.060741,0.061111,0.062222,0.068889,0.060926,0.997111
2026-07-31T01:48:02+00:00,on-demand,GTX 1650 S,1,1,0.677778,0.677778,0.677778,0.677778,0.677778,,0.984602
2026-07-31T01:48:02+00:00,on-demand,GTX 1660,1,4,0.067963,0.067963,0.067963,0.067963,0.067963,0.067963,0.99698
2026-07-31T01:48:02+00:00,on-demand,GTX 1660 S,2,5,0.049889,0.150194,0.2505,0.350806,0.451111,0.049889,0.963034
2026-07-31T01:48:02+00:00,on-demand,GTX 1660 Ti,1,1,0.071111,0.071111,0.071111,0.071111,0.071111,,0.997438
2026-07-31T01:48:02+00:00,on-demand,H100 NVL,4,8,2.642222,2.661111,2.667778,2.834583,3.333889,2.988056,0.994491
2026-07-31T01:48:02+00:00,on-demand,H100 PCIE,5,19,1.733481,1.73363,1.867222,1.867778,2.135556,1.867778,0.963074
2026-07-31T01:48:02+00:00,on-demand,H100 SXM,12,45,1.601481,2.084583,2.934167,3.878616,4.315556,2.934444,0.992531
2026-07-31T01:48:02+00:00,on-demand,H200,6,21,3.934576,3.935124,4.073374,4.211486,6.908443,4.073374,0.99828
2026-07-31T01:48:02+00:00,on-demand,H200 NVL,5,9,3.068889,3.121667,3.334444,3.335556,4.922222,3.335,0.981596
2026-07-31T01:48:02+00:00,on-demand,L4,4,9,0.202222,0.272222,0.314667,0.333944,0.334444,0.334111,0.98388
2026-07-31T01:48:02+00:00,on-demand,L40,2,4,0.454074,0.485,0.515926,0.546852,0.577778,0.515926,0.992355
2026-07-31T01:48:02+00:00,on-demand,L40S,15,56,0.400741,0.466944,0.533704,0.800444,1.074074,0.800148,0.995207
2026-07-31T01:48:02+00:00,on-demand,Q RTX 5000,2,3,0.080741,0.080926,0.081111,0.081296,0.081481,,0.983109
2026-07-31T01:48:02+00:00,on-demand,Q RTX 8000,4,8,0.252556,0.252972,0.253407,0.258167,0.271556,0.253407,0.99909
2026-07-31T01:48:02+00:00,on-demand,Quadro GV100,1,1,0.467407,0.467407,0.467407,0.467407,0.467407,,0.968909
2026-07-31T01:48:02+00:00,on-demand,Quadro P4000,4,7,0.048148,0.052593,0.054321,0.055185,0.057037,0.055802,0.970765
2026-07-31T01:48:02+00:00,on-demand,RTX 2060,1,1,0.415556,0.415556,0.415556,0.415556,0.415556,0.415556,0.995246
2026-07-31T01:48:02+00:00,on-demand,RTX 2060S,2,5,0.066978,0.121159,0.175341,0.229522,0.283704,0.175341,0.969683
2026-07-31T01:48:02+00:00,on-demand,RTX 2070S,2,13,0.073498,0.073549,0.073601,0.073652,0.073704,,0.99226
2026-07-31T01:48:02+00:00,on-demand,RTX 2080 Ti,8,25,0.068889,0.072056,0.08003,0.090597,0.811111,0.08003,0.994713
2026-07-31T01:48:02+00:00,on-demand,RTX 2080S,1,1,0.744444,0.744444,0.744444,0.744444,0.744444,0.744444,0.929594
2026-07-31T01:48:02+00:00,on-demand,RTX 3060,11,45,0.033481,0.048926,0.067778,0.171934,1.335556,0.161944,0.991331
2026-07-31T01:48:02+00:00,on-demand,RTX 3060 laptop,3,3,0.026815,0.034519,0.042222,0.073704,0.105185,0.105185,0.998769
2026-07-31T01:48:02+00:00,on-demand,RTX 3070,9,42,0.041111,0.066984,0.074444,0.106944,0.107037,0.075,0.989821
2026-07-31T01:48:02+00:00,on-demand,RTX 3070 laptop,1,1,0.468889,0.468889,0.468889,0.468889,0.468889,,0.965078
2026-07-31T01:48:02+00:00,on-demand,RTX 3080,11,41,0.060278,0.100977,0.113444,0.132583,0.251496,0.1135,0.991534
2026-07-31T01:48:02+00:00,on-demand,RTX 3080 Ti,5,6,0.068889,0.082222,0.107778,0.142222,0.203704,0.125,0.981285
2026-07-31T01:48:02+00:00,on-demand,RTX 3090,41,125,0.106944,0.139556,0.241296,0.534444,1.336296,0.271481,0.986561
2026-07-31T01:48:02+00:00,on-demand,RTX 3090 Ti,1,1,0.175556,0.175556,0.175556,0.175556,0.175556,,0.993212
2026-07-31T01:48:02+00:00,on-demand,RTX 4000Ada,2,3,0.100889,0.126222,0.151556,0.176889,0.202222,,0.991894
2026-07-31T01:48:02+00:00,on-demand,RTX 4060,6,11,0.061111,0.061667,0.062593,0.064074,2.677778,0.062222,0.990993
2026-07-31T01:48:02+00:00,on-demand,RTX 4060 Ti,3,4,0.058148,0.070185,0.082222,0.096296,0.11037,0.084259,0.984486
2026-07-31T01:48:02+00:00,on-demand,RTX 4070,4,7,0.080741,0.081852,0.085556,0.089444,0.091111,0.09,0.988471
2026-07-31T01:48:02+00:00,on-demand,RTX 4070 Ti,9,25,0.088519,0.093889,0.094444,0.242222,0.282444,0.094444,0.991433
2026-07-31T01:48:02+00:00,on-demand,RTX 4070S,9,34,0.080556,0.081111,0.082222,0.08963,0.109074,0.08963,0.991627
2026-07-31T01:48:02+00:00,on-demand,RTX 4070S Ti,7,14,0.067778,0.107778,0.121111,0.2475,0.248889,0.2475,0.995275
2026-07-31T01:48:02+00:00,on-demand,RTX 4080,13,33,0.115185,0.158074,0.177037,0.268889,0.270074,0.187185,0.988355
2026-07-31T01:48:02+00:00,on-demand,RTX 4080S,20,63,0.098222,0.166389,0.202148,0.280231,0.803704,0.241204,0.991795
2026-07-31T01:48:02+00:00,on-demand,RTX 4090,63,234,0.134444,0.307389,0.401111,0.637315,1.334815,0.506852,0.994571
2026-07-31T01:48:02+00:00,on-demand,RTX 4090D,4,8,0.401481,0.600787,0.6675,0.668056,0.668889,0.401481,0.967226
2026-07-31T01:48:02+00:00,on-demand,RTX 5000Ada,2,2,0.455556,0.47537,0.495185,0.515,0.534815,0.534815,0.99365
2026-07-31T01:48:02+00:00,on-demand,RTX 5060,4,4,0.05363,0.071185,0.112963,0.157222,0.182222,0.12963,0.994475
2026-07-31T01:48:02+00:00,on-demand,RTX 5060 Ti,13,43,0.064444,0.084593,0.127593,0.177111,0.227407,0.168324,0.996888
2026-07-31T01:48:02+00:00,on-demand,RTX 5070,7,11,0.081481,0.092037,0.108296,0.12963,0.427407,0.12963,0.996997
2026-07-31T01:48:02+00:00,on-demand,RTX 5070 Ti,4,11,0.120556,0.130972,0.135,0.151852,0.200741,0.120556,0.995212
2026-07-31T01:48:02+00:00,on-demand,RTX 5080,16,55,0.114444,0.17369,0.174444,0.213889,0.802963,0.174444,0.990666
2026-07-31T01:48:02+00:00,on-demand,RTX 5090,47,132,0.281481,0.447963,0.535185,0.654778,2.668889,0.643519,0.992152
2026-07-31T01:48:02+00:00,on-demand,RTX 5880Ada,3,7,0.453852,0.511185,0.568519,0.569444,0.57037,0.568519,0.995945
2026-07-31T01:48:02+00:00,on-demand,RTX 6000Ada,9,24,0.302222,0.441111,0.640463,0.641852,0.735556,0.641389,0.992666
2026-07-31T01:48:02+00:00,on-demand,RTX A2000,4,5,0.034074,0.03563,0.264815,0.704,1.335556,,0.994741
2026-07-31T01:48:02+00:00,on-demand,RTX A4000,7,35,0.067852,0.107104,0.133704,0.133858,0.152222,0.133889,0.97131
2026-07-31T01:48:02+00:00,on-demand,RTX A5000,2,13,0.200556,0.208145,0.215735,0.223324,0.230914,0.215735,0.924404
2026-07-31T01:48:02+00:00,on-demand,RTX A6000,11,40,0.200556,0.347315,0.402222,1.33375,1.335556,0.402222,0.951683
2026-07-31T01:48:02+00:00,on-demand,RTX PRO 4000,9,21,0.134444,0.227407,0.242222,0.317852,0.320741,0.317852,0.995424
2026-07-31T01:48:02+00:00,on-demand,RTX PRO 4500,1,1,0.308889,0.308889,0.308889,0.308889,0.308889,,0.949726
2026-07-31T01:48:02+00:00,on-demand,RTX PRO 5000,13,27,0.36963,0.602222,0.765185,0.889611,0.944148,0.827398,0.991118
2026-07-31T01:48:02+00:00,on-demand,RTX PRO 6000 S,11,30,1.200889,1.434954,1.534444,1.734444,1.736296,1.667315,0.997063
2026-07-31T01:48:02+00:00,on-demand,RTX PRO 6000 WS,18,43,0.867481,0.987083,1.202519,1.335602,5.334815,1.269481,0.989167
2026-07-31T01:48:02+00:00,on-demand,Tesla P100,4,8,0.068148,0.078148,0.087778,0.121111,0.202222,0.094074,0.988641
2026-07-31T01:48:02+00:00,on-demand,Tesla P4,1,1,0.023259,0.023259,0.023259,0.023259,0.023259,,0.991938
2026-07-31T01:48:02+00:00,on-demand,Tesla P40,2,6,0.132556,0.132694,0.132833,0.132972,0.133111,0.132833,0.993307
2026-07-31T01:48:02+00:00,on-demand,Tesla T4,2,3,12.000741,12.000926,12.001111,12.001296,12.001481,,0.972401
2026-07-31T01:48:02+00:00,on-demand,Tesla V100,10,34,0.093611,0.094028,0.160889,0.267153,0.268889,0.247556,0.968739
2026-07-31T01:48:02+00:00,on-demand,Titan RTX,3,4,0.134444,0.135,0.135556,0.148889,0.162222,0.135556,0.998351
2026-07-31T01:48:02+00:00,on-demand,Titan Xp,1,1,0.055556,0.055556,0.055556,0.055556,0.055556,0.055556,0.996749
2026-07-31T01:48:02+00:00,bid,A100 PCIE,24,36,0.133889,0.134444,0.135556,0.152037,0.486098,0.135556,0.993878
2026-07-31T01:48:02+00:00,bid,A100 SXM4,47,94,0.135556,0.415,0.761716,0.868333,1.002222,0.603241,0.988081
2026-07-31T01:48:02+00:00,bid,A10g,1,1,0.081185,0.081185,0.081185,0.081185,0.081185,,0.912918
2026-07-31T01:48:02+00:00,bid,A40,6,16,0.233704,0.233796,0.234074,0.234074,0.234074,0.234074,0.997818
2026-07-31T01:48:02+00:00,bid,A800 PCIE,7,12,0.129889,0.130444,0.131556,0.131556,0.294815,,0.994443
2026-07-31T01:48:02+00:00,bid,B200,17,75,5.000694,5.625521,5.877604,6.252604,7.377083,6.064453,0.979549
2026-07-31T01:48:02+00:00,bid,CMP 170HX,7,33,0.160185,0.160417,0.160556,0.161111,0.162222,,0.943654
2026-07-31T01:48:02+00:00,bid,GTX 1050 Ti,1,1,0.024444,0.024444,0.024444,0.024444,0.024444,,0.982343
2026-07-31T01:48:02+00:00,bid,GTX 1060,2,2,0.031111,0.04037,0.04963,0.058889,0.068148,0.068148,0.995184
2026-07-31T01:48:02+00:00,bid,GTX 1070,1,1,0.024444,0.024444,0.024444,0.024444,0.024444,0.024444,0.989401
2026-07-31T01:48:02+00:00,bid,GTX 1070 Ti,1,6,0.04037,0.04037,0.04037,0.04037,0.04037,0.04037,0.988101
2026-07-31T01:48:02+00:00,bid,GTX 1080,5,12,0.037037,0.04037,0.041111,0.053704,0.054074,0.047407,0.969189
2026-07-31T01:48:02+00:00,bid,GTX 1080 Ti,8,31,0.040317,0.040556,0.040926,0.045079,0.054074,0.040926,0.997111
2026-07-31T01:48:02+00:00,bid,GTX 1650 S,1,1,0.037778,0.037778,0.037778,0.037778,0.037778,,0.984602
2026-07-31T01:48:02+00:00,bid,GTX 1660,1,1,0.037778,0.037778,0.037778,0.037778,0.037778,,0.991307
2026-07-31T01:48:02+00:00,bid,GTX 1660 S,2,5,0.031111,0.033472,0.035833,0.038194,0.040556,0.040556,0.963034
2026-07-31T01:48:02+00:00,bid,GTX 1660 Ti,2,2,0.037778,0.042778,0.047778,0.052778,0.057778,0.037778,0.991907
2026-07-31T01:48:02+00:00,bid,H100 NVL,3,6,1.602222,1.735556,1.868889,1.934722,2.000556,1.801389,0.974718
2026-07-31T01:48:02+00:00,bid,H100 PCIE,7,24,0.733481,0.73363,1.467556,1.535167,1.602222,1.535167,0.963074
2026-07-31T01:48:02+00:00,bid,H100 SXM,14,47,0.602222,1.067593,1.869444,2.633819,4.002222,2.533611,0.992288
2026-07-31T01:48:02+00:00,bid,H200,6,21,3.816155,3.816703,3.882584,3.948328,6.645285,3.882584,0.99828
2026-07-31T01:48:02+00:00,bid,H200 NVL,8,13,0.403778,0.404889,1.2025,1.468889,3.744444,0.803278,0.987486
2026-07-31T01:48:02+00:00,bid,L4,5,14,0.134444,0.215556,0.267778,0.320444,0.320556,0.294111,0.997893
2026-07-31T01:48:02+00:00,bid,L40,2,4,0.267407,0.318333,0.369259,0.420185,0.471111,0.369259,0.992355
2026-07-31T01:48:02+00:00,bid,L40S,27,73,0.200185,0.368333,0.534074,0.538889,0.933889,0.536111,0.998138
2026-07-31T01:48:02+00:00,bid,Q RTX 5000,2,3,0.054074,0.054259,0.054444,0.05463,0.054815,,0.983109
2026-07-31T01:48:02+00:00,bid,Q RTX 8000,7,8,0.015556,0.07013,0.099778,0.099778,0.150222,0.099778,0.999501
2026-07-31T01:48:02+00:00,bid,Quadro GV100,1,1,0.134074,0.134074,0.134074,0.134074,0.134074,,0.968909
2026-07-31T01:48:02+00:00,bid,Quadro P4000,5,8,0.040741,0.041481,0.045667,0.046,0.047778,0.046,0.987478
2026-07-31T01:48:02+00:00,bid,RTX 2060,2,2,0.031111,0.107222,0.183333,0.259444,0.335556,0.183333,0.993243
2026-07-31T01:48:02+00:00,bid,RTX 2060S,3,9,0.046778,0.046878,0.046978,0.085341,0.123704,0.046978,0.966633
2026-07-31T01:48:02+00:00,bid,RTX 2070S,3,21,0.066831,0.066842,0.066852,0.066944,0.067037,,0.987506
2026-07-31T01:48:02+00:00,bid,RTX 2080 Ti,6,10,0.037778,0.043796,0.05816,0.068228,0.108889,0.068086,0.996501
2026-07-31T01:48:02+00:00,bid,RTX 2080S,1,1,0.037778,0.037778,0.037778,0.037778,0.037778,0.037778,0.929594
2026-07-31T01:48:02+00:00,bid,RTX 3060,15,41,0.024741,0.040926,0.053519,0.085481,0.137037,0.086378,0.994719
2026-07-31T01:48:02+00:00,bid,RTX 3060 laptop,5,7,0.013481,0.01363,0.038444,0.069185,0.101111,0.085148,0.997004
2026-07-31T01:48:02+00:00,bid,RTX 3070,15,42,0.040444,0.047361,0.067778,0.078407,0.202222,0.068889,0.996715
2026-07-31T01:48:02+00:00,bid,RTX 3070 Ti,1,2,0.054444,0.054444,0.054444,0.054444,0.054444,,0.996662
2026-07-31T01:48:02+00:00,bid,RTX 3070 laptop,1,1,0.442222,0.442222,0.442222,0.442222,0.442222,,0.965078
2026-07-31T01:48:02+00:00,bid,RTX 3080,13,32,0.041111,0.061481,0.108148,0.141111,0.24083,0.128074,0.991534
2026-07-31T01:48:02+00:00,bid,RTX 3080 Ti,7,9,0.015556,0.082222,0.088889,0.108148,0.118222,0.108148,0.99639
2026-07-31T01:48:02+00:00,bid,RTX 3090,74,173,0.056111,0.108241,0.147083,0.202222,0.375556,0.148889,0.990239
2026-07-31T01:48:02+00:00,bid,RTX 4000Ada,2,3,0.067556,0.091222,0.114889,0.138556,0.162222,,0.991894
2026-07-31T01:48:02+00:00,bid,RTX 4060,4,7,0.053926,0.053926,0.054741,0.058037,0.065481,0.065481,0.973401
2026-07-31T01:48:02+00:00,bid,RTX 4060 Ti,6,18,0.041111,0.055074,0.093667,0.103843,0.107778,0.100463,0.997843
2026-07-31T01:48:02+00:00,bid,RTX 4070,5,10,0.028741,0.029111,0.030222,0.067988,0.076889,0.072438,0.984195
2026-07-31T01:48:02+00:00,bid,RTX 4070 Ti,6,11,0.108148,0.135556,0.228056,0.240972,0.241111,0.162222,0.991021
2026-07-31T01:48:02+00:00,bid,RTX 4070S,16,48,0.067222,0.068634,0.073,0.094838,0.244444,0.079056,0.991286
2026-07-31T01:48:02+00:00,bid,RTX 4070S Ti,10,21,0.054815,0.094028,0.200833,0.201111,0.202222,0.201111,0.999463
2026-07-31T01:48:02+00:00,bid,RTX 4080,17,44,0.133593,0.138222,0.147037,0.147407,0.255556,0.147037,0.990032
2026-07-31T01:48:02+00:00,bid,RTX 4080S,20,58,0.104444,0.134745,0.188222,0.202481,0.240741,0.203704,0.990489
2026-07-31T01:48:02+00:00,bid,RTX 4090,106,281,0.090765,0.201185,0.292926,0.403519,0.762222,0.387531,0.995282
2026-07-31T01:48:02+00:00,bid,RTX 4090D,5,9,0.268148,0.604556,0.605111,0.606222,0.606222,0.268148,0.967226
2026-07-31T01:48:02+00:00,bid,RTX 5000Ada,1,1,0.401481,0.401481,0.401481,0.401481,0.401481,0.401481,0.998279
2026-07-31T01:48:02+00:00,bid,RTX 5060,5,6,0.040296,0.041111,0.054,0.095556,0.148889,0.101444,0.993959
2026-07-31T01:48:02+00:00,bid,RTX 5060 Ti,28,85,0.052185,0.067639,0.090722,0.137847,0.159778,0.10237,0.996888
2026-07-31T01:48:02+00:00,bid,RTX 5070,4,5,0.068148,0.079815,0.097222,0.111944,0.115556,0.11074,0.996594
2026-07-31T01:48:02+00:00,bid,RTX 5070 Ti,13,25,0.042222,0.094444,0.107778,0.108889,0.157481,0.107778,0.995623
2026-07-31T01:48:02+00:00,bid,RTX 5080,19,40,0.02963,0.121,0.133481,0.161185,0.242222,0.161185,0.992984
2026-07-31T01:48:02+00:00,bid,RTX 5090,76,171,0.134815,0.268704,0.326944,0.402222,0.842963,0.335556,0.995902
2026-07-31T01:48:02+00:00,bid,RTX 5880Ada,5,7,0.295185,0.295185,0.297037,0.297037,0.297037,0.297037,0.993944
2026-07-31T01:48:02+00:00,bid,RTX 6000Ada,18,34,0.137778,0.357222,0.400694,0.468889,0.74963,0.402222,0.99558
2026-07-31T01:48:02+00:00,bid,RTX A2000,1,1,0.400148,0.400148,0.400148,0.400148,0.400148,,0.994283
2026-07-31T01:48:02+00:00,bid,RTX A4000,14,66,0.053926,0.094444,0.106944,0.126998,0.134444,,0.97098
2026-07-31T01:48:02+00:00,bid,RTX A5000,5,17,0.028556,0.029111,0.11037,0.226984,0.227407,0.11037,0.998098
2026-07-31T01:48:02+00:00,bid,RTX A6000,7,14,0.143704,0.25238,0.302167,0.327593,0.334444,,0.971423
2026-07-31T01:48:02+00:00,bid,RTX PRO 4000,14,27,0.067778,0.102259,0.214815,0.23463,0.241481,0.228765,0.991585
2026-07-31T01:48:02+00:00,bid,RTX PRO 5000,28,50,0.135111,0.295556,0.401481,0.534028,0.803704,0.401481,0.988243
2026-07-31T01:48:02+00:00,bid,RTX PRO 6000 S,18,38,0.335556,0.780021,0.93037,1.06963,1.467222,1.068148,0.997043
2026-07-31T01:48:02+00:00,bid,RTX PRO 6000 WS,29,50,0.269778,0.468148,0.668889,0.922222,1.602222,0.569407,0.994754
2026-07-31T01:48:02+00:00,bid,Tesla P100,4,5,0.041481,0.111204,0.135,0.135556,0.135556,0.135556,0.9898
2026-07-31T01:48:02+00:00,bid,Tesla P4,1,1,0.011926,0.011926,0.011926,0.011926,0.011926,,0.991938
2026-07-31T01:48:02+00:00,bid,Tesla P40,3,8,0.065889,0.066167,0.066444,0.066444,0.066444,0.066444,0.993307
2026-07-31T01:48:02+00:00,bid,Tesla T4,3,4,3.400741,3.401111,3.401481,3.401481,3.401481,,0.972401
2026-07-31T01:48:02+00:00,bid,Tesla V100,28,79,0.020278,0.020556,0.021667,0.105028,0.242222,0.162222,0.993778
2026-07-31T01:48:02+00:00,bid,Titan RTX,5,7,0.094444,0.095556,0.107778,0.108889,0.135556,0.107778,0.998351
2026-07-31T01:48:02+00:00,bid,Titan Xp,1,1,0.055556,0.055556,0.055556,0.055556,0.055556,0.055556,0.996687
2026-07-31T01:52:59+00:00,on-demand,A100 PCIE,10,22,0.333611,0.585833,0.809716,1.001111,1.002222,0.809716,0.994651
2026-07-31T01:52:59+00:00,on-demand,A100 SXM4,28,79,0.267037,0.794144,1.042,1.210778,1.734259,1.028889,0.991806
2026-07-31T01:52:59+00:00,on-demand,A10g,1,1,0.161185,0.161185,0.161185,0.161185,0.161185,,0.912918
2026-07-31T01:52:59+00:00,on-demand,A40,1,4,0.287037,0.287037,0.287037,0.287037,0.287037,0.287037,0.997276
2026-07-31T01:52:59+00:00,on-demand,A800 PCIE,2,5,0.667222,0.667639,0.668056,0.668472,0.668889,,0.994443
2026-07-31T01:52:59+00:00,on-demand,B200,13,43,6.000694,6.688802,6.751302,7.609722,7.752083,6.751953,0.995986
2026-07-31T01:52:59+00:00,on-demand,B300,1,4,5.625521,5.625521,5.625521,5.625521,5.625521,,0.993445
2026-07-31T01:52:59+00:00,on-demand,CMP 170HX,4,19,0.186852,0.18713,0.1875,0.188056,0.188889,,0.943654
2026-07-31T01:52:59+00:00,on-demand,GTX 1050 Ti,1,1,0.611111,0.611111,0.611111,0.611111,0.611111,,0.982343
2026-07-31T01:52:59+00:00,on-demand,GTX 1060,3,4,0.087778,0.087963,0.088148,0.216296,0.344444,0.087963,0.999283
2026-07-31T01:52:59+00:00,on-demand,GTX 1070,1,1,0.531111,0.531111,0.531111,0.531111,0.531111,0.531111,0.989401
2026-07-31T01:52:59+00:00,on-demand,GTX 1070 Ti,1,6,0.04837,0.04837,0.04837,0.04837,0.04837,0.04837,0.988101
2026-07-31T01:52:59+00:00,on-demand,GTX 1080,5,10,0.027778,0.048556,0.049111,0.050222,0.05037,0.049111,0.996494
2026-07-31T01:52:59+00:00,on-demand,GTX 1080 Ti,6,18,0.060556,0.060833,0.061667,0.067222,0.073651,0.061111,0.997111
2026-07-31T01:52:59+00:00,on-demand,GTX 1650 S,1,1,0.677778,0.677778,0.677778,0.677778,0.677778,,0.984602
2026-07-31T01:52:59+00:00,on-demand,GTX 1660 S,2,5,0.049889,0.150194,0.2505,0.350806,0.451111,0.049889,0.963034
2026-07-31T01:52:59+00:00,on-demand,GTX 1660 Ti,2,2,0.071111,0.206111,0.341111,0.476111,0.611111,0.611111,0.991907
2026-07-31T01:52:59+00:00,on-demand,H100 NVL,5,9,2.299556,2.642222,2.667407,2.668148,3.333889,2.642222,0.996489
2026-07-31T01:52:59+00:00,on-demand,H100 PCIE,5,19,1.733481,1.73363,1.867222,1.868889,2.134444,1.868889,0.963074
2026-07-31T01:52:59+00:00,on-demand,H100 SXM,13,47,1.601481,1.734444,2.933889,3.500444,6.788889,2.934167,0.992531
2026-07-31T01:52:59+00:00,on-demand,H200,6,21,3.934576,3.935124,4.073374,4.211486,6.908443,4.073374,0.99828
2026-07-31T01:52:59+00:00,on-demand,H200 NVL,8,23,2.800317,2.800972,2.961944,3.334722,3.472222,3.335,0.988644
2026-07-31T01:52:59+00:00,on-demand,L4,5,13,0.202222,0.295556,0.322593,0.333778,0.333889,0.333778,0.995338
2026-07-31T01:52:59+00:00,on-demand,L40,2,4,0.454074,0.485,0.515926,0.546852,0.577778,0.515926,0.992355
2026-07-31T01:52:59+00:00,on-demand,L40S,15,58,0.40037,0.466944,0.800148,0.934213,1.074074,0.801111,0.996646
2026-07-31T01:52:59+00:00,on-demand,Q RTX 5000,1,2,0.080741,0.080741,0.080741,0.080741,0.080741,,0.983109
2026-07-31T01:52:59+00:00,on-demand,Q RTX 8000,4,8,0.253111,0.253556,0.253889,0.258444,0.271556,0.253889,0.99868
2026-07-31T01:52:59+00:00,on-demand,Quadro GV100,1,1,0.467407,0.467407,0.467407,0.467407,0.467407,,0.968909
2026-07-31T01:52:59+00:00,on-demand,Quadro P4000,5,9,0.047407,0.048148,0.054444,0.054568,0.055556,0.054568,0.972327
2026-07-31T01:52:59+00:00,on-demand,RTX 2060,1,1,0.411111,0.411111,0.411111,0.411111,0.411111,0.411111,0.991239
2026-07-31T01:52:59+00:00,on-demand,RTX 2060S,1,1,0.283704,0.283704,0.283704,0.283704,0.283704,0.283704,0.953197
2026-07-31T01:52:59+00:00,on-demand,RTX 2070S,2,13,0.073498,0.073549,0.073601,0.073652,0.073704,,0.99226
2026-07-31T01:52:59+00:00,on-demand,RTX 2080 Ti,8,28,0.068889,0.077239,0.080044,0.090611,0.811111,0.080044,0.994713
2026-07-31T01:52:59+00:00,on-demand,RTX 2080S,1,1,0.744444,0.744444,0.744444,0.744444,0.744444,0.744444,0.929594
2026-07-31T01:52:59+00:00,on-demand,RTX 3060,14,55,0.033481,0.050824,0.068333,0.141163,1.334815,0.062852,0.991386
2026-07-31T01:52:59+00:00,on-demand,RTX 3060 laptop,3,3,0.026815,0.034519,0.042222,0.073704,0.105185,0.105185,0.998769
2026-07-31T01:52:59+00:00,on-demand,RTX 3070,8,44,0.042222,0.062153,0.070714,0.106944,0.107037,0.070714,0.988065
2026-07-31T01:52:59+00:00,on-demand,RTX 3070 laptop,1,1,0.468889,0.468889,0.468889,0.468889,0.468889,,0.965078
2026-07-31T01:52:59+00:00,on-demand,RTX 3080,11,43,0.060222,0.097792,0.113444,0.141917,0.251496,0.1135,0.994297
2026-07-31T01:52:59+00:00,on-demand,RTX 3080 Ti,4,5,0.068889,0.078889,0.098333,0.121389,0.142222,0.128333,0.986689
2026-07-31T01:52:59+00:00,on-demand,RTX 3090,37,117,0.093889,0.139185,0.173648,0.270222,1.187407,0.241944,0.991142
2026-07-31T01:52:59+00:00,on-demand,RTX 3090 Ti,1,1,0.175556,0.175556,0.175556,0.175556,0.175556,,0.993212
2026-07-31T01:52:59+00:00,on-demand,RTX 4000Ada,2,3,0.100889,0.126222,0.151556,0.176889,0.202222,,0.991894
2026-07-31T01:52:59+00:00,on-demand,RTX 4060,6,11,0.061111,0.061667,0.062593,0.064074,2.677778,0.062222,0.990993
2026-07-31T01:52:59+00:00,on-demand,RTX 4060 Ti,4,8,0.062963,0.077407,0.113389,0.144694,0.145111,0.144556,0.991431
2026-07-31T01:52:59+00:00,on-demand,RTX 4070,4,7,0.080741,0.081852,0.088704,0.095278,0.095556,0.09537,0.990733
2026-07-31T01:52:59+00:00,on-demand,RTX 4070 Ti,9,25,0.088519,0.093111,0.094222,0.242222,0.282444,0.093889,0.991433
2026-07-31T01:52:59+00:00,on-demand,RTX 4070S,10,38,0.080556,0.081134,0.081713,0.086991,0.109074,0.088519,0.992361
2026-07-31T01:52:59+00:00,on-demand,RTX 4070S Ti,6,9,0.088889,0.097685,0.116519,0.182241,0.247778,0.186704,0.994578
2026-07-31T01:52:59+00:00,on-demand,RTX 4080,7,18,0.114259,0.157889,0.158815,0.173981,0.187185,0.186926,0.982484
2026-07-31T01:52:59+00:00,on-demand,RTX 4080S,21,68,0.098222,0.167778,0.201111,0.227704,0.803704,0.192796,0.990597
2026-07-31T01:52:59+00:00,on-demand,RTX 4090,55,234,0.168889,0.329463,0.464139,0.668056,1.334815,0.527,0.995232
2026-07-31T01:52:59+00:00,on-demand,RTX 4090D,4,8,0.401481,0.600787,0.6675,0.668056,0.668889,0.401481,0.967226
2026-07-31T01:52:59+00:00,on-demand,RTX 5000Ada,2,2,0.455556,0.47537,0.495185,0.515,0.534815,0.534815,0.99365
2026-07-31T01:52:59+00:00,on-demand,RTX 5060,3,3,0.075556,0.076296,0.077037,0.12963,0.182222,0.12963,0.994991
2026-07-31T01:52:59+00:00,on-demand,RTX 5060 Ti,15,48,0.071852,0.083843,0.104926,0.175546,0.227407,0.160556,0.993542
2026-07-31T01:52:59+00:00,on-demand,RTX 5070,6,10,0.081481,0.088056,0.092593,0.102407,0.148147,0.096667,0.997857
2026-07-31T01:52:59+00:00,on-demand,RTX 5070 Ti,5,14,0.120556,0.122963,0.200741,0.255222,0.256889,0.120556,0.991403
2026-07-31T01:52:59+00:00,on-demand,RTX 5080,16,58,0.133704,0.173843,0.175556,0.213889,0.802963,0.175,0.996222
2026-07-31T01:52:59+00:00,on-demand,RTX 5090,47,142,0.320741,0.466918,0.537037,0.668889,2.668889,0.649907,0.991582
2026-07-31T01:52:59+00:00,on-demand,RTX 5880Ada,2,3,0.568519,0.568981,0.569444,0.569907,0.57037,0.569444,0.993944
2026-07-31T01:52:59+00:00,on-demand,RTX 6000Ada,10,26,0.302222,0.461204,0.58875,0.671009,0.735556,0.640926,0.990497
2026-07-31T01:52:59+00:00,on-demand,RTX A2000,5,6,0.034074,0.036148,0.036148,0.493481,1.335556,,0.995199
2026-07-31T01:52:59+00:00,on-demand,RTX A4000,7,42,0.067259,0.120345,0.133519,0.133765,0.146889,0.107222,0.97131
2026-07-31T01:52:59+00:00,on-demand,RTX A5000,4,21,0.200556,0.223324,0.230949,0.263164,0.359704,0.230949,0.997372
2026-07-31T01:52:59+00:00,on-demand,RTX A6000,11,36,0.200556,0.374603,0.454444,1.33375,1.335556,0.403333,0.951683
2026-07-31T01:52:59+00:00,on-demand,RTX PRO 4000,10,24,0.167037,0.227778,0.262778,0.319241,0.321481,0.318778,0.991585
2026-07-31T01:52:59+00:00,on-demand,RTX PRO 4500,1,1,0.308889,0.308889,0.308889,0.308889,0.308889,,0.949726
2026-07-31T01:52:59+00:00,on-demand,RTX PRO 5000,12,29,0.36963,0.640087,0.790185,0.889681,0.907407,0.814065,0.989581
2026-07-31T01:52:59+00:00,on-demand,RTX PRO 6000 S,13,38,1.200889,1.334815,1.533889,1.734074,1.736296,1.600556,0.997063
2026-07-31T01:52:59+00:00,on-demand,RTX PRO 6000 WS,15,32,0.801111,1.084593,1.203704,1.473704,13.335556,1.31,0.995572
2026-07-31T01:52:59+00:00,on-demand,Tesla P100,5,10,0.068148,0.094074,0.094815,0.201111,0.202222,0.147963,0.987481
2026-07-31T01:52:59+00:00,on-demand,Tesla P40,2,6,0.132556,0.132694,0.132833,0.132972,0.133111,0.132833,0.993307
2026-07-31T01:52:59+00:00,on-demand,Tesla T4,2,3,12.000741,12.000926,12.001111,12.001296,12.001481,,0.972401
2026-07-31T01:52:59+00:00,on-demand,Tesla V100,11,35,0.079037,0.094167,0.167037,0.267083,0.335556,0.335556,0.972721
2026-07-31T01:52:59+00:00,on-demand,Titan RTX,1,1,0.162222,0.162222,0.162222,0.162222,0.162222,0.162222,0.99848
2026-07-31T01:52:59+00:00,on-demand,Titan Xp,1,1,0.055556,0.055556,0.055556,0.055556,0.055556,0.055556,0.996749
2026-07-31T01:52:59+00:00,bid,A100 PCIE,27,40,0.133889,0.134444,0.135556,0.201852,0.486098,0.168333,0.993878
2026-07-31T01:52:59+00:00,bid,A100 SXM4,44,93,0.135556,0.415556,0.767651,0.868889,1.069333,0.680741,0.99272
2026-07-31T01:52:59+00:00,bid,A10g,1,1,0.081185,0.081185,0.081185,0.081185,0.081185,,0.912918
2026-07-31T01:52:59+00:00,bid,A40,5,14,0.233704,0.233704,0.234074,0.234074,0.234074,0.234074,0.997276
2026-07-31T01:52:59+00:00,bid,A800 PCIE,7,12,0.129889,0.130444,0.131556,0.131556,0.131556,,0.994443
2026-07-31T01:52:59+00:00,bid,B200,20,79,5.000694,5.625521,5.626563,6.252604,7.376042,5.627083,0.980991
2026-07-31T01:52:59+00:00,bid,CMP 170HX,5,27,0.160185,0.160278,0.160556,0.161111,0.162222,,0.943654
2026-07-31T01:52:59+00:00,bid,GTX 1050 Ti,1,1,0.024444,0.024444,0.024444,0.024444,0.024444,,0.982343
2026-07-31T01:52:59+00:00,bid,GTX 1060,2,2,0.031111,0.04037,0.04963,0.058889,0.068148,0.068148,0.995184
2026-07-31T01:52:59+00:00,bid,GTX 1070,1,1,0.024444,0.024444,0.024444,0.024444,0.024444,0.024444,0.989401
2026-07-31T01:52:59+00:00,bid,GTX 1080,8,26,0.04037,0.040509,0.040833,0.042222,0.053704,0.040556,0.990918
2026-07-31T01:52:59+00:00,bid,GTX 1080 Ti,9,32,0.040317,0.040556,0.041111,0.054074,0.055556,0.041111,0.997111
2026-07-31T01:52:59+00:00,bid,GTX 1650 S,1,1,0.037778,0.037778,0.037778,0.037778,0.037778,,0.984602
2026-07-31T01:52:59+00:00,bid,GTX 1660 S,2,5,0.031111,0.033472,0.035833,0.038194,0.040556,0.040556,0.963034
2026-07-31T01:52:59+00:00,bid,GTX 1660 Ti,2,2,0.037778,0.042778,0.047778,0.052778,0.057778,0.037778,0.991907
2026-07-31T01:52:59+00:00,bid,H100 NVL,3,6,1.468889,1.668889,1.868889,1.934722,2.000556,2.000556,0.974718
2026-07-31T01:52:59+00:00,bid,H100 PCIE,6,20,0.733481,0.917111,1.467833,1.468944,1.602222,1.468667,0.963074
2026-07-31T01:52:59+00:00,bid,H100 SXM,14,50,0.602222,1.021926,2.53375,2.667477,4.002222,2.534444,0.990201
2026-07-31T01:52:59+00:00,bid,H200,6,21,3.816155,3.816703,3.882584,3.948328,6.645285,3.882584,0.99828
2026-07-31T01:52:59+00:00,bid,H200 NVL,10,23,0.403778,0.604083,1.269444,1.867302,3.211111,0.803278,0.987668
2026-07-31T01:52:59+00:00,bid,L4,5,14,0.134444,0.215556,0.267778,0.320444,0.320556,0.294111,0.997893
2026-07-31T01:52:59+00:00,bid,L40,3,5,0.267407,0.335556,0.403704,0.437407,0.471111,0.403704,0.997268
2026-07-31T01:52:59+00:00,bid,L40S,29,91,0.200185,0.333519,0.47037,0.537037,0.801852,0.535185,0.998687
2026-07-31T01:52:59+00:00,bid,Q RTX 5000,1,2,0.054074,0.054074,0.054074,0.054074,0.054074,,0.983109
2026-07-31T01:52:59+00:00,bid,Q RTX 8000,6,7,0.015556,0.055583,0.0995,0.099778,0.150222,0.0995,0.999267
2026-07-31T01:52:59+00:00,bid,Quadro GV100,1,1,0.134074,0.134074,0.134074,0.134074,0.134074,,0.968909
2026-07-31T01:52:59+00:00,bid,Quadro P4000,4,6,0.040741,0.041296,0.043574,0.04575,0.046,0.045833,0.978358
2026-07-31T01:52:59+00:00,bid,RTX 2060,3,4,0.027259,0.029185,0.031111,0.183333,0.335556,0.031111,0.991239
2026-07-31T01:52:59+00:00,bid,RTX 2060S,3,9,0.046778,0.046878,0.046978,0.085341,0.123704,0.046978,0.966695
2026-07-31T01:52:59+00:00,bid,RTX 2070S,3,21,0.066831,0.066842,0.066852,0.066944,0.067037,,0.987506
2026-07-31T01:52:59+00:00,bid,RTX 2080 Ti,7,12,0.037778,0.041667,0.048519,0.06779,0.108889,0.067778,0.995988
2026-07-31T01:52:59+00:00,bid,RTX 2080S,1,1,0.037778,0.037778,0.037778,0.037778,0.037778,0.037778,0.929594
2026-07-31T01:52:59+00:00,bid,RTX 3060,15,45,0.026222,0.040926,0.048185,0.07863,0.137037,0.0841,0.994719
2026-07-31T01:52:59+00:00,bid,RTX 3060 laptop,5,7,0.013481,0.061481,0.066963,0.069185,0.101111,0.068074,0.994426
2026-07-31T01:52:59+00:00,bid,RTX 3070,11,35,0.040444,0.047361,0.067778,0.069444,0.202222,0.068519,0.996715
2026-07-31T01:52:59+00:00,bid,RTX 3070 laptop,1,1,0.442222,0.442222,0.442222,0.442222,0.442222,,0.965078
2026-07-31T01:52:59+00:00,bid,RTX 3080,10,24,0.041111,0.062847,0.11437,0.131963,0.24083,0.121185,0.989827
2026-07-31T01:52:59+00:00,bid,RTX 3080 Ti,8,12,0.015556,0.05,0.086296,0.1075,0.108889,0.107593,0.994302
2026-07-31T01:52:59+00:00,bid,RTX 3090,72,181,0.014815,0.107361,0.134741,0.202407,0.376296,0.148889,0.990709
2026-07-31T01:52:59+00:00,bid,RTX 4000Ada,1,1,0.162222,0.162222,0.162222,0.162222,0.162222,,0.995039
2026-07-31T01:52:59+00:00,bid,RTX 4060,4,7,0.053926,0.053926,0.054222,0.057259,0.065481,0.065481,0.983708
2026-07-31T01:52:59+00:00,bid,RTX 4060 Ti,6,15,0.039778,0.041389,0.059556,0.089444,0.107222,0.09363,0.995336
2026-07-31T01:52:59+00:00,bid,RTX 4070,7,14,0.028741,0.029667,0.068481,0.082222,0.162222,0.082222,0.984195
2026-07-31T01:52:59+00:00,bid,RTX 4070 Ti,4,8,0.108889,0.188889,0.228056,0.240694,0.241111,0.162222,0.991021
2026-07-31T01:52:59+00:00,bid,RTX 4070S,10,30,0.067222,0.069537,0.073889,0.09544,0.098148,0.094537,0.991286
2026-07-31T01:52:59+00:00,bid,RTX 4070S Ti,10,21,0.054815,0.087139,0.094444,0.200972,0.202222,0.200556,0.995645
2026-07-31T01:52:59+00:00,bid,RTX 4080,8,17,0.072222,0.133787,0.136037,0.14713,0.148148,0.133722,0.978848
2026-07-31T01:52:59+00:00,bid,RTX 4080S,18,53,0.104444,0.134606,0.188222,0.203296,0.240741,0.202889,0.990489
2026-07-31T01:52:59+00:00,bid,RTX 4090,87,258,0.090815,0.200296,0.268889,0.388333,0.762222,0.348889,0.995332
2026-07-31T01:52:59+00:00,bid,RTX 4090D,6,10,0.268148,0.604694,0.605667,0.606222,0.606222,0.268148,0.967226
2026-07-31T01:52:59+00:00,bid,RTX 5000Ada,2,2,0.335556,0.352037,0.368519,0.385,0.401481,0.368519,0.99624
2026-07-31T01:52:59+00:00,bid,RTX 5060,6,8,0.040296,0.044204,0.053556,0.085074,0.148889,0.05363,0.985923
2026-07-31T01:52:59+00:00,bid,RTX 5060 Ti,24,78,0.052185,0.077338,0.1075,0.147014,0.160889,0.120648,0.995741
2026-07-31T01:52:59+00:00,bid,RTX 5070,4,5,0.054815,0.097314,0.112963,0.114722,0.115556,0.114444,0.993779
2026-07-31T01:52:59+00:00,bid,RTX 5070 Ti,13,21,0.086222,0.094444,0.107778,0.135556,0.242222,0.101111,0.997159
2026-07-31T01:52:59+00:00,bid,RTX 5080,17,35,0.02963,0.10963,0.133407,0.147556,0.254815,0.142,0.989654
2026-07-31T01:52:59+00:00,bid,RTX 5090,66,157,0.174222,0.272315,0.374769,0.437944,0.845926,0.401667,0.995433
2026-07-31T01:52:59+00:00,bid,RTX 5880Ada,6,9,0.295185,0.295648,0.297037,0.297037,0.33437,0.297037,0.995945
2026-07-31T01:52:59+00:00,bid,RTX 6000Ada,16,32,0.137778,0.340787,0.400694,0.488565,0.775556,0.402222,0.993817
2026-07-31T01:52:59+00:00,bid,RTX A2000,1,1,0.400148,0.400148,0.400148,0.400148,0.400148,,0.994283
2026-07-31T01:52:59+00:00,bid,RTX A4000,14,71,0.053926,0.083704,0.100623,0.10713,0.134444,0.08037,0.97098
2026-07-31T01:52:59+00:00,bid,RTX A5000,4,21,0.028556,0.089917,0.168677,0.227633,0.22958,0.168677,0.997372
2026-07-31T01:52:59+00:00,bid,RTX A6000,4,9,0.202593,0.277273,0.311639,0.324352,0.334074,,0.981385
2026-07-31T01:52:59+00:00,bid,RTX PRO 4000,13,27,0.067778,0.068889,0.214444,0.240741,0.241481,0.240617,0.997665
2026-07-31T01:52:59+00:00,bid,RTX PRO 5000,25,50,0.135111,0.40037,0.466944,0.468889,0.803704,0.466944,0.987565
2026-07-31T01:52:59+00:00,bid,RTX PRO 6000 S,20,53,0.335556,0.78016,0.802963,1.06963,1.467222,1.067778,0.997043
2026-07-31T01:52:59+00:00,bid,RTX PRO 6000 WS,30,51,0.269778,0.488315,0.636296,0.900972,1.602222,0.672963,0.99265
2026-07-31T01:52:59+00:00,bid,Tesla P100,4,5,0.041481,0.111204,0.135,0.135556,0.135556,0.135556,0.9898
2026-07-31T01:52:59+00:00,bid,Tesla P40,3,8,0.065889,0.066167,0.066444,0.066444,0.066444,0.066444,0.993307
2026-07-31T01:52:59+00:00,bid,Tesla T4,3,4,3.400741,3.401111,3.401481,3.401481,3.401481,,0.972401
2026-07-31T01:52:59+00:00,bid,Tesla V100,21,63,0.020278,0.020556,0.022222,0.095407,0.242222,0.162222,0.993778
2026-07-31T01:52:59+00:00,bid,Titan RTX,4,6,0.094444,0.104444,0.108333,0.115556,0.135556,0.108333,0.998351
2026-07-31T01:52:59+00:00,bid,Titan Xp,1,1,0.042222,0.042222,0.042222,0.042222,0.042222,0.042222,0.996749
