scraped_at,rental_type,gpu_name,num_offers,total_gpus,dph_per_gpu_min,dph_per_gpu_p25,dph_per_gpu_median,dph_per_gpu_p75,dph_per_gpu_max,verified_median,median_reliability
2026-07-28T00:03:02+00:00,on-demand,A100 PCIE,13,32,0.333611,0.335556,0.996764,1.001111,1.092764,0.998938,0.992938
2026-07-28T00:03:02+00:00,on-demand,A100 SXM4,20,60,0.40037,0.933981,1.061546,1.227593,1.891431,1.056148,0.995654
2026-07-28T00:03:02+00:00,on-demand,A800 PCIE,3,7,0.667222,0.6675,0.667778,0.668333,0.668889,,0.994222
2026-07-28T00:03:02+00:00,on-demand,B200,12,54,5.625174,6.226628,6.371615,6.876302,11.027431,6.371615,0.993206
2026-07-28T00:03:02+00:00,on-demand,B300,3,11,7.501042,7.501563,7.502083,8.126389,8.750694,,0.973619
2026-07-28T00:03:02+00:00,on-demand,GTX 1050 Ti,1,1,0.611111,0.611111,0.611111,0.611111,0.611111,,0.96453
2026-07-28T00:03:02+00:00,on-demand,GTX 1060,3,4,0.087778,0.088333,0.088889,0.216667,0.344444,0.088333,0.999301
2026-07-28T00:03:02+00:00,on-demand,GTX 1070,2,2,0.202222,0.284444,0.366667,0.448889,0.531111,0.531111,0.98243
2026-07-28T00:03:02+00:00,on-demand,GTX 1070 Ti,2,5,0.048556,0.048972,0.049389,0.049806,0.050222,0.049389,0.997267
2026-07-28T00:03:02+00:00,on-demand,GTX 1080,2,3,0.049111,0.049426,0.049741,0.050056,0.05037,0.049111,0.982042
2026-07-28T00:03:02+00:00,on-demand,GTX 1080 Ti,7,22,0.060556,0.063667,0.080317,0.080648,0.082222,0.07327,0.987583
2026-07-28T00:03:02+00:00,on-demand,GTX 1660 S,1,1,0.451111,0.451111,0.451111,0.451111,0.451111,,0.97638
2026-07-28T00:03:02+00:00,on-demand,GTX 1660 Ti,1,1,0.611111,0.611111,0.611111,0.611111,0.611111,0.611111,0.969402
2026-07-28T00:03:02+00:00,on-demand,H100 NVL,5,8,1.336296,1.802074,2.522222,2.673185,3.333889,2.673185,0.990012
2026-07-28T00:03:02+00:00,on-demand,H100 PCIE,3,14,2.000278,2.000417,2.000556,2.000833,2.001111,,0.967196
2026-07-28T00:03:02+00:00,on-demand,H100 SXM,10,30,1.733889,2.200926,2.568556,3.661681,5.042222,2.934444,0.991098
2026-07-28T00:03:02+00:00,on-demand,H200,7,30,3.934942,4.007858,4.08114,8.125548,11.579496,4.08114,0.999347
2026-07-28T00:03:02+00:00,on-demand,H200 NVL,4,6,2.801111,3.001944,3.501778,3.942667,3.966667,3.950667,0.991654
2026-07-28T00:03:02+00:00,on-demand,L4,5,13,0.202222,0.333778,0.334444,0.335556,3.333889,0.334444,0.997835
2026-07-28T00:03:02+00:00,on-demand,L40,5,10,0.295185,0.297037,0.574444,0.575556,0.577778,0.575556,0.985719
2026-07-28T00:03:02+00:00,on-demand,L40S,13,49,0.400741,0.466852,0.52963,0.801481,1.07037,0.934537,0.99569
2026-07-28T00:03:02+00:00,on-demand,Q RTX 5000,1,2,0.080741,0.080741,0.080741,0.080741,0.080741,,0.973459
2026-07-28T00:03:02+00:00,on-demand,Q RTX 6000,1,1,0.082222,0.082222,0.082222,0.082222,0.082222,,0.903683
2026-07-28T00:03:02+00:00,on-demand,Q RTX 8000,2,3,0.254074,0.258333,0.262593,0.266852,0.271111,0.262593,0.998747
2026-07-28T00:03:02+00:00,on-demand,Quadro GV100,1,1,0.467407,0.467407,0.467407,0.467407,0.467407,,0.968361
2026-07-28T00:03:02+00:00,on-demand,Quadro P4000,2,2,0.047704,0.053,0.058296,0.063593,0.068889,0.068889,0.99665
2026-07-28T00:03:02+00:00,on-demand,RTX 2060,1,1,0.415556,0.415556,0.415556,0.415556,0.415556,0.415556,0.995022
2026-07-28T00:03:02+00:00,on-demand,RTX 2070S,1,9,0.073498,0.073498,0.073498,0.073498,0.073498,,0.987413
2026-07-28T00:03:02+00:00,on-demand,RTX 2080 Ti,7,26,0.068889,0.080027,0.080056,0.121667,0.811111,0.080056,0.994711
2026-07-28T00:03:02+00:00,on-demand,RTX 2080S,1,1,0.744444,0.744444,0.744444,0.744444,0.744444,0.744444,0.980677
2026-07-28T00:03:02+00:00,on-demand,RTX 3060,11,43,0.050815,0.053981,0.068444,0.287185,1.335556,0.172148,0.997197
2026-07-28T00:03:02+00:00,on-demand,RTX 3060 Ti,1,1,0.057185,0.057185,0.057185,0.057185,0.057185,0.057185,0.995655
2026-07-28T00:03:02+00:00,on-demand,RTX 3060 laptop,2,9,0.026685,0.04631,0.065935,0.08556,0.105185,0.105185,0.99135
2026-07-28T00:03:02+00:00,on-demand,RTX 3070,11,36,0.047778,0.100772,0.107037,0.466988,0.668148,0.100772,0.972027
2026-07-28T00:03:02+00:00,on-demand,RTX 3080,12,41,0.060222,0.108653,0.116917,0.251019,0.562222,0.182277,0.993838
2026-07-28T00:03:02+00:00,on-demand,RTX 3080 Ti,5,6,0.068889,0.102222,0.122222,0.135185,0.175556,0.135185,0.996268
2026-07-28T00:03:02+00:00,on-demand,RTX 3090,42,127,0.111481,0.147819,0.200528,0.334259,1.336296,0.251496,0.990484
2026-07-28T00:03:02+00:00,on-demand,RTX 3090 Ti,1,1,0.175556,0.175556,0.175556,0.175556,0.175556,,0.993138
2026-07-28T00:03:02+00:00,on-demand,RTX 4060,7,12,0.060593,0.061148,0.061481,0.072593,2.677778,0.061481,0.994528
2026-07-28T00:03:02+00:00,on-demand,RTX 4060 Ti,3,4,0.082222,0.09537,0.108519,0.608704,1.108889,0.608704,0.998388
2026-07-28T00:03:02+00:00,on-demand,RTX 4070,5,10,0.080556,0.081111,0.082222,0.095556,0.107778,0.101667,0.99568
2026-07-28T00:03:02+00:00,on-demand,RTX 4070 Ti,5,10,0.088519,0.09037,0.093889,0.094444,0.242222,0.09213,0.99299
2026-07-28T00:03:02+00:00,on-demand,RTX 4070S,5,16,0.082222,0.082407,0.088519,0.08963,0.093889,0.089074,0.99096
2026-07-28T00:03:02+00:00,on-demand,RTX 4070S Ti,11,31,0.094444,0.120833,0.124815,0.188333,1.415556,0.121111,0.995132
2026-07-28T00:03:02+00:00,on-demand,RTX 4080,6,11,0.121481,0.139333,0.212,0.258139,0.266,0.265667,0.980238
2026-07-28T00:03:02+00:00,on-demand,RTX 4080S,17,54,0.124444,0.168148,0.201037,0.202222,0.284741,0.176667,0.991162
2026-07-28T00:03:02+00:00,on-demand,RTX 4090,52,171,0.133889,0.306912,0.355,0.538519,1.334815,0.507963,0.994525
2026-07-28T00:03:02+00:00,on-demand,RTX 4090D,3,7,0.667222,0.6675,0.667778,0.668333,0.668889,,0.967226
2026-07-28T00:03:02+00:00,on-demand,RTX 5000Ada,2,2,0.401481,0.481667,0.561852,0.642037,0.722222,0.401481,0.985219
2026-07-28T00:03:02+00:00,on-demand,RTX 5060,2,2,0.075556,0.075926,0.076296,0.076667,0.077037,0.077037,0.981375
2026-07-28T00:03:02+00:00,on-demand,RTX 5060 Ti,17,56,0.068519,0.094074,0.113704,0.170444,0.227407,0.169611,0.993448
2026-07-28T00:03:02+00:00,on-demand,RTX 5060 laptop,1,1,0.135556,0.135556,0.135556,0.135556,0.135556,,0.97058
2026-07-28T00:03:02+00:00,on-demand,RTX 5070,5,10,0.094444,0.095556,0.097778,0.103704,0.147407,0.125556,0.99326
2026-07-28T00:03:02+00:00,on-demand,RTX 5070 Ti,8,16,0.117889,0.119278,0.135,0.162889,0.200741,0.154222,0.990762
2026-07-28T00:03:02+00:00,on-demand,RTX 5080,14,42,0.122963,0.17371,0.18163,0.221574,0.802963,0.235185,0.982417
2026-07-28T00:03:02+00:00,on-demand,RTX 5090,42,132,0.295556,0.451113,0.534213,0.667163,3.613611,0.666944,0.990617
2026-07-28T00:03:02+00:00,on-demand,RTX 5880Ada,4,15,0.453593,0.453787,0.511185,0.568981,0.57037,0.511185,0.995438
2026-07-28T00:03:02+00:00,on-demand,RTX 6000Ada,7,12,0.441111,0.488889,0.667222,0.675,0.735556,0.667778,0.988895
2026-07-28T00:03:02+00:00,on-demand,RTX A2000,1,1,0.493481,0.493481,0.493481,0.493481,0.493481,,0.994231
2026-07-28T00:03:02+00:00,on-demand,RTX A4000,3,23,0.133468,0.133586,0.133704,0.140991,0.148278,,0.97131
2026-07-28T00:03:02+00:00,on-demand,RTX A4500,1,1,1.274815,1.274815,1.274815,1.274815,1.274815,,0.998009
2026-07-28T00:03:02+00:00,on-demand,RTX A5000,1,1,0.318015,0.318015,0.318015,0.318015,0.318015,,0.996413
2026-07-28T00:03:02+00:00,on-demand,RTX A6000,6,19,0.299778,0.374028,0.387361,0.401736,0.404444,0.402222,0.99315
2026-07-28T00:03:02+00:00,on-demand,RTX PRO 2000,1,2,0.174074,0.174074,0.174074,0.174074,0.174074,,0.96466
2026-07-28T00:03:02+00:00,on-demand,RTX PRO 4000,9,20,0.200556,0.202222,0.261852,0.293889,0.337037,0.27037,0.983033
2026-07-28T00:03:02+00:00,on-demand,RTX PRO 4500,1,1,0.282222,0.282222,0.282222,0.282222,0.282222,,0.995089
2026-07-28T00:03:02+00:00,on-demand,RTX PRO 5000,13,30,0.337778,0.64037,0.667222,0.841852,1.200207,0.667222,0.990056
2026-07-28T00:03:02+00:00,on-demand,RTX PRO 6000 S,16,44,1.266944,1.534306,1.667315,1.736296,3.795556,1.734074,0.9985
2026-07-28T00:03:02+00:00,on-demand,RTX PRO 6000 WS,18,48,0.714074,1.001019,1.301574,1.646991,26.66963,1.368333,0.990135
2026-07-28T00:03:02+00:00,on-demand,Tesla P100,5,10,0.054815,0.087407,0.088148,0.201111,0.202222,0.14463,0.986285
2026-07-28T00:03:02+00:00,on-demand,Tesla P4,1,1,0.023259,0.023259,0.023259,0.023259,0.023259,,0.990338
2026-07-28T00:03:02+00:00,on-demand,Tesla P40,1,4,0.132556,0.132556,0.132556,0.132556,0.132556,0.132556,0.992813
2026-07-28T00:03:02+00:00,on-demand,Tesla T4,2,3,12.000741,12.000926,12.001111,12.001296,12.001481,,0.972398
2026-07-28T00:03:02+00:00,on-demand,Tesla V100,6,19,0.106944,0.122269,0.190148,0.303639,0.335556,0.333889,0.981884
2026-07-28T00:03:02+00:00,on-demand,Titan RTX,2,2,0.137037,0.139741,0.142444,0.145148,0.147852,0.147852,0.98036
2026-07-28T00:03:02+00:00,on-demand,Titan Xp,1,1,0.055556,0.055556,0.055556,0.055556,0.055556,0.055556,0.998047
2026-07-28T00:03:02+00:00,bid,A100 PCIE,14,17,0.134444,0.135556,0.135556,0.144306,0.535556,0.141389,0.995266
2026-07-28T00:03:02+00:00,bid,A100 SXM4,24,55,0.135556,0.602269,0.740704,0.819222,0.987222,0.668519,0.991858
2026-07-28T00:03:02+00:00,bid,A800 PCIE,8,14,0.129889,0.130444,0.131556,0.131556,0.294074,,0.994222
2026-07-28T00:03:02+00:00,bid,B200,11,37,3.750174,5.630556,5.804861,5.876953,6.260417,5.804861,0.996825
2026-07-28T00:03:02+00:00,bid,B300,3,11,3.751042,3.751562,3.752083,4.376389,5.000694,,0.973619
2026-07-28T00:03:02+00:00,bid,GTX 1050 Ti,1,1,0.024444,0.024444,0.024444,0.024444,0.024444,,0.96453
2026-07-28T00:03:02+00:00,bid,GTX 1060,3,3,0.014074,0.024574,0.035074,0.051611,0.068148,0.068148,0.975603
2026-07-28T00:03:02+00:00,bid,GTX 1070,2,2,0.015556,0.017778,0.02,0.022222,0.024444,0.024444,0.98243
2026-07-28T00:03:02+00:00,bid,GTX 1070 Ti,1,4,0.040556,0.040556,0.040556,0.040556,0.040556,0.040556,0.997328
2026-07-28T00:03:02+00:00,bid,GTX 1080,4,10,0.028889,0.0375,0.040741,0.041389,0.042222,0.041111,0.995692
2026-07-28T00:03:02+00:00,bid,GTX 1080 Ti,8,27,0.040556,0.040972,0.047937,0.053935,0.054444,0.047937,0.991708
2026-07-28T00:03:02+00:00,bid,GTX 1650 S,1,1,0.037778,0.037778,0.037778,0.037778,0.037778,,0.967379
2026-07-28T00:03:02+00:00,bid,GTX 1660 S,1,1,0.031111,0.031111,0.031111,0.031111,0.031111,,0.97638
2026-07-28T00:03:02+00:00,bid,GTX 1660 Ti,2,3,0.040222,0.044056,0.047889,0.051722,0.055556,0.047889,0.983406
2026-07-28T00:03:02+00:00,bid,H100 NVL,5,8,0.806519,0.935556,1.602074,2.000556,2.326222,2.000556,0.991055
2026-07-28T00:03:02+00:00,bid,H100 PCIE,3,14,1.333611,1.33375,1.333889,1.334167,1.334445,,0.967196
2026-07-28T00:03:02+00:00,bid,H100 SXM,10,30,0.936296,1.134722,1.801444,2.534306,4.002222,2.533889,0.991635
2026-07-28T00:03:02+00:00,bid,H200,6,22,3.486404,3.816612,3.817069,8.652092,11.316338,3.817069,0.998498
2026-07-28T00:03:02+00:00,bid,H200 NVL,7,11,0.403778,0.404889,1.006667,1.934815,2.668,1.837333,0.981826
2026-07-28T00:03:02+00:00,bid,L4,7,18,0.135556,0.235389,0.271852,0.3205,0.321111,0.296148,0.997835
2026-07-28T00:03:02+00:00,bid,L40,5,10,0.288519,0.467778,0.468889,0.471111,0.471111,0.47,0.985719
2026-07-28T00:03:02+00:00,bid,L40S,17,54,0.200185,0.334444,0.534815,0.540741,0.803704,0.538889,0.998558
2026-07-28T00:03:02+00:00,bid,Q RTX 5000,2,3,0.054074,0.054259,0.054444,0.05463,0.054815,,0.973459
2026-07-28T00:03:02+00:00,bid,Quadro GV100,1,1,0.134074,0.134074,0.134074,0.134074,0.134074,,0.968361
2026-07-28T00:03:02+00:00,bid,Quadro P4000,2,2,0.03437,0.041333,0.048296,0.055259,0.062222,0.062222,0.99665
2026-07-28T00:03:02+00:00,bid,RTX 2060,3,4,0.034852,0.037981,0.041111,0.188333,0.335556,0.041111,0.992937
2026-07-28T00:03:02+00:00,bid,RTX 2060S,1,1,0.123704,0.123704,0.123704,0.123704,0.123704,0.123704,0.945967
2026-07-28T00:03:02+00:00,bid,RTX 2070S,2,17,0.066831,0.066836,0.066842,0.066847,0.066852,,0.987413
2026-07-28T00:03:02+00:00,bid,RTX 2080 Ti,4,5,0.037778,0.062,0.088926,0.10787,0.108148,0.107778,0.996785
2026-07-28T00:03:02+00:00,bid,RTX 2080S,1,1,0.037778,0.037778,0.037778,0.037778,0.037778,0.037778,0.980677
2026-07-28T00:03:02+00:00,bid,RTX 3060,13,48,0.025111,0.045519,0.048185,0.102815,0.202222,0.098213,0.99107
2026-07-28T00:03:02+00:00,bid,RTX 3060 Ti,1,1,0.268889,0.268889,0.268889,0.268889,0.268889,0.268889,0.993252
2026-07-28T00:03:02+00:00,bid,RTX 3060 laptop,3,11,0.014148,0.016083,0.018019,0.043602,0.069185,0.069185,0.983456
2026-07-28T00:03:02+00:00,bid,RTX 3070,13,28,0.028148,0.041111,0.068519,0.081111,0.246815,0.068667,0.995583
2026-07-28T00:03:02+00:00,bid,RTX 3070 Ti,1,1,0.055556,0.055556,0.055556,0.055556,0.055556,,0.996711
2026-07-28T00:03:02+00:00,bid,RTX 3070 laptop,1,1,0.442222,0.442222,0.442222,0.442222,0.442222,,0.962488
2026-07-28T00:03:02+00:00,bid,RTX 3080,8,25,0.066944,0.077429,0.125185,0.240456,0.495556,0.191277,0.990643
2026-07-28T00:03:02+00:00,bid,RTX 3080 Ti,7,8,0.028889,0.06963,0.095556,0.108333,0.188889,0.108333,0.995095
2026-07-28T00:03:02+00:00,bid,RTX 3090,51,127,0.053778,0.107315,0.134074,0.152222,0.349963,0.148889,0.986914
2026-07-28T00:03:02+00:00,bid,RTX 4000Ada,1,1,0.162222,0.162222,0.162222,0.162222,0.162222,,0.993943
2026-07-28T00:03:02+00:00,bid,RTX 4060,4,6,0.053926,0.05437,0.055037,0.05737,0.062815,0.059185,0.975204
2026-07-28T00:03:02+00:00,bid,RTX 4060 Ti,7,16,0.041111,0.065778,0.076889,0.104111,0.975556,0.104111,0.997129
2026-07-28T00:03:02+00:00,bid,RTX 4070,3,7,0.067259,0.077519,0.087778,0.118333,0.148889,0.087778,0.999212
2026-07-28T00:03:02+00:00,bid,RTX 4070 Ti,4,4,0.081481,0.101481,0.108519,0.135556,0.215556,0.108889,0.992855
2026-07-28T00:03:02+00:00,bid,RTX 4070S,9,18,0.054444,0.069074,0.071481,0.076296,0.244444,0.070278,0.99096
2026-07-28T00:03:02+00:00,bid,RTX 4070S Ti,16,41,0.055556,0.098148,0.110833,0.167778,0.202222,0.167778,0.995802
2026-07-28T00:03:02+00:00,bid,RTX 4080,6,11,0.147,0.147333,0.158556,0.194111,0.255556,0.147333,0.989601
2026-07-28T00:03:02+00:00,bid,RTX 4080S,12,29,0.068148,0.181222,0.194509,0.200935,0.240741,0.202074,0.996601
2026-07-28T00:03:02+00:00,bid,RTX 4090,64,169,0.134074,0.245417,0.335556,0.407407,0.774444,0.401481,0.99551
2026-07-28T00:03:02+00:00,bid,RTX 4090D,3,7,0.604556,0.604833,0.605111,0.605667,0.606222,,0.967226
2026-07-28T00:03:02+00:00,bid,RTX 5000Ada,2,2,0.268889,0.334702,0.400516,0.466329,0.532142,0.268889,0.985792
2026-07-28T00:03:02+00:00,bid,RTX 5060,4,6,0.054444,0.055278,0.055556,0.065556,0.095556,0.055556,0.98838
2026-07-28T00:03:02+00:00,bid,RTX 5060 Ti,20,47,0.053889,0.07,0.107407,0.134704,0.153889,0.134074,0.993985
2026-07-28T00:03:02+00:00,bid,RTX 5070,3,3,0.068148,0.074185,0.080222,0.114926,0.14963,0.108889,0.987346
2026-07-28T00:03:02+00:00,bid,RTX 5070 Ti,12,25,0.082222,0.103889,0.107778,0.108889,0.158963,0.108333,0.995712
2026-07-28T00:03:02+00:00,bid,RTX 5080,17,37,0.07037,0.119963,0.13437,0.200556,0.242222,0.174444,0.990701
2026-07-28T00:03:02+00:00,bid,RTX 5090,66,206,0.093611,0.204657,0.400028,0.53409,1.468889,0.272593,0.997219
2026-07-28T00:03:02+00:00,bid,RTX 5880Ada,5,8,0.295185,0.297037,0.297037,0.33437,0.33437,0.297037,0.99588
2026-07-28T00:03:02+00:00,bid,RTX 6000Ada,14,25,0.137778,0.387778,0.400556,0.401944,0.680889,0.400926,0.995418
2026-07-28T00:03:02+00:00,bid,RTX A2000,1,1,0.400148,0.400148,0.400148,0.400148,0.400148,,0.994231
2026-07-28T00:03:02+00:00,bid,RTX A4000,10,59,0.057111,0.09375,0.106827,0.107037,0.133611,,0.97131
2026-07-28T00:03:02+00:00,bid,RTX A5000,3,7,0.021556,0.08763,0.153704,0.177407,0.201111,0.08763,0.968726
2026-07-28T00:03:02+00:00,bid,RTX A6000,4,14,0.202593,0.277273,0.311639,0.334236,0.373611,0.373611,0.989491
2026-07-28T00:03:02+00:00,bid,RTX PRO 2000,1,2,0.134074,0.134074,0.134074,0.134074,0.134074,,0.96466
2026-07-28T00:03:02+00:00,bid,RTX PRO 4000,10,17,0.067222,0.068056,0.068889,0.214926,0.241778,0.189259,0.983033
2026-07-28T00:03:02+00:00,bid,RTX PRO 5000,22,44,0.135111,0.390787,0.468333,0.656081,0.803704,0.467778,0.982919
2026-07-28T00:03:02+00:00,bid,RTX PRO 6000 S,22,56,0.402222,1.068148,1.06963,1.200556,1.467778,1.071111,0.998271
2026-07-28T00:03:02+00:00,bid,RTX PRO 6000 WS,24,49,0.467407,0.535926,0.768222,0.992222,1.602222,0.949852,0.990937
2026-07-28T00:03:02+00:00,bid,Tesla P100,4,5,0.041481,0.111204,0.135,0.135556,0.135556,0.135556,0.986877
2026-07-28T00:03:02+00:00,bid,Tesla P4,1,1,0.011926,0.011926,0.011926,0.011926,0.011926,,0.990338
2026-07-28T00:03:02+00:00,bid,Tesla P40,3,8,0.065889,0.066167,0.066444,0.066444,0.066444,0.066444,0.992813
2026-07-28T00:03:02+00:00,bid,Tesla T4,3,4,3.400741,3.401111,3.401481,3.401481,3.401481,,0.972398
2026-07-28T00:03:02+00:00,bid,Tesla V100,9,17,0.095037,0.095407,0.162222,0.201111,0.242222,0.181667,0.999457
2026-07-28T00:03:02+00:00,bid,Titan RTX,1,1,0.095556,0.095556,0.095556,0.095556,0.095556,0.095556,0.870861
2026-07-28T00:03:02+00:00,bid,Titan Xp,1,1,0.042222,0.042222,0.042222,0.042222,0.042222,0.042222,0.995942
2026-07-28T00:08:13+00:00,on-demand,A100 PCIE,9,24,0.333611,0.334444,0.994191,1.001111,1.002222,0.998938,0.994758
2026-07-28T00:08:13+00:00,on-demand,A100 SXM4,24,72,0.40037,0.904051,1.067083,1.197713,1.891431,1.061546,0.99416
2026-07-28T00:08:13+00:00,on-demand,A800 PCIE,3,7,0.667222,0.6675,0.667778,0.668333,0.668889,,0.994222
2026-07-28T00:08:13+00:00,on-demand,B200,12,38,5.902604,6.250846,6.495312,8.569553,11.034722,6.495312,0.997331
2026-07-28T00:08:13+00:00,on-demand,B300,3,11,7.501042,7.501563,7.502083,8.126389,8.750694,,0.973619
2026-07-28T00:08:13+00:00,on-demand,GTX 1050 Ti,1,1,0.611111,0.611111,0.611111,0.611111,0.611111,,0.96453
2026-07-28T00:08:13+00:00,on-demand,GTX 1060,3,4,0.087778,0.087963,0.088148,0.216296,0.344444,0.087963,0.999274
2026-07-28T00:08:13+00:00,on-demand,GTX 1070,2,2,0.202222,0.284444,0.366667,0.448889,0.531111,0.531111,0.98243
2026-07-28T00:08:13+00:00,on-demand,GTX 1070 Ti,2,3,0.049111,0.049389,0.049667,0.049944,0.050222,0.049667,0.997267
2026-07-28T00:08:13+00:00,on-demand,GTX 1080,2,7,0.042222,0.043759,0.045296,0.046833,0.04837,0.04837,0.99768
2026-07-28T00:08:13+00:00,on-demand,GTX 1080 Ti,6,17,0.060556,0.062389,0.07327,0.080913,0.082222,0.066222,0.991708
2026-07-28T00:08:13+00:00,on-demand,GTX 1650 S,1,1,0.677778,0.677778,0.677778,0.677778,0.677778,,0.967379
2026-07-28T00:08:13+00:00,on-demand,GTX 1660 Ti,1,1,0.611111,0.611111,0.611111,0.611111,0.611111,0.611111,0.969402
2026-07-28T00:08:13+00:00,on-demand,H100 NVL,6,9,1.335556,1.982222,2.577704,2.649963,3.333889,2.64437,0.986075
2026-07-28T00:08:13+00:00,on-demand,H100 PCIE,3,14,2.000278,2.000417,2.000556,2.000833,2.001111,,0.967196
2026-07-28T00:08:13+00:00,on-demand,H100 SXM,11,34,1.733889,2.235556,2.933889,3.442898,5.041111,2.934167,0.992237
2026-07-28T00:08:13+00:00,on-demand,H200,9,42,3.934942,4.080044,5.724232,5.870824,11.579496,5.724232,0.999347
2026-07-28T00:08:13+00:00,on-demand,H200 NVL,6,10,2.800741,3.334722,3.635111,3.958667,8.006222,3.966667,0.991654
2026-07-28T00:08:13+00:00,on-demand,L4,5,13,0.202222,0.333778,0.334444,0.335556,3.333889,0.334444,0.998859
2026-07-28T00:08:13+00:00,on-demand,L40,5,10,0.295185,0.297037,0.574444,0.575556,0.577778,0.575556,0.985719
2026-07-28T00:08:13+00:00,on-demand,L40S,13,49,0.40037,0.466852,0.80037,1.067593,1.074074,1.067593,0.99838
2026-07-28T00:08:13+00:00,on-demand,Q RTX 5000,1,2,0.080741,0.080741,0.080741,0.080741,0.080741,,0.973459
2026-07-28T00:08:13+00:00,on-demand,Q RTX 6000,1,1,0.082222,0.082222,0.082222,0.082222,0.082222,,0.903683
2026-07-28T00:08:13+00:00,on-demand,Q RTX 8000,1,2,0.254074,0.254074,0.254074,0.254074,0.254074,0.254074,0.998671
2026-07-28T00:08:13+00:00,on-demand,Quadro GV100,1,1,0.467407,0.467407,0.467407,0.467407,0.467407,,0.968361
2026-07-28T00:08:13+00:00,on-demand,Quadro P4000,2,2,0.047704,0.050037,0.05237,0.054704,0.057037,0.057037,0.993622
2026-07-28T00:08:13+00:00,on-demand,RTX 2060,1,1,0.411111,0.411111,0.411111,0.411111,0.411111,0.411111,0.976415
2026-07-28T00:08:13+00:00,on-demand,RTX 2060S,3,4,0.049111,0.049667,0.050222,0.166963,0.283704,0.283704,0.981673
2026-07-28T00:08:13+00:00,on-demand,RTX 2070S,2,17,0.073498,0.073503,0.073508,0.073513,0.073519,,0.987413
2026-07-28T00:08:13+00:00,on-demand,RTX 2080 Ti,8,34,0.068889,0.080026,0.080044,0.12487,0.811111,0.080044,0.991435
2026-07-28T00:08:13+00:00,on-demand,RTX 2080S,1,1,0.744444,0.744444,0.744444,0.744444,0.744444,0.744444,0.980677
2026-07-28T00:08:13+00:00,on-demand,RTX 3060,12,40,0.027778,0.068222,0.07636,0.229667,1.334815,0.126213,0.994389
2026-07-28T00:08:13+00:00,on-demand,RTX 3060 laptop,2,9,0.026685,0.04631,0.065935,0.08556,0.105185,0.105185,0.99135
2026-07-28T00:08:13+00:00,on-demand,RTX 3070,10,31,0.048889,0.076019,0.103781,0.226917,0.668148,0.100617,0.984125
2026-07-28T00:08:13+00:00,on-demand,RTX 3070 laptop,1,1,0.468889,0.468889,0.468889,0.468889,0.468889,,0.962488
2026-07-28T00:08:13+00:00,on-demand,RTX 3080,14,38,0.061111,0.081389,0.111139,0.152736,0.562222,0.138556,0.993685
2026-07-28T00:08:13+00:00,on-demand,RTX 3080 Ti,3,3,0.082222,0.128222,0.174222,0.234889,0.295556,0.234889,0.989424
2026-07-28T00:08:13+00:00,on-demand,RTX 3090,49,142,0.093889,0.146944,0.200315,0.335556,1.187407,0.248519,0.987783
2026-07-28T00:08:13+00:00,on-demand,RTX 3090 Ti,1,1,0.175556,0.175556,0.175556,0.175556,0.175556,,0.993138
2026-07-28T00:08:13+00:00,on-demand,RTX 4060,5,9,0.061111,0.062222,0.064444,0.082222,2.677778,0.062222,0.99678
2026-07-28T00:08:13+00:00,on-demand,RTX 4060 Ti,1,1,0.11037,0.11037,0.11037,0.11037,0.11037,0.11037,0.998512
2026-07-28T00:08:13+00:00,on-demand,RTX 4070,4,8,0.080556,0.080972,0.081667,0.082222,0.082222,0.082222,0.99568
2026-07-28T00:08:13+00:00,on-demand,RTX 4070 Ti,4,6,0.093111,0.099944,0.103333,0.118889,0.162222,0.104444,0.992554
2026-07-28T00:08:13+00:00,on-demand,RTX 4070S,6,18,0.081111,0.082269,0.083611,0.088981,0.093889,0.087593,0.985064
2026-07-28T00:08:13+00:00,on-demand,RTX 4070S Ti,12,23,0.067778,0.112306,0.123611,0.212778,1.415556,0.121111,0.995132
2026-07-28T00:08:13+00:00,on-demand,RTX 4080,6,11,0.121481,0.139333,0.212,0.258139,0.266,0.265667,0.980238
2026-07-28T00:08:13+00:00,on-demand,RTX 4080S,15,45,0.124444,0.194361,0.201111,0.21375,0.28437,0.228222,0.991162
2026-07-28T00:08:13+00:00,on-demand,RTX 4090,57,177,0.133889,0.306963,0.426944,0.607407,1.334815,0.603704,0.993973
2026-07-28T00:08:13+00:00,on-demand,RTX 4090D,3,7,0.667222,0.6675,0.667778,0.668333,0.668889,,0.967226
2026-07-28T00:08:13+00:00,on-demand,RTX 5000Ada,4,5,0.427778,0.438611,0.448889,0.522222,0.722222,0.442222,0.992687
2026-07-28T00:08:13+00:00,on-demand,RTX 5060,2,3,0.075556,0.076944,0.078333,0.079722,0.081111,,0.974931
2026-07-28T00:08:13+00:00,on-demand,RTX 5060 Ti,18,61,0.080556,0.094028,0.116623,0.173111,0.228148,0.170722,0.996623
2026-07-28T00:08:13+00:00,on-demand,RTX 5060 laptop,1,1,0.135556,0.135556,0.135556,0.135556,0.135556,,0.97058
2026-07-28T00:08:13+00:00,on-demand,RTX 5070,8,14,0.094444,0.097222,0.117407,0.175185,0.202222,0.175556,0.99326
2026-07-28T00:08:13+00:00,on-demand,RTX 5070 Ti,10,22,0.113889,0.123278,0.136296,0.190833,0.202963,0.137037,0.992829
2026-07-28T00:08:13+00:00,on-demand,RTX 5080,18,52,0.133407,0.174306,0.194074,0.257361,0.802963,0.267222,0.99078
2026-07-28T00:08:13+00:00,on-demand,RTX 5090,48,149,0.226778,0.467361,0.533719,0.874481,3.615556,0.667222,0.991737
2026-07-28T00:08:13+00:00,on-demand,RTX 5880Ada,4,15,0.453593,0.453787,0.454111,0.48337,0.57037,0.454111,0.994997
2026-07-28T00:08:13+00:00,on-demand,RTX 6000Ada,8,17,0.440556,0.511944,0.612352,0.668407,0.787778,0.654537,0.99015
2026-07-28T00:08:13+00:00,on-demand,RTX A2000,2,2,0.036148,0.150481,0.264815,0.379148,0.493481,,0.996748
2026-07-28T00:08:13+00:00,on-demand,RTX A4000,5,31,0.080556,0.080593,0.133468,0.133704,0.146889,,0.97131
2026-07-28T00:08:13+00:00,on-demand,RTX A4500,1,1,1.274815,1.274815,1.274815,1.274815,1.274815,,0.998009
2026-07-28T00:08:13+00:00,on-demand,RTX A5000,2,2,0.291704,0.298281,0.304859,0.311437,0.318015,0.291704,0.997918
2026-07-28T00:08:13+00:00,on-demand,RTX A6000,7,21,0.299778,0.374167,0.400278,0.403333,0.454444,0.402222,0.992833
2026-07-28T00:08:13+00:00,on-demand,RTX PRO 2000,2,3,0.174074,0.174259,0.174444,0.17463,0.174815,,0.96466
2026-07-28T00:08:13+00:00,on-demand,RTX PRO 4000,9,22,0.167222,0.202222,0.242222,0.307407,0.337037,0.321296,0.983033
2026-07-28T00:08:13+00:00,on-demand,RTX PRO 4500,1,1,0.282222,0.282222,0.282222,0.282222,0.282222,,0.995089
2026-07-28T00:08:13+00:00,on-demand,RTX PRO 5000,14,31,0.335556,0.644167,0.667074,0.798611,1.182948,0.666991,0.990056
2026-07-28T00:08:13+00:00,on-demand,RTX PRO 6000 S,17,48,1.266944,1.535556,1.734074,1.736296,3.795556,1.734444,0.99841
2026-07-28T00:08:13+00:00,on-demand,RTX PRO 6000 WS,16,43,0.714074,1.052407,1.375278,1.54956,26.668148,1.440341,0.985253
2026-07-28T00:08:13+00:00,on-demand,Tesla P100,5,10,0.054815,0.087407,0.088148,0.201111,0.202222,0.14463,0.986285
2026-07-28T00:08:13+00:00,on-demand,Tesla P4,1,1,0.023259,0.023259,0.023259,0.023259,0.023259,,0.990338
2026-07-28T00:08:13+00:00,on-demand,Tesla P40,1,4,0.132556,0.132556,0.132556,0.132556,0.132556,0.132556,0.992813
2026-07-28T00:08:13+00:00,on-demand,Tesla T4,2,3,12.000741,12.000926,12.001111,12.001296,12.001481,,0.972398
2026-07-28T00:08:13+00:00,on-demand,Tesla V100,7,22,0.079037,0.107083,0.167407,0.246167,0.335556,0.267222,0.996867
2026-07-28T00:08:13+00:00,on-demand,Titan RTX,2,2,0.137037,0.139741,0.142444,0.145148,0.147852,0.147852,0.98036
2026-07-28T00:08:13+00:00,on-demand,Titan Xp,1,1,0.062222,0.062222,0.062222,0.062222,0.062222,0.062222,0.996749
2026-07-28T00:08:13+00:00,bid,A100 PCIE,15,18,0.131556,0.135,0.135556,0.135556,0.46963,0.135556,0.994758
2026-07-28T00:08:13+00:00,bid,A100 SXM4,24,54,0.135556,0.602269,0.802667,0.895926,0.987222,0.802667,0.991858
2026-07-28T00:08:13+00:00,bid,A800 PCIE,6,11,0.129889,0.130444,0.131,0.131556,0.131556,,0.994222
2026-07-28T00:08:13+00:00,bid,B200,11,37,3.750174,5.630729,5.804861,6.066406,7.37526,5.804861,0.996889
2026-07-28T00:08:13+00:00,bid,B300,3,11,3.751042,3.751562,3.752083,4.376389,5.000694,,0.973619
2026-07-28T00:08:13+00:00,bid,GTX 1050 Ti,1,1,0.024444,0.024444,0.024444,0.024444,0.024444,,0.96453
2026-07-28T00:08:13+00:00,bid,GTX 1060,3,3,0.014074,0.024574,0.035074,0.051611,0.068148,0.068148,0.975603
2026-07-28T00:08:13+00:00,bid,GTX 1070,2,2,0.015556,0.017778,0.02,0.022222,0.024444,0.024444,0.98243
2026-07-28T00:08:13+00:00,bid,GTX 1070 Ti,3,7,0.040556,0.040833,0.041111,0.041667,0.042222,0.041111,0.997328
2026-07-28T00:08:13+00:00,bid,GTX 1080,2,7,0.037037,0.03787,0.038704,0.039537,0.04037,0.04037,0.982741
2026-07-28T00:08:13+00:00,bid,GTX 1080 Ti,6,21,0.040556,0.040694,0.047381,0.053968,0.055556,0.047381,0.995832
2026-07-28T00:08:13+00:00,bid,GTX 1650 S,1,1,0.037778,0.037778,0.037778,0.037778,0.037778,,0.967379
2026-07-28T00:08:13+00:00,bid,GTX 1660 S,1,1,0.031111,0.031111,0.031111,0.031111,0.031111,,0.97638
2026-07-28T00:08:13+00:00,bid,GTX 1660 Ti,2,3,0.040222,0.044056,0.047889,0.051722,0.055556,0.047889,0.983406
2026-07-28T00:08:13+00:00,bid,H100 NVL,6,9,0.806519,1.029074,1.455852,1.900935,2.326222,1.468056,0.971467
2026-07-28T00:08:13+00:00,bid,H100 PCIE,4,18,1.333611,1.333819,1.333889,1.334028,1.334445,,0.967196
2026-07-28T00:08:13+00:00,bid,H100 SXM,12,32,0.936296,1.052185,1.534185,2.137472,4.001111,2.004,0.991635
2026-07-28T00:08:13+00:00,bid,H200,9,42,3.486404,3.816886,4.990017,5.461075,11.316338,4.990017,0.997997
2026-07-28T00:08:13+00:00,bid,H200 NVL,8,12,0.403778,0.856222,1.370889,1.867778,2.668,1.406222,0.986082
2026-07-28T00:08:13+00:00,bid,L4,5,16,0.201889,0.202222,0.320444,0.320556,0.321111,0.3205,0.998859
2026-07-28T00:08:13+00:00,bid,L40,6,12,0.288519,0.418333,0.468333,0.470556,0.471111,0.468889,0.985719
2026-07-28T00:08:13+00:00,bid,L40S,24,85,0.200185,0.333704,0.535,0.540741,0.801852,0.537037,0.998689
2026-07-28T00:08:13+00:00,bid,Q RTX 5000,1,2,0.054074,0.054074,0.054074,0.054074,0.054074,,0.973459
2026-07-28T00:08:13+00:00,bid,Quadro GV100,1,1,0.134074,0.134074,0.134074,0.134074,0.134074,,0.968361
2026-07-28T00:08:13+00:00,bid,Quadro P4000,2,2,0.03437,0.041333,0.048296,0.055259,0.062222,0.062222,0.99665
2026-07-28T00:08:13+00:00,bid,RTX 2060,3,4,0.034852,0.037981,0.041111,0.188333,0.335556,0.041111,0.992937
2026-07-28T00:08:13+00:00,bid,RTX 2060S,2,3,0.041111,0.061759,0.082407,0.103056,0.123704,0.123704,0.96382
2026-07-28T00:08:13+00:00,bid,RTX 2070S,1,8,0.066852,0.066852,0.066852,0.066852,0.066852,,0.987413
2026-07-28T00:08:13+00:00,bid,RTX 2080 Ti,5,6,0.037778,0.055556,0.107778,0.108148,0.108889,0.107963,0.996167
2026-07-28T00:08:13+00:00,bid,RTX 2080S,1,1,0.037778,0.037778,0.037778,0.037778,0.037778,0.037778,0.980677
2026-07-28T00:08:13+00:00,bid,RTX 3060,11,32,0.026222,0.046352,0.047778,0.08488,0.202222,0.134583,0.99107
2026-07-28T00:08:13+00:00,bid,RTX 3060 Ti,1,1,0.268889,0.268889,0.268889,0.268889,0.268889,0.268889,0.993252
2026-07-28T00:08:13+00:00,bid,RTX 3060 laptop,6,16,0.018019,0.059815,0.066,0.075519,0.101111,0.073407,0.996472
2026-07-28T00:08:13+00:00,bid,RTX 3070,12,25,0.027407,0.040944,0.068148,0.084306,0.246815,0.07037,0.987506
2026-07-28T00:08:13+00:00,bid,RTX 3070 Ti,1,1,0.055556,0.055556,0.055556,0.055556,0.055556,,0.996711
2026-07-28T00:08:13+00:00,bid,RTX 3070 laptop,1,1,0.442222,0.442222,0.442222,0.442222,0.442222,,0.962488
2026-07-28T00:08:13+00:00,bid,RTX 3080,10,27,0.061481,0.071315,0.124352,0.215867,0.495556,0.142222,0.987501
2026-07-28T00:08:13+00:00,bid,RTX 3080 Ti,6,7,0.028889,0.073333,0.094815,0.106019,0.188889,0.107778,0.994052
2026-07-28T00:08:13+00:00,bid,RTX 3090,58,152,0.015778,0.107269,0.134074,0.162037,0.336296,0.147083,0.991437
2026-07-28T00:08:13+00:00,bid,RTX 4000Ada,1,1,0.162222,0.162222,0.162222,0.162222,0.162222,,0.993943
2026-07-28T00:08:13+00:00,bid,RTX 4060,2,2,0.054519,0.054778,0.055037,0.055296,0.055556,0.055556,0.983282
2026-07-28T00:08:13+00:00,bid,RTX 4060 Ti,4,9,0.041111,0.051111,0.065667,0.082944,0.101111,0.077778,0.995843
2026-07-28T00:08:13+00:00,bid,RTX 4070,3,5,0.054444,0.071111,0.087778,0.118333,0.148889,0.087778,0.999216
2026-07-28T00:08:13+00:00,bid,RTX 4070 Ti,2,2,0.108889,0.135556,0.162222,0.188889,0.215556,0.162222,0.990097
2026-07-28T00:08:13+00:00,bid,RTX 4070S,6,10,0.068148,0.068935,0.070278,0.075093,0.244444,0.071481,0.99096
2026-07-28T00:08:13+00:00,bid,RTX 4070S Ti,17,36,0.054815,0.095741,0.110556,0.168889,0.202222,0.167778,0.996094
2026-07-28T00:08:13+00:00,bid,RTX 4080,5,10,0.147,0.147333,0.147333,0.169778,0.255556,0.147333,0.989601
2026-07-28T00:08:13+00:00,bid,RTX 4080S,14,34,0.068148,0.187963,0.194583,0.200917,0.240741,0.202074,0.993744
2026-07-28T00:08:13+00:00,bid,RTX 4090,75,202,0.134074,0.243827,0.335185,0.407407,0.775556,0.402407,0.994511
2026-07-28T00:08:13+00:00,bid,RTX 4090D,3,7,0.604556,0.604833,0.605111,0.605667,0.606222,,0.967226
2026-07-28T00:08:13+00:00,bid,RTX 5000Ada,4,5,0.268889,0.308056,0.328333,0.384702,0.532142,0.321111,0.994931
2026-07-28T00:08:13+00:00,bid,RTX 5060,4,5,0.054444,0.055278,0.056667,0.067222,0.095556,0.057778,0.982821
2026-07-28T00:08:13+00:00,bid,RTX 5060 Ti,22,65,0.044444,0.08059,0.10713,0.139727,0.154444,0.134074,0.996186
2026-07-28T00:08:13+00:00,bid,RTX 5070,5,6,0.068148,0.080222,0.122222,0.148148,0.162222,0.135185,0.988263
2026-07-28T00:08:13+00:00,bid,RTX 5070 Ti,14,26,0.093889,0.107361,0.107778,0.108889,0.157481,0.101111,0.995876
2026-07-28T00:08:13+00:00,bid,RTX 5080,20,40,0.070741,0.107228,0.136407,0.180972,0.242222,0.156444,0.989013
2026-07-28T00:08:13+00:00,bid,RTX 5090,64,171,0.096556,0.271852,0.400753,0.535,0.907222,0.375926,0.995923
2026-07-28T00:08:13+00:00,bid,RTX 5880Ada,3,4,0.295185,0.296111,0.297037,0.297037,0.297037,0.297037,0.99588
2026-07-28T00:08:13+00:00,bid,RTX 6000Ada,13,22,0.137778,0.387778,0.400556,0.402222,0.680889,0.400833,0.996084
2026-07-28T00:08:13+00:00,bid,RTX A2000,1,1,0.400148,0.400148,0.400148,0.400148,0.400148,,0.994231
2026-07-28T00:08:13+00:00,bid,RTX A4000,9,51,0.057111,0.093704,0.106801,0.107037,0.134444,0.067037,0.97131
2026-07-28T00:08:13+00:00,bid,RTX A5000,3,6,0.021556,0.065963,0.11037,0.155926,0.201481,0.065963,0.996413
2026-07-28T00:08:13+00:00,bid,RTX A6000,4,14,0.202593,0.281481,0.314444,0.334236,0.373611,0.373611,0.981134
2026-07-28T00:08:13+00:00,bid,RTX PRO 2000,1,2,0.134074,0.134074,0.134074,0.134074,0.134074,,0.96466
2026-07-28T00:08:13+00:00,bid,RTX PRO 4000,14,28,0.067222,0.068889,0.169074,0.239259,0.241778,0.22537,0.983033
2026-07-28T00:08:13+00:00,bid,RTX PRO 5000,22,42,0.135111,0.302315,0.474583,0.68703,0.803704,0.434213,0.991659
2026-07-28T00:08:13+00:00,bid,RTX PRO 6000 S,26,58,0.402222,1.067593,1.06963,1.200486,1.467778,1.068889,0.998271
2026-07-28T00:08:13+00:00,bid,RTX PRO 6000 WS,22,48,0.467407,0.628463,0.768093,0.939259,1.602222,0.801827,0.986682
2026-07-28T00:08:13+00:00,bid,Tesla P100,4,5,0.041481,0.111204,0.135,0.135556,0.135556,0.135556,0.986877
2026-07-28T00:08:13+00:00,bid,Tesla P4,1,1,0.011926,0.011926,0.011926,0.011926,0.011926,,0.990338
2026-07-28T00:08:13+00:00,bid,Tesla P40,3,8,0.065889,0.066167,0.066444,0.066444,0.066444,0.066444,0.992813
2026-07-28T00:08:13+00:00,bid,Tesla T4,2,3,3.400741,3.400926,3.401111,3.401296,3.401481,,0.972398
2026-07-28T00:08:13+00:00,bid,Tesla V100,7,14,0.095037,0.114648,0.160556,0.162222,0.202222,0.162222,0.998759
2026-07-28T00:08:13+00:00,bid,Titan RTX,1,1,0.107852,0.107852,0.107852,0.107852,0.107852,0.107852,0.968923
2026-07-28T00:08:13+00:00,bid,Titan Xp,1,1,0.042222,0.042222,0.042222,0.042222,0.042222,0.042222,0.996673
2026-07-28T00:13:02+00:00,on-demand,A100 PCIE,8,19,0.333611,0.335278,0.917478,0.998129,1.002222,0.995478,0.988033
2026-07-28T00:13:02+00:00,on-demand,A100 SXM4,24,68,0.40037,0.804144,1.048704,1.226898,1.891431,1.042667,0.995659
2026-07-28T00:13:02+00:00,on-demand,A800 PCIE,2,5,0.667222,0.667639,0.668056,0.668472,0.668889,,0.994222
2026-07-28T00:13:02+00:00,on-demand,B200,12,38,5.625174,6.163542,6.495312,8.569553,11.034722,6.495312,0.997331
2026-07-28T00:13:02+00:00,on-demand,B300,3,11,7.501042,7.501563,7.502083,8.126389,8.750694,,0.973619
2026-07-28T00:13:02+00:00,on-demand,GTX 1050 Ti,1,1,0.611111,0.611111,0.611111,0.611111,0.611111,,0.965042
2026-07-28T00:13:02+00:00,on-demand,GTX 1060,3,4,0.087778,0.088333,0.088889,0.216667,0.344444,0.088333,0.999301
2026-07-28T00:13:02+00:00,on-demand,GTX 1070,2,2,0.202222,0.284444,0.366667,0.448889,0.531111,0.531111,0.982663
2026-07-28T00:13:02+00:00,on-demand,GTX 1070 Ti,1,1,0.050222,0.050222,0.050222,0.050222,0.050222,0.050222,0.997207
2026-07-28T00:13:02+00:00,on-demand,GTX 1080,5,15,0.027778,0.042222,0.04837,0.048556,0.049111,0.048556,0.996764
2026-07-28T00:13:02+00:00,on-demand,GTX 1080 Ti,7,21,0.060556,0.061667,0.080317,0.080833,0.082222,0.07127,0.987583
2026-07-28T00:13:02+00:00,on-demand,GTX 1650 S,1,1,0.677778,0.677778,0.677778,0.677778,0.677778,,0.967858
2026-07-28T00:13:02+00:00,on-demand,GTX 1660 S,1,1,0.451111,0.451111,0.451111,0.451111,0.451111,,0.976873
2026-07-28T00:13:02+00:00,on-demand,GTX 1660 Ti,1,1,0.611111,0.611111,0.611111,0.611111,0.611111,0.611111,0.969883
2026-07-28T00:13:02+00:00,on-demand,H100 NVL,5,8,1.802074,2.522222,2.591852,2.655556,3.333889,2.623704,0.990012
2026-07-28T00:13:02+00:00,on-demand,H100 PCIE,3,14,2.000278,2.000417,2.000556,2.000833,2.001111,,0.967196
2026-07-28T00:13:02+00:00,on-demand,H100 SXM,10,33,1.733889,2.200926,2.637481,4.134282,5.041111,3.005333,0.989998
2026-07-28T00:13:02+00:00,on-demand,H200,7,26,3.934942,4.007858,4.08114,5.870552,11.579496,4.08114,0.997997
2026-07-28T00:13:02+00:00,on-demand,H200 NVL,7,12,2.800741,2.801667,3.334444,3.950667,5.339556,3.966667,0.985855
2026-07-28T00:13:02+00:00,on-demand,L4,5,13,0.202222,0.333778,0.334444,0.335556,3.333889,0.334444,0.99903
2026-07-28T00:13:02+00:00,on-demand,L40,5,10,0.295185,0.297037,0.574444,0.575556,0.577778,0.575556,0.985738
2026-07-28T00:13:02+00:00,on-demand,L40S,13,49,0.400185,0.466852,0.80037,1.067593,1.074074,1.067593,0.99838
2026-07-28T00:13:02+00:00,on-demand,Q RTX 5000,1,2,0.080741,0.080741,0.080741,0.080741,0.080741,,0.973459
2026-07-28T00:13:02+00:00,on-demand,Q RTX 8000,1,1,0.253111,0.253111,0.253111,0.253111,0.253111,0.253111,0.999496
2026-07-28T00:13:02+00:00,on-demand,Quadro GV100,1,1,0.467407,0.467407,0.467407,0.467407,0.467407,,0.968361
2026-07-28T00:13:02+00:00,on-demand,Quadro P4000,3,4,0.047704,0.051074,0.054444,0.061667,0.068889,0.068889,0.996386
2026-07-28T00:13:02+00:00,on-demand,RTX 2060,1,1,0.415556,0.415556,0.415556,0.415556,0.415556,0.415556,0.995048
2026-07-28T00:13:02+00:00,on-demand,RTX 2060S,1,2,0.049111,0.049111,0.049111,0.049111,0.049111,,0.981673
2026-07-28T00:13:02+00:00,on-demand,RTX 2070,1,2,0.074074,0.074074,0.074074,0.074074,0.074074,,0.99691
2026-07-28T00:13:02+00:00,on-demand,RTX 2070S,2,17,0.073498,0.073503,0.073508,0.073513,0.073519,,0.987414
2026-07-28T00:13:02+00:00,on-demand,RTX 2080 Ti,7,27,0.067778,0.074456,0.080032,0.100583,0.811111,0.080032,0.99375
2026-07-28T00:13:02+00:00,on-demand,RTX 2080S,1,1,0.744444,0.744444,0.744444,0.744444,0.744444,0.744444,0.868212
2026-07-28T00:13:02+00:00,on-demand,RTX 3060,12,46,0.038444,0.054213,0.070971,0.096296,1.334815,0.067917,0.993376
2026-07-28T00:13:02+00:00,on-demand,RTX 3060 Ti,1,1,0.399556,0.399556,0.399556,0.399556,0.399556,0.399556,0.993252
2026-07-28T00:13:02+00:00,on-demand,RTX 3060 laptop,3,10,0.026685,0.034454,0.042222,0.073704,0.105185,0.105185,0.998773
2026-07-28T00:13:02+00:00,on-demand,RTX 3070,11,32,0.045111,0.094398,0.107222,0.200444,0.668148,0.1075,0.977659
2026-07-28T00:13:02+00:00,on-demand,RTX 3070 laptop,1,1,0.468889,0.468889,0.468889,0.468889,0.468889,,0.962488
2026-07-28T00:13:02+00:00,on-demand,RTX 3080,14,44,0.060278,0.090014,0.113519,0.14537,0.562222,0.131222,0.994192
2026-07-28T00:13:02+00:00,on-demand,RTX 3080 Ti,3,3,0.068889,0.105556,0.142222,0.218889,0.295556,0.218889,0.994981
2026-07-28T00:13:02+00:00,on-demand,RTX 3090,44,123,0.081111,0.145394,0.194231,0.334722,1.187407,0.248148,0.989104
2026-07-28T00:13:02+00:00,on-demand,RTX 3090 Ti,1,1,0.175556,0.175556,0.175556,0.175556,0.175556,,0.993138
2026-07-28T00:13:02+00:00,on-demand,RTX 4060,6,10,0.061111,0.061259,0.062963,0.077778,2.677778,0.061481,0.995654
2026-07-28T00:13:02+00:00,on-demand,RTX 4060 Ti,2,3,0.082222,0.084944,0.087667,0.090389,0.093111,0.093111,0.98531
2026-07-28T00:13:02+00:00,on-demand,RTX 4070,3,7,0.080556,0.080833,0.081111,0.081667,0.082222,,0.995681
2026-07-28T00:13:02+00:00,on-demand,RTX 4070 Ti,6,11,0.093111,0.094861,0.1,0.103889,0.162222,0.103333,0.988364
2026-07-28T00:13:02+00:00,on-demand,RTX 4070S,9,31,0.081111,0.082222,0.084815,0.08963,0.093889,0.089074,0.978733
2026-07-28T00:13:02+00:00,on-demand,RTX 4070S Ti,13,27,0.067778,0.120556,0.12963,0.267222,1.415556,0.198333,0.995139
2026-07-28T00:13:02+00:00,on-demand,RTX 4080,7,12,0.121481,0.155704,0.235556,0.265833,0.268889,0.265833,0.989601
2026-07-28T00:13:02+00:00,on-demand,RTX 4080S,14,47,0.118148,0.191403,0.200796,0.202222,0.284741,0.214704,0.990181
2026-07-28T00:13:02+00:00,on-demand,RTX 4090,54,179,0.133889,0.334722,0.422444,0.669444,1.334815,0.638519,0.994541
2026-07-28T00:13:02+00:00,on-demand,RTX 4090D,2,5,0.667222,0.667639,0.668056,0.668472,0.668889,,0.967226
2026-07-28T00:13:02+00:00,on-demand,RTX 5000Ada,3,3,0.401481,0.421852,0.442222,0.582222,0.722222,0.421852,0.997071
2026-07-28T00:13:02+00:00,on-demand,RTX 5060,4,5,0.075185,0.076574,0.07963,0.098889,0.148889,0.076111,0.989266
2026-07-28T00:13:02+00:00,on-demand,RTX 5060 Ti,16,55,0.077778,0.093889,0.128056,0.170306,0.227407,0.16975,0.99326
2026-07-28T00:13:02+00:00,on-demand,RTX 5070,8,14,0.094444,0.109222,0.13537,0.151667,0.202222,0.147778,0.990236
2026-07-28T00:13:02+00:00,on-demand,RTX 5070 Ti,8,15,0.120556,0.131389,0.148056,0.165741,0.401333,0.176296,0.994987
2026-07-28T00:13:02+00:00,on-demand,RTX 5080,18,43,0.122963,0.174028,0.188333,0.22463,0.802963,0.213704,0.989031
2026-07-28T00:13:02+00:00,on-demand,RTX 5090,45,142,0.268889,0.467111,0.628889,0.895556,3.615556,0.667222,0.992881
2026-07-28T00:13:02+00:00,on-demand,RTX 5880Ada,4,15,0.453593,0.453787,0.454111,0.48337,0.57037,0.454111,0.996272
2026-07-28T00:13:02+00:00,on-demand,RTX 6000Ada,10,19,0.440556,0.452278,0.524,0.668694,0.787778,0.674722,0.995829
2026-07-28T00:13:02+00:00,on-demand,RTX A2000,5,6,0.034074,0.036148,0.036148,0.036148,0.493481,,0.998329
2026-07-28T00:13:02+00:00,on-demand,RTX A4000,5,41,0.093889,0.133468,0.133519,0.146889,0.153611,0.093889,0.986978
2026-07-28T00:13:02+00:00,on-demand,RTX A4500,1,1,1.274815,1.274815,1.274815,1.274815,1.274815,,0.998009
2026-07-28T00:13:02+00:00,on-demand,RTX A5000,4,8,0.231222,0.274583,20.144889,40.000926,40.001481,0.26013,0.98503
2026-07-28T00:13:02+00:00,on-demand,RTX A6000,5,18,0.373889,0.374444,0.400278,0.402222,0.454444,0.40125,0.993467
2026-07-28T00:13:02+00:00,on-demand,RTX PRO 4000,10,20,0.200556,0.217778,0.258741,0.314583,0.337037,0.321481,0.985961
2026-07-28T00:13:02+00:00,on-demand,RTX PRO 4500,1,1,0.282222,0.282222,0.282222,0.282222,0.282222,,0.995092
2026-07-28T00:13:02+00:00,on-demand,RTX PRO 5000,15,34,0.335556,0.647963,0.667111,0.762222,1.182207,0.667222,0.991581
2026-07-28T00:13:02+00:00,on-demand,RTX PRO 6000 S,20,59,1.266944,1.48537,1.667407,1.736296,3.795556,1.733704,0.995537
2026-07-28T00:13:02+00:00,on-demand,RTX PRO 6000 WS,17,45,0.722222,1.002963,1.33463,1.58713,26.66963,1.335926,0.991219
2026-07-28T00:13:02+00:00,on-demand,Tesla P100,5,10,0.054815,0.087407,0.088148,0.201111,0.202222,0.14463,0.986285
2026-07-28T00:13:02+00:00,on-demand,Tesla P4,1,1,0.023259,0.023259,0.023259,0.023259,0.023259,,0.990338
2026-07-28T00:13:02+00:00,on-demand,Tesla P40,2,6,0.132556,0.132694,0.132833,0.132972,0.133111,0.132833,0.992817
2026-07-28T00:13:02+00:00,on-demand,Tesla T4,2,3,12.000741,12.000926,12.001111,12.001296,12.001481,,0.972398
2026-07-28T00:13:02+00:00,on-demand,Tesla V100,7,14,0.079407,0.137315,0.168889,0.246167,0.268889,0.246167,0.996872
2026-07-28T00:13:02+00:00,on-demand,Titan RTX,1,1,0.147852,0.147852,0.147852,0.147852,0.147852,0.147852,0.968923
2026-07-28T00:13:02+00:00,on-demand,Titan Xp,1,1,0.055556,0.055556,0.055556,0.055556,0.055556,0.055556,0.996675
2026-07-28T00:13:02+00:00,bid,A100 PCIE,19,24,0.134444,0.135556,0.135556,0.304944,0.535556,0.146111,0.994765
2026-07-28T00:13:02+00:00,bid,A100 SXM4,23,50,0.135556,0.601944,0.800667,0.882148,0.987222,0.680741,0.99365
2026-07-28T00:13:02+00:00,bid,A800 PCIE,7,12,0.129889,0.130444,0.131556,0.131556,0.131556,,0.994222
2026-07-28T00:13:02+00:00,bid,B200,11,37,3.750174,5.626563,5.804861,6.066406,7.37526,5.804861,0.996889
2026-07-28T00:13:02+00:00,bid,B300,3,11,3.751042,3.751562,3.752083,4.376389,5.000694,,0.973619
2026-07-28T00:13:02+00:00,bid,GTX 1050 Ti,1,1,0.024444,0.024444,0.024444,0.024444,0.024444,,0.965042
2026-07-28T00:13:02+00:00,bid,GTX 1060,3,3,0.014074,0.022593,0.031111,0.04963,0.068148,0.068148,0.976076
2026-07-28T00:13:02+00:00,bid,GTX 1070,2,2,0.015556,0.017778,0.02,0.022222,0.024444,0.024444,0.982663
2026-07-28T00:13:02+00:00,bid,GTX 1080,5,14,0.021111,0.04037,0.040556,0.041111,0.042222,0.040833,0.996118
2026-07-28T00:13:02+00:00,bid,GTX 1080 Ti,7,23,0.040556,0.041111,0.053651,0.053981,0.055556,0.053651,0.995835
2026-07-28T00:13:02+00:00,bid,GTX 1650 S,1,1,0.037778,0.037778,0.037778,0.037778,0.037778,,0.967858
2026-07-28T00:13:02+00:00,bid,GTX 1660,1,1,0.0405,0.0405,0.0405,0.0405,0.0405,,0.976735
2026-07-28T00:13:02+00:00,bid,GTX 1660 S,1,1,0.031111,0.031111,0.031111,0.031111,0.031111,,0.976873
2026-07-28T00:13:02+00:00,bid,GTX 1660 Ti,2,3,0.037778,0.042222,0.046667,0.051111,0.055556,0.046667,0.981303
2026-07-28T00:13:02+00:00,bid,H100 NVL,6,9,0.806519,0.935556,0.935778,1.435556,2.000556,0.935778,0.951913
2026-07-28T00:13:02+00:00,bid,H100 PCIE,4,18,1.333611,1.333819,1.333889,1.334028,1.334445,,0.967196
2026-07-28T00:13:02+00:00,bid,H100 SXM,11,31,0.936296,1.068148,2.000222,3.333843,4.002222,2.66713,0.989998
2026-07-28T00:13:02+00:00,bid,H200,9,42,3.486404,3.816886,4.990017,5.461075,11.316338,4.990017,0.997997
2026-07-28T00:13:02+00:00,bid,H200 NVL,10,14,0.403778,0.555333,1.337555,1.868519,2.668,1.339555,0.985855
2026-07-28T00:13:02+00:00,bid,L4,5,16,0.201889,0.202222,0.320444,0.320556,0.321111,0.3205,0.99903
2026-07-28T00:13:02+00:00,bid,L40,7,13,0.288519,0.468333,0.468889,0.471111,0.471111,0.47,0.985738
2026-07-28T00:13:02+00:00,bid,L40S,25,84,0.200185,0.333704,0.534815,0.537037,0.773889,0.537037,0.996948
2026-07-28T00:13:02+00:00,bid,Q RTX 5000,1,2,0.054074,0.054074,0.054074,0.054074,0.054074,,0.973749
2026-07-28T00:13:02+00:00,bid,Q RTX 8000,1,1,0.099778,0.099778,0.099778,0.099778,0.099778,0.099778,0.999496
2026-07-28T00:13:02+00:00,bid,Quadro GV100,1,1,0.134074,0.134074,0.134074,0.134074,0.134074,,0.968361
2026-07-28T00:13:02+00:00,bid,Quadro P4000,3,4,0.03437,0.037741,0.041111,0.051667,0.062222,0.062222,0.996386
2026-07-28T00:13:02+00:00,bid,RTX 2060,3,4,0.031111,0.036111,0.041111,0.188333,0.335556,0.041111,0.992937
2026-07-28T00:13:02+00:00,bid,RTX 2060S,3,4,0.041111,0.041667,0.042222,0.082963,0.123704,0.123704,0.981673
2026-07-28T00:13:02+00:00,bid,RTX 2070S,2,17,0.066831,0.066836,0.066842,0.066847,0.066852,,0.987414
2026-07-28T00:13:02+00:00,bid,RTX 2080 Ti,5,6,0.037778,0.070074,0.107778,0.108889,0.108889,0.108333,0.996171
2026-07-28T00:13:02+00:00,bid,RTX 2080S,1,1,0.037778,0.037778,0.037778,0.037778,0.037778,0.037778,0.868212
2026-07-28T00:13:02+00:00,bid,RTX 3060,13,40,0.024741,0.037778,0.048185,0.066944,0.202222,0.057565,0.988371
2026-07-28T00:13:02+00:00,bid,RTX 3060 Ti,1,1,0.268889,0.268889,0.268889,0.268889,0.268889,0.268889,0.993252
2026-07-28T00:13:02+00:00,bid,RTX 3060 laptop,5,14,0.018019,0.058815,0.062815,0.06563,0.069185,0.06563,0.996372
2026-07-28T00:13:02+00:00,bid,RTX 3070,12,27,0.027407,0.040528,0.068519,0.084583,0.246815,0.07037,0.995583
2026-07-28T00:13:02+00:00,bid,RTX 3070 Ti,1,2,0.054444,0.054444,0.054444,0.054444,0.054444,,0.996712
2026-07-28T00:13:02+00:00,bid,RTX 3070 laptop,1,1,0.442222,0.442222,0.442222,0.442222,0.442222,,0.962488
2026-07-28T00:13:02+00:00,bid,RTX 3080,14,37,0.041111,0.063792,0.088099,0.215527,0.495556,0.131296,0.989051
2026-07-28T00:13:02+00:00,bid,RTX 3080 Ti,5,7,0.028889,0.088889,0.107407,0.108889,0.188889,0.108889,0.996329
2026-07-28T00:13:02+00:00,bid,RTX 3090,58,147,0.015778,0.105417,0.120833,0.148889,0.349963,0.147222,0.991797
2026-07-28T00:13:02+00:00,bid,RTX 4000Ada,1,1,0.162222,0.162222,0.162222,0.162222,0.162222,,0.993964
2026-07-28T00:13:02+00:00,bid,RTX 4060,2,3,0.054444,0.054722,0.055,0.055278,0.055556,0.055,0.991411
2026-07-28T00:13:02+00:00,bid,RTX 4060 Ti,3,10,0.055778,0.078444,0.101111,0.104111,0.107111,0.101111,0.997129
2026-07-28T00:13:02+00:00,bid,RTX 4070,4,9,0.053889,0.054306,0.065111,0.094056,0.148889,0.065111,0.998663
2026-07-28T00:13:02+00:00,bid,RTX 4070 Ti,3,3,0.095556,0.102222,0.108889,0.162222,0.215556,0.162222,0.988089
2026-07-28T00:13:02+00:00,bid,RTX 4070S,6,10,0.068889,0.069676,0.073889,0.076296,0.244444,0.071481,0.990971
2026-07-28T00:13:02+00:00,bid,RTX 4070S Ti,14,27,0.055556,0.095602,0.102963,0.167639,0.202222,0.167778,0.995324
2026-07-28T00:13:02+00:00,bid,RTX 4080,6,11,0.147,0.147333,0.158556,0.194111,0.255556,0.147333,0.989601
2026-07-28T00:13:02+00:00,bid,RTX 4080S,15,40,0.068148,0.174481,0.187778,0.200537,0.240741,0.200778,0.994768
2026-07-28T00:13:02+00:00,bid,RTX 4090,72,199,0.134074,0.242333,0.335556,0.537963,0.775556,0.405556,0.994799
2026-07-28T00:13:02+00:00,bid,RTX 4090D,3,7,0.604556,0.604833,0.605111,0.605667,0.606222,,0.967226
2026-07-28T00:13:02+00:00,bid,RTX 5000Ada,4,5,0.268889,0.308056,0.328333,0.384702,0.532142,0.321111,0.994932
2026-07-28T00:13:02+00:00,bid,RTX 5060,4,6,0.054444,0.055278,0.055556,0.065556,0.095556,0.055556,0.98838
2026-07-28T00:13:02+00:00,bid,RTX 5060 Ti,23,70,0.053889,0.080889,0.107222,0.14175,0.154444,0.134074,0.99678
2026-07-28T00:13:02+00:00,bid,RTX 5070,4,4,0.068148,0.078704,0.102222,0.132222,0.162222,0.122222,0.984655
2026-07-28T00:13:02+00:00,bid,RTX 5070 Ti,16,31,0.093889,0.104028,0.107778,0.108889,0.268,0.107778,0.995984
2026-07-28T00:13:02+00:00,bid,RTX 5080,17,36,0.067037,0.119963,0.161111,0.200556,0.242222,0.175,0.990738
2026-07-28T00:13:02+00:00,bid,RTX 5090,67,188,0.093611,0.27,0.375926,0.53463,0.907222,0.34,0.995621
2026-07-28T00:13:02+00:00,bid,RTX 5880Ada,4,6,0.295185,0.296574,0.297037,0.30637,0.33437,0.297037,0.995881
2026-07-28T00:13:02+00:00,bid,RTX 6000Ada,12,20,0.137778,0.387639,0.400741,0.489259,0.74963,0.401111,0.99542
2026-07-28T00:13:02+00:00,bid,RTX A2000,1,1,0.400148,0.400148,0.400148,0.400148,0.400148,,0.994232
2026-07-28T00:13:02+00:00,bid,RTX A4000,8,49,0.057111,0.094259,0.106827,0.113681,0.133611,,0.97131
2026-07-28T00:13:02+00:00,bid,RTX A5000,7,12,0.020556,0.109444,0.201481,0.334444,0.334815,0.108519,0.971768
2026-07-28T00:13:02+00:00,bid,RTX A6000,3,5,0.202593,0.203889,0.205185,0.263148,0.321111,,0.991343
2026-07-28T00:13:02+00:00,bid,RTX PRO 2000,1,2,0.134074,0.134074,0.134074,0.134074,0.134074,,0.96466
2026-07-28T00:13:02+00:00,bid,RTX PRO 4000,12,25,0.067222,0.068278,0.102963,0.223,0.244741,0.217037,0.983033
2026-07-28T00:13:02+00:00,bid,RTX PRO 5000,25,45,0.135111,0.401037,0.468889,0.642222,0.803704,0.468889,0.991581
2026-07-28T00:13:02+00:00,bid,RTX PRO 6000 S,27,67,0.402222,0.923911,1.06963,1.075556,1.268889,1.06963,0.97907
2026-07-28T00:13:02+00:00,bid,RTX PRO 6000 WS,21,43,0.380889,0.535926,0.800741,0.922963,1.320463,0.801481,0.993743
2026-07-28T00:13:02+00:00,bid,Tesla P100,4,5,0.041481,0.111204,0.135,0.135556,0.135556,0.135556,0.986927
2026-07-28T00:13:02+00:00,bid,Tesla P4,1,1,0.011926,0.011926,0.011926,0.011926,0.011926,,0.990338
2026-07-28T00:13:02+00:00,bid,Tesla P40,3,8,0.065889,0.066167,0.066444,0.066444,0.066444,0.066444,0.992817
2026-07-28T00:13:02+00:00,bid,Tesla T4,2,3,3.400741,3.400926,3.401111,3.401296,3.401481,,0.972398
2026-07-28T00:13:02+00:00,bid,Tesla V100,9,19,0.095407,0.160556,0.162222,0.202222,0.241111,0.182222,0.999457
2026-07-28T00:13:02+00:00,bid,Titan RTX,1,1,0.107852,0.107852,0.107852,0.107852,0.107852,0.107852,0.968923
2026-07-28T00:13:02+00:00,bid,Titan Xp,1,1,0.042222,0.042222,0.042222,0.042222,0.042222,0.042222,0.997701
2026-07-28T00:18:03+00:00,on-demand,A100 PCIE,9,21,0.333611,0.335556,0.994191,1.001111,1.002222,0.995478,0.995269
2026-07-28T00:18:03+00:00,on-demand,A100 SXM4,23,67,0.40037,0.794306,1.054741,1.226944,1.891431,1.055444,0.996563
2026-07-28T00:18:03+00:00,on-demand,A800 PCIE,2,5,0.667222,0.667639,0.668056,0.668472,0.668889,,0.994222
2026-07-28T00:18:03+00:00,on-demand,B200,12,38,5.625174,6.12704,6.686979,8.569553,11.034722,6.686979,0.996773
2026-07-28T00:18:03+00:00,on-demand,B300,1,8,8.750694,8.750694,8.750694,8.750694,8.750694,,0.994488
2026-07-28T00:18:03+00:00,on-demand,CMP 170HX,1,1,0.124444,0.124444,0.124444,0.124444,0.124444,,0.84815
2026-07-28T00:18:03+00:00,on-demand,GTX 1050 Ti,1,1,0.611111,0.611111,0.611111,0.611111,0.611111,,0.965042
2026-07-28T00:18:03+00:00,on-demand,GTX 1060,3,4,0.087778,0.087963,0.088148,0.216296,0.344444,0.087963,0.999274
2026-07-28T00:18:03+00:00,on-demand,GTX 1070,2,2,0.202222,0.284444,0.366667,0.448889,0.531111,0.531111,0.982667
2026-07-28T00:18:03+00:00,on-demand,GTX 1070 Ti,3,7,0.048556,0.048833,0.049111,0.049667,0.050222,0.049111,0.997329
2026-07-28T00:18:03+00:00,on-demand,GTX 1080,3,9,0.027778,0.038074,0.04837,0.04937,0.05037,0.04837,0.968725
2026-07-28T00:18:03+00:00,on-demand,GTX 1080 Ti,6,17,0.061111,0.069746,0.080437,0.080972,0.082222,0.080317,0.987595
2026-07-28T00:18:03+00:00,on-demand,GTX 1650 S,1,1,0.677778,0.677778,0.677778,0.677778,0.677778,,0.967858
2026-07-28T00:18:03+00:00,on-demand,GTX 1660 S,1,1,0.451111,0.451111,0.451111,0.451111,0.451111,,0.976873
2026-07-28T00:18:03+00:00,on-demand,H100 NVL,4,7,1.802222,2.342222,2.537037,2.747361,3.333889,2.551852,0.990601
2026-07-28T00:18:03+00:00,on-demand,H100 PCIE,4,15,1.735556,1.934097,2.000417,2.000694,2.001111,1.735556,0.967209
2026-07-28T00:18:03+00:00,on-demand,H100 SXM,12,36,1.485556,1.734306,2.235556,3.224116,5.041111,2.933889,0.991894
2026-07-28T00:18:03+00:00,on-demand,H200,10,46,3.934942,4.113555,4.211349,5.870688,11.316338,4.211349,0.998613
2026-07-28T00:18:03+00:00,on-demand,H200 NVL,5,9,2.800741,2.802222,3.334444,3.934667,3.966667,3.950667,0.985917
2026-07-28T00:18:03+00:00,on-demand,L4,5,13,0.202222,0.333778,0.334444,0.334815,3.333889,0.334444,0.997946
2026-07-28T00:18:03+00:00,on-demand,L40,5,10,0.295185,0.297037,0.574444,0.575556,0.577778,0.575556,0.985738
2026-07-28T00:18:03+00:00,on-demand,L40S,14,50,0.400741,0.466898,0.665,1.001065,1.074074,1.067593,0.996322
2026-07-28T00:18:03+00:00,on-demand,Q RTX 5000,1,2,0.080741,0.080741,0.080741,0.080741,0.080741,,0.973749
2026-07-28T00:18:03+00:00,on-demand,Q RTX 8000,1,1,0.271111,0.271111,0.271111,0.271111,0.271111,0.271111,0.998823
2026-07-28T00:18:03+00:00,on-demand,Quadro GV100,1,1,0.467407,0.467407,0.467407,0.467407,0.467407,,0.96837
2026-07-28T00:18:03+00:00,on-demand,Quadro P4000,3,4,0.047704,0.051074,0.054444,0.061667,0.068889,0.068889,0.996387
2026-07-28T00:18:03+00:00,on-demand,RTX 2060,1,1,0.415556,0.415556,0.415556,0.415556,0.415556,0.415556,0.995048
2026-07-28T00:18:03+00:00,on-demand,RTX 2070,1,2,0.074074,0.074074,0.074074,0.074074,0.074074,,0.99691
2026-07-28T00:18:03+00:00,on-demand,RTX 2070S,1,9,0.073498,0.073498,0.073498,0.073498,0.073498,,0.987414
2026-07-28T00:18:03+00:00,on-demand,RTX 2080 Ti,8,25,0.068889,0.077243,0.080044,0.121389,0.811111,0.080044,0.993044
2026-07-28T00:18:03+00:00,on-demand,RTX 2080S,1,1,0.744444,0.744444,0.744444,0.744444,0.744444,0.744444,0.868212
2026-07-28T00:18:03+00:00,on-demand,RTX 3060,11,50,0.050815,0.053981,0.073498,0.271481,1.334815,0.110509,0.991081
2026-07-28T00:18:03+00:00,on-demand,RTX 3060 laptop,3,10,0.026685,0.034454,0.042222,0.073704,0.105185,0.105185,0.998773
2026-07-28T00:18:03+00:00,on-demand,RTX 3070,10,30,0.047778,0.088125,0.10713,0.23363,0.668148,0.107222,0.975235
2026-07-28T00:18:03+00:00,on-demand,RTX 3070 laptop,1,1,0.468889,0.468889,0.468889,0.468889,0.468889,,0.962535
2026-07-28T00:18:03+00:00,on-demand,RTX 3080,15,46,0.060278,0.081667,0.113389,0.133917,0.562222,0.113556,0.993845
2026-07-28T00:18:03+00:00,on-demand,RTX 3080 Ti,6,7,0.068889,0.088611,0.115,0.137222,0.295556,0.132222,0.996787
2026-07-28T00:18:03+00:00,on-demand,RTX 3090,45,134,0.109074,0.135556,0.240741,0.335556,1.187407,0.248889,0.987837
2026-07-28T00:18:03+00:00,on-demand,RTX 3090 Ti,1,1,0.175556,0.175556,0.175556,0.175556,0.175556,,0.993138
2026-07-28T00:18:03+00:00,on-demand,RTX 4000Ada,1,1,0.202222,0.202222,0.202222,0.202222,0.202222,,0.993964
2026-07-28T00:18:03+00:00,on-demand,RTX 4060,6,10,0.061111,0.061444,0.062593,0.077407,2.677778,0.062222,0.995656
2026-07-28T00:18:03+00:00,on-demand,RTX 4060 Ti,4,8,0.082222,0.101389,0.109074,0.116222,0.133778,0.11037,0.994959
2026-07-28T00:18:03+00:00,on-demand,RTX 4070,4,9,0.080556,0.080972,0.081667,0.085278,0.094444,0.094444,0.995681
2026-07-28T00:18:03+00:00,on-demand,RTX 4070 Ti,6,11,0.093111,0.094028,0.096111,0.102778,0.162222,0.099444,0.986829
2026-07-28T00:18:03+00:00,on-demand,RTX 4070S,8,23,0.081111,0.082361,0.086296,0.088519,0.093889,0.088704,0.985128
2026-07-28T00:18:03+00:00,on-demand,RTX 4070S Ti,13,24,0.067778,0.117778,0.122407,0.247778,1.415556,0.184444,0.995139
2026-07-28T00:18:03+00:00,on-demand,RTX 4080,5,10,0.121481,0.161037,0.265667,0.266,0.268889,0.266,0.989636
2026-07-28T00:18:03+00:00,on-demand,RTX 4080S,13,38,0.168148,0.200556,0.201111,0.213611,0.228741,0.227444,0.991176
2026-07-28T00:18:03+00:00,on-demand,RTX 4090,55,189,0.133889,0.320833,0.402222,0.638148,1.334815,0.569444,0.995308
2026-07-28T00:18:03+00:00,on-demand,RTX 4090D,3,7,0.667222,0.6675,0.667778,0.668333,0.668889,,0.967226
2026-07-28T00:18:03+00:00,on-demand,RTX 5000Ada,3,3,0.375556,0.402222,0.428889,0.575556,0.722222,0.402222,0.993382
2026-07-28T00:18:03+00:00,on-demand,RTX 5060,3,4,0.077037,0.079074,0.081111,0.115,0.148889,0.077037,0.983843
2026-07-28T00:18:03+00:00,on-demand,RTX 5060 Ti,22,68,0.078444,0.095278,0.130833,0.171139,0.228148,0.16975,0.995007
2026-07-28T00:18:03+00:00,on-demand,RTX 5060 laptop,1,1,0.135556,0.135556,0.135556,0.135556,0.135556,,0.970582
2026-07-28T00:18:03+00:00,on-demand,RTX 5070,6,10,0.094444,0.096111,0.100741,0.137593,0.176296,0.14,0.993266
2026-07-28T00:18:03+00:00,on-demand,RTX 5070 Ti,7,12,0.134444,0.135556,0.160556,0.163333,0.174815,0.164444,0.998508
2026-07-28T00:18:03+00:00,on-demand,RTX 5080,18,46,0.122963,0.173806,0.176667,0.214815,0.802963,0.213704,0.984247
2026-07-28T00:18:03+00:00,on-demand,RTX 5090,45,140,0.226889,0.457778,0.600926,0.919778,3.615556,0.667083,0.994066
2026-07-28T00:18:03+00:00,on-demand,RTX 5880Ada,4,15,0.453593,0.453787,0.511185,0.568981,0.57037,0.511185,0.996076
2026-07-28T00:18:03+00:00,on-demand,RTX 6000Ada,10,20,0.440556,0.452278,0.575296,0.668741,0.787778,0.695926,0.99576
2026-07-28T00:18:03+00:00,on-demand,RTX A2000,3,3,0.036148,0.036148,0.036148,0.264815,0.493481,,0.995169
2026-07-28T00:18:03+00:00,on-demand,RTX A4000,4,31,0.071778,0.118045,0.140178,0.146903,0.146944,,0.987053
2026-07-28T00:18:03+00:00,on-demand,RTX A4500,1,1,1.274815,1.274815,1.274815,1.274815,1.274815,,0.998009
2026-07-28T00:18:03+00:00,on-demand,RTX A5000,4,5,0.287704,0.310437,20.159378,40.000926,40.001481,0.287704,0.984092
2026-07-28T00:18:03+00:00,on-demand,RTX A6000,6,19,0.373889,0.380903,0.40125,0.403889,0.454444,0.402222,0.991838
2026-07-28T00:18:03+00:00,on-demand,RTX PRO 4000,10,23,0.167778,0.234,0.28213,0.321235,0.337037,0.321481,0.989597
2026-07-28T00:18:03+00:00,on-demand,RTX PRO 4500,1,1,0.282222,0.282222,0.282222,0.282222,0.282222,,0.995092
2026-07-28T00:18:03+00:00,on-demand,RTX PRO 5000,12,29,0.335556,0.640324,0.661435,0.667815,0.843704,0.655926,0.991581
2026-07-28T00:18:03+00:00,on-demand,RTX PRO 6000 S,19,57,1.266944,1.424444,1.600278,1.735556,3.795556,1.447407,0.995537
2026-07-28T00:18:03+00:00,on-demand,RTX PRO 6000 WS,18,47,0.714074,1.019167,1.264352,1.536481,26.66963,1.440341,0.99163
2026-07-28T00:18:03+00:00,on-demand,Tesla P100,5,10,0.054815,0.081481,0.087407,0.201111,0.202222,0.144259,0.986927
2026-07-28T00:18:03+00:00,on-demand,Tesla P4,1,1,0.023259,0.023259,0.023259,0.023259,0.023259,,0.990357
2026-07-28T00:18:03+00:00,on-demand,Tesla P40,2,6,0.132556,0.132694,0.132833,0.132972,0.133111,0.132833,0.992817
2026-07-28T00:18:03+00:00,on-demand,Tesla T4,2,3,12.000741,12.000926,12.001111,12.001296,12.001481,,0.972398
2026-07-28T00:18:03+00:00,on-demand,Tesla V100,5,11,0.107222,0.108889,0.167407,0.224556,0.268889,0.246722,0.964477
2026-07-28T00:18:03+00:00,on-demand,Titan RTX,1,1,0.147852,0.147852,0.147852,0.147852,0.147852,0.147852,0.96911
2026-07-28T00:18:03+00:00,on-demand,Titan Xp,1,1,0.055556,0.055556,0.055556,0.055556,0.055556,0.055556,0.996675
2026-07-28T00:18:03+00:00,bid,A100 PCIE,17,20,0.131556,0.135556,0.135556,0.173889,0.535556,0.154722,0.995269
2026-07-28T00:18:03+00:00,bid,A100 SXM4,19,44,0.135556,0.600972,0.801333,0.835778,0.987222,0.801481,0.994612
2026-07-28T00:18:03+00:00,bid,A800 PCIE,7,12,0.129889,0.130444,0.131556,0.131556,0.131556,,0.994222
2026-07-28T00:18:03+00:00,bid,B200,11,37,3.750174,5.630729,5.804861,6.066406,7.37526,5.804861,0.995771
2026-07-28T00:18:03+00:00,bid,B300,1,8,5.000694,5.000694,5.000694,5.000694,5.000694,,0.994488
2026-07-28T00:18:03+00:00,bid,CMP 170HX,2,5,0.102444,0.103278,0.104111,0.104944,0.105778,,0.84815
2026-07-28T00:18:03+00:00,bid,GTX 1050 Ti,1,1,0.024444,0.024444,0.024444,0.024444,0.024444,,0.965042
2026-07-28T00:18:03+00:00,bid,GTX 1060,2,2,0.031111,0.04037,0.04963,0.058889,0.068148,0.068148,0.987675
2026-07-28T00:18:03+00:00,bid,GTX 1070,2,2,0.015556,0.017778,0.02,0.022222,0.024444,0.024444,0.982667
2026-07-28T00:18:03+00:00,bid,GTX 1070 Ti,1,1,0.042222,0.042222,0.042222,0.042222,0.042222,0.042222,0.987913
2026-07-28T00:18:03+00:00,bid,GTX 1080,3,9,0.021111,0.030741,0.04037,0.040741,0.041111,0.040741,0.996119
2026-07-28T00:18:03+00:00,bid,GTX 1080 Ti,6,21,0.040556,0.040694,0.041667,0.050794,0.054074,0.041667,0.996511
2026-07-28T00:18:03+00:00,bid,GTX 1650 S,1,1,0.037778,0.037778,0.037778,0.037778,0.037778,,0.967858
2026-07-28T00:18:03+00:00,bid,GTX 1660 S,1,1,0.031111,0.031111,0.031111,0.031111,0.031111,,0.976873
2026-07-28T00:18:03+00:00,bid,GTX 1660 Ti,2,3,0.037778,0.042222,0.046667,0.051111,0.055556,0.046667,0.981306
2026-07-28T00:18:03+00:00,bid,H100 NVL,7,10,0.806519,0.935556,0.936,1.455852,2.000556,0.935778,0.952099
2026-07-28T00:18:03+00:00,bid,H100 PCIE,5,17,1.333611,1.333889,1.334445,1.334445,1.602222,1.602222,0.967209
2026-07-28T00:18:03+00:00,bid,H100 SXM,14,36,0.936296,1.0825,1.232778,2.40175,4.001111,2.533889,0.992242
2026-07-28T00:18:03+00:00,bid,H200,10,46,3.81652,3.850397,3.948191,4.990425,11.05318,3.948191,0.999229
2026-07-28T00:18:03+00:00,bid,H200 NVL,8,13,0.403778,0.404889,1.437037,1.901389,2.668,1.837333,0.983873
2026-07-28T00:18:03+00:00,bid,L4,7,19,0.201889,0.235,0.268889,0.3205,0.321111,0.294667,0.997878
2026-07-28T00:18:03+00:00,bid,L40,5,10,0.288519,0.467778,0.468889,0.471111,0.471111,0.47,0.985738
2026-07-28T00:18:03+00:00,bid,L40S,23,81,0.200185,0.333704,0.534815,0.538889,0.800926,0.537037,0.998679
2026-07-28T00:18:03+00:00,bid,Q RTX 5000,1,2,0.054074,0.054074,0.054074,0.054074,0.054074,,0.973749
2026-07-28T00:18:03+00:00,bid,Quadro GV100,1,1,0.134074,0.134074,0.134074,0.134074,0.134074,,0.96837
2026-07-28T00:18:03+00:00,bid,Quadro P4000,3,4,0.03437,0.037741,0.041111,0.051667,0.062222,0.062222,0.996387
2026-07-28T00:18:03+00:00,bid,RTX 2060,2,2,0.031111,0.107222,0.183333,0.259444,0.335556,0.183333,0.985961
2026-07-28T00:18:03+00:00,bid,RTX 2060S,2,3,0.041111,0.061759,0.082407,0.103056,0.123704,0.123704,0.963905
2026-07-28T00:18:03+00:00,bid,RTX 2070S,2,17,0.066831,0.066836,0.066842,0.066847,0.066852,,0.987414
2026-07-28T00:18:03+00:00,bid,RTX 2080 Ti,5,6,0.037778,0.070074,0.107778,0.108148,0.108889,0.107963,0.996171
2026-07-28T00:18:03+00:00,bid,RTX 2080S,1,1,0.037778,0.037778,0.037778,0.037778,0.037778,0.037778,0.868212
2026-07-28T00:18:03+00:00,bid,RTX 3060,11,36,0.026222,0.04163,0.054444,0.08488,0.202222,0.098213,0.991081
2026-07-28T00:18:03+00:00,bid,RTX 3060 Ti,1,1,0.268889,0.268889,0.268889,0.268889,0.268889,0.268889,0.993257
2026-07-28T00:18:03+00:00,bid,RTX 3060 laptop,6,15,0.013352,0.01537,0.039148,0.065926,0.069185,0.066963,0.988901
2026-07-28T00:18:03+00:00,bid,RTX 3070,9,20,0.040444,0.068519,0.081481,0.093889,0.246815,0.08213,0.995594
2026-07-28T00:18:03+00:00,bid,RTX 3070 Ti,1,2,0.054444,0.054444,0.054444,0.054444,0.054444,,0.996712
2026-07-28T00:18:03+00:00,bid,RTX 3070 laptop,1,1,0.442222,0.442222,0.442222,0.442222,0.442222,,0.962535
2026-07-28T00:18:03+00:00,bid,RTX 3080,11,28,0.042222,0.068062,0.108148,0.190721,0.495556,0.108889,0.989673
2026-07-28T00:18:03+00:00,bid,RTX 3080 Ti,5,5,0.028889,0.088889,0.095556,0.108889,0.188889,0.148889,0.994982
2026-07-28T00:18:03+00:00,bid,RTX 3090,51,128,0.066981,0.107963,0.135556,0.176667,0.336296,0.148889,0.989518
2026-07-28T00:18:03+00:00,bid,RTX 4000Ada,2,3,0.054222,0.081222,0.108222,0.135222,0.162222,,0.983471
2026-07-28T00:18:03+00:00,bid,RTX 4060,3,4,0.054444,0.054481,0.054519,0.055037,0.055556,0.055,0.991411
2026-07-28T00:18:03+00:00,bid,RTX 4060 Ti,3,8,0.041111,0.074111,0.107111,0.107444,0.107778,0.107444,0.997801
2026-07-28T00:18:03+00:00,bid,RTX 4070,4,5,0.075778,0.076611,0.112889,0.148889,0.148889,0.112889,0.998101
2026-07-28T00:18:03+00:00,bid,RTX 4070 Ti,4,4,0.081481,0.092037,0.102222,0.135556,0.215556,0.108889,0.99055
2026-07-28T00:18:03+00:00,bid,RTX 4070S,7,21,0.06787,0.068981,0.069074,0.073889,0.244444,0.071481,0.990971
2026-07-28T00:18:03+00:00,bid,RTX 4070S Ti,13,24,0.055556,0.095556,0.102963,0.167778,0.202222,0.167778,0.995139
2026-07-28T00:18:03+00:00,bid,RTX 4080,5,10,0.147,0.147333,0.147333,0.169778,0.255556,0.147333,0.989636
2026-07-28T00:18:03+00:00,bid,RTX 4080S,16,39,0.068148,0.180833,0.194583,0.202074,0.240741,0.202074,0.991278
2026-07-28T00:18:03+00:00,bid,RTX 4090,68,180,0.135556,0.240481,0.33537,0.456111,0.775556,0.402778,0.994556
2026-07-28T00:18:03+00:00,bid,RTX 4090D,4,8,0.604556,0.604972,0.605667,0.606222,0.606222,,0.967226
2026-07-28T00:18:03+00:00,bid,RTX 5000Ada,3,4,0.268889,0.295,0.321111,0.426627,0.532142,0.295,0.996495
2026-07-28T00:18:03+00:00,bid,RTX 5060,4,6,0.054444,0.055278,0.056667,0.067222,0.095556,0.056667,0.989346
2026-07-28T00:18:03+00:00,bid,RTX 5060 Ti,26,70,0.053889,0.072093,0.10713,0.134815,0.154444,0.12733,0.99678
2026-07-28T00:18:03+00:00,bid,RTX 5070,6,7,0.068148,0.128704,0.148889,0.159074,0.162222,0.148889,0.992035
2026-07-28T00:18:03+00:00,bid,RTX 5070 Ti,13,26,0.068889,0.107222,0.107778,0.108889,0.158963,0.107778,0.996531
2026-07-28T00:18:03+00:00,bid,RTX 5080,20,40,0.02963,0.093565,0.13337,0.171806,0.242222,0.128296,0.987326
2026-07-28T00:18:03+00:00,bid,RTX 5090,70,192,0.093611,0.227389,0.373519,0.534213,0.907222,0.28537,0.996291
2026-07-28T00:18:03+00:00,bid,RTX 5880Ada,3,4,0.295185,0.296111,0.297037,0.297037,0.297037,0.297037,0.995881
2026-07-28T00:18:03+00:00,bid,RTX 6000Ada,16,29,0.137778,0.139259,0.39463,0.401389,0.775556,0.400463,0.996801
2026-07-28T00:18:03+00:00,bid,RTX A2000,1,1,0.400148,0.400148,0.400148,0.400148,0.400148,,0.994232
2026-07-28T00:18:03+00:00,bid,RTX A4000,11,59,0.057111,0.093796,0.106801,0.120296,0.134444,,0.97131
2026-07-28T00:18:03+00:00,bid,RTX A5000,8,14,0.021556,0.109907,0.201296,0.334259,0.334815,0.108519,0.971768
2026-07-28T00:18:03+00:00,bid,RTX A6000,4,14,0.202593,0.277273,0.311639,0.334236,0.373611,0.373611,0.992405
2026-07-28T00:18:03+00:00,bid,RTX PRO 2000,1,2,0.134074,0.134074,0.134074,0.134074,0.134074,,0.964689
2026-07-28T00:18:03+00:00,bid,RTX PRO 4000,14,30,0.067222,0.068556,0.135556,0.234167,0.276741,0.22784,0.983085
2026-07-28T00:18:03+00:00,bid,RTX PRO 5000,17,38,0.135111,0.401037,0.467778,0.533704,0.803704,0.467778,0.991581
2026-07-28T00:18:03+00:00,bid,RTX PRO 6000 S,25,71,0.402222,1.067037,1.06963,1.200278,1.467222,1.069259,0.992339
2026-07-28T00:18:03+00:00,bid,RTX PRO 6000 WS,16,35,0.380889,0.668889,0.801111,0.925926,1.320463,0.868148,0.990143
2026-07-28T00:18:03+00:00,bid,Tesla P100,4,5,0.041481,0.111204,0.135,0.135556,0.135556,0.135556,0.986927
2026-07-28T00:18:03+00:00,bid,Tesla P4,1,1,0.011926,0.011926,0.011926,0.011926,0.011926,,0.990357
2026-07-28T00:18:03+00:00,bid,Tesla P40,2,6,0.065889,0.066028,0.066167,0.066306,0.066444,0.066167,0.992817
2026-07-28T00:18:03+00:00,bid,Tesla T4,3,4,3.400741,3.401111,3.401481,3.401481,3.401481,,0.972398
2026-07-28T00:18:03+00:00,bid,Tesla V100,10,21,0.095407,0.160694,0.162222,0.190972,0.241111,0.162222,0.999497
2026-07-28T00:18:03+00:00,bid,Titan RTX,1,1,0.107852,0.107852,0.107852,0.107852,0.107852,0.107852,0.96911
2026-07-28T00:18:03+00:00,bid,Titan Xp,1,1,0.042222,0.042222,0.042222,0.042222,0.042222,0.042222,0.995946
2026-07-28T00:23:03+00:00,on-demand,A100 PCIE,9,23,0.333611,0.334444,0.736889,0.996764,1.002222,0.995478,0.980904
2026-07-28T00:23:03+00:00,on-demand,A100 SXM4,23,70,0.40037,0.794954,1.056148,1.148093,1.891431,1.027778,0.993834
2026-07-28T00:23:03+00:00,on-demand,A800 PCIE,3,7,0.667222,0.6675,0.667778,0.668333,0.668889,,0.994222
2026-07-28T00:23:03+00:00,on-demand,B200,11,37,5.625174,6.076562,6.497917,9.388845,11.034722,6.497917,0.996891
2026-07-28T00:23:03+00:00,on-demand,B300,3,11,7.501042,7.501563,7.502083,8.126389,8.750694,7.501563,0.97381
2026-07-28T00:23:03+00:00,on-demand,CMP 170HX,1,1,0.124444,0.124444,0.124444,0.124444,0.124444,,0.84815
2026-07-28T00:23:03+00:00,on-demand,GTX 1050 Ti,1,1,0.611111,0.611111,0.611111,0.611111,0.611111,,0.965042
2026-07-28T00:23:03+00:00,on-demand,GTX 1060,3,4,0.087778,0.087963,0.088148,0.216296,0.344444,0.087963,0.999274
2026-07-28T00:23:03+00:00,on-demand,GTX 1070,2,2,0.202222,0.284444,0.366667,0.448889,0.531111,0.531111,0.982667
2026-07-28T00:23:03+00:00,on-demand,GTX 1080,6,16,0.027778,0.043759,0.048463,0.048972,0.055556,0.048833,0.994996
2026-07-28T00:23:03+00:00,on-demand,GTX 1080 Ti,6,17,0.060556,0.062389,0.07327,0.080913,0.082222,0.066222,0.991715
2026-07-28T00:23:03+00:00,on-demand,GTX 1650 S,1,1,0.677778,0.677778,0.677778,0.677778,0.677778,,0.967858
2026-07-28T00:23:03+00:00,on-demand,GTX 1660,1,1,0.677778,0.677778,0.677778,0.677778,0.677778,,0.976735
2026-07-28T00:23:03+00:00,on-demand,GTX 1660 S,1,1,0.451111,0.451111,0.451111,0.451111,0.451111,,0.976873
2026-07-28T00:23:03+00:00,on-demand,GTX 1660 Ti,1,1,0.611111,0.611111,0.611111,0.611111,0.611111,0.611111,0.969883
2026-07-28T00:23:03+00:00,on-demand,H100 NVL,4,7,1.335556,1.685444,2.102148,2.635139,3.333889,2.868056,0.95209
2026-07-28T00:23:03+00:00,on-demand,H100 PCIE,6,27,1.720148,1.724111,1.867917,2.000486,2.001111,1.720296,0.967209
2026-07-28T00:23:03+00:00,on-demand,H100 SXM,11,35,1.485556,1.967315,2.933889,4.049676,5.041111,3.407454,0.992242
2026-07-28T00:23:03+00:00,on-demand,H200,10,46,3.934942,4.113555,4.211349,5.870688,11.316338,4.211349,0.999229
2026-07-28T00:23:03+00:00,on-demand,H200 NVL,5,7,2.801111,3.068889,3.335556,3.934667,3.966667,3.950667,0.986312
2026-07-28T00:23:03+00:00,on-demand,L4,6,17,0.202222,0.333806,0.334167,0.335278,3.333889,0.334167,0.99903
2026-07-28T00:23:03+00:00,on-demand,L40,5,10,0.295185,0.297037,0.574444,0.575556,0.577778,0.575556,0.985738
2026-07-28T00:23:03+00:00,on-demand,L40S,15,51,0.400741,0.466944,0.534815,0.934537,1.074074,0.934537,0.996948
2026-07-28T00:23:03+00:00,on-demand,Q RTX 5000,1,2,0.080741,0.080741,0.080741,0.080741,0.080741,,0.973749
2026-07-28T00:23:03+00:00,on-demand,Q RTX 8000,2,2,0.254815,0.258889,0.262963,0.267037,0.271111,0.262963,0.998748
2026-07-28T00:23:03+00:00,on-demand,Quadro GV100,1,1,0.467407,0.467407,0.467407,0.467407,0.467407,,0.96837
2026-07-28T00:23:03+00:00,on-demand,Quadro P4000,3,4,0.047704,0.051074,0.054444,0.055741,0.057037,0.057037,0.990502
2026-07-28T00:23:03+00:00,on-demand,RTX 2060,1,1,0.415556,0.415556,0.415556,0.415556,0.415556,0.415556,0.995048
2026-07-28T00:23:03+00:00,on-demand,RTX 2070,1,2,0.074074,0.074074,0.074074,0.074074,0.074074,,0.99691
2026-07-28T00:23:03+00:00,on-demand,RTX 2070S,1,9,0.073498,0.073498,0.073498,0.073498,0.073498,,0.987414
2026-07-28T00:23:03+00:00,on-demand,RTX 2080 Ti,6,22,0.068889,0.080025,0.100571,0.121944,0.811111,0.100571,0.99423
2026-07-28T00:23:03+00:00,on-demand,RTX 3060,9,32,0.050852,0.068444,0.080278,0.402222,1.334815,0.140741,0.991322
2026-07-28T00:23:03+00:00,on-demand,RTX 3060 laptop,3,10,0.026685,0.034454,0.042222,0.073704,0.105185,0.105185,0.998773
2026-07-28T00:23:03+00:00,on-demand,RTX 3070,9,26,0.047778,0.081852,0.106944,0.266815,0.668148,0.100617,0.978443
2026-07-28T00:23:03+00:00,on-demand,RTX 3070 laptop,1,1,0.468889,0.468889,0.468889,0.468889,0.468889,,0.962535
2026-07-28T00:23:03+00:00,on-demand,RTX 3080,10,23,0.074815,0.088889,0.116917,0.225286,0.562222,0.199573,0.994192
2026-07-28T00:23:03+00:00,on-demand,RTX 3080 Ti,5,5,0.082222,0.082222,0.108889,0.142222,0.295556,0.142222,0.996636
2026-07-28T00:23:03+00:00,on-demand,RTX 3090,41,110,0.109074,0.135556,0.240556,0.401111,1.187407,0.249822,0.987495
2026-07-28T00:23:03+00:00,on-demand,RTX 3090 Ti,1,1,0.175556,0.175556,0.175556,0.175556,0.175556,,0.993138
2026-07-28T00:23:03+00:00,on-demand,RTX 4060,7,12,0.060593,0.061148,0.062222,0.073333,2.677778,0.062222,0.994528
2026-07-28T00:23:03+00:00,on-demand,RTX 4060 Ti,3,4,0.058148,0.070185,0.082222,0.096296,0.11037,0.084259,0.98754
2026-07-28T00:23:03+00:00,on-demand,RTX 4070,5,11,0.080556,0.081111,0.082222,0.094444,0.161111,0.127778,0.995681
2026-07-28T00:23:03+00:00,on-demand,RTX 4070 Ti,5,10,0.09037,0.093111,0.093889,0.102222,0.162222,0.098056,0.989542
2026-07-28T00:23:03+00:00,on-demand,RTX 4070S,7,19,0.081111,0.082315,0.084815,0.08963,0.093889,0.08963,0.979286
2026-07-28T00:23:03+00:00,on-demand,RTX 4070S Ti,13,24,0.067778,0.117778,0.12963,0.247778,1.415556,0.247778,0.994154
2026-07-28T00:23:03+00:00,on-demand,RTX 4080,5,10,0.121481,0.188444,0.265667,0.266,0.268889,0.266,0.989636
2026-07-28T00:23:03+00:00,on-demand,RTX 4080S,18,52,0.124444,0.191403,0.201111,0.213819,0.28437,0.227185,0.991176
2026-07-28T00:23:03+00:00,on-demand,RTX 4090,61,202,0.133889,0.307556,0.401111,0.603704,1.334815,0.561852,0.994514
2026-07-28T00:23:03+00:00,on-demand,RTX 4090D,3,7,0.667222,0.6675,0.667778,0.668333,0.668889,,0.967226
2026-07-28T00:23:03+00:00,on-demand,RTX 5000Ada,4,5,0.375556,0.414722,0.435,0.512222,0.722222,0.427778,0.994938
2026-07-28T00:23:03+00:00,on-demand,RTX 5060,4,5,0.075556,0.076667,0.079074,0.098056,0.148889,0.077037,0.982891
2026-07-28T00:23:03+00:00,on-demand,RTX 5060 Ti,15,40,0.071852,0.101019,0.134815,0.170167,0.228148,0.169889,0.996678
2026-07-28T00:23:03+00:00,on-demand,RTX 5060 laptop,1,1,0.135556,0.135556,0.135556,0.135556,0.135556,,0.970582
2026-07-28T00:23:03+00:00,on-demand,RTX 5070,6,13,0.094444,0.096111,0.10113,0.105565,0.148889,0.105204,0.993266
2026-07-28T00:23:03+00:00,on-demand,RTX 5070 Ti,7,12,0.122222,0.134444,0.135556,0.181481,0.401333,0.261778,0.99691
2026-07-28T00:23:03+00:00,on-demand,RTX 5080,18,48,0.152667,0.174306,0.200926,0.257361,0.802963,0.267222,0.993064
2026-07-28T00:23:03+00:00,on-demand,RTX 5090,40,135,0.402963,0.449076,0.53375,0.750486,3.615556,0.668519,0.995497
2026-07-28T00:23:03+00:00,on-demand,RTX 5880Ada,5,17,0.453593,0.453852,0.45437,0.568519,0.57037,0.45437,0.996272
2026-07-28T00:23:03+00:00,on-demand,RTX 6000Ada,10,20,0.440556,0.452278,0.562704,0.668648,0.787778,0.696481,0.993123
2026-07-28T00:23:03+00:00,on-demand,RTX A2000,3,3,0.036148,0.036148,0.036148,0.264815,0.493481,,0.995169
2026-07-28T00:23:03+00:00,on-demand,RTX A4000,5,25,0.071778,0.081481,0.133519,0.133704,0.148278,,0.987053
2026-07-28T00:23:03+00:00,on-demand,RTX A4500,1,1,1.274815,1.274815,1.274815,1.274815,1.274815,,0.998009
2026-07-28T00:23:03+00:00,on-demand,RTX A5000,3,4,0.285037,20.142889,40.000741,40.001111,40.001481,0.285037,0.971768
2026-07-28T00:23:03+00:00,on-demand,RTX A6000,5,11,0.299778,0.300889,0.373889,0.374444,0.402222,0.402222,0.992834
2026-07-28T00:23:03+00:00,on-demand,RTX PRO 4000,10,21,0.167037,0.176806,0.215,0.267259,0.337037,0.263704,0.986011
2026-07-28T00:23:03+00:00,on-demand,RTX PRO 4500,1,1,0.282222,0.282222,0.282222,0.282222,0.282222,,0.995092
2026-07-28T00:23:03+00:00,on-demand,RTX PRO 5000,9,25,0.335556,0.640185,0.667222,0.668889,0.843704,0.667222,0.990063
2026-07-28T00:23:03+00:00,on-demand,RTX PRO 6000 S,18,56,1.266944,1.533681,1.733889,1.736296,3.795556,1.733889,0.987303
2026-07-28T00:23:03+00:00,on-demand,RTX PRO 6000 WS,15,43,0.800556,1.037407,1.507963,1.627037,26.66963,1.534074,0.991793
2026-07-28T00:23:03+00:00,on-demand,Tesla P100,5,10,0.054815,0.087407,0.088148,0.201111,0.202222,0.14463,0.9863
2026-07-28T00:23:03+00:00,on-demand,Tesla P4,1,1,0.023259,0.023259,0.023259,0.023259,0.023259,,0.990357
2026-07-28T00:23:03+00:00,on-demand,Tesla P40,2,6,0.132556,0.132694,0.132833,0.132972,0.133111,0.132833,0.992817
2026-07-28T00:23:03+00:00,on-demand,Tesla T4,2,3,12.000741,12.000926,12.001111,12.001296,12.001481,,0.972398
2026-07-28T00:23:03+00:00,on-demand,Tesla V100,7,23,0.106944,0.137222,0.167407,0.240056,0.335556,0.240056,0.984645
2026-07-28T00:23:03+00:00,on-demand,Titan RTX,1,1,0.147852,0.147852,0.147852,0.147852,0.147852,0.147852,0.96911
2026-07-28T00:23:03+00:00,on-demand,Titan Xp,1,1,0.055556,0.055556,0.055556,0.055556,0.055556,0.055556,0.998048
2026-07-28T00:23:03+00:00,bid,A100 PCIE,17,20,0.134444,0.135556,0.135556,0.135556,0.471667,0.135556,0.994765
2026-07-28T00:23:03+00:00,bid,A100 SXM4,20,47,0.135556,0.602269,0.680556,0.819222,0.987222,0.668889,0.992784
2026-07-28T00:23:03+00:00,bid,A800 PCIE,7,12,0.129889,0.130444,0.131556,0.131556,0.294815,,0.994222
2026-07-28T00:23:03+00:00,bid,B200,12,38,5.62526,5.626823,5.803646,5.972005,7.37526,5.803646,0.996331
2026-07-28T00:23:03+00:00,bid,B300,3,11,3.751042,3.751562,3.752083,4.376389,5.000694,3.751562,0.97381
2026-07-28T00:23:03+00:00,bid,CMP 170HX,4,8,0.102444,0.103278,0.104667,0.105778,0.105778,,0.84815
2026-07-28T00:23:03+00:00,bid,GTX 1050 Ti,1,1,0.024444,0.024444,0.024444,0.024444,0.024444,,0.965042
2026-07-28T00:23:03+00:00,bid,GTX 1060,3,3,0.014074,0.022593,0.031111,0.04963,0.068148,0.068148,0.976076
2026-07-28T00:23:03+00:00,bid,GTX 1070,2,2,0.015556,0.017778,0.02,0.022222,0.024444,0.024444,0.982667
2026-07-28T00:23:03+00:00,bid,GTX 1070 Ti,1,4,0.040556,0.040556,0.040556,0.040556,0.040556,0.040556,0.997329
2026-07-28T00:23:03+00:00,bid,GTX 1080,5,14,0.021111,0.04037,0.040556,0.041111,0.042222,0.040833,0.996353
2026-07-28T00:23:03+00:00,bid,GTX 1080 Ti,7,23,0.040556,0.040833,0.041111,0.047937,0.054074,0.041111,0.995835
2026-07-28T00:23:03+00:00,bid,GTX 1650 S,1,1,0.037778,0.037778,0.037778,0.037778,0.037778,,0.967858
2026-07-28T00:23:03+00:00,bid,GTX 1660,1,1,0.0405,0.0405,0.0405,0.0405,0.0405,,0.976735
2026-07-28T00:23:03+00:00,bid,GTX 1660 S,1,1,0.031111,0.031111,0.031111,0.031111,0.031111,,0.976873
2026-07-28T00:23:03+00:00,bid,GTX 1660 Ti,1,1,0.037778,0.037778,0.037778,0.037778,0.037778,0.037778,0.969883
2026-07-28T00:23:03+00:00,bid,H100 NVL,5,8,0.935556,0.935556,0.936,1.602074,2.000556,0.936,0.952099
2026-07-28T00:23:03+00:00,bid,H100 PCIE,6,27,0.733481,0.883625,1.33375,1.334306,1.602222,0.73363,0.967209
2026-07-28T00:23:03+00:00,bid,H100 SXM,12,33,0.936296,1.068148,1.232778,2.667245,4.002222,2.667361,0.990528
2026-07-28T00:23:03+00:00,bid,H200,11,48,2.63231,3.816886,3.947917,4.990289,11.05318,3.947917,0.997998
2026-07-28T00:23:03+00:00,bid,H200 NVL,6,10,0.403778,0.404889,0.705778,1.652222,2.668,1.837333,0.978454
2026-07-28T00:23:03+00:00,bid,L4,5,16,0.201889,0.268889,0.320444,0.320556,0.321111,0.3205,0.99903
2026-07-28T00:23:03+00:00,bid,L40,6,11,0.288519,0.468056,0.47,0.471111,0.471111,0.471111,0.985738
2026-07-28T00:23:03+00:00,bid,L40S,25,83,0.200185,0.333704,0.534074,0.537037,0.803704,0.537037,0.998558
2026-07-28T00:23:03+00:00,bid,Q RTX 5000,2,3,0.054074,0.054259,0.054444,0.05463,0.054815,,0.973749
2026-07-28T00:23:03+00:00,bid,Q RTX 8000,1,1,0.099778,0.099778,0.099778,0.099778,0.099778,0.099778,0.999496
2026-07-28T00:23:03+00:00,bid,Quadro GV100,1,1,0.134074,0.134074,0.134074,0.134074,0.134074,,0.96837
2026-07-28T00:23:03+00:00,bid,Quadro P4000,3,4,0.03437,0.037741,0.041111,0.051667,0.062222,0.062222,0.996387
2026-07-28T00:23:03+00:00,bid,RTX 2060,3,4,0.031111,0.036111,0.041111,0.188333,0.335556,0.041111,0.992941
2026-07-28T00:23:03+00:00,bid,RTX 2060S,1,1,0.123704,0.123704,0.123704,0.123704,0.123704,0.123704,0.946123
2026-07-28T00:23:03+00:00,bid,RTX 2070S,2,17,0.066831,0.066836,0.066842,0.066847,0.066852,,0.987414
2026-07-28T00:23:03+00:00,bid,RTX 2080 Ti,4,5,0.037778,0.062,0.088926,0.10787,0.108148,0.107778,0.996788
2026-07-28T00:23:03+00:00,bid,RTX 2080S,1,1,0.037778,0.037778,0.037778,0.037778,0.037778,0.037778,0.868212
2026-07-28T00:23:03+00:00,bid,RTX 3060,14,51,0.024741,0.042204,0.051037,0.093847,0.202222,0.066944,0.991081
2026-07-28T00:23:03+00:00,bid,RTX 3060 laptop,7,18,0.013352,0.037074,0.062815,0.068074,0.101111,0.068074,0.996306
2026-07-28T00:23:03+00:00,bid,RTX 3070,11,25,0.027407,0.0405,0.068519,0.087685,0.246815,0.08213,0.995594
2026-07-28T00:23:03+00:00,bid,RTX 3070 laptop,1,1,0.442222,0.442222,0.442222,0.442222,0.442222,,0.962535
2026-07-28T00:23:03+00:00,bid,RTX 3080,11,29,0.041111,0.067083,0.108148,0.191277,0.495556,0.141667,0.988028
2026-07-28T00:23:03+00:00,bid,RTX 3080 Ti,6,6,0.028889,0.058444,0.078889,0.104889,0.188889,0.110222,0.988486
2026-07-28T00:23:03+00:00,bid,RTX 3090,49,117,0.016889,0.102407,0.134074,0.174568,0.349963,0.148056,0.989518
2026-07-28T00:23:03+00:00,bid,RTX 4000Ada,2,3,0.054222,0.081222,0.108222,0.135222,0.162222,,0.983471
2026-07-28T00:23:03+00:00,bid,RTX 4060,3,5,0.053926,0.054185,0.054444,0.054481,0.054519,0.054444,0.975441
2026-07-28T00:23:03+00:00,bid,RTX 4060 Ti,6,14,0.041111,0.044537,0.064185,0.095056,0.107111,0.101111,0.996244
2026-07-28T00:23:03+00:00,bid,RTX 4070,2,3,0.087778,0.103056,0.118333,0.133611,0.148889,0.118333,0.999313
2026-07-28T00:23:03+00:00,bid,RTX 4070 Ti,3,3,0.108148,0.108519,0.108889,0.162222,0.215556,0.162222,0.992723
2026-07-28T00:23:03+00:00,bid,RTX 4070S,6,10,0.068148,0.068935,0.070278,0.075093,0.244444,0.071481,0.990971
2026-07-28T00:23:03+00:00,bid,RTX 4070S Ti,13,30,0.054815,0.098148,0.111111,0.167778,0.202222,0.167778,0.99551
2026-07-28T00:23:03+00:00,bid,RTX 4080,5,10,0.147,0.147333,0.147333,0.169778,0.202222,0.147333,0.989636
2026-07-28T00:23:03+00:00,bid,RTX 4080S,12,33,0.108889,0.175944,0.194509,0.201037,0.240741,0.220704,0.990501
2026-07-28T00:23:03+00:00,bid,RTX 4090,64,186,0.148889,0.240481,0.335,0.40463,0.775556,0.401667,0.994682
2026-07-28T00:23:03+00:00,bid,RTX 4090D,4,8,0.604556,0.604972,0.605667,0.606222,0.606222,,0.967226
2026-07-28T00:23:03+00:00,bid,RTX 5000Ada,4,5,0.268148,0.30787,0.321667,0.374702,0.532142,0.321111,0.996495
2026-07-28T00:23:03+00:00,bid,RTX 5060,3,4,0.054444,0.055,0.055556,0.075556,0.095556,,0.981939
2026-07-28T00:23:03+00:00,bid,RTX 5060 Ti,21,57,0.053889,0.080691,0.107778,0.141611,0.154444,0.134074,0.996848
2026-07-28T00:23:03+00:00,bid,RTX 5070,4,4,0.068148,0.127593,0.148519,0.152778,0.162222,0.148519,0.996734
2026-07-28T00:23:03+00:00,bid,RTX 5070 Ti,12,25,0.093889,0.094444,0.101389,0.108056,0.268,0.094444,0.995628
2026-07-28T00:23:03+00:00,bid,RTX 5080,16,33,0.02963,0.114769,0.147741,0.200694,0.242222,0.200556,0.990045
2026-07-28T00:23:03+00:00,bid,RTX 5090,64,191,0.093611,0.203333,0.400448,0.614722,1.602222,0.271111,0.995836
2026-07-28T00:23:03+00:00,bid,RTX 5880Ada,4,5,0.295185,0.296574,0.297037,0.297037,0.297037,0.297037,0.995881
2026-07-28T00:23:03+00:00,bid,RTX 6000Ada,16,27,0.137778,0.325231,0.388889,0.401111,0.680889,0.40037,0.99687
2026-07-28T00:23:03+00:00,bid,RTX A2000,1,1,0.400148,0.400148,0.400148,0.400148,0.400148,,0.994232
2026-07-28T00:23:03+00:00,bid,RTX A4000,11,60,0.057111,0.093796,0.106852,0.120296,0.134444,,0.97131
2026-07-28T00:23:03+00:00,bid,RTX A5000,7,12,0.025556,0.109444,0.201481,0.334444,0.334815,0.108519,0.971768
2026-07-28T00:23:03+00:00,bid,RTX A6000,4,13,0.202593,0.204537,0.263148,0.334236,0.373611,0.373611,0.991343
2026-07-28T00:23:03+00:00,bid,RTX PRO 2000,1,2,0.134074,0.134074,0.134074,0.134074,0.134074,,0.964689
2026-07-28T00:23:03+00:00,bid,RTX PRO 4000,12,23,0.067222,0.068611,0.177037,0.240778,0.241778,0.234444,0.983085
2026-07-28T00:23:03+00:00,bid,RTX PRO 5000,20,43,0.135926,0.400648,0.467083,0.533565,0.803704,0.467083,0.99174
2026-07-28T00:23:03+00:00,bid,RTX PRO 6000 S,26,66,0.402222,1.067593,1.06963,1.075556,1.467778,1.06963,0.97907
2026-07-28T00:23:03+00:00,bid,RTX PRO 6000 WS,20,44,0.467037,0.668611,0.801111,0.945889,1.337037,0.801827,0.991783
2026-07-28T00:23:03+00:00,bid,Tesla P100,3,4,0.041481,0.087963,0.134444,0.135,0.135556,0.135,0.986927
2026-07-28T00:23:03+00:00,bid,Tesla P4,1,1,0.011926,0.011926,0.011926,0.011926,0.011926,,0.990357
2026-07-28T00:23:03+00:00,bid,Tesla P40,3,8,0.065889,0.066167,0.066444,0.066444,0.066444,0.066444,0.992817
2026-07-28T00:23:03+00:00,bid,Tesla T4,2,3,3.400741,3.400926,3.401111,3.401296,3.401481,,0.972398
2026-07-28T00:23:03+00:00,bid,Tesla V100,8,18,0.095037,0.095407,0.160556,0.171806,0.242222,0.162222,0.999108
2026-07-28T00:23:03+00:00,bid,Titan RTX,1,1,0.095556,0.095556,0.095556,0.095556,0.095556,0.095556,0.877527
2026-07-28T00:23:03+00:00,bid,Titan Xp,1,1,0.042222,0.042222,0.042222,0.042222,0.042222,0.042222,0.998048
2026-07-28T03:45:13+00:00,on-demand,A100 PCIE,11,25,0.333611,0.335,0.672,0.998329,1.537739,0.994435,0.994787
2026-07-28T03:45:13+00:00,on-demand,A100 SXM4,24,57,0.40037,0.855139,1.061741,1.198713,1.623073,1.042667,0.99509
2026-07-28T03:45:13+00:00,on-demand,A10g,1,1,0.121185,0.121185,0.121185,0.121185,0.121185,,0.599993
2026-07-28T03:45:13+00:00,on-demand,A800 PCIE,3,7,0.667222,0.6675,0.667778,0.668333,0.668889,,0.994222
2026-07-28T03:45:13+00:00,on-demand,B200,17,70,5.625174,6.104861,6.238802,7.75026,7.752083,6.238802,0.989131
2026-07-28T03:45:13+00:00,on-demand,B300,5,23,6.25026,6.250521,7.501042,7.502083,8.750694,7.501563,0.992727
2026-07-28T03:45:13+00:00,on-demand,CMP 170HX,5,20,0.124444,0.293519,0.293889,0.294444,0.295556,,0.75269
2026-07-28T03:45:13+00:00,on-demand,GTX 1050 Ti,1,1,0.611111,0.611111,0.611111,0.611111,0.611111,,0.966384
2026-07-28T03:45:13+00:00,on-demand,GTX 1060,3,4,0.087778,0.087963,0.088148,0.216296,0.344444,0.087963,0.999274
2026-07-28T03:45:13+00:00,on-demand,GTX 1070,2,2,0.202222,0.284444,0.366667,0.448889,0.531111,0.531111,0.983278
2026-07-28T03:45:13+00:00,on-demand,GTX 1070 Ti,1,4,0.048556,0.048556,0.048556,0.048556,0.048556,0.048556,0.997332
2026-07-28T03:45:13+00:00,on-demand,GTX 1080,5,12,0.027778,0.04837,0.049111,0.050222,0.05037,0.049111,0.991749
2026-07-28T03:45:13+00:00,on-demand,GTX 1080 Ti,6,21,0.060317,0.060833,0.061667,0.075794,0.082222,0.061111,0.995875
2026-07-28T03:45:13+00:00,on-demand,GTX 1650 S,1,1,0.677778,0.677778,0.677778,0.677778,0.677778,,0.969012
2026-07-28T03:45:13+00:00,on-demand,GTX 1660 S,1,1,0.451111,0.451111,0.451111,0.451111,0.451111,,0.978157
2026-07-28T03:45:13+00:00,on-demand,GTX 1660 Ti,1,1,0.611111,0.611111,0.611111,0.611111,0.611111,0.611111,0.971051
2026-07-28T03:45:13+00:00,on-demand,H100 NVL,3,6,1.336296,1.989259,2.642222,2.988056,3.333889,2.988056,0.985255
2026-07-28T03:45:13+00:00,on-demand,H100 PCIE,5,26,1.720148,1.720296,2.000278,2.000556,2.001111,1.720222,0.967251
2026-07-28T03:45:13+00:00,on-demand,H100 SXM,7,21,2.26963,2.743148,3.547222,4.276333,5.133889,3.547222,0.992257
2026-07-28T03:45:13+00:00,on-demand,H200,9,42,3.81652,3.947825,4.08114,4.211075,7.697917,4.08114,0.999229
2026-07-28T03:45:13+00:00,on-demand,H200 NVL,5,7,2.801111,3.068889,3.334444,3.477778,4.611556,4.044667,0.986495
2026-07-28T03:45:13+00:00,on-demand,L4,4,11,0.202222,0.300972,0.334167,1.084306,3.333889,0.334167,0.984924
2026-07-28T03:45:13+00:00,on-demand,L40,4,6,0.295185,0.296574,0.436296,0.576111,0.577778,0.576667,0.991251
2026-07-28T03:45:13+00:00,on-demand,L40S,12,42,0.40037,0.466991,0.800417,0.868009,1.074074,0.801111,0.996623
2026-07-28T03:45:13+00:00,on-demand,Q RTX 5000,1,2,0.080741,0.080741,0.080741,0.080741,0.080741,,0.974568
2026-07-28T03:45:13+00:00,on-demand,Q RTX 8000,3,4,0.254074,0.262593,0.271111,0.276,0.280889,0.271111,0.998672
2026-07-28T03:45:13+00:00,on-demand,Quadro GV100,1,1,0.467407,0.467407,0.467407,0.467407,0.467407,,0.968394
2026-07-28T03:45:13+00:00,on-demand,Quadro P4000,4,7,0.047704,0.052759,0.054506,0.055185,0.057037,0.055802,0.990884
2026-07-28T03:45:13+00:00,on-demand,RTX 2060,1,1,0.415556,0.415556,0.415556,0.415556,0.415556,0.415556,0.995073
2026-07-28T03:45:13+00:00,on-demand,RTX 2070S,2,12,0.073519,0.073565,0.073611,0.073657,0.073704,,0.992166
2026-07-28T03:45:13+00:00,on-demand,RTX 2080 Ti,6,26,0.068889,0.080024,0.080042,0.110847,0.811111,0.080042,0.99531
2026-07-28T03:45:13+00:00,on-demand,RTX 2080S,1,1,0.744444,0.744444,0.744444,0.744444,0.744444,0.744444,0.962994
2026-07-28T03:45:13+00:00,on-demand,RTX 3060,14,45,0.034444,0.05375,0.076888,0.38537,1.335556,0.154548,0.991954
2026-07-28T03:45:13+00:00,on-demand,RTX 3060 laptop,5,14,0.026685,0.041111,0.042222,0.105185,0.134444,0.119815,0.998769
2026-07-28T03:45:13+00:00,on-demand,RTX 3070,16,45,0.041111,0.095926,0.1135,0.23437,0.668148,0.1135,0.987565
2026-07-28T03:45:13+00:00,on-demand,RTX 3070 laptop,1,1,0.468889,0.468889,0.468889,0.468889,0.468889,,0.962671
2026-07-28T03:45:13+00:00,on-demand,RTX 3080,17,55,0.060278,0.081111,0.113444,0.147556,0.562222,0.146722,0.995062
2026-07-28T03:45:13+00:00,on-demand,RTX 3080 Ti,6,8,0.068889,0.105278,0.124444,0.165278,0.295556,0.155,0.995702
2026-07-28T03:45:13+00:00,on-demand,RTX 3090,46,139,0.109074,0.147778,0.240648,0.419111,1.336296,0.244074,0.992398
2026-07-28T03:45:13+00:00,on-demand,RTX 3090 Ti,1,1,0.175556,0.175556,0.175556,0.175556,0.175556,,0.993142
2026-07-28T03:45:13+00:00,on-demand,RTX 4000Ada,1,2,0.120889,0.120889,0.120889,0.120889,0.120889,,0.98081
2026-07-28T03:45:13+00:00,on-demand,RTX 4060,7,12,0.060593,0.061148,0.062222,0.073333,2.677778,0.062222,0.994536
2026-07-28T03:45:13+00:00,on-demand,RTX 4060 Ti,4,9,0.081111,0.081944,0.095,0.117111,0.145111,0.126444,0.985541
2026-07-28T03:45:13+00:00,on-demand,RTX 4070,4,11,0.080556,0.080972,0.081667,0.085148,0.093926,0.093926,0.995684
2026-07-28T03:45:13+00:00,on-demand,RTX 4070 Ti,5,10,0.094444,0.094444,0.095556,0.097037,0.202222,0.096296,0.972305
2026-07-28T03:45:13+00:00,on-demand,RTX 4070S,9,31,0.081111,0.082407,0.084815,0.08963,0.094296,0.087222,0.991005
2026-07-28T03:45:13+00:00,on-demand,RTX 4070S Ti,11,31,0.067778,0.121759,0.175556,0.257083,0.268889,0.247222,0.998139
2026-07-28T03:45:13+00:00,on-demand,RTX 4080,6,11,0.121481,0.132481,0.213352,0.265917,0.268889,0.266,0.987435
2026-07-28T03:45:13+00:00,on-demand,RTX 4080S,13,44,0.118148,0.200278,0.201111,0.213611,0.284741,0.215981,0.991217
2026-07-28T03:45:13+00:00,on-demand,RTX 4090,56,183,0.133889,0.30737,0.400767,0.573241,1.337037,0.479827,0.994566
2026-07-28T03:45:13+00:00,on-demand,RTX 4090D,4,8,0.329481,0.582787,0.6675,0.668056,0.668889,0.329481,0.967226
2026-07-28T03:45:13+00:00,on-demand,RTX 5000Ada,4,5,0.375556,0.424722,0.441667,0.512222,0.722222,0.441111,0.995822
2026-07-28T03:45:13+00:00,on-demand,RTX 5060,4,4,0.054815,0.071481,0.112963,0.157222,0.182222,0.12963,0.989501
2026-07-28T03:45:13+00:00,on-demand,RTX 5060 Ti,16,37,0.067963,0.094407,0.131667,0.173704,0.227407,0.171556,0.997337
2026-07-28T03:45:13+00:00,on-demand,RTX 5070,7,12,0.094444,0.096667,0.124444,0.168519,0.202222,0.168519,0.993285
2026-07-28T03:45:13+00:00,on-demand,RTX 5070 Ti,7,12,0.118444,0.127778,0.135556,0.181389,0.401333,0.160833,0.996132
2026-07-28T03:45:13+00:00,on-demand,RTX 5080,17,49,0.133611,0.173889,0.20037,0.215185,0.802963,0.207037,0.99084
2026-07-28T03:45:13+00:00,on-demand,RTX 5090,54,188,0.200741,0.465194,0.628333,0.803472,3.614444,0.654815,0.991519
2026-07-28T03:45:13+00:00,on-demand,RTX 5880Ada,4,15,0.453593,0.453787,0.454111,0.48337,0.57037,0.454111,0.997508
2026-07-28T03:45:13+00:00,on-demand,RTX 6000Ada,10,19,0.440556,0.450278,0.554074,0.66212,0.78963,0.661019,0.992184
2026-07-28T03:45:13+00:00,on-demand,RTX A2000,4,5,0.034074,0.03563,0.036148,0.150481,0.493481,,0.995171
2026-07-28T03:45:13+00:00,on-demand,RTX A4000,4,28,0.093889,0.123573,0.133648,0.138093,0.150889,0.093889,0.979292
2026-07-28T03:45:13+00:00,on-demand,RTX A4500,1,1,1.274815,1.274815,1.274815,1.274815,1.274815,,0.998011
2026-07-28T03:45:13+00:00,on-demand,RTX A5000,2,3,0.316519,0.316981,0.317444,0.317907,0.31837,0.317444,0.999424
2026-07-28T03:45:13+00:00,on-demand,RTX A6000,5,16,0.299778,0.373651,0.373889,0.376296,0.414444,,0.99024
2026-07-28T03:45:13+00:00,on-demand,RTX PRO 4000,12,27,0.167037,0.212222,0.278796,0.320926,0.337037,0.321111,0.986154
2026-07-28T03:45:13+00:00,on-demand,RTX PRO 4500,2,2,0.282222,0.285185,0.288148,0.291111,0.294074,0.294074,0.996309
2026-07-28T03:45:13+00:00,on-demand,RTX PRO 5000,14,32,0.37,0.640231,0.66737,0.798611,1.219215,0.667037,0.990087
2026-07-28T03:45:13+00:00,on-demand,RTX PRO 6000 S,15,47,0.774756,1.393333,1.535556,1.700648,1.736296,1.53125,0.997338
2026-07-28T03:45:13+00:00,on-demand,RTX PRO 6000 WS,18,48,0.868296,1.103296,1.337222,1.647106,26.66963,1.338519,0.990767
2026-07-28T03:45:13+00:00,on-demand,Tesla P100,5,10,0.054815,0.087407,0.088148,0.201111,0.202222,0.14463,0.986309
2026-07-28T03:45:13+00:00,on-demand,Tesla P4,1,1,0.023259,0.023259,0.023259,0.023259,0.023259,,0.990373
2026-07-28T03:45:13+00:00,on-demand,Tesla P40,2,6,0.132556,0.132694,0.132833,0.132972,0.133111,0.132833,0.992829
2026-07-28T03:45:13+00:00,on-demand,Tesla T4,2,3,12.000741,12.000926,12.001111,12.001296,12.001481,,0.972398
2026-07-28T03:45:13+00:00,on-demand,Tesla V100,10,30,0.106944,0.108056,0.157685,0.210269,0.333889,0.224556,0.974678
2026-07-28T03:45:13+00:00,on-demand,Titan RTX,1,1,0.162222,0.162222,0.162222,0.162222,0.162222,0.162222,0.998461
2026-07-28T03:45:13+00:00,on-demand,Titan Xp,1,1,0.055556,0.055556,0.055556,0.055556,0.055556,0.055556,0.995982
2026-07-28T03:45:13+00:00,bid,A100 PCIE,12,14,0.134444,0.135556,0.155389,0.464406,0.46963,0.319814,0.995033
2026-07-28T03:45:13+00:00,bid,A100 SXM4,20,34,0.416296,0.652963,0.801222,0.885333,0.936,0.637037,0.990862
2026-07-28T03:45:13+00:00,bid,A800 PCIE,6,11,0.129889,0.130444,0.131,0.131556,0.131556,,0.994222
2026-07-28T03:45:13+00:00,bid,B200,13,53,3.750174,5.559722,5.627083,7.37526,7.377083,5.627083,0.993013
2026-07-28T03:45:13+00:00,bid,B300,3,11,3.751042,3.751562,3.752083,4.376389,5.000694,3.751562,0.974371
2026-07-28T03:45:13+00:00,bid,CMP 170HX,10,26,0.102444,0.200347,0.201111,0.201944,0.202222,,0.75269
2026-07-28T03:45:13+00:00,bid,GTX 1050 Ti,1,1,0.024444,0.024444,0.024444,0.024444,0.024444,,0.966384
2026-07-28T03:45:13+00:00,bid,GTX 1060,3,3,0.014074,0.022593,0.031111,0.04963,0.068148,0.068148,0.9773
2026-07-28T03:45:13+00:00,bid,GTX 1070,2,2,0.015556,0.017778,0.02,0.022222,0.024444,0.024444,0.983278
2026-07-28T03:45:13+00:00,bid,GTX 1070 Ti,1,1,0.042222,0.042222,0.042222,0.042222,0.042222,0.042222,0.99721
2026-07-28T03:45:13+00:00,bid,GTX 1080,4,13,0.021111,0.035556,0.040463,0.040694,0.041111,0.040556,0.996444
2026-07-28T03:45:13+00:00,bid,GTX 1080 Ti,7,27,0.040317,0.040648,0.041111,0.047937,0.054074,0.041111,0.997193
2026-07-28T03:45:13+00:00,bid,GTX 1650 S,1,1,0.037778,0.037778,0.037778,0.037778,0.037778,,0.969012
2026-07-28T03:45:13+00:00,bid,GTX 1660,1,1,0.037778,0.037778,0.037778,0.037778,0.037778,,0.977804
2026-07-28T03:45:13+00:00,bid,GTX 1660 S,1,1,0.031111,0.031111,0.031111,0.031111,0.031111,,0.978157
2026-07-28T03:45:13+00:00,bid,GTX 1660 Ti,2,3,0.037778,0.042222,0.046667,0.051111,0.055556,0.046667,0.981898
2026-07-28T03:45:13+00:00,bid,H100 NVL,3,6,0.936,1.202444,1.468889,1.734722,2.000556,1.468278,0.952657
2026-07-28T03:45:13+00:00,bid,H100 PCIE,5,26,0.733482,0.73363,1.333611,1.333889,1.334445,0.733556,0.967251
2026-07-28T03:45:13+00:00,bid,H100 SXM,7,19,0.602222,0.971407,2.000222,2.534167,4.001111,2.533889,0.992257
2026-07-28T03:45:13+00:00,bid,H200,8,34,2.63231,3.734539,3.94778,4.820038,8.224232,3.94778,0.999229
2026-07-28T03:45:13+00:00,bid,H200 NVL,9,13,0.404889,0.996222,1.339555,1.868889,3.211111,2.003778,0.9861
2026-07-28T03:45:13+00:00,bid,L4,7,16,0.134074,0.201685,0.268889,0.320778,0.322222,0.294667,0.998158
2026-07-28T03:45:13+00:00,bid,L40,5,7,0.288519,0.468889,0.471111,0.471111,0.471111,0.471111,0.985794
2026-07-28T03:45:13+00:00,bid,L40S,21,62,0.201481,0.402222,0.534259,0.540741,0.773889,0.535185,0.996953
2026-07-28T03:45:13+00:00,bid,Q RTX 5000,1,2,0.054074,0.054074,0.054074,0.054074,0.054074,,0.974568
2026-07-28T03:45:13+00:00,bid,Q RTX 8000,1,1,0.018222,0.018222,0.018222,0.018222,0.018222,0.018222,0.997891
2026-07-28T03:45:13+00:00,bid,Quadro GV100,1,1,0.134074,0.134074,0.134074,0.134074,0.134074,,0.968394
2026-07-28T03:45:13+00:00,bid,Quadro P4000,2,3,0.03437,0.036056,0.037741,0.039426,0.041111,,0.941271
2026-07-28T03:45:13+00:00,bid,RTX 2060,2,3,0.031111,0.033611,0.036111,0.038611,0.041111,0.036111,0.985525
2026-07-28T03:45:13+00:00,bid,RTX 2060S,1,1,0.123704,0.123704,0.123704,0.123704,0.123704,0.123704,0.946566
2026-07-28T03:45:13+00:00,bid,RTX 2070S,3,17,0.066831,0.066934,0.067037,0.067037,0.067037,,0.987418
2026-07-28T03:45:13+00:00,bid,RTX 2080 Ti,5,6,0.037778,0.044222,0.107778,0.108148,0.108889,0.107963,0.996186
2026-07-28T03:45:13+00:00,bid,RTX 2080S,1,1,0.046556,0.046556,0.046556,0.046556,0.046556,0.046556,0.962994
2026-07-28T03:45:13+00:00,bid,RTX 3060,14,43,0.019259,0.041389,0.049981,0.093963,0.202222,0.066944,0.991109
2026-07-28T03:45:13+00:00,bid,RTX 3060 laptop,6,16,0.014148,0.023125,0.052704,0.06863,0.101111,0.069185,0.996944
2026-07-28T03:45:13+00:00,bid,RTX 3070,14,29,0.040444,0.068241,0.075741,0.094306,0.246815,0.093889,0.992442
2026-07-28T03:45:13+00:00,bid,RTX 3070 Ti,2,3,0.054444,0.054722,0.055,0.055278,0.055556,,0.996716
2026-07-28T03:45:13+00:00,bid,RTX 3070 laptop,1,1,0.442222,0.442222,0.442222,0.442222,0.442222,,0.962671
2026-07-28T03:45:13+00:00,bid,RTX 3080,10,31,0.041111,0.078074,0.141389,0.240394,0.495556,0.191277,0.988854
2026-07-28T03:45:13+00:00,bid,RTX 3080 Ti,8,11,0.015556,0.095556,0.108148,0.161389,0.188889,0.161111,0.995044
2026-07-28T03:45:13+00:00,bid,RTX 3090,55,132,0.066981,0.107778,0.134074,0.169259,0.349963,0.148519,0.990646
2026-07-28T03:45:13+00:00,bid,RTX 4000Ada,2,3,0.054222,0.081222,0.108222,0.135222,0.162222,,0.987417
2026-07-28T03:45:13+00:00,bid,RTX 4060,3,4,0.053926,0.054222,0.054519,0.055037,0.055556,0.055556,0.976131
2026-07-28T03:45:13+00:00,bid,RTX 4060 Ti,10,22,0.041111,0.060722,0.076333,0.105694,0.107778,0.101111,0.997149
2026-07-28T03:45:13+00:00,bid,RTX 4070,3,4,0.075778,0.112333,0.148889,0.155556,0.162222,0.148889,0.999213
2026-07-28T03:45:13+00:00,bid,RTX 4070 Ti,3,3,0.108889,0.108889,0.108889,0.162222,0.215556,0.108889,0.987255
2026-07-28T03:45:13+00:00,bid,RTX 4070S,7,12,0.068889,0.070278,0.071481,0.076296,0.244444,0.071481,0.979728
2026-07-28T03:45:13+00:00,bid,RTX 4070S Ti,14,38,0.093889,0.098148,0.146954,0.167639,0.202222,0.167222,0.999339
2026-07-28T03:45:13+00:00,bid,RTX 4080,6,11,0.147,0.147333,0.158556,0.194111,0.255556,0.147333,0.989704
2026-07-28T03:45:13+00:00,bid,RTX 4080S,12,30,0.104444,0.187574,0.188444,0.200676,0.240741,0.202074,0.99197
2026-07-28T03:45:13+00:00,bid,RTX 4090,69,175,0.134074,0.22963,0.334444,0.401481,1.005037,0.390222,0.993664
2026-07-28T03:45:13+00:00,bid,RTX 4090D,4,8,0.604556,0.604972,0.605667,0.606222,0.606222,,0.967226
2026-07-28T03:45:13+00:00,bid,RTX 5000Ada,4,5,0.267778,0.268611,0.268889,0.334702,0.532142,0.268889,0.998223
2026-07-28T03:45:13+00:00,bid,RTX 5060,4,5,0.054444,0.061278,0.079556,0.108889,0.148889,0.106222,0.990978
2026-07-28T03:45:13+00:00,bid,RTX 5060 Ti,21,48,0.041111,0.071556,0.115556,0.142444,0.147852,0.134815,0.997573
2026-07-28T03:45:13+00:00,bid,RTX 5070,2,3,0.148148,0.148519,0.148889,0.149259,0.14963,0.148889,0.988292
2026-07-28T03:45:13+00:00,bid,RTX 5070 Ti,11,17,0.094444,0.107593,0.108889,0.146296,0.268,0.157037,0.997498
2026-07-28T03:45:13+00:00,bid,RTX 5080,21,43,0.02963,0.093481,0.13437,0.162222,0.202222,0.160556,0.987331
2026-07-28T03:45:13+00:00,bid,RTX 5090,66,187,0.093611,0.215903,0.381778,0.477639,0.907222,0.272593,0.996998
2026-07-28T03:45:13+00:00,bid,RTX 5880Ada,6,8,0.297037,0.297037,0.315704,0.33437,0.335407,0.315704,0.996622
2026-07-28T03:45:13+00:00,bid,RTX 6000Ada,13,23,0.137778,0.387222,0.400556,0.402222,0.548519,0.400833,0.993635
2026-07-28T03:45:13+00:00,bid,RTX A2000,1,1,0.400148,0.400148,0.400148,0.400148,0.400148,,0.994234
2026-07-28T03:45:13+00:00,bid,RTX A4000,12,62,0.013889,0.057111,0.106944,0.113759,0.134444,,0.987274
2026-07-28T03:45:13+00:00,bid,RTX A5000,5,10,0.025556,0.108519,0.11037,0.201111,0.201481,0.108519,0.996424
2026-07-28T03:45:13+00:00,bid,RTX A6000,2,4,0.202593,0.232222,0.261852,0.291481,0.321111,,0.981137
2026-07-28T03:45:13+00:00,bid,RTX PRO 2000,2,3,0.134074,0.134259,0.134444,0.13463,0.134815,,0.964775
2026-07-28T03:45:13+00:00,bid,RTX PRO 4000,11,21,0.067222,0.068111,0.068889,0.216111,0.240889,0.217037,0.983226
2026-07-28T03:45:13+00:00,bid,RTX PRO 4500,1,1,0.068741,0.068741,0.068741,0.068741,0.068741,0.068741,0.997516
2026-07-28T03:45:13+00:00,bid,RTX PRO 5000,21,44,0.135111,0.400741,0.466944,0.533704,0.803704,0.466944,0.991746
2026-07-28T03:45:13+00:00,bid,RTX PRO 6000 S,21,56,0.391822,0.801481,1.067407,1.06963,1.467778,1.064815,0.99716
2026-07-28T03:45:13+00:00,bid,RTX PRO 6000 WS,19,42,0.53463,0.668333,0.867407,1.100296,1.602222,1.047259,0.993335
2026-07-28T03:45:13+00:00,bid,Tesla P100,3,4,0.041481,0.087963,0.134444,0.135,0.135556,0.135,0.987076
2026-07-28T03:45:13+00:00,bid,Tesla P4,1,1,0.011926,0.011926,0.011926,0.011926,0.011926,,0.990373
2026-07-28T03:45:13+00:00,bid,Tesla P40,3,8,0.065889,0.066167,0.066444,0.066444,0.066444,0.066444,0.992829
2026-07-28T03:45:13+00:00,bid,Tesla T4,3,4,3.400741,3.401111,3.401481,3.401481,3.401481,,0.972398
2026-07-28T03:45:13+00:00,bid,Tesla V100,13,29,0.08037,0.095407,0.134815,0.162222,0.240556,0.162222,0.992172
2026-07-28T03:45:13+00:00,bid,Titan RTX,1,1,0.135556,0.135556,0.135556,0.135556,0.135556,0.135556,0.998461
2026-07-28T03:45:13+00:00,bid,Titan Xp,1,1,0.042222,0.042222,0.042222,0.042222,0.042222,0.042222,0.998051
2026-07-28T03:50:13+00:00,on-demand,A100 PCIE,9,13,0.334444,0.562963,0.868148,0.994435,1.537739,0.873333,0.995278
2026-07-28T03:50:13+00:00,on-demand,A100 SXM4,22,44,0.40037,0.854028,1.000833,1.158333,1.623073,1.048704,0.996443
2026-07-28T03:50:13+00:00,on-demand,A10g,1,1,0.121185,0.121185,0.121185,0.121185,0.121185,,0.599993
2026-07-28T03:50:13+00:00,on-demand,A800 PCIE,1,1,0.668889,0.668889,0.668889,0.668889,0.668889,,0.994222
2026-07-28T03:50:13+00:00,on-demand,B200,15,68,5.625174,6.107292,6.25026,7.75026,7.752083,6.25026,0.987637
2026-07-28T03:50:13+00:00,on-demand,B300,5,23,6.25026,6.250521,7.501042,7.502083,8.750694,7.501563,0.992727
2026-07-28T03:50:13+00:00,on-demand,CMP 170HX,7,32,0.121111,0.208981,0.293611,0.294167,0.295556,,0.75269
2026-07-28T03:50:13+00:00,on-demand,GTX 1060,3,4,0.087778,0.088333,0.088889,0.216667,0.344444,0.088333,0.999301
2026-07-28T03:50:13+00:00,on-demand,GTX 1070,2,2,0.202222,0.284444,0.366667,0.448889,0.531111,0.531111,0.983278
2026-07-28T03:50:13+00:00,on-demand,GTX 1070 Ti,1,4,0.048556,0.048556,0.048556,0.048556,0.048556,0.048556,0.997332
2026-07-28T03:50:13+00:00,on-demand,GTX 1080,5,12,0.027778,0.042222,0.04837,0.049111,0.050222,0.049111,0.996359
2026-07-28T03:50:13+00:00,on-demand,GTX 1080 Ti,5,14,0.060317,0.060741,0.061111,0.062222,0.082222,0.060926,0.997193
2026-07-28T03:50:13+00:00,on-demand,GTX 1650 S,1,1,0.677778,0.677778,0.677778,0.677778,0.677778,,0.969012
2026-07-28T03:50:13+00:00,on-demand,GTX 1660 S,1,1,0.451111,0.451111,0.451111,0.451111,0.451111,,0.978157
2026-07-28T03:50:13+00:00,on-demand,H100 NVL,2,5,1.602222,2.035139,2.468056,2.900972,3.333889,3.333889,0.879779
2026-07-28T03:50:13+00:00,on-demand,H100 PCIE,5,26,1.720148,1.720296,2.000278,2.000556,2.001111,1.720222,0.967251
2026-07-28T03:50:13+00:00,on-demand,H100 SXM,7,24,2.510519,3.240556,3.547778,3.887222,5.133889,3.547778,0.992257
2026-07-28T03:50:13+00:00,on-demand,H200,9,42,3.81652,3.947825,4.08114,4.211075,8.290022,4.08114,0.999229
2026-07-28T03:50:13+00:00,on-demand,H200 NVL,5,7,2.801111,3.068889,3.477778,3.934667,4.570222,3.934667,0.994975
2026-07-28T03:50:13+00:00,on-demand,L4,4,12,0.202222,0.300889,0.334111,1.084306,3.333889,0.334111,0.985535
2026-07-28T03:50:13+00:00,on-demand,L40,5,10,0.295185,0.297037,0.574444,0.575556,0.577778,0.575556,0.985794
2026-07-28T03:50:13+00:00,on-demand,L40S,13,46,0.400741,0.467037,0.800278,1.067593,1.074074,0.934537,0.996293
2026-07-28T03:50:13+00:00,on-demand,Q RTX 5000,1,2,0.080741,0.080741,0.080741,0.080741,0.080741,,0.974568
2026-07-28T03:50:13+00:00,on-demand,Q RTX 8000,3,4,0.254074,0.254444,0.254815,0.267852,0.280889,0.254815,0.998672
2026-07-28T03:50:13+00:00,on-demand,Quadro GV100,1,1,0.467407,0.467407,0.467407,0.467407,0.467407,,0.968394
2026-07-28T03:50:13+00:00,on-demand,Quadro P4000,5,9,0.047704,0.054444,0.054568,0.055185,0.057037,0.055185,0.990884
2026-07-28T03:50:13+00:00,on-demand,RTX 2060,1,1,0.415556,0.415556,0.415556,0.415556,0.415556,0.415556,0.995073
2026-07-28T03:50:13+00:00,on-demand,RTX 2070S,1,9,0.073498,0.073498,0.073498,0.073498,0.073498,,0.987418
2026-07-28T03:50:13+00:00,on-demand,RTX 2080 Ti,6,17,0.068889,0.080035,0.100583,0.121944,0.811111,0.100583,0.995207
2026-07-28T03:50:13+00:00,on-demand,RTX 2080S,1,1,0.744444,0.744444,0.744444,0.744444,0.744444,0.744444,0.962994
2026-07-28T03:50:13+00:00,on-demand,RTX 3060,12,45,0.032889,0.052852,0.070527,0.103881,0.677778,0.080278,0.994856
2026-07-28T03:50:13+00:00,on-demand,RTX 3060 laptop,4,12,0.026685,0.037505,0.041667,0.057963,0.105185,0.105185,0.998769
2026-07-28T03:50:13+00:00,on-demand,RTX 3070,15,40,0.041111,0.098086,0.107037,0.241185,0.668148,0.101852,0.988117
2026-07-28T03:50:13+00:00,on-demand,RTX 3070 laptop,1,1,0.468889,0.468889,0.468889,0.468889,0.468889,,0.962671
2026-07-28T03:50:13+00:00,on-demand,RTX 3080,13,37,0.061111,0.081111,0.113389,0.148889,0.562222,0.148889,0.995062
2026-07-28T03:50:13+00:00,on-demand,RTX 3080 Ti,5,6,0.082222,0.123704,0.135185,0.154074,0.295556,0.14463,0.994986
2026-07-28T03:50:13+00:00,on-demand,RTX 3090,42,120,0.108,0.148056,0.247222,0.419111,1.187407,0.247778,0.980267
2026-07-28T03:50:13+00:00,on-demand,RTX 3090 Ti,1,1,0.175556,0.175556,0.175556,0.175556,0.175556,,0.993142
2026-07-28T03:50:13+00:00,on-demand,RTX 4000Ada,1,1,0.202222,0.202222,0.202222,0.202222,0.202222,,0.994023
2026-07-28T03:50:13+00:00,on-demand,RTX 4060,6,11,0.060593,0.06113,0.061704,0.063889,0.082222,0.062222,0.995664
2026-07-28T03:50:13+00:00,on-demand,RTX 4060 Ti,3,5,0.081111,0.081667,0.082222,0.113667,0.145111,0.145111,0.973946
2026-07-28T03:50:13+00:00,on-demand,RTX 4070,3,7,0.080556,0.080833,0.081111,0.081667,0.082222,,0.995684
2026-07-28T03:50:13+00:00,on-demand,RTX 4070 Ti,6,11,0.088519,0.093389,0.094333,0.096389,0.162222,0.095741,0.989589
2026-07-28T03:50:13+00:00,on-demand,RTX 4070S,7,20,0.081111,0.081806,0.084815,0.087222,0.108889,0.083611,0.991005
2026-07-28T03:50:13+00:00,on-demand,RTX 4070S Ti,10,26,0.094444,0.12463,0.13757,0.262431,0.267778,0.257917,0.996116
2026-07-28T03:50:13+00:00,on-demand,RTX 4080,6,11,0.121481,0.132481,0.213352,0.265917,0.268889,0.266,0.987435
2026-07-28T03:50:13+00:00,on-demand,RTX 4080S,10,34,0.118148,0.200935,0.207917,0.214583,0.28437,0.256037,0.992943
2026-07-28T03:50:13+00:00,on-demand,RTX 4090,52,160,0.133889,0.306352,0.401019,0.571852,0.894815,0.601852,0.995215
2026-07-28T03:50:13+00:00,on-demand,RTX 4090D,2,2,0.326815,0.412333,0.497852,0.58337,0.668889,0.326815,0.98045
2026-07-28T03:50:13+00:00,on-demand,RTX 5000Ada,4,5,0.375556,0.424722,0.441667,0.512222,0.722222,0.441111,0.995822
2026-07-28T03:50:13+00:00,on-demand,RTX 5060,5,6,0.054815,0.077037,0.081111,0.148889,0.182222,0.12963,0.984186
2026-07-28T03:50:13+00:00,on-demand,RTX 5060 Ti,17,50,0.067963,0.095556,0.128519,0.171556,0.227407,0.16975,0.995788
2026-07-28T03:50:13+00:00,on-demand,RTX 5070,6,11,0.094444,0.096111,0.10137,0.147907,0.176296,0.14063,0.993285
2026-07-28T03:50:13+00:00,on-demand,RTX 5070 Ti,4,8,0.120556,0.130972,0.13463,0.141667,0.162222,0.120556,0.994903
2026-07-28T03:50:13+00:00,on-demand,RTX 5080,15,48,0.133611,0.175,0.20037,0.261204,0.802963,0.261204,0.98638
2026-07-28T03:50:13+00:00,on-demand,RTX 5090,37,100,0.281481,0.440741,0.533358,0.671852,3.615556,0.667991,0.994456
2026-07-28T03:50:13+00:00,on-demand,RTX 5880Ada,4,15,0.453593,0.453787,0.45463,0.483685,0.568519,0.45463,0.997508
2026-07-28T03:50:13+00:00,on-demand,RTX 6000Ada,11,21,0.440556,0.475,0.540741,0.641667,0.681111,0.641481,0.99155
2026-07-28T03:50:13+00:00,on-demand,RTX A2000,4,5,0.034074,0.03563,0.036148,0.150481,0.493481,,0.995171
2026-07-28T03:50:13+00:00,on-demand,RTX A4000,5,35,0.071778,0.093889,0.133468,0.133519,0.150889,0.093889,0.987274
2026-07-28T03:50:13+00:00,on-demand,RTX A4500,1,1,1.274815,1.274815,1.274815,1.274815,1.274815,,0.998011
2026-07-28T03:50:13+00:00,on-demand,RTX A5000,1,2,0.315185,0.315185,0.315185,0.315185,0.315185,0.315185,0.999424
2026-07-28T03:50:13+00:00,on-demand,RTX A6000,4,10,0.373889,0.374028,0.374259,0.384722,0.415556,,0.99024
2026-07-28T03:50:13+00:00,on-demand,RTX PRO 2000,1,1,0.174815,0.174815,0.174815,0.174815,0.174815,,0.964775
2026-07-28T03:50:13+00:00,on-demand,RTX PRO 4000,11,20,0.167778,0.234815,0.261852,0.307685,0.337037,0.292593,0.989081
2026-07-28T03:50:13+00:00,on-demand,RTX PRO 4500,2,2,0.282222,0.285185,0.288148,0.291111,0.294074,0.294074,0.996309
2026-07-28T03:50:13+00:00,on-demand,RTX PRO 5000,14,26,0.37,0.631991,0.66737,0.814907,1.110415,0.667037,0.991584
2026-07-28T03:50:13+00:00,on-demand,RTX PRO 6000 S,16,57,0.774756,1.394444,1.54125,1.683727,1.736296,1.47125,0.99584
2026-07-28T03:50:13+00:00,on-demand,RTX PRO 6000 WS,19,50,0.714074,0.967963,1.334815,1.560972,26.66963,1.351007,0.991509
2026-07-28T03:50:13+00:00,on-demand,Tesla P100,4,8,0.054815,0.074815,0.084444,0.116111,0.202222,0.087407,0.986692
2026-07-28T03:50:13+00:00,on-demand,Tesla P4,1,1,0.023259,0.023259,0.023259,0.023259,0.023259,,0.990373
2026-07-28T03:50:13+00:00,on-demand,Tesla P40,2,6,0.132556,0.132694,0.132833,0.132972,0.133111,0.132833,0.992829
2026-07-28T03:50:13+00:00,on-demand,Tesla T4,2,3,12.000741,12.000926,12.001111,12.001296,12.001481,,0.972398
2026-07-28T03:50:13+00:00,on-demand,Tesla V100,11,27,0.079407,0.1075,0.148148,0.167593,0.268889,0.2175,0.964571
2026-07-28T03:50:13+00:00,on-demand,Titan RTX,1,1,0.147852,0.147852,0.147852,0.147852,0.147852,0.147852,0.96923
2026-07-28T03:50:13+00:00,on-demand,Titan Xp,1,1,0.055556,0.055556,0.055556,0.055556,0.055556,0.055556,0.995982
2026-07-28T03:50:13+00:00,bid,A100 PCIE,16,18,0.134444,0.135556,0.135556,0.464406,0.46963,0.462222,0.995033
2026-07-28T03:50:13+00:00,bid,A100 SXM4,21,35,0.416296,0.668889,0.801333,0.868889,0.936,0.668889,0.991242
2026-07-28T03:50:13+00:00,bid,A800 PCIE,6,11,0.129889,0.130444,0.131,0.131556,0.131556,,0.994222
2026-07-28T03:50:13+00:00,bid,B200,13,53,3.750174,5.559722,5.627083,7.37526,7.377083,5.627083,0.993802
2026-07-28T03:50:13+00:00,bid,B300,3,11,3.751042,3.751562,3.752083,4.376389,5.000694,3.751562,0.974371
2026-07-28T03:50:13+00:00,bid,CMP 170HX,12,35,0.102444,0.176583,0.200833,0.201389,0.202222,,0.75269
2026-07-28T03:50:13+00:00,bid,GTX 1050 Ti,1,1,0.024444,0.024444,0.024444,0.024444,0.024444,,0.966384
2026-07-28T03:50:13+00:00,bid,GTX 1060,3,3,0.014074,0.022593,0.031111,0.04963,0.068148,0.068148,0.9773
2026-07-28T03:50:13+00:00,bid,GTX 1070,2,2,0.015556,0.017778,0.02,0.022222,0.024444,0.024444,0.983278
2026-07-28T03:50:13+00:00,bid,GTX 1080,4,10,0.037037,0.039537,0.040741,0.041389,0.042222,0.041111,0.993562
2026-07-28T03:50:13+00:00,bid,GTX 1080 Ti,8,29,0.040317,0.040694,0.041667,0.053757,0.054444,0.041667,0.995843
2026-07-28T03:50:13+00:00,bid,GTX 1650 S,1,1,0.037778,0.037778,0.037778,0.037778,0.037778,,0.969012
2026-07-28T03:50:13+00:00,bid,GTX 1660,1,1,0.037778,0.037778,0.037778,0.037778,0.037778,,0.977804
2026-07-28T03:50:13+00:00,bid,GTX 1660 S,1,1,0.031111,0.031111,0.031111,0.031111,0.031111,,0.978157
2026-07-28T03:50:13+00:00,bid,GTX 1660 Ti,1,1,0.037778,0.037778,0.037778,0.037778,0.037778,0.037778,0.971051
2026-07-28T03:50:13+00:00,bid,H100 NVL,4,7,0.936,1.216222,1.389185,1.601694,2.000556,1.468278,0.94662
2026-07-28T03:50:13+00:00,bid,H100 PCIE,6,30,0.733482,0.73363,1.03362,1.333819,1.334445,0.73363,0.965791
2026-07-28T03:50:13+00:00,bid,H100 SXM,7,18,0.662222,1.50337,2.005333,2.534167,4.002222,2.533889,0.992257
2026-07-28T03:50:13+00:00,bid,H200,8,34,2.63231,3.734539,3.94778,4.770696,8.026864,3.94778,0.999229
2026-07-28T03:50:13+00:00,bid,H200 NVL,7,11,0.995111,1.603481,2.002222,2.335111,3.211111,2.668,0.9861
2026-07-28T03:50:13+00:00,bid,L4,7,19,0.134074,0.201685,0.267407,0.294296,0.320556,0.267778,0.997949
2026-07-28T03:50:13+00:00,bid,L40,6,9,0.288519,0.468889,0.47,0.471111,0.471111,0.471111,0.985794
2026-07-28T03:50:13+00:00,bid,L40S,22,61,0.200185,0.468981,0.534815,0.539815,0.773889,0.536111,0.997756
2026-07-28T03:50:13+00:00,bid,Q RTX 5000,1,2,0.054074,0.054074,0.054074,0.054074,0.054074,,0.974568
2026-07-28T03:50:13+00:00,bid,Q RTX 8000,1,1,0.018222,0.018222,0.018222,0.018222,0.018222,0.018222,0.997891
2026-07-28T03:50:13+00:00,bid,Quadro GV100,1,1,0.134074,0.134074,0.134074,0.134074,0.134074,,0.968394
2026-07-28T03:50:13+00:00,bid,Quadro P4000,2,3,0.041111,0.041389,0.041667,0.041944,0.042222,,0.885296
2026-07-28T03:50:13+00:00,bid,RTX 2060,2,3,0.031111,0.033611,0.036111,0.038611,0.041111,0.036111,0.985525
2026-07-28T03:50:13+00:00,bid,RTX 2060S,1,1,0.123704,0.123704,0.123704,0.123704,0.123704,0.123704,0.946566
2026-07-28T03:50:13+00:00,bid,RTX 2070S,2,13,0.066831,0.066883,0.066934,0.066986,0.067037,,0.987418
2026-07-28T03:50:13+00:00,bid,RTX 2080 Ti,6,9,0.037778,0.048617,0.08779,0.108056,0.108889,0.107778,0.996186
2026-07-28T03:50:13+00:00,bid,RTX 2080S,1,1,0.046556,0.046556,0.046556,0.046556,0.046556,0.046556,0.962994
2026-07-28T03:50:13+00:00,bid,RTX 3060,14,48,0.024741,0.045491,0.054444,0.102815,0.202222,0.097813,0.991109
2026-07-28T03:50:13+00:00,bid,RTX 3060 laptop,6,16,0.014148,0.015227,0.028231,0.0615,0.101111,0.085148,0.99004
2026-07-28T03:50:13+00:00,bid,RTX 3070,13,25,0.040444,0.068519,0.081111,0.094444,0.246815,0.083389,0.989266
2026-07-28T03:50:13+00:00,bid,RTX 3070 laptop,1,1,0.442222,0.442222,0.442222,0.442222,0.442222,,0.962671
2026-07-28T03:50:13+00:00,bid,RTX 3080,10,24,0.042222,0.067221,0.088111,0.210607,0.495556,0.121185,0.988854
2026-07-28T03:50:13+00:00,bid,RTX 3080 Ti,8,10,0.028889,0.074259,0.098148,0.123222,0.188889,0.110222,0.996581
2026-07-28T03:50:13+00:00,bid,RTX 3090,59,142,0.053778,0.107778,0.134815,0.162963,0.349963,0.148148,0.987914
2026-07-28T03:50:13+00:00,bid,RTX 4000Ada,1,1,0.162222,0.162222,0.162222,0.162222,0.162222,,0.994023
2026-07-28T03:50:13+00:00,bid,RTX 4060,3,4,0.053926,0.054222,0.054519,0.055037,0.055556,0.055556,0.976131
2026-07-28T03:50:13+00:00,bid,RTX 4060 Ti,7,14,0.041111,0.052963,0.075556,0.076333,0.107222,0.065,0.994097
2026-07-28T03:50:13+00:00,bid,RTX 4070,3,4,0.054444,0.065667,0.076889,0.112889,0.148889,0.076889,0.999213
2026-07-28T03:50:13+00:00,bid,RTX 4070 Ti,3,3,0.095556,0.102222,0.108889,0.108889,0.108889,0.108889,0.987255
2026-07-28T03:50:13+00:00,bid,RTX 4070S,8,21,0.054444,0.068634,0.070278,0.072685,0.244444,0.069074,0.991005
2026-07-28T03:50:13+00:00,bid,RTX 4070S Ti,18,42,0.093889,0.095602,0.102963,0.167639,0.201111,0.167222,0.99516
2026-07-28T03:50:13+00:00,bid,RTX 4080,5,10,0.147,0.147333,0.147333,0.169778,0.202222,0.147333,0.989704
2026-07-28T03:50:13+00:00,bid,RTX 4080S,11,28,0.104444,0.187741,0.188741,0.201315,0.240741,0.221222,0.994669
2026-07-28T03:50:13+00:00,bid,RTX 4090,66,169,0.108889,0.207759,0.307778,0.402778,1.005037,0.401111,0.994293
2026-07-28T03:50:13+00:00,bid,RTX 4090D,5,10,0.604556,0.605111,0.605111,0.606222,0.606222,,0.967226
2026-07-28T03:50:13+00:00,bid,RTX 5000Ada,6,8,0.267778,0.268889,0.295,0.321944,0.532142,0.268889,0.997362
2026-07-28T03:50:13+00:00,bid,RTX 5060,4,5,0.054444,0.056944,0.076667,0.108889,0.148889,0.103333,0.995673
2026-07-28T03:50:13+00:00,bid,RTX 5060 Ti,24,63,0.041111,0.080972,0.112074,0.141889,0.159778,0.134815,0.997102
2026-07-28T03:50:13+00:00,bid,RTX 5070,5,6,0.071481,0.080222,0.094444,0.095556,0.14963,0.110556,0.987451
2026-07-28T03:50:13+00:00,bid,RTX 5070 Ti,14,24,0.093889,0.097639,0.108037,0.108889,0.268,0.094444,0.995286
2026-07-28T03:50:13+00:00,bid,RTX 5080,17,38,0.02963,0.093376,0.121852,0.162222,0.241111,0.161111,0.98638
2026-07-28T03:50:13+00:00,bid,RTX 5090,75,231,0.093611,0.194722,0.373704,0.533982,0.907222,0.272593,0.996286
2026-07-28T03:50:13+00:00,bid,RTX 5880Ada,5,7,0.297037,0.297037,0.297037,0.33437,0.33437,0.297037,0.995884
2026-07-28T03:50:13+00:00,bid,RTX 6000Ada,13,23,0.137778,0.387778,0.401111,0.401481,0.775556,0.401111,0.994763
2026-07-28T03:50:13+00:00,bid,RTX A2000,1,1,0.400148,0.400148,0.400148,0.400148,0.400148,,0.994234
2026-07-28T03:50:13+00:00,bid,RTX A4000,10,51,0.013889,0.057389,0.106827,0.107037,0.133556,,0.979292
2026-07-28T03:50:13+00:00,bid,RTX A5000,3,7,0.025556,0.067037,0.108519,0.109444,0.11037,0.108519,0.999424
2026-07-28T03:50:13+00:00,bid,RTX A6000,2,4,0.202593,0.232222,0.261852,0.291481,0.321111,,0.981137
2026-07-28T03:50:13+00:00,bid,RTX PRO 2000,1,2,0.134074,0.134074,0.134074,0.134074,0.134074,,0.964775
2026-07-28T03:50:13+00:00,bid,RTX PRO 4000,11,22,0.067222,0.068111,0.068889,0.237593,0.241481,0.237593,0.983226
2026-07-28T03:50:13+00:00,bid,RTX PRO 4500,1,1,0.068741,0.068741,0.068741,0.068741,0.068741,0.068741,0.997516
2026-07-28T03:50:13+00:00,bid,RTX PRO 5000,22,39,0.135111,0.413704,0.533611,0.66663,0.803704,0.533611,0.991746
2026-07-28T03:50:13+00:00,bid,RTX PRO 6000 S,22,68,0.391822,0.801852,1.067407,1.250556,1.493611,1.062222,0.997249
2026-07-28T03:50:13+00:00,bid,RTX PRO 6000 WS,18,41,0.53463,0.734963,0.801852,1.021944,1.602222,0.98463,0.993484
2026-07-28T03:50:13+00:00,bid,Tesla P100,3,4,0.041481,0.087963,0.134444,0.135,0.135556,0.135,0.987076
2026-07-28T03:50:13+00:00,bid,Tesla P4,1,1,0.011926,0.011926,0.011926,0.011926,0.011926,,0.990373
2026-07-28T03:50:13+00:00,bid,Tesla P40,3,8,0.065889,0.066167,0.066444,0.066444,0.066444,0.066444,0.992829
2026-07-28T03:50:13+00:00,bid,Tesla T4,3,4,3.400741,3.401111,3.401481,3.401481,3.401481,,0.972398
2026-07-28T03:50:13+00:00,bid,Tesla V100,16,38,0.08037,0.12413,0.148056,0.176972,0.241111,0.162222,0.995466
2026-07-28T03:50:13+00:00,bid,Titan RTX,1,1,0.108889,0.108889,0.108889,0.108889,0.108889,0.108889,0.998334
2026-07-28T03:50:13+00:00,bid,Titan Xp,1,1,0.042222,0.042222,0.042222,0.042222,0.042222,0.042222,0.998051
2026-07-28T03:55:14+00:00,on-demand,A100 PCIE,10,15,0.334444,0.629259,0.996087,1.001944,1.537739,0.997739,0.995278
2026-07-28T03:55:14+00:00,on-demand,A100 SXM4,21,48,0.40037,0.853889,1.066944,1.189333,1.623073,1.054806,0.996317
2026-07-28T03:55:14+00:00,on-demand,A10g,1,1,0.121185,0.121185,0.121185,0.121185,0.121185,,0.599993
2026-07-28T03:55:14+00:00,on-demand,A800 PCIE,1,1,0.668889,0.668889,0.668889,0.668889,0.668889,,0.994222
2026-07-28T03:55:14+00:00,on-demand,B200,15,68,5.625174,6.020139,6.238802,7.75026,7.752083,6.238802,0.987637
2026-07-28T03:55:14+00:00,on-demand,B300,5,23,6.25026,6.250521,7.501042,7.502083,8.750694,7.501563,0.992727
2026-07-28T03:55:14+00:00,on-demand,CMP 170HX,7,32,0.121111,0.208981,0.293611,0.294167,0.295556,,0.75269
2026-07-28T03:55:14+00:00,on-demand,GTX 1060,3,4,0.087778,0.088333,0.088889,0.216667,0.344444,0.088333,0.999301
2026-07-28T03:55:14+00:00,on-demand,GTX 1070,2,2,0.202222,0.284444,0.366667,0.448889,0.531111,0.531111,0.983278
2026-07-28T03:55:14+00:00,on-demand,GTX 1070 Ti,1,1,0.050222,0.050222,0.050222,0.050222,0.050222,0.050222,0.987933
2026-07-28T03:55:14+00:00,on-demand,GTX 1080,4,11,0.027778,0.038611,0.045296,0.048556,0.049111,0.048741,0.995088
2026-07-28T03:55:14+00:00,on-demand,GTX 1080 Ti,7,22,0.060317,0.060648,0.061111,0.081389,0.082222,0.060926,0.995843
2026-07-28T03:55:14+00:00,on-demand,GTX 1650 S,1,1,0.677778,0.677778,0.677778,0.677778,0.677778,,0.969012
2026-07-28T03:55:14+00:00,on-demand,GTX 1660 S,1,1,0.451111,0.451111,0.451111,0.451111,0.451111,,0.978157
2026-07-28T03:55:14+00:00,on-demand,H100 NVL,3,6,1.602074,2.135111,2.668148,3.001019,3.333889,3.001019,0.991255
2026-07-28T03:55:14+00:00,on-demand,H100 PCIE,5,26,1.720148,1.720296,2.000278,2.000556,2.001111,1.720222,0.967251
2026-07-28T03:55:14+00:00,on-demand,H100 SXM,7,24,2.470519,3.240556,3.547778,3.893,5.133889,3.547778,0.995991
2026-07-28T03:55:14+00:00,on-demand,H200,9,42,3.934942,3.947825,4.2108,4.211623,7.500548,4.2108,0.999229
2026-07-28T03:55:14+00:00,on-demand,H200 NVL,4,5,3.068889,3.375556,3.706222,4.083556,4.530222,3.934667,0.996215
2026-07-28T03:55:14+00:00,on-demand,L4,4,12,0.202222,0.300889,0.333926,1.084028,3.333889,0.333926,0.984979
2026-07-28T03:55:14+00:00,on-demand,L40,5,10,0.295185,0.297037,0.574444,0.575556,0.577778,0.575556,0.985794
2026-07-28T03:55:14+00:00,on-demand,L40S,13,46,0.40037,0.467037,0.800556,1.067593,1.074074,0.934537,0.996293
2026-07-28T03:55:14+00:00,on-demand,Q RTX 5000,1,2,0.080741,0.080741,0.080741,0.080741,0.080741,,0.974568
2026-07-28T03:55:14+00:00,on-demand,Q RTX 6000,1,2,0.134074,0.134074,0.134074,0.134074,0.134074,0.134074,0.999604
2026-07-28T03:55:14+00:00,on-demand,Q RTX 8000,3,4,0.254074,0.262593,0.271111,0.276,0.280889,0.271111,0.998672
2026-07-28T03:55:14+00:00,on-demand,Quadro GV100,1,1,0.467407,0.467407,0.467407,0.467407,0.467407,,0.968394
2026-07-28T03:55:14+00:00,on-demand,Quadro P4000,3,4,0.054444,0.055,0.055556,0.056296,0.057037,0.057037,0.885296
2026-07-28T03:55:14+00:00,on-demand,RTX 2060,1,1,0.415556,0.415556,0.415556,0.415556,0.415556,0.415556,0.995073
2026-07-28T03:55:14+00:00,on-demand,RTX 2070S,1,9,0.073498,0.073498,0.073498,0.073498,0.073498,,0.987418
2026-07-28T03:55:14+00:00,on-demand,RTX 2080 Ti,7,21,0.068889,0.080039,0.080111,0.121667,0.811111,0.080111,0.994711
2026-07-28T03:55:14+00:00,on-demand,RTX 2080S,1,1,0.744444,0.744444,0.744444,0.744444,0.744444,0.744444,0.962994
2026-07-28T03:55:14+00:00,on-demand,RTX 3060,12,39,0.035556,0.067472,0.076888,0.199615,1.334815,0.154548,0.997126
2026-07-28T03:55:14+00:00,on-demand,RTX 3060 laptop,6,16,0.026685,0.041389,0.053852,0.095259,0.134444,0.105185,0.99785
2026-07-28T03:55:14+00:00,on-demand,RTX 3070,13,34,0.046222,0.081852,0.107037,0.215556,0.668148,0.101204,0.987013
2026-07-28T03:55:14+00:00,on-demand,RTX 3070 laptop,1,1,0.468889,0.468889,0.468889,0.468889,0.468889,,0.962671
2026-07-28T03:55:14+00:00,on-demand,RTX 3080,15,46,0.060278,0.095,0.120278,0.138519,0.562222,0.134815,0.995062
2026-07-28T03:55:14+00:00,on-demand,RTX 3080 Ti,5,6,0.082222,0.082222,0.135185,0.154074,0.295556,0.154074,0.994986
2026-07-28T03:55:14+00:00,on-demand,RTX 3090,39,117,0.109074,0.154148,0.240556,0.335,1.187407,0.227963,0.993975
2026-07-28T03:55:14+00:00,on-demand,RTX 3090 Ti,1,1,0.175556,0.175556,0.175556,0.175556,0.175556,,0.993138
2026-07-28T03:55:14+00:00,on-demand,RTX 4060,5,7,0.060593,0.061185,0.062222,0.064444,0.082222,0.063333,0.994536
2026-07-28T03:55:14+00:00,on-demand,RTX 4060 Ti,4,7,0.081111,0.081944,0.087667,0.106111,0.145111,0.119111,0.985555
2026-07-28T03:55:14+00:00,on-demand,RTX 4070,3,7,0.080556,0.080833,0.081111,0.081667,0.082222,,0.995684
2026-07-28T03:55:14+00:00,on-demand,RTX 4070 Ti,6,11,0.088519,0.091333,0.094333,0.094444,0.162222,0.092407,0.988422
2026-07-28T03:55:14+00:00,on-demand,RTX 4070S,9,29,0.081111,0.082222,0.084815,0.088148,0.094537,0.083611,0.979728
2026-07-28T03:55:14+00:00,on-demand,RTX 4070S Ti,10,23,0.107778,0.121435,0.126296,0.221007,0.266944,0.194237,0.994674
2026-07-28T03:55:14+00:00,on-demand,RTX 4080,5,9,0.122963,0.161037,0.265667,0.266,0.268889,0.266,0.989704
2026-07-28T03:55:14+00:00,on-demand,RTX 4080S,11,34,0.124444,0.200398,0.202074,0.214213,0.28437,0.228741,0.991217
2026-07-28T03:55:14+00:00,on-demand,RTX 4090,55,179,0.133889,0.307907,0.426944,0.638148,1.334815,0.482099,0.994567
2026-07-28T03:55:14+00:00,on-demand,RTX 4090D,3,4,0.328148,0.497963,0.667778,0.668333,0.668889,0.328148,0.967226
2026-07-28T03:55:14+00:00,on-demand,RTX 5000Ada,3,4,0.441111,0.441667,0.442222,0.582222,0.722222,0.441667,0.998223
2026-07-28T03:55:14+00:00,on-demand,RTX 5060,4,4,0.077037,0.080926,0.115556,0.157222,0.182222,0.12963,0.989501
2026-07-28T03:55:14+00:00,on-demand,RTX 5060 Ti,15,36,0.067963,0.084167,0.128519,0.175537,0.228148,0.151519,0.991482
2026-07-28T03:55:14+00:00,on-demand,RTX 5070,6,11,0.094444,0.099574,0.106926,0.109444,0.134444,0.108889,0.993769
2026-07-28T03:55:14+00:00,on-demand,RTX 5070 Ti,9,18,0.111407,0.134444,0.162222,0.200741,0.401333,0.200556,0.994159
2026-07-28T03:55:14+00:00,on-demand,RTX 5080,15,46,0.133611,0.173714,0.176889,0.242407,0.802963,0.267222,0.98638
2026-07-28T03:55:14+00:00,on-demand,RTX 5090,41,111,0.267407,0.427037,0.485926,0.67037,3.615556,0.666944,0.98932
2026-07-28T03:55:14+00:00,on-demand,RTX 5880Ada,4,15,0.453593,0.453787,0.511185,0.568981,0.57037,0.511185,0.996696
2026-07-28T03:55:14+00:00,on-demand,RTX 6000Ada,10,20,0.440556,0.470278,0.558056,0.67213,0.787778,0.662037,0.99486
2026-07-28T03:55:14+00:00,on-demand,RTX A2000,3,4,0.034074,0.035111,0.036148,0.264815,0.493481,,0.995171
2026-07-28T03:55:14+00:00,on-demand,RTX A4000,5,39,0.071778,0.133468,0.133519,0.150889,0.150944,,0.987274
2026-07-28T03:55:14+00:00,on-demand,RTX A4500,1,1,1.274815,1.274815,1.274815,1.274815,1.274815,,0.998011
2026-07-28T03:55:14+00:00,on-demand,RTX A5000,3,7,0.231222,0.272537,0.313852,0.315933,0.318015,0.272537,0.998293
2026-07-28T03:55:14+00:00,on-demand,RTX A6000,4,11,0.299778,0.355361,0.373981,0.374167,0.374444,,0.99024
2026-07-28T03:55:14+00:00,on-demand,RTX PRO 4000,8,16,0.175037,0.211389,0.256,0.324907,0.337037,0.321481,0.994447
2026-07-28T03:55:14+00:00,on-demand,RTX PRO 4500,1,1,0.282222,0.282222,0.282222,0.282222,0.282222,,0.995101
2026-07-28T03:55:14+00:00,on-demand,RTX PRO 5000,13,24,0.373333,0.640185,0.667407,0.841852,1.200207,0.667222,0.991746
2026-07-28T03:55:14+00:00,on-demand,RTX PRO 6000 S,15,48,0.774756,1.502222,1.600556,1.700648,1.736296,1.606944,0.996087
2026-07-28T03:55:14+00:00,on-demand,RTX PRO 6000 WS,19,49,0.848444,0.993981,1.201827,1.627037,26.66963,1.308054,0.983221
2026-07-28T03:55:14+00:00,on-demand,Tesla P100,4,8,0.054815,0.074815,0.084444,0.116111,0.202222,0.087407,0.986692
2026-07-28T03:55:14+00:00,on-demand,Tesla P4,1,1,0.025481,0.025481,0.025481,0.025481,0.025481,,0.991935
2026-07-28T03:55:14+00:00,on-demand,Tesla P40,2,6,0.132556,0.132694,0.132833,0.132972,0.133111,0.132833,0.992829
2026-07-28T03:55:14+00:00,on-demand,Tesla T4,2,3,12.000741,12.000926,12.001111,12.001296,12.001481,,0.972398
2026-07-28T03:55:14+00:00,on-demand,Tesla V100,8,20,0.106944,0.107639,0.138148,0.226611,0.268889,0.267778,0.964571
2026-07-28T03:55:14+00:00,on-demand,Titan RTX,1,1,0.147852,0.147852,0.147852,0.147852,0.147852,0.147852,0.96923
2026-07-28T03:55:14+00:00,on-demand,Titan Xp,1,1,0.055556,0.055556,0.055556,0.055556,0.055556,0.055556,0.99668
2026-07-28T03:55:14+00:00,bid,A100 PCIE,15,17,0.131556,0.135556,0.135556,0.319814,0.46963,0.175222,0.994787
2026-07-28T03:55:14+00:00,bid,A100 SXM4,24,47,0.416296,0.652963,0.801407,0.885333,0.987222,0.674815,0.991956
2026-07-28T03:55:14+00:00,bid,A800 PCIE,6,11,0.129889,0.130444,0.131,0.131556,0.131556,,0.994222
2026-07-28T03:55:14+00:00,bid,B200,14,54,3.750174,5.576128,5.63125,7.000846,7.377083,5.63125,0.995351
2026-07-28T03:55:14+00:00,bid,B300,4,12,3.751042,3.751823,3.752083,4.064236,5.000694,3.752083,0.974371
2026-07-28T03:55:14+00:00,bid,CMP 170HX,13,46,0.102444,0.200278,0.200556,0.201111,0.202222,,0.75269
2026-07-28T03:55:14+00:00,bid,GTX 1050 Ti,1,1,0.024444,0.024444,0.024444,0.024444,0.024444,,0.966384
2026-07-28T03:55:14+00:00,bid,GTX 1060,3,3,0.014074,0.022593,0.031111,0.04963,0.068148,0.068148,0.9773
2026-07-28T03:55:14+00:00,bid,GTX 1070,2,2,0.015556,0.017778,0.02,0.022222,0.024444,0.024444,0.983278
2026-07-28T03:55:14+00:00,bid,GTX 1070 Ti,1,1,0.042222,0.042222,0.042222,0.042222,0.042222,0.042222,0.99721
2026-07-28T03:55:14+00:00,bid,GTX 1080,4,13,0.021111,0.035556,0.040463,0.040694,0.041111,0.040556,0.996444
2026-07-28T03:55:14+00:00,bid,GTX 1080 Ti,7,26,0.040317,0.040833,0.042222,0.053862,0.054444,0.042222,0.994606
2026-07-28T03:55:14+00:00,bid,GTX 1650 S,1,1,0.037778,0.037778,0.037778,0.037778,0.037778,,0.969012
2026-07-28T03:55:14+00:00,bid,GTX 1660,1,1,0.037778,0.037778,0.037778,0.037778,0.037778,,0.977804
2026-07-28T03:55:14+00:00,bid,GTX 1660 S,1,1,0.031111,0.031111,0.031111,0.031111,0.031111,,0.978157
2026-07-28T03:55:14+00:00,bid,GTX 1660 Ti,1,1,0.037778,0.037778,0.037778,0.037778,0.037778,0.037778,0.971051
2026-07-28T03:55:14+00:00,bid,H100 NVL,3,6,0.936,1.20237,1.468741,1.734648,2.000556,1.468278,0.952657
2026-07-28T03:55:14+00:00,bid,H100 PCIE,5,26,0.733482,0.73363,1.333611,1.333889,1.334445,0.733556,0.967251
2026-07-28T03:55:14+00:00,bid,H100 SXM,7,19,1.006519,1.667889,2.533889,3.267778,4.002222,2.534444,0.990693
2026-07-28T03:55:14+00:00,bid,H200,9,36,2.63231,3.817251,3.947643,3.948465,8.026864,3.947643,0.999229
2026-07-28T03:55:14+00:00,bid,H200 NVL,9,13,0.404889,1.335556,1.339555,2.002222,3.211111,2.003778,0.986495
2026-07-28T03:55:14+00:00,bid,L4,7,16,0.134074,0.234833,0.268148,0.294667,0.322222,0.268519,0.997949
2026-07-28T03:55:14+00:00,bid,L40,6,12,0.288519,0.468056,0.468889,0.470556,0.471111,0.468889,0.985794
2026-07-28T03:55:14+00:00,bid,L40S,18,58,0.20037,0.468981,0.536111,0.715394,0.801852,0.540741,0.997756
2026-07-28T03:55:14+00:00,bid,Q RTX 5000,1,2,0.054074,0.054074,0.054074,0.054074,0.054074,,0.974568
2026-07-28T03:55:14+00:00,bid,Q RTX 8000,1,1,0.018222,0.018222,0.018222,0.018222,0.018222,0.018222,0.997891
2026-07-28T03:55:14+00:00,bid,Quadro GV100,1,1,0.134074,0.134074,0.134074,0.134074,0.134074,,0.968394
2026-07-28T03:55:14+00:00,bid,Quadro P4000,2,3,0.03437,0.036056,0.037741,0.039426,0.041111,,0.941271
2026-07-28T03:55:14+00:00,bid,RTX 2060,2,3,0.031111,0.033611,0.036111,0.038611,0.041111,0.036111,0.985525
2026-07-28T03:55:14+00:00,bid,RTX 2060S,1,1,0.123704,0.123704,0.123704,0.123704,0.123704,0.123704,0.946566
2026-07-28T03:55:14+00:00,bid,RTX 2070S,2,17,0.066831,0.066836,0.066842,0.066847,0.066852,,0.987418
2026-07-28T03:55:14+00:00,bid,RTX 2080 Ti,5,6,0.037778,0.070074,0.107778,0.108148,0.108889,0.107963,0.996186
2026-07-28T03:55:14+00:00,bid,RTX 2080S,1,1,0.046556,0.046556,0.046556,0.046556,0.046556,0.046556,0.962994
2026-07-28T03:55:14+00:00,bid,RTX 3060,12,36,0.037778,0.042037,0.056231,0.104981,0.202222,0.089213,0.991954
2026-07-28T03:55:14+00:00,bid,RTX 3060 Ti,1,1,0.268889,0.268889,0.268889,0.268889,0.268889,0.268889,0.993284
2026-07-28T03:55:14+00:00,bid,RTX 3060 laptop,8,20,0.014148,0.033338,0.062889,0.077167,0.101111,0.069185,0.997216
2026-07-28T03:55:14+00:00,bid,RTX 3070,10,24,0.040444,0.048796,0.081296,0.094306,0.246815,0.094167,0.987606
2026-07-28T03:55:14+00:00,bid,RTX 3070 laptop,1,1,0.442222,0.442222,0.442222,0.442222,0.442222,,0.962671
2026-07-28T03:55:14+00:00,bid,RTX 3080,13,36,0.066944,0.068049,0.108148,0.135556,0.495556,0.127241,0.988028
2026-07-28T03:55:14+00:00,bid,RTX 3080 Ti,5,6,0.015556,0.075556,0.107778,0.162222,0.188889,0.162222,0.994986
2026-07-28T03:55:14+00:00,bid,RTX 3090,51,121,0.053778,0.107778,0.134074,0.148889,0.349963,0.147222,0.991537
2026-07-28T03:55:14+00:00,bid,RTX 4000Ada,1,1,0.162222,0.162222,0.162222,0.162222,0.162222,,0.994023
2026-07-28T03:55:14+00:00,bid,RTX 4060,3,4,0.053926,0.054222,0.054519,0.055037,0.055556,0.055556,0.976131
2026-07-28T03:55:14+00:00,bid,RTX 4060 Ti,8,19,0.041111,0.070444,0.092,0.107361,0.107778,0.107222,0.996591
2026-07-28T03:55:14+00:00,bid,RTX 4070,4,6,0.054444,0.071278,0.112333,0.148056,0.148889,0.112333,0.998664
2026-07-28T03:55:14+00:00,bid,RTX 4070 Ti,2,2,0.081481,0.088333,0.095185,0.102037,0.108889,0.108889,0.990093
2026-07-28T03:55:14+00:00,bid,RTX 4070S,9,25,0.06787,0.069074,0.071481,0.076296,0.244444,0.071481,0.991005
2026-07-28T03:55:14+00:00,bid,RTX 4070S Ti,16,42,0.067778,0.097546,0.167083,0.175972,0.202222,0.167778,0.99946
2026-07-28T03:55:14+00:00,bid,RTX 4080,6,11,0.147,0.147333,0.158556,0.194111,0.255556,0.147333,0.989704
2026-07-28T03:55:14+00:00,bid,RTX 4080S,11,31,0.187704,0.187963,0.188889,0.200556,0.240741,0.21463,0.994669
2026-07-28T03:55:14+00:00,bid,RTX 4090,73,211,0.127111,0.231852,0.307222,0.401111,1.005037,0.369426,0.995767
2026-07-28T03:55:14+00:00,bid,RTX 4090D,3,7,0.604556,0.604833,0.605111,0.605667,0.606222,,0.967226
2026-07-28T03:55:14+00:00,bid,RTX 5000Ada,5,7,0.267778,0.268889,0.321111,0.322222,0.532142,0.295,0.996501
2026-07-28T03:55:14+00:00,bid,RTX 5060,4,5,0.054444,0.055278,0.075556,0.108889,0.148889,0.148889,0.983071
2026-07-28T03:55:14+00:00,bid,RTX 5060 Ti,21,51,0.054444,0.080691,0.107222,0.134074,0.154444,0.11437,0.996431
2026-07-28T03:55:14+00:00,bid,RTX 5070,3,4,0.071481,0.082963,0.094444,0.119296,0.144148,0.107815,0.987246
2026-07-28T03:55:14+00:00,bid,RTX 5070 Ti,11,20,0.093889,0.1075,0.107778,0.108889,0.268,0.107778,0.997014
2026-07-28T03:55:14+00:00,bid,RTX 5080,16,35,0.02963,0.093426,0.134741,0.175556,0.202222,0.155333,0.987331
2026-07-28T03:55:14+00:00,bid,RTX 5090,68,196,0.093611,0.202222,0.336111,0.494306,0.907222,0.272593,0.996623
2026-07-28T03:55:14+00:00,bid,RTX 5880Ada,5,7,0.297037,0.297037,0.297037,0.33437,0.33437,0.297037,0.995884
2026-07-28T03:55:14+00:00,bid,RTX 6000Ada,15,29,0.177444,0.394167,0.402222,0.548056,0.775556,0.435,0.994763
2026-07-28T03:55:14+00:00,bid,RTX A2000,1,1,0.400148,0.400148,0.400148,0.400148,0.400148,,0.994234
2026-07-28T03:55:14+00:00,bid,RTX A4000,12,62,0.013889,0.053111,0.106944,0.113759,0.134444,,0.987274
2026-07-28T03:55:14+00:00,bid,RTX A5000,7,16,0.025556,0.109444,0.11037,0.201296,0.230999,0.11037,0.999424
2026-07-28T03:55:14+00:00,bid,RTX A6000,4,8,0.202593,0.277273,0.304972,0.311111,0.321111,,0.97115
2026-07-28T03:55:14+00:00,bid,RTX PRO 2000,1,2,0.134074,0.134074,0.134074,0.134074,0.134074,,0.964775
2026-07-28T03:55:14+00:00,bid,RTX PRO 4000,13,29,0.067222,0.068444,0.167037,0.217037,0.244741,0.217037,0.983226
2026-07-28T03:55:14+00:00,bid,RTX PRO 4500,1,1,0.068741,0.068741,0.068741,0.068741,0.068741,0.068741,0.997516
2026-07-28T03:55:14+00:00,bid,RTX PRO 5000,20,34,0.135926,0.400963,0.533611,0.666815,0.803704,0.533611,0.992213
2026-07-28T03:55:14+00:00,bid,RTX PRO 6000 S,21,59,0.335556,0.800556,1.068148,1.267222,1.493611,1.062222,0.996857
2026-07-28T03:55:14+00:00,bid,RTX PRO 6000 WS,20,44,0.53463,0.668704,0.767815,1.073241,1.337037,1.117963,0.993411
2026-07-28T03:55:14+00:00,bid,Tesla P100,4,5,0.041481,0.111204,0.135,0.135556,0.135556,0.135556,0.987076
2026-07-28T03:55:14+00:00,bid,Tesla P4,1,1,0.011926,0.011926,0.011926,0.011926,0.011926,,0.990373
2026-07-28T03:55:14+00:00,bid,Tesla P40,3,8,0.065889,0.066167,0.066444,0.066444,0.066444,0.066444,0.992829
2026-07-28T03:55:14+00:00,bid,Tesla T4,2,3,3.400741,3.400926,3.401111,3.401296,3.401481,,0.972398
2026-07-28T03:55:14+00:00,bid,Tesla V100,11,24,0.08037,0.114648,0.162222,0.201389,0.242222,0.181389,0.998761
2026-07-28T03:55:14+00:00,bid,Titan RTX,2,2,0.108889,0.115556,0.122222,0.128889,0.135556,0.122222,0.998397
2026-07-28T03:55:14+00:00,bid,Titan Xp,1,1,0.042222,0.042222,0.042222,0.042222,0.042222,0.042222,0.998051
2026-07-28T04:00:14+00:00,on-demand,A100 PCIE,10,21,0.333611,0.392407,0.911291,1.001101,1.537739,0.997739,0.995033
2026-07-28T04:00:14+00:00,on-demand,A100 SXM4,22,56,0.40037,0.79162,1.067083,1.189,1.623073,1.066944,0.995996
2026-07-28T04:00:14+00:00,on-demand,A10g,1,1,0.121185,0.121185,0.121185,0.121185,0.121185,,0.599993
2026-07-28T04:00:14+00:00,on-demand,A800 PCIE,1,1,0.668889,0.668889,0.668889,0.668889,0.668889,,0.994222
2026-07-28T04:00:14+00:00,on-demand,B200,16,70,5.625174,6.104253,6.250651,7.75026,7.752083,6.250651,0.981733
2026-07-28T04:00:14+00:00,on-demand,B300,5,23,6.25026,6.250521,7.501042,7.502083,8.750694,7.501563,0.992727
2026-07-28T04:00:14+00:00,on-demand,CMP 170HX,7,26,0.121111,0.123333,0.293519,0.294167,0.295556,,0.75269
2026-07-28T04:00:14+00:00,on-demand,GTX 1060,3,4,0.087778,0.088333,0.088889,0.216667,0.344444,0.088333,0.999301
2026-07-28T04:00:14+00:00,on-demand,GTX 1070,2,2,0.202222,0.284444,0.366667,0.448889,0.531111,0.531111,0.983278
2026-07-28T04:00:14+00:00,on-demand,GTX 1070 Ti,1,4,0.048556,0.048556,0.048556,0.048556,0.048556,0.048556,0.997332
2026-07-28T04:00:14+00:00,on-demand,GTX 1080,5,12,0.027778,0.042222,0.04837,0.049111,0.050222,0.049111,0.996359
2026-07-28T04:00:14+00:00,on-demand,GTX 1080 Ti,6,18,0.060317,0.060602,0.062926,0.065944,0.082222,0.060741,0.997193
2026-07-28T04:00:14+00:00,on-demand,GTX 1650 S,1,1,0.677778,0.677778,0.677778,0.677778,0.677778,,0.969012
2026-07-28T04:00:14+00:00,on-demand,GTX 1660 S,1,1,0.451111,0.451111,0.451111,0.451111,0.451111,,0.978157
2026-07-28T04:00:14+00:00,on-demand,H100 NVL,3,6,1.602074,2.135111,2.668148,3.001019,3.333889,3.001019,0.991255
2026-07-28T04:00:14+00:00,on-demand,H100 PCIE,5,26,1.720148,1.720296,2.000278,2.000556,2.001111,1.720222,0.967251
2026-07-28T04:00:14+00:00,on-demand,H100 SXM,8,25,1.868889,2.807713,3.5475,3.730056,5.133889,3.5475,0.994124
2026-07-28T04:00:14+00:00,on-demand,H200,9,42,3.81652,3.947825,4.2108,4.211623,8.290022,4.2108,0.999229
2026-07-28T04:00:14+00:00,on-demand,H200 NVL,5,8,2.800741,2.802222,3.477778,3.934667,4.490222,3.934667,0.994975
2026-07-28T04:00:14+00:00,on-demand,L4,5,13,0.202222,0.333778,0.334074,0.335556,3.333889,0.334074,0.997949
2026-07-28T04:00:14+00:00,on-demand,L40,5,10,0.295185,0.297037,0.574444,0.575556,0.577778,0.575556,0.985794
2026-07-28T04:00:14+00:00,on-demand,L40S,14,47,0.40037,0.482685,0.800324,1.001065,1.074074,0.801481,0.996953
2026-07-28T04:00:14+00:00,on-demand,Q RTX 8000,3,4,0.254074,0.254444,0.254815,0.267852,0.280889,0.254815,0.998672
2026-07-28T04:00:14+00:00,on-demand,Quadro GV100,1,1,0.467407,0.467407,0.467407,0.467407,0.467407,,0.968394
2026-07-28T04:00:14+00:00,on-demand,Quadro P4000,3,4,0.047704,0.051074,0.054444,0.055741,0.057037,0.057037,0.990884
2026-07-28T04:00:14+00:00,on-demand,RTX 2060,1,1,0.415556,0.415556,0.415556,0.415556,0.415556,0.415556,0.995073
2026-07-28T04:00:14+00:00,on-demand,RTX 2070S,2,17,0.073498,0.073503,0.073508,0.073513,0.073519,,0.987418
2026-07-28T04:00:14+00:00,on-demand,RTX 2080 Ti,6,20,0.068889,0.080029,0.100571,0.121944,0.811111,0.100571,0.995207
2026-07-28T04:00:14+00:00,on-demand,RTX 2080S,1,1,0.744444,0.744444,0.744444,0.744444,0.744444,0.744444,0.962994
2026-07-28T04:00:14+00:00,on-demand,RTX 3060,10,36,0.036741,0.054722,0.076888,0.29563,1.334815,0.178074,0.992798
2026-07-28T04:00:14+00:00,on-demand,RTX 3060 Ti,1,1,0.399556,0.399556,0.399556,0.399556,0.399556,0.399556,0.993284
2026-07-28T04:00:14+00:00,on-demand,RTX 3060 laptop,6,15,0.026685,0.041389,0.053852,0.068593,0.105185,0.06963,0.998314
2026-07-28T04:00:14+00:00,on-demand,RTX 3070,14,37,0.046222,0.103125,0.120648,0.254,0.668148,0.134537,0.988139
2026-07-28T04:00:14+00:00,on-demand,RTX 3070 laptop,1,1,0.468889,0.468889,0.468889,0.468889,0.468889,,0.962671
2026-07-28T04:00:14+00:00,on-demand,RTX 3080,14,39,0.074815,0.088889,0.1135,0.141944,0.562222,0.141111,0.993865
2026-07-28T04:00:14+00:00,on-demand,RTX 3080 Ti,6,7,0.068889,0.090278,0.118333,0.157222,0.295556,0.145556,0.992333
2026-07-28T04:00:14+00:00,on-demand,RTX 3090,42,124,0.116296,0.138889,0.227963,0.335278,1.187407,0.247778,0.989406
2026-07-28T04:00:14+00:00,on-demand,RTX 3090 Ti,1,1,0.175556,0.175556,0.175556,0.175556,0.175556,,0.993138
2026-07-28T04:00:14+00:00,on-demand,RTX 4060,5,7,0.060593,0.061185,0.061481,0.064444,0.082222,0.062963,0.994536
2026-07-28T04:00:14+00:00,on-demand,RTX 4060 Ti,4,7,0.081111,0.081667,0.082037,0.097944,0.145111,0.113481,0.984076
2026-07-28T04:00:14+00:00,on-demand,RTX 4070,3,7,0.080556,0.080833,0.081111,0.081667,0.082222,,0.995684
2026-07-28T04:00:14+00:00,on-demand,RTX 4070 Ti,6,11,0.093111,0.094278,0.095,0.102222,0.202222,0.1,0.986583
2026-07-28T04:00:14+00:00,on-demand,RTX 4070S,9,33,0.081111,0.084815,0.088148,0.093889,0.095741,0.088704,0.97963
2026-07-28T04:00:14+00:00,on-demand,RTX 4070S Ti,9,25,0.108148,0.122407,0.147778,0.266944,0.268889,0.266944,0.996101
2026-07-28T04:00:14+00:00,on-demand,RTX 4080,4,9,0.121481,0.151148,0.213352,0.26575,0.266,0.265833,0.987435
2026-07-28T04:00:14+00:00,on-demand,RTX 4080S,11,38,0.147778,0.200417,0.202222,0.21375,0.284741,0.243296,0.991217
2026-07-28T04:00:14+00:00,on-demand,RTX 4090,51,163,0.133889,0.316204,0.428889,0.67037,1.334815,0.635741,0.995667
2026-07-28T04:00:14+00:00,on-demand,RTX 4090D,1,1,0.668889,0.668889,0.668889,0.668889,0.668889,,0.967226
2026-07-28T04:00:14+00:00,on-demand,RTX 5000Ada,3,4,0.427778,0.428333,0.428889,0.575556,0.722222,0.428333,0.996501
2026-07-28T04:00:14+00:00,on-demand,RTX 5060,4,4,0.054815,0.07037,0.112222,0.157222,0.182222,0.128889,0.988137
2026-07-28T04:00:14+00:00,on-demand,RTX 5060 Ti,17,41,0.067963,0.086222,0.134815,0.173926,0.228148,0.161037,0.996857
2026-07-28T04:00:14+00:00,on-demand,RTX 5070,10,16,0.094444,0.105204,0.11537,0.161944,1.015556,0.133519,0.993769
2026-07-28T04:00:14+00:00,on-demand,RTX 5070 Ti,6,10,0.111407,0.13463,0.148333,0.162037,0.163704,0.149444,0.99567
2026-07-28T04:00:14+00:00,on-demand,RTX 5080,16,46,0.122963,0.165249,0.187741,0.218333,0.802963,0.213704,0.99084
2026-07-28T04:00:14+00:00,on-demand,RTX 5090,43,123,0.200741,0.42125,0.472556,0.668963,3.615556,0.667991,0.98932
2026-07-28T04:00:14+00:00,on-demand,RTX 5880Ada,4,15,0.453593,0.453787,0.511185,0.568981,0.57037,0.511185,0.996696
2026-07-28T04:00:14+00:00,on-demand,RTX 6000Ada,8,16,0.440556,0.475278,0.588241,0.650074,0.787778,0.643704,0.99155
2026-07-28T04:00:14+00:00,on-demand,RTX A2000,4,5,0.034074,0.03563,0.036148,0.150481,0.493481,,0.995171
2026-07-28T04:00:14+00:00,on-demand,RTX A4000,3,29,0.133468,0.140873,0.148278,0.149583,0.150889,,0.987274
2026-07-28T04:00:14+00:00,on-demand,RTX A4500,1,1,1.274815,1.274815,1.274815,1.274815,1.274815,,0.998011
2026-07-28T04:00:14+00:00,on-demand,RTX A5000,1,2,0.311185,0.311185,0.311185,0.311185,0.311185,0.311185,0.999424
2026-07-28T04:00:14+00:00,on-demand,RTX A6000,4,10,0.373889,0.374028,0.374259,0.398056,0.468889,,0.99024
2026-07-28T04:00:14+00:00,on-demand,RTX PRO 4000,10,19,0.175222,0.24176,0.258741,0.314583,0.337037,0.292593,0.987602
2026-07-28T04:00:14+00:00,on-demand,RTX PRO 4500,2,2,0.282222,0.285185,0.288148,0.291111,0.294074,0.294074,0.996309
2026-07-28T04:00:14+00:00,on-demand,RTX PRO 5000,12,23,0.373333,0.640324,0.667778,0.842315,1.200948,0.667407,0.991665
2026-07-28T04:00:14+00:00,on-demand,RTX PRO 6000 S,14,54,1.267222,1.533611,1.54125,1.717292,1.736296,1.606944,0.996292
2026-07-28T04:00:14+00:00,on-demand,RTX PRO 6000 WS,19,50,0.802222,1.001667,1.201852,1.627037,26.66963,1.308067,0.983221
2026-07-28T04:00:14+00:00,on-demand,Tesla P100,4,8,0.054815,0.074815,0.084444,0.116111,0.202222,0.087407,0.986692
2026-07-28T04:00:14+00:00,on-demand,Tesla P4,1,1,0.023259,0.023259,0.023259,0.023259,0.023259,,0.990373
2026-07-28T04:00:14+00:00,on-demand,Tesla P40,2,6,0.132556,0.132694,0.132833,0.132972,0.133111,0.132833,0.992829
2026-07-28T04:00:14+00:00,on-demand,Tesla T4,2,3,12.000741,12.000926,12.001111,12.001296,12.001481,,0.972398
2026-07-28T04:00:14+00:00,on-demand,Tesla V100,11,31,0.079037,0.1075,0.147407,0.217315,0.268889,0.267222,0.984785
2026-07-28T04:00:14+00:00,on-demand,Titan RTX,1,1,0.162222,0.162222,0.162222,0.162222,0.162222,0.162222,0.998461
2026-07-28T04:00:14+00:00,on-demand,Titan Xp,1,1,0.055556,0.055556,0.055556,0.055556,0.055556,0.055556,0.995982
2026-07-28T04:00:14+00:00,bid,A100 PCIE,12,14,0.134444,0.135556,0.155389,0.462768,0.46963,0.462222,0.995278
2026-07-28T04:00:14+00:00,bid,A100 SXM4,23,47,0.416296,0.780648,0.802222,0.916074,0.987222,0.801481,0.991956
2026-07-28T04:00:14+00:00,bid,A800 PCIE,6,11,0.129889,0.130444,0.131,0.131556,0.131556,,0.994222
2026-07-28T04:00:14+00:00,bid,B200,13,53,3.750174,5.559722,5.627083,7.37526,7.377083,5.627083,0.993802
2026-07-28T04:00:14+00:00,bid,B300,4,12,3.751042,3.751823,3.752083,4.064236,5.000694,3.752083,0.974371
2026-07-28T04:00:14+00:00,bid,CMP 170HX,11,28,0.102444,0.153028,0.201111,0.201667,0.202222,,0.75269
2026-07-28T04:00:14+00:00,bid,GTX 1050 Ti,1,1,0.024444,0.024444,0.024444,0.024444,0.024444,,0.966384
2026-07-28T04:00:14+00:00,bid,GTX 1060,3,3,0.014074,0.022593,0.031111,0.04963,0.068148,0.068148,0.9773
2026-07-28T04:00:14+00:00,bid,GTX 1070,2,2,0.015556,0.017778,0.02,0.022222,0.024444,0.024444,0.983278
2026-07-28T04:00:14+00:00,bid,GTX 1070 Ti,1,4,0.040556,0.040556,0.040556,0.040556,0.040556,0.040556,0.997332
2026-07-28T04:00:14+00:00,bid,GTX 1080,4,10,0.037037,0.039537,0.040741,0.041389,0.042222,0.041111,0.993562
2026-07-28T04:00:14+00:00,bid,GTX 1080 Ti,7,27,0.040317,0.040648,0.041111,0.047937,0.054074,0.041111,0.995843
2026-07-28T04:00:14+00:00,bid,GTX 1650 S,1,1,0.037778,0.037778,0.037778,0.037778,0.037778,,0.969012
2026-07-28T04:00:14+00:00,bid,GTX 1660 S,1,1,0.031111,0.031111,0.031111,0.031111,0.031111,,0.978157
2026-07-28T04:00:14+00:00,bid,GTX 1660 Ti,2,3,0.037778,0.042222,0.046667,0.051111,0.055556,0.046667,0.981898
2026-07-28T04:00:14+00:00,bid,H100 NVL,4,7,0.936,1.216222,1.389185,1.601694,2.000556,1.468278,0.94662
2026-07-28T04:00:14+00:00,bid,H100 PCIE,6,30,0.733482,0.73363,1.03362,1.333819,1.334445,0.73363,0.965791
2026-07-28T04:00:14+00:00,bid,H100 SXM,7,19,0.936296,0.971407,2.000222,2.534167,2.534444,2.533889,0.992257
2026-07-28T04:00:14+00:00,bid,H200,8,34,2.63231,3.81716,3.88295,4.868969,8.026864,3.88295,0.999391
2026-07-28T04:00:14+00:00,bid,H200 NVL,8,12,0.404889,1.250444,1.603481,2.168667,3.211111,2.668,0.986297
2026-07-28T04:00:14+00:00,bid,L4,9,22,0.134815,0.201889,0.267778,0.320556,0.322222,0.294111,0.998158
2026-07-28T04:00:14+00:00,bid,L40,7,13,0.288519,0.468333,0.468889,0.471111,0.471111,0.47,0.985794
2026-07-28T04:00:14+00:00,bid,L40S,18,55,0.20037,0.384352,0.535,0.540741,0.774815,0.538889,0.99875
2026-07-28T04:00:14+00:00,bid,Q RTX 5000,1,2,0.054074,0.054074,0.054074,0.054074,0.054074,,0.974568
2026-07-28T04:00:14+00:00,bid,Q RTX 8000,1,1,0.018222,0.018222,0.018222,0.018222,0.018222,0.018222,0.997891
2026-07-28T04:00:14+00:00,bid,Quadro GV100,1,1,0.134074,0.134074,0.134074,0.134074,0.134074,,0.968394
2026-07-28T04:00:14+00:00,bid,Quadro P4000,2,3,0.03437,0.036056,0.037741,0.039426,0.041111,,0.941271
2026-07-28T04:00:14+00:00,bid,RTX 2060,3,4,0.031111,0.036111,0.041111,0.188333,0.335556,0.041111,0.99298
2026-07-28T04:00:14+00:00,bid,RTX 2060S,1,1,0.123704,0.123704,0.123704,0.123704,0.123704,0.123704,0.946566
2026-07-28T04:00:14+00:00,bid,RTX 2070S,1,9,0.066831,0.066831,0.066831,0.066831,0.066831,,0.987418
2026-07-28T04:00:14+00:00,bid,RTX 2080 Ti,4,5,0.037778,0.062,0.088926,0.10787,0.108148,0.107778,0.996798
2026-07-28T04:00:14+00:00,bid,RTX 2080S,1,1,0.046556,0.046556,0.046556,0.046556,0.046556,0.046556,0.962994
2026-07-28T04:00:14+00:00,bid,RTX 3060,11,30,0.025111,0.039444,0.045481,0.08488,0.202222,0.10088,0.991109
2026-07-28T04:00:14+00:00,bid,RTX 3060 laptop,5,15,0.014148,0.018019,0.038444,0.058815,0.069185,0.064,0.998769
2026-07-28T04:00:14+00:00,bid,RTX 3070,13,27,0.040444,0.042222,0.07037,0.094444,0.246815,0.093889,0.995618
2026-07-28T04:00:14+00:00,bid,RTX 3070 Ti,1,2,0.054444,0.054444,0.054444,0.054444,0.054444,,0.996716
2026-07-28T04:00:14+00:00,bid,RTX 3070 laptop,1,1,0.442222,0.442222,0.442222,0.442222,0.442222,,0.962671
2026-07-28T04:00:14+00:00,bid,RTX 3080,9,24,0.066944,0.081111,0.108148,0.240415,0.495556,0.133889,0.99326
2026-07-28T04:00:14+00:00,bid,RTX 3080 Ti,7,10,0.015556,0.092222,0.107407,0.121667,0.188889,0.121667,0.996331
2026-07-28T04:00:14+00:00,bid,RTX 3090,54,129,0.053778,0.107778,0.134074,0.148889,0.349963,0.147222,0.987664
2026-07-28T04:00:14+00:00,bid,RTX 4000Ada,1,1,0.162222,0.162222,0.162222,0.162222,0.162222,,0.994023
2026-07-28T04:00:14+00:00,bid,RTX 4060,3,5,0.053926,0.054185,0.054444,0.054481,0.054519,0.054444,0.976131
2026-07-28T04:00:14+00:00,bid,RTX 4060 Ti,6,12,0.041111,0.050611,0.076333,0.099639,0.107778,0.1075,0.997803
2026-07-28T04:00:14+00:00,bid,RTX 4070,5,10,0.036222,0.067259,0.075778,0.147778,0.148889,0.075778,0.998096
2026-07-28T04:00:14+00:00,bid,RTX 4070 Ti,2,2,0.108889,0.108889,0.108889,0.108889,0.108889,0.108889,0.985416
2026-07-28T04:00:14+00:00,bid,RTX 4070S,9,24,0.06787,0.069074,0.071481,0.076296,0.244444,0.071481,0.991005
2026-07-28T04:00:14+00:00,bid,RTX 4070S Ti,14,33,0.094444,0.096343,0.150954,0.167778,0.202222,0.1675,0.999339
2026-07-28T04:00:14+00:00,bid,RTX 4080,6,11,0.147,0.147333,0.158556,0.194111,0.255556,0.147333,0.989704
2026-07-28T04:00:14+00:00,bid,RTX 4080S,11,26,0.068148,0.187926,0.188889,0.201315,0.240741,0.221222,0.994669
2026-07-28T04:00:14+00:00,bid,RTX 4090,63,193,0.108889,0.192593,0.294222,0.402037,1.005037,0.313833,0.995201
2026-07-28T04:00:14+00:00,bid,RTX 4090D,3,7,0.604556,0.604833,0.605111,0.605667,0.606222,,0.967226
2026-07-28T04:00:14+00:00,bid,RTX 5000Ada,6,8,0.267778,0.268889,0.295,0.321944,0.532142,0.268889,0.997362
2026-07-28T04:00:14+00:00,bid,RTX 5060,5,6,0.054444,0.055556,0.063556,0.095556,0.148889,0.106222,0.984186
2026-07-28T04:00:14+00:00,bid,RTX 5060 Ti,17,37,0.041111,0.071111,0.107037,0.134074,0.159556,0.103778,0.997573
2026-07-28T04:00:14+00:00,bid,RTX 5070,7,8,0.015556,0.062222,0.094444,0.108889,0.162222,0.142222,0.970594
2026-07-28T04:00:14+00:00,bid,RTX 5070 Ti,13,24,0.082222,0.094444,0.107222,0.107778,0.183704,0.094444,0.996133
2026-07-28T04:00:14+00:00,bid,RTX 5080,16,34,0.02963,0.090772,0.147463,0.18167,0.254815,0.175556,0.99084
2026-07-28T04:00:14+00:00,bid,RTX 5090,75,236,0.093611,0.205556,0.34,0.464265,0.907222,0.272593,0.996873
2026-07-28T04:00:14+00:00,bid,RTX 5880Ada,5,7,0.297037,0.297037,0.297037,0.33437,0.33437,0.297037,0.995884
2026-07-28T04:00:14+00:00,bid,RTX 6000Ada,13,23,0.139259,0.387778,0.401111,0.402519,0.775556,0.401111,0.993635
2026-07-28T04:00:14+00:00,bid,RTX A2000,1,1,0.400148,0.400148,0.400148,0.400148,0.400148,,0.994234
2026-07-28T04:00:14+00:00,bid,RTX A4000,12,63,0.013889,0.046306,0.106827,0.107068,0.133611,,0.987274
2026-07-28T04:00:14+00:00,bid,RTX A5000,4,8,0.025556,0.087778,0.109444,0.133148,0.201481,0.108519,0.997924
2026-07-28T04:00:14+00:00,bid,RTX A6000,1,2,0.321111,0.321111,0.321111,0.321111,0.321111,,0.970931
2026-07-28T04:00:14+00:00,bid,RTX PRO 2000,1,2,0.134074,0.134074,0.134074,0.134074,0.134074,,0.964775
2026-07-28T04:00:14+00:00,bid,RTX PRO 4000,17,45,0.067222,0.068889,0.167222,0.240494,0.244741,0.240494,0.983226
2026-07-28T04:00:14+00:00,bid,RTX PRO 4500,1,1,0.068741,0.068741,0.068741,0.068741,0.068741,0.068741,0.997516
2026-07-28T04:00:14+00:00,bid,RTX PRO 5000,18,33,0.135111,0.457546,0.533611,0.650111,0.803704,0.533611,0.991665
2026-07-28T04:00:14+00:00,bid,RTX PRO 6000 S,21,62,0.354111,1.055555,1.06963,1.266944,1.493611,1.067407,0.996857
2026-07-28T04:00:14+00:00,bid,RTX PRO 6000 WS,20,40,0.53463,0.636296,0.93,1.055093,1.602222,1.028519,0.97991
2026-07-28T04:00:14+00:00,bid,Tesla P100,4,5,0.041481,0.111204,0.135,0.135556,0.135556,0.135556,0.987076
2026-07-28T04:00:14+00:00,bid,Tesla P4,1,1,0.011926,0.011926,0.011926,0.011926,0.011926,,0.990373
2026-07-28T04:00:14+00:00,bid,Tesla P40,3,8,0.065889,0.066167,0.066444,0.066444,0.066444,0.066444,0.992829
2026-07-28T04:00:14+00:00,bid,Tesla T4,3,4,3.400741,3.401111,3.401481,3.401481,3.401481,,0.972398
2026-07-28T04:00:14+00:00,bid,Tesla V100,10,23,0.08037,0.104981,0.147685,0.162222,0.240556,0.162222,0.995466
2026-07-28T04:00:14+00:00,bid,Titan RTX,1,1,0.108889,0.108889,0.108889,0.108889,0.108889,0.108889,0.998334
2026-07-28T04:00:14+00:00,bid,Titan Xp,1,1,0.055556,0.055556,0.055556,0.055556,0.055556,0.055556,0.994556
2026-07-28T04:05:12+00:00,on-demand,A100 PCIE,11,26,0.333611,0.335,0.994435,1.001667,1.537739,0.999981,0.994787
2026-07-28T04:05:12+00:00,on-demand,A100 SXM4,24,62,0.40037,0.865,1.068667,1.226898,1.623073,1.067083,0.993231
2026-07-28T04:05:12+00:00,on-demand,A10g,1,1,0.121185,0.121185,0.121185,0.121185,0.121185,,0.599993
2026-07-28T04:05:12+00:00,on-demand,A800 PCIE,3,7,0.667222,0.6675,0.667778,0.668333,0.668889,,0.994222
2026-07-28T04:05:12+00:00,on-demand,B200,13,39,5.625174,5.872917,6.238802,6.497917,7.752083,6.238802,0.993802
2026-07-28T04:05:12+00:00,on-demand,B300,5,23,6.25026,6.250521,7.501042,7.502083,8.750694,7.501563,0.992727
2026-07-28T04:05:12+00:00,on-demand,CMP 170HX,5,16,0.124444,0.293611,0.293889,0.294444,0.295556,,0.75269
2026-07-28T04:05:12+00:00,on-demand,GTX 1050 Ti,1,1,0.611111,0.611111,0.611111,0.611111,0.611111,,0.966384
2026-07-28T04:05:12+00:00,on-demand,GTX 1060,3,4,0.087778,0.088333,0.088889,0.216667,0.344444,0.088333,0.999301
2026-07-28T04:05:12+00:00,on-demand,GTX 1070,2,2,0.202222,0.284444,0.366667,0.448889,0.531111,0.531111,0.983278
2026-07-28T04:05:12+00:00,on-demand,GTX 1070 Ti,1,1,0.050222,0.050222,0.050222,0.050222,0.050222,0.050222,0.987933
2026-07-28T04:05:12+00:00,on-demand,GTX 1080,5,15,0.027778,0.027778,0.04837,0.048556,0.049111,0.048556,0.996768
2026-07-28T04:05:12+00:00,on-demand,GTX 1080 Ti,8,28,0.060317,0.060694,0.061667,0.080423,0.082222,0.061111,0.995875
2026-07-28T04:05:12+00:00,on-demand,GTX 1650 S,1,1,0.677778,0.677778,0.677778,0.677778,0.677778,,0.969012
2026-07-28T04:05:12+00:00,on-demand,GTX 1660 S,1,1,0.451111,0.451111,0.451111,0.451111,0.451111,,0.978157
2026-07-28T04:05:12+00:00,on-demand,GTX 1660 Ti,2,3,0.068889,0.204444,0.34,0.475556,0.611111,0.34,0.981898
2026-07-28T04:05:12+00:00,on-demand,H100 NVL,3,6,1.336296,2.002222,2.668148,3.001019,3.333889,3.001019,0.991255
2026-07-28T04:05:12+00:00,on-demand,H100 PCIE,5,26,1.720148,1.720296,2.000278,2.000556,2.001111,1.720222,0.967251
2026-07-28T04:05:12+00:00,on-demand,H100 SXM,8,20,1.734444,2.242444,3.240833,3.721389,6.528889,3.240833,0.994124
2026-07-28T04:05:12+00:00,on-demand,H200,7,26,3.81652,4.007858,4.08114,4.210938,7.30318,4.08114,0.999229
2026-07-28T04:05:12+00:00,on-demand,H200 NVL,6,10,2.800741,3.135278,3.406111,3.820444,4.788444,3.934667,0.990537
2026-07-28T04:05:12+00:00,on-demand,L4,5,12,0.202222,0.333889,0.334074,0.335556,3.333889,0.334074,0.997838
2026-07-28T04:05:12+00:00,on-demand,L40,5,10,0.295185,0.297037,0.574444,0.575556,0.577778,0.575556,0.985794
2026-07-28T04:05:12+00:00,on-demand,L40S,9,40,0.400741,0.467037,0.80037,1.067593,1.074074,0.934167,0.996953
2026-07-28T04:05:12+00:00,on-demand,Q RTX 8000,3,4,0.254074,0.254444,0.254815,0.267852,0.280889,0.254815,0.998672
2026-07-28T04:05:12+00:00,on-demand,Quadro GV100,1,1,0.467407,0.467407,0.467407,0.467407,0.467407,,0.968394
2026-07-28T04:05:12+00:00,on-demand,Quadro P4000,4,7,0.047704,0.052759,0.054506,0.055185,0.057037,0.055802,0.990884
2026-07-28T04:05:12+00:00,on-demand,RTX 2060,1,1,0.411111,0.411111,0.411111,0.411111,0.411111,0.411111,0.97807
2026-07-28T04:05:12+00:00,on-demand,RTX 2070S,1,8,0.073519,0.073519,0.073519,0.073519,0.073519,,0.987418
2026-07-28T04:05:12+00:00,on-demand,RTX 2080 Ti,6,25,0.068889,0.080025,0.080044,0.110847,0.136148,0.080056,0.995207
2026-07-28T04:05:12+00:00,on-demand,RTX 2080S,1,1,0.744444,0.744444,0.744444,0.744444,0.744444,0.744444,0.962994
2026-07-28T04:05:12+00:00,on-demand,RTX 3060,12,46,0.036741,0.054213,0.070638,0.351667,1.335556,0.207546,0.992798
2026-07-28T04:05:12+00:00,on-demand,RTX 3060 laptop,5,14,0.026685,0.041111,0.042222,0.065481,0.105185,0.085333,0.998769
2026-07-28T04:05:12+00:00,on-demand,RTX 3070,14,40,0.041111,0.079722,0.106991,0.136296,0.66716,0.134074,0.993624
2026-07-28T04:05:12+00:00,on-demand,RTX 3070 laptop,1,1,0.468889,0.468889,0.468889,0.468889,0.468889,,0.962671
2026-07-28T04:05:12+00:00,on-demand,RTX 3080,15,42,0.060222,0.095556,0.113556,0.144352,0.562222,0.140556,0.993865
2026-07-28T04:05:12+00:00,on-demand,RTX 3080 Ti,8,11,0.068889,0.117222,0.13463,0.135556,0.295556,0.135185,0.99576
2026-07-28T04:05:12+00:00,on-demand,RTX 3090,43,124,0.094444,0.135556,0.201259,0.391259,1.336296,0.247778,0.986674
2026-07-28T04:05:12+00:00,on-demand,RTX 3090 Ti,1,1,0.175556,0.175556,0.175556,0.175556,0.175556,,0.993138
2026-07-28T04:05:12+00:00,on-demand,RTX 4060,8,20,0.060556,0.060981,0.061704,0.068889,2.677778,0.061667,0.995392
2026-07-28T04:05:12+00:00,on-demand,RTX 4060 Ti,6,12,0.067778,0.081389,0.082963,0.111481,0.144556,0.120741,0.994061
2026-07-28T04:05:12+00:00,on-demand,RTX 4070,3,7,0.080556,0.080833,0.081111,0.081667,0.082222,,0.995684
2026-07-28T04:05:12+00:00,on-demand,RTX 4070 Ti,6,11,0.093111,0.093972,0.094889,0.096667,0.162222,0.097037,0.988422
2026-07-28T04:05:12+00:00,on-demand,RTX 4070S,11,43,0.081111,0.082315,0.083704,0.087222,0.094537,0.083056,0.97963
2026-07-28T04:05:12+00:00,on-demand,RTX 4070S Ti,11,31,0.067778,0.121481,0.12963,0.248056,0.267778,0.248889,0.99516
2026-07-28T04:05:12+00:00,on-demand,RTX 4080,6,11,0.121481,0.132481,0.213352,0.265917,0.268889,0.266,0.987435
2026-07-28T04:05:12+00:00,on-demand,RTX 4080S,11,34,0.162222,0.201074,0.202222,0.221315,0.284741,0.28437,0.991217
2026-07-28T04:05:12+00:00,on-demand,RTX 4090,54,165,0.133889,0.306537,0.401389,0.653519,1.337037,0.582778,0.996081
2026-07-28T04:05:12+00:00,on-demand,RTX 4090D,3,7,0.667222,0.6675,0.667778,0.668333,0.668889,,0.967226
2026-07-28T04:05:12+00:00,on-demand,RTX 5000Ada,3,4,0.427778,0.435,0.442222,0.582222,0.722222,0.435,0.996501
2026-07-28T04:05:12+00:00,on-demand,RTX 5060,4,4,0.075556,0.076667,0.106296,0.147222,0.182222,0.12963,0.995645
2026-07-28T04:05:12+00:00,on-demand,RTX 5060 Ti,17,49,0.071852,0.087778,0.094444,0.137037,0.227407,0.128519,0.993285
2026-07-28T04:05:12+00:00,on-demand,RTX 5060 laptop,1,1,0.135556,0.135556,0.135556,0.135556,0.135556,,0.970588
2026-07-28T04:05:12+00:00,on-demand,RTX 5070,10,16,0.094444,0.099574,0.107778,0.131944,1.015556,0.105926,0.993684
2026-07-28T04:05:12+00:00,on-demand,RTX 5070 Ti,6,12,0.134444,0.135556,0.148056,0.190972,0.201481,0.201111,0.995328
2026-07-28T04:05:12+00:00,on-demand,RTX 5080,17,48,0.122963,0.140042,0.174444,0.201111,0.267222,0.222407,0.978676
2026-07-28T04:05:12+00:00,on-demand,RTX 5090,43,137,0.267407,0.458618,0.667222,0.828278,3.614444,0.67037,0.99379
2026-07-28T04:05:12+00:00,on-demand,RTX 5880Ada,4,15,0.453593,0.453787,0.511185,0.568981,0.57037,0.511185,0.996696
2026-07-28T04:05:12+00:00,on-demand,RTX 6000Ada,8,17,0.440556,0.464111,0.539407,0.640602,0.669185,0.640556,0.997874
2026-07-28T04:05:12+00:00,on-demand,RTX A2000,4,5,0.034074,0.03563,0.036148,0.150481,0.493481,,0.995171
2026-07-28T04:05:12+00:00,on-demand,RTX A4000,5,34,0.133468,0.133827,0.146944,0.147778,0.153556,,0.987274
2026-07-28T04:05:12+00:00,on-demand,RTX A5000,1,2,0.309852,0.309852,0.309852,0.309852,0.309852,0.309852,0.999424
2026-07-28T04:05:12+00:00,on-demand,RTX A6000,4,16,0.373651,0.373829,0.373981,0.374167,0.374444,,0.99024
2026-07-28T04:05:12+00:00,on-demand,RTX PRO 2000,1,1,0.174815,0.174815,0.174815,0.174815,0.174815,,0.964775
2026-07-28T04:05:12+00:00,on-demand,RTX PRO 4000,11,22,0.201111,0.234111,0.293889,0.321111,0.337037,0.321111,0.989081
2026-07-28T04:05:12+00:00,on-demand,RTX PRO 4500,2,2,0.282222,0.285185,0.288148,0.291111,0.294074,0.294074,0.996309
2026-07-28T04:05:12+00:00,on-demand,RTX PRO 5000,11,22,0.37,0.640278,0.709259,0.842778,1.110415,0.688241,0.991584
2026-07-28T04:05:12+00:00,on-demand,RTX PRO 6000 S,16,52,0.774756,1.319444,1.573611,1.683935,1.736296,1.546944,0.997153
2026-07-28T04:05:12+00:00,on-demand,RTX PRO 6000 WS,18,49,0.867481,1.061176,1.434722,1.647106,26.66963,1.460972,0.983915
2026-07-28T04:05:12+00:00,on-demand,Tesla P100,4,6,0.054815,0.074815,0.141296,0.201389,0.202222,0.201111,0.987076
2026-07-28T04:05:12+00:00,on-demand,Tesla P4,1,1,0.025481,0.025481,0.025481,0.025481,0.025481,,0.991935
2026-07-28T04:05:12+00:00,on-demand,Tesla P40,2,6,0.132556,0.132694,0.132833,0.132972,0.133111,0.132833,0.992829
2026-07-28T04:05:12+00:00,on-demand,Tesla T4,2,3,12.000741,12.000926,12.001111,12.001296,12.001481,,0.972398
2026-07-28T04:05:12+00:00,on-demand,Tesla V100,9,26,0.106944,0.107778,0.148148,0.267222,0.333889,0.268056,0.964571
2026-07-28T04:05:12+00:00,on-demand,Titan RTX,2,2,0.137037,0.14,0.142963,0.145926,0.148889,0.148889,0.942708
2026-07-28T04:05:12+00:00,on-demand,Titan Xp,1,1,0.055556,0.055556,0.055556,0.055556,0.055556,0.055556,0.995982
2026-07-28T04:05:12+00:00,bid,A100 PCIE,14,20,0.131556,0.134722,0.135556,0.174944,0.46963,0.175222,0.995278
2026-07-28T04:05:12+00:00,bid,A100 SXM4,21,45,0.401481,0.605185,0.801481,0.895407,0.987222,0.605185,0.991242
2026-07-28T04:05:12+00:00,bid,A800 PCIE,5,10,0.129889,0.130444,0.130444,0.131556,0.131556,,0.994222
2026-07-28T04:05:12+00:00,bid,B200,10,46,3.750174,4.826302,5.876953,6.259115,7.37526,5.876953,0.995782
2026-07-28T04:05:12+00:00,bid,B300,3,11,3.751042,3.751562,3.752083,4.376389,5.000694,3.751562,0.974371
2026-07-28T04:05:12+00:00,bid,CMP 170HX,12,31,0.102444,0.105778,0.200556,0.201389,0.202222,,0.75269
2026-07-28T04:05:12+00:00,bid,GTX 1050 Ti,1,1,0.024444,0.024444,0.024444,0.024444,0.024444,,0.966384
2026-07-28T04:05:12+00:00,bid,GTX 1060,3,3,0.014074,0.022593,0.031111,0.04963,0.068148,0.068148,0.9773
2026-07-28T04:05:12+00:00,bid,GTX 1070,2,2,0.015556,0.017778,0.02,0.022222,0.024444,0.024444,0.983278
2026-07-28T04:05:12+00:00,bid,GTX 1070 Ti,2,6,0.040556,0.040694,0.040833,0.040972,0.041111,0.040833,0.997332
2026-07-28T04:05:12+00:00,bid,GTX 1080,4,12,0.037037,0.039537,0.040463,0.040972,0.042222,0.040556,0.996563
2026-07-28T04:05:12+00:00,bid,GTX 1080 Ti,9,33,0.040317,0.040741,0.041111,0.053651,0.054074,0.041111,0.997193
2026-07-28T04:05:12+00:00,bid,GTX 1650 S,1,1,0.037778,0.037778,0.037778,0.037778,0.037778,,0.969012
2026-07-28T04:05:12+00:00,bid,GTX 1660 S,1,1,0.031111,0.031111,0.031111,0.031111,0.031111,,0.978157
2026-07-28T04:05:12+00:00,bid,GTX 1660 Ti,1,1,0.037778,0.037778,0.037778,0.037778,0.037778,0.037778,0.971051
2026-07-28T04:05:12+00:00,bid,H100 NVL,3,6,0.936,1.20237,1.468741,1.734648,2.000556,1.468278,0.952657
2026-07-28T04:05:12+00:00,bid,H100 PCIE,6,28,0.733482,0.883625,1.33375,1.334306,1.334445,0.733556,0.967251
2026-07-28T04:05:12+00:00,bid,H100 SXM,8,19,0.662222,0.936296,1.50337,2.534028,4.002222,1.735093,0.991696
2026-07-28T04:05:12+00:00,bid,H200,8,34,2.63231,3.735088,3.948191,4.770285,7.829496,3.948191,0.999288
2026-07-28T04:05:12+00:00,bid,H200 NVL,6,7,0.404889,1.339222,1.604222,2.468222,3.211111,2.003778,0.996184
2026-07-28T04:05:12+00:00,bid,L4,7,16,0.134074,0.201685,0.267407,0.268148,0.320444,0.267778,0.997949
2026-07-28T04:05:12+00:00,bid,L40,6,12,0.288519,0.468056,0.468889,0.470556,0.471111,0.468889,0.985794
2026-07-28T04:05:12+00:00,bid,L40S,19,64,0.200185,0.43463,0.537037,0.540741,0.801852,0.538889,0.998821
2026-07-28T04:05:12+00:00,bid,Q RTX 5000,2,3,0.054074,0.054259,0.054444,0.05463,0.054815,,0.974568
2026-07-28T04:05:12+00:00,bid,Q RTX 8000,1,1,0.015556,0.015556,0.015556,0.015556,0.015556,0.015556,0.997891
2026-07-28T04:05:12+00:00,bid,Quadro GV100,1,1,0.134074,0.134074,0.134074,0.134074,0.134074,,0.968394
2026-07-28T04:05:12+00:00,bid,Quadro P4000,2,3,0.041111,0.041389,0.041667,0.041944,0.042222,,0.885296
2026-07-28T04:05:12+00:00,bid,RTX 2060,2,3,0.031111,0.033611,0.036111,0.038611,0.041111,0.036111,0.985525
2026-07-28T04:05:12+00:00,bid,RTX 2060S,1,1,0.123704,0.123704,0.123704,0.123704,0.123704,0.123704,0.946566
2026-07-28T04:05:12+00:00,bid,RTX 2070S,2,17,0.066831,0.066836,0.066842,0.066847,0.066852,,0.987418
2026-07-28T04:05:12+00:00,bid,RTX 2080 Ti,5,6,0.037778,0.042222,0.107778,0.108148,0.108889,0.107963,0.996186
2026-07-28T04:05:12+00:00,bid,RTX 2080S,1,1,0.046556,0.046556,0.046556,0.046556,0.046556,0.046556,0.962994
2026-07-28T04:05:12+00:00,bid,RTX 3060,15,43,0.024741,0.0455,0.066944,0.102815,0.202222,0.100378,0.992798
2026-07-28T04:05:12+00:00,bid,RTX 3060 Ti,1,1,0.268889,0.268889,0.268889,0.268889,0.268889,0.268889,0.993284
2026-07-28T04:05:12+00:00,bid,RTX 3060 laptop,5,15,0.018019,0.038444,0.062815,0.069185,0.101111,0.069185,0.996574
2026-07-28T04:05:12+00:00,bid,RTX 3070,12,27,0.040444,0.041944,0.069444,0.094028,0.282222,0.093889,0.996521
2026-07-28T04:05:12+00:00,bid,RTX 3070 laptop,2,2,0.022222,0.127222,0.232222,0.337222,0.442222,,0.911402
2026-07-28T04:05:12+00:00,bid,RTX 3080,15,35,0.042222,0.068062,0.108148,0.135556,0.495556,0.134444,0.987336
2026-07-28T04:05:12+00:00,bid,RTX 3080 Ti,8,11,0.028889,0.085556,0.107593,0.122222,0.188889,0.108889,0.996815
2026-07-28T04:05:12+00:00,bid,RTX 3090,66,150,0.016889,0.107852,0.134815,0.174352,0.349963,0.147222,0.992226
2026-07-28T04:05:12+00:00,bid,RTX 4000Ada,1,1,0.162222,0.162222,0.162222,0.162222,0.162222,,0.994023
2026-07-28T04:05:12+00:00,bid,RTX 4060,4,6,0.053926,0.054315,0.054481,0.054778,0.055556,0.055,0.983838
2026-07-28T04:05:12+00:00,bid,RTX 4060 Ti,8,18,0.041111,0.069704,0.092,0.107361,0.975556,0.107222,0.996591
2026-07-28T04:05:12+00:00,bid,RTX 4070,4,6,0.054444,0.071278,0.112333,0.148056,0.148889,0.112333,0.998114
2026-07-28T04:05:12+00:00,bid,RTX 4070 Ti,4,4,0.095556,0.105,0.108519,0.108889,0.108889,0.108889,0.987688
2026-07-28T04:05:12+00:00,bid,RTX 4070S,9,19,0.068889,0.069074,0.071481,0.076296,0.244444,0.073889,0.991005
2026-07-28T04:05:12+00:00,bid,RTX 4070S Ti,16,42,0.054815,0.098148,0.13875,0.167778,0.202222,0.1675,0.99778
2026-07-28T04:05:12+00:00,bid,RTX 4080,4,9,0.147,0.14725,0.147333,0.174389,0.255556,0.147333,0.989704
2026-07-28T04:05:12+00:00,bid,RTX 4080S,15,35,0.068148,0.187704,0.188741,0.200556,0.240741,0.220704,0.994669
2026-07-28T04:05:12+00:00,bid,RTX 4090,79,208,0.121852,0.228222,0.307778,0.402222,1.005037,0.400694,0.995341
2026-07-28T04:05:12+00:00,bid,RTX 4090D,5,10,0.604556,0.605111,0.605111,0.606222,0.606222,,0.967226
2026-07-28T04:05:12+00:00,bid,RTX 5000Ada,6,7,0.268889,0.281944,0.321667,0.332222,0.532142,0.321111,0.996501
2026-07-28T04:05:12+00:00,bid,RTX 5060,5,6,0.054444,0.055556,0.063556,0.095556,0.148889,0.106222,0.985482
2026-07-28T04:05:12+00:00,bid,RTX 5060 Ti,28,66,0.051037,0.080685,0.102296,0.134259,0.159778,0.104704,0.99699
2026-07-28T04:05:12+00:00,bid,RTX 5070,8,10,0.041222,0.070722,0.095,0.128704,0.14963,0.135185,0.987872
2026-07-28T04:05:12+00:00,bid,RTX 5070 Ti,16,30,0.011481,0.094444,0.107315,0.108889,0.157037,0.099074,0.994972
2026-07-28T04:05:12+00:00,bid,RTX 5080,21,40,0.02963,0.113889,0.161111,0.175556,0.202222,0.175,0.992776
2026-07-28T04:05:12+00:00,bid,RTX 5090,72,183,0.111278,0.202222,0.32287,0.46709,0.802222,0.272593,0.995584
2026-07-28T04:05:12+00:00,bid,RTX 5880Ada,5,7,0.297037,0.297037,0.297037,0.33437,0.33437,0.297037,0.995884
2026-07-28T04:05:12+00:00,bid,RTX 6000Ada,13,23,0.139259,0.387778,0.388889,0.402519,0.680889,0.400833,0.99155
2026-07-28T04:05:12+00:00,bid,RTX A2000,1,1,0.400148,0.400148,0.400148,0.400148,0.400148,,0.994234
2026-07-28T04:05:12+00:00,bid,RTX A4000,12,61,0.013889,0.046306,0.106827,0.113759,0.134444,,0.987274
2026-07-28T04:05:12+00:00,bid,RTX A5000,6,11,0.025556,0.108981,0.11037,0.178426,0.201481,0.109444,0.997924
2026-07-28T04:05:12+00:00,bid,RTX A6000,2,4,0.202593,0.232222,0.261852,0.291481,0.321111,,0.981137
2026-07-28T04:05:12+00:00,bid,RTX PRO 2000,1,2,0.134074,0.134074,0.134074,0.134074,0.134074,,0.964775
2026-07-28T04:05:12+00:00,bid,RTX PRO 4000,16,34,0.067222,0.068778,0.201667,0.240556,0.241481,0.238025,0.989217
2026-07-28T04:05:12+00:00,bid,RTX PRO 4500,1,1,0.068741,0.068741,0.068741,0.068741,0.068741,0.068741,0.997516
2026-07-28T04:05:12+00:00,bid,RTX PRO 5000,18,30,0.135111,0.485046,0.534259,0.666815,0.803704,0.534074,0.991665
2026-07-28T04:05:12+00:00,bid,RTX PRO 6000 S,18,45,0.335556,0.866111,1.067778,1.217616,1.467778,1.056667,0.99716
2026-07-28T04:05:12+00:00,bid,RTX PRO 6000 WS,18,37,0.53463,0.570694,0.862037,1.051911,1.337037,1.207407,0.984519
2026-07-28T04:05:12+00:00,bid,Tesla P100,4,5,0.041481,0.111204,0.135,0.135556,0.135556,0.135556,0.987076
2026-07-28T04:05:12+00:00,bid,Tesla P4,1,1,0.011926,0.011926,0.011926,0.011926,0.011926,,0.990373
2026-07-28T04:05:12+00:00,bid,Tesla P40,3,8,0.065889,0.066167,0.066444,0.066444,0.066444,0.066444,0.992829
2026-07-28T04:05:12+00:00,bid,Tesla T4,3,4,3.400741,3.401111,3.401481,3.401481,3.401481,,0.972398
2026-07-28T04:05:12+00:00,bid,Tesla V100,13,33,0.08037,0.095407,0.160556,0.200556,0.242222,0.162222,0.998761
2026-07-28T04:05:12+00:00,bid,Titan RTX,2,2,0.108889,0.115556,0.122222,0.128889,0.135556,0.122222,0.998397
2026-07-28T04:05:12+00:00,bid,Titan Xp,1,1,0.042222,0.042222,0.042222,0.042222,0.042222,0.042222,0.997703
2026-07-28T04:10:11+00:00,on-demand,A100 PCIE,12,27,0.333611,0.335278,0.702351,0.996382,1.537739,0.931291,0.987211
2026-07-28T04:10:11+00:00,on-demand,A100 SXM4,23,61,0.40037,0.815185,1.067222,1.188667,1.623073,0.934815,0.993875
2026-07-28T04:10:11+00:00,on-demand,A10g,1,1,0.121185,0.121185,0.121185,0.121185,0.121185,,0.599993
2026-07-28T04:10:11+00:00,on-demand,A800 PCIE,3,7,0.667222,0.6675,0.667778,0.668333,0.668889,,0.994222
2026-07-28T04:10:11+00:00,on-demand,B200,9,31,5.625174,5.867708,5.902604,6.492708,7.752083,5.902604,0.995782
2026-07-28T04:10:11+00:00,on-demand,B300,5,23,6.25026,6.250521,7.501042,7.502083,8.750694,7.501563,0.992727
2026-07-28T04:10:11+00:00,on-demand,CMP 170HX,6,24,0.121111,0.166713,0.293704,0.294306,0.295556,,0.75269
2026-07-28T04:10:11+00:00,on-demand,GTX 1060,4,5,0.067407,0.082685,0.088333,0.152778,0.344444,0.088333,0.988301
2026-07-28T04:10:11+00:00,on-demand,GTX 1070,2,2,0.202222,0.284444,0.366667,0.448889,0.531111,0.531111,0.983278
2026-07-28T04:10:11+00:00,on-demand,GTX 1080,5,12,0.027778,0.027778,0.04837,0.049111,0.050222,0.049111,0.996119
2026-07-28T04:10:11+00:00,on-demand,GTX 1080 Ti,5,17,0.060741,0.061111,0.062222,0.080317,0.080556,0.062222,0.994606
2026-07-28T04:10:11+00:00,on-demand,GTX 1650 S,1,1,0.677778,0.677778,0.677778,0.677778,0.677778,,0.969012
2026-07-28T04:10:11+00:00,on-demand,GTX 1660 S,1,1,0.451111,0.451111,0.451111,0.451111,0.451111,,0.978157
2026-07-28T04:10:11+00:00,on-demand,H100 NVL,3,6,1.336296,1.831259,2.326222,2.830056,3.333889,2.830056,0.991255
2026-07-28T04:10:11+00:00,on-demand,H100 PCIE,5,26,1.720148,1.720296,2.000278,2.000556,2.001111,1.720222,0.967251
2026-07-28T04:10:11+00:00,on-demand,H100 SXM,6,17,1.922222,2.618833,3.610778,4.082611,5.133889,3.610778,0.996122
2026-07-28T04:10:11+00:00,on-demand,H200,6,25,3.81652,4.113624,4.211349,4.260554,7.30318,4.211349,0.999229
2026-07-28T04:10:11+00:00,on-demand,H200 NVL,5,8,2.800741,3.068889,3.477778,3.934667,4.370222,3.934667,0.994975
2026-07-28T04:10:11+00:00,on-demand,L4,4,11,0.202222,0.300972,0.334167,1.084306,3.333889,0.334167,0.985535
2026-07-28T04:10:11+00:00,on-demand,L40,5,10,0.295185,0.297037,0.574444,0.575556,0.577778,0.575556,0.985794
2026-07-28T04:10:11+00:00,on-demand,L40S,13,46,0.400185,0.466852,0.800278,1.067593,1.074074,0.934167,0.998351
2026-07-28T04:10:11+00:00,on-demand,Q RTX 5000,1,2,0.080741,0.080741,0.080741,0.080741,0.080741,,0.974568
2026-07-28T04:10:11+00:00,on-demand,Q RTX 8000,3,4,0.254074,0.254444,0.254815,0.267852,0.280889,0.254815,0.998672
2026-07-28T04:10:11+00:00,on-demand,Quadro GV100,1,1,0.467407,0.467407,0.467407,0.467407,0.467407,,0.968394
2026-07-28T04:10:11+00:00,on-demand,Quadro P4000,5,9,0.047704,0.054444,0.054568,0.055185,0.057037,0.055185,0.990884
2026-07-28T04:10:11+00:00,on-demand,RTX 2060,1,1,0.415556,0.415556,0.415556,0.415556,0.415556,0.415556,0.995073
2026-07-28T04:10:11+00:00,on-demand,RTX 2070S,2,17,0.073498,0.073503,0.073508,0.073513,0.073519,,0.987418
2026-07-28T04:10:11+00:00,on-demand,RTX 2080 Ti,7,26,0.068889,0.080027,0.080056,0.121667,0.811111,0.080056,0.995704
2026-07-28T04:10:11+00:00,on-demand,RTX 2080S,1,1,0.744444,0.744444,0.744444,0.744444,0.744444,0.744444,0.962994
2026-07-28T04:10:11+00:00,on-demand,RTX 3060,11,36,0.027778,0.068,0.080278,0.506296,1.335556,0.252948,0.997199
2026-07-28T04:10:11+00:00,on-demand,RTX 3060 Ti,1,1,0.399556,0.399556,0.399556,0.399556,0.399556,0.399556,0.993284
2026-07-28T04:10:11+00:00,on-demand,RTX 3060 laptop,6,16,0.026685,0.041389,0.054519,0.095593,0.134444,0.105185,0.996551
2026-07-28T04:10:11+00:00,on-demand,RTX 3070,9,30,0.047778,0.081852,0.106944,0.107222,0.66716,0.104537,0.99203
2026-07-28T04:10:11+00:00,on-demand,RTX 3070 laptop,1,1,0.468889,0.468889,0.468889,0.468889,0.468889,,0.962671
2026-07-28T04:10:11+00:00,on-demand,RTX 3080,14,45,0.060222,0.081389,0.110667,0.140148,0.562222,0.138074,0.994749
2026-07-28T04:10:11+00:00,on-demand,RTX 3080 Ti,5,6,0.068889,0.095556,0.107778,0.168889,0.295556,0.168889,0.989571
2026-07-28T04:10:11+00:00,on-demand,RTX 3090,48,145,0.094444,0.140556,0.220528,0.334028,1.336296,0.247407,0.985937
2026-07-28T04:10:11+00:00,on-demand,RTX 3090 Ti,1,1,0.175556,0.175556,0.175556,0.175556,0.175556,,0.993138
2026-07-28T04:10:11+00:00,on-demand,RTX 4060,7,16,0.060556,0.060889,0.062222,0.073333,2.677778,0.062222,0.994536
2026-07-28T04:10:11+00:00,on-demand,RTX 4060 Ti,4,6,0.081111,0.081667,0.082037,0.082889,0.084889,0.08337,0.984021
2026-07-28T04:10:11+00:00,on-demand,RTX 4070,3,7,0.080556,0.080833,0.081111,0.081667,0.082222,,0.995684
2026-07-28T04:10:11+00:00,on-demand,RTX 4070 Ti,5,7,0.09037,0.093111,0.095556,0.108148,0.202222,0.095556,0.989589
2026-07-28T04:10:11+00:00,on-demand,RTX 4070S,9,29,0.081111,0.082407,0.084815,0.08963,0.094537,0.087222,0.97963
2026-07-28T04:10:11+00:00,on-demand,RTX 4070S Ti,10,28,0.068889,0.120694,0.126019,0.229722,0.267222,0.175556,0.99516
2026-07-28T04:10:11+00:00,on-demand,RTX 4080,6,10,0.122963,0.174667,0.240611,0.265917,0.268889,0.265833,0.989704
2026-07-28T04:10:11+00:00,on-demand,RTX 4080S,9,33,0.162222,0.200556,0.202074,0.213611,0.28437,0.28437,0.991217
2026-07-28T04:10:11+00:00,on-demand,RTX 4090,53,170,0.133889,0.335185,0.428889,0.66963,1.337037,0.582778,0.995995
2026-07-28T04:10:11+00:00,on-demand,RTX 4090D,4,8,0.330815,0.58312,0.6675,0.668056,0.668889,0.330815,0.967226
2026-07-28T04:10:11+00:00,on-demand,RTX 5000Ada,4,6,0.427778,0.437778,0.441667,0.512222,0.722222,0.441111,0.997362
2026-07-28T04:10:11+00:00,on-demand,RTX 5060,5,6,0.075185,0.075556,0.077037,0.148889,0.182222,0.077037,0.994816
2026-07-28T04:10:11+00:00,on-demand,RTX 5060 Ti,14,37,0.078444,0.094306,0.131667,0.172667,0.227407,0.167333,0.99438
2026-07-28T04:10:11+00:00,on-demand,RTX 5070,9,15,0.094444,0.104963,0.114815,0.162222,1.015556,0.12463,0.993285
2026-07-28T04:10:11+00:00,on-demand,RTX 5070 Ti,7,16,0.134444,0.134444,0.15037,0.194722,0.200741,0.15037,0.996923
2026-07-28T04:10:11+00:00,on-demand,RTX 5080,16,47,0.133611,0.173861,0.194222,0.234389,0.802963,0.254222,0.986855
2026-07-28T04:10:11+00:00,on-demand,RTX 5090,49,152,0.266852,0.449015,0.535185,0.919778,3.615556,0.669167,0.99181
2026-07-28T04:10:11+00:00,on-demand,RTX 5880Ada,4,15,0.453593,0.453787,0.454111,0.48337,0.57037,0.454111,0.997508
2026-07-28T04:10:11+00:00,on-demand,RTX 6000Ada,10,20,0.440556,0.449611,0.556907,0.653611,0.681111,0.649444,0.993156
2026-07-28T04:10:11+00:00,on-demand,RTX A2000,4,5,0.034074,0.03563,0.036148,0.150481,0.493481,,0.995171
2026-07-28T04:10:11+00:00,on-demand,RTX A4000,5,40,0.133468,0.133519,0.133827,0.153556,0.153611,,0.97131
2026-07-28T04:10:11+00:00,on-demand,RTX A4500,1,1,1.274815,1.274815,1.274815,1.274815,1.274815,,0.998011
2026-07-28T04:10:11+00:00,on-demand,RTX A5000,2,3,0.232889,0.251463,0.270037,0.288611,0.307185,0.270037,0.996249
2026-07-28T04:10:11+00:00,on-demand,RTX A6000,3,11,0.373651,0.374048,0.374444,0.414444,0.454444,,0.99024
2026-07-28T04:10:11+00:00,on-demand,RTX PRO 4000,10,22,0.175037,0.211944,0.258741,0.321296,0.337037,0.321111,0.992144
2026-07-28T04:10:11+00:00,on-demand,RTX PRO 4500,1,1,0.282222,0.282222,0.282222,0.282222,0.282222,,0.995101
2026-07-28T04:10:11+00:00,on-demand,RTX PRO 5000,14,26,0.37,0.640231,0.667556,0.843241,1.182207,0.667407,0.991584
2026-07-28T04:10:11+00:00,on-demand,RTX PRO 6000 S,15,48,0.774756,1.332222,1.546944,1.700509,1.736296,1.47125,0.998274
2026-07-28T04:10:11+00:00,on-demand,RTX PRO 6000 WS,15,39,0.802222,1.113444,1.335926,1.627037,26.668148,1.335926,0.993338
2026-07-28T04:10:11+00:00,on-demand,Tesla P100,4,8,0.054815,0.079259,0.087778,0.116667,0.202222,0.088148,0.975873
2026-07-28T04:10:11+00:00,on-demand,Tesla P4,1,1,0.023259,0.023259,0.023259,0.023259,0.023259,,0.990373
2026-07-28T04:10:11+00:00,on-demand,Tesla P40,2,6,0.132556,0.132694,0.132833,0.132972,0.133111,0.132833,0.992829
2026-07-28T04:10:11+00:00,on-demand,Tesla T4,2,3,12.000741,12.000926,12.001111,12.001296,12.001481,,0.972398
2026-07-28T04:10:11+00:00,on-demand,Tesla V100,12,34,0.106944,0.108611,0.147222,0.1925,0.333889,0.207963,0.978371
2026-07-28T04:10:11+00:00,on-demand,Titan RTX,1,1,0.162222,0.162222,0.162222,0.162222,0.162222,0.162222,0.998461
2026-07-28T04:10:11+00:00,on-demand,Titan Xp,1,1,0.055556,0.055556,0.055556,0.055556,0.055556,0.055556,0.995982
2026-07-28T04:10:11+00:00,bid,A100 PCIE,16,23,0.135556,0.141944,0.158167,0.462333,0.46963,0.36463,0.995278
2026-07-28T04:10:11+00:00,bid,A100 SXM4,22,48,0.401481,0.654056,0.802667,0.92487,0.987222,0.848444,0.991779
2026-07-28T04:10:11+00:00,bid,A800 PCIE,4,8,0.129889,0.130306,0.131,0.131556,0.131556,,0.994222
2026-07-28T04:10:11+00:00,bid,B200,11,40,3.750174,5.626823,5.877604,6.817839,7.377083,5.877604,0.993802
2026-07-28T04:10:11+00:00,bid,B300,3,11,3.751042,3.751562,3.752083,4.376389,5.000694,3.751562,0.974371
2026-07-28T04:10:11+00:00,bid,CMP 170HX,13,33,0.102444,0.200278,0.201111,0.201111,0.202222,,0.75269
2026-07-28T04:10:11+00:00,bid,GTX 1050 Ti,1,1,0.024444,0.024444,0.024444,0.024444,0.024444,,0.966384
2026-07-28T04:10:11+00:00,bid,GTX 1060,3,3,0.014074,0.022593,0.031111,0.04963,0.068148,0.068148,0.9773
2026-07-28T04:10:11+00:00,bid,GTX 1070,2,2,0.015556,0.017778,0.02,0.022222,0.024444,0.024444,0.983278
2026-07-28T04:10:11+00:00,bid,GTX 1070 Ti,2,6,0.040556,0.040694,0.040833,0.040972,0.041111,0.040833,0.995823
2026-07-28T04:10:11+00:00,bid,GTX 1080,3,8,0.037037,0.038704,0.04037,0.041296,0.042222,0.041296,0.991749
2026-07-28T04:10:11+00:00,bid,GTX 1080 Ti,8,29,0.040317,0.040694,0.041111,0.045079,0.054074,0.041111,0.995843
2026-07-28T04:10:11+00:00,bid,GTX 1650 S,1,1,0.037778,0.037778,0.037778,0.037778,0.037778,,0.969012
2026-07-28T04:10:11+00:00,bid,GTX 1660,1,1,0.037778,0.037778,0.037778,0.037778,0.037778,,0.977804
2026-07-28T04:10:11+00:00,bid,GTX 1660 S,1,1,0.031111,0.031111,0.031111,0.031111,0.031111,,0.978157
2026-07-28T04:10:11+00:00,bid,GTX 1660 Ti,1,1,0.037778,0.037778,0.037778,0.037778,0.037778,0.037778,0.971051
2026-07-28T04:10:11+00:00,bid,H100 NVL,3,6,0.936,1.122815,1.30963,1.655093,2.000556,1.468278,0.952657
2026-07-28T04:10:11+00:00,bid,H100 PCIE,7,32,0.733482,0.73363,1.333611,1.334167,1.334445,0.73363,0.967251
2026-07-28T04:10:11+00:00,bid,H100 SXM,7,18,0.662222,0.971407,2.000222,4.000833,4.002222,4.000556,0.99012
2026-07-28T04:10:11+00:00,bid,H200,8,35,2.63231,3.832538,3.948465,4.770285,7.829496,3.948465,0.999229
2026-07-28T04:10:11+00:00,bid,H200 NVL,8,13,0.404889,1.253111,1.867593,2.168667,3.211111,2.668,0.9861
2026-07-28T04:10:11+00:00,bid,L4,5,13,0.134074,0.134815,0.201889,0.269259,0.320556,0.202037,0.998158
2026-07-28T04:10:11+00:00,bid,L40,4,9,0.288519,0.422963,0.468333,0.469444,0.471111,0.468889,0.985794
2026-07-28T04:10:11+00:00,bid,L40S,19,58,0.200185,0.368333,0.534815,0.540741,0.774815,0.535185,0.998821
2026-07-28T04:10:11+00:00,bid,Q RTX 5000,1,2,0.054074,0.054074,0.054074,0.054074,0.054074,,0.974568
2026-07-28T04:10:11+00:00,bid,Q RTX 8000,1,1,0.015556,0.015556,0.015556,0.015556,0.015556,0.015556,0.997891
2026-07-28T04:10:11+00:00,bid,Quadro GV100,1,1,0.134074,0.134074,0.134074,0.134074,0.134074,,0.968394
2026-07-28T04:10:11+00:00,bid,Quadro P4000,2,3,0.041111,0.041389,0.041667,0.041944,0.042222,,0.885296
2026-07-28T04:10:11+00:00,bid,RTX 2060,2,3,0.031111,0.033611,0.036111,0.038611,0.041111,0.036111,0.985525
2026-07-28T04:10:11+00:00,bid,RTX 2060S,1,1,0.123704,0.123704,0.123704,0.123704,0.123704,0.123704,0.946566
2026-07-28T04:10:11+00:00,bid,RTX 2070S,2,17,0.066831,0.066836,0.066842,0.066847,0.066852,,0.987418
2026-07-28T04:10:11+00:00,bid,RTX 2080 Ti,6,9,0.037778,0.048617,0.08779,0.108611,0.108889,0.107778,0.996186
2026-07-28T04:10:11+00:00,bid,RTX 2080S,1,1,0.046556,0.046556,0.046556,0.046556,0.046556,0.046556,0.962994
2026-07-28T04:10:11+00:00,bid,RTX 3060,12,37,0.026222,0.041944,0.051315,0.102815,0.202222,0.066944,0.985869
2026-07-28T04:10:11+00:00,bid,RTX 3060 laptop,5,14,0.013352,0.038444,0.06563,0.069185,0.101111,0.069185,0.996932
2026-07-28T04:10:11+00:00,bid,RTX 3070,12,27,0.040444,0.041944,0.069444,0.094028,0.282222,0.094167,0.995618
2026-07-28T04:10:11+00:00,bid,RTX 3070 Ti,1,2,0.054444,0.054444,0.054444,0.054444,0.054444,,0.996716
2026-07-28T04:10:11+00:00,bid,RTX 3070 laptop,1,1,0.442222,0.442222,0.442222,0.442222,0.442222,,0.962671
2026-07-28T04:10:11+00:00,bid,RTX 3080,11,27,0.061481,0.068062,0.082222,0.180907,0.495556,0.101852,0.99326
2026-07-28T04:10:11+00:00,bid,RTX 3080 Ti,7,10,0.028889,0.072963,0.088889,0.134259,0.188889,0.134259,0.994986
2026-07-28T04:10:11+00:00,bid,RTX 3090,59,137,0.016889,0.108889,0.146944,0.176296,0.349963,0.147901,0.991537
2026-07-28T04:10:11+00:00,bid,RTX 4000Ada,3,4,0.054222,0.054667,0.055111,0.108667,0.162222,,0.98081
2026-07-28T04:10:11+00:00,bid,RTX 4060,5,8,0.053926,0.053926,0.054444,0.054519,0.055556,0.055,0.976131
2026-07-28T04:10:11+00:00,bid,RTX 4060 Ti,6,15,0.051481,0.059778,0.076333,0.099556,0.107222,0.080778,0.991116
2026-07-28T04:10:11+00:00,bid,RTX 4070,4,7,0.054444,0.054444,0.101111,0.148056,0.148889,0.101111,0.999215
2026-07-28T04:10:11+00:00,bid,RTX 4070 Ti,2,2,0.108889,0.108889,0.108889,0.108889,0.108889,0.108889,0.985416
2026-07-28T04:10:11+00:00,bid,RTX 4070S,9,26,0.054444,0.06787,0.071481,0.076296,0.244444,0.069676,0.979728
2026-07-28T04:10:11+00:00,bid,RTX 4070S Ti,19,46,0.055556,0.098148,0.111111,0.1675,0.202222,0.167222,0.996101
2026-07-28T04:10:11+00:00,bid,RTX 4080,6,11,0.147,0.147333,0.158556,0.194111,0.255556,0.147333,0.989704
2026-07-28T04:10:11+00:00,bid,RTX 4080S,10,26,0.068148,0.187722,0.188444,0.201625,0.240741,0.221222,0.99197
2026-07-28T04:10:11+00:00,bid,RTX 4090,74,244,0.134815,0.24037,0.333981,0.402778,1.005037,0.401852,0.99457
2026-07-28T04:10:11+00:00,bid,RTX 4090D,4,9,0.604556,0.604972,0.605111,0.605389,0.606222,,0.967226
2026-07-28T04:10:11+00:00,bid,RTX 5000Ada,5,7,0.267778,0.268889,0.322222,0.334444,0.532142,0.295556,0.996501
2026-07-28T04:10:11+00:00,bid,RTX 5060,5,6,0.054444,0.055556,0.057778,0.095556,0.148889,0.103333,0.994872
2026-07-28T04:10:11+00:00,bid,RTX 5060 Ti,18,37,0.040556,0.080778,0.107593,0.134815,0.159778,0.107407,0.996912
2026-07-28T04:10:11+00:00,bid,RTX 5070,7,9,0.042222,0.087333,0.095556,0.148889,0.162222,0.14963,0.979581
2026-07-28T04:10:11+00:00,bid,RTX 5070 Ti,10,17,0.093889,0.096204,0.107778,0.128889,0.183704,0.101111,0.997583
2026-07-28T04:10:11+00:00,bid,RTX 5080,23,44,0.02963,0.093593,0.161111,0.188056,0.242222,0.175556,0.987331
2026-07-28T04:10:11+00:00,bid,RTX 5090,80,245,0.093611,0.263958,0.35325,0.480486,0.907222,0.338333,0.9954
2026-07-28T04:10:11+00:00,bid,RTX 5880Ada,4,5,0.297037,0.297037,0.297037,0.30637,0.33437,0.297037,0.995884
2026-07-28T04:10:11+00:00,bid,RTX 6000Ada,16,27,0.139259,0.387639,0.394722,0.401389,0.680889,0.401111,0.995424
2026-07-28T04:10:11+00:00,bid,RTX A2000,1,1,0.400148,0.400148,0.400148,0.400148,0.400148,,0.994234
2026-07-28T04:10:11+00:00,bid,RTX A4000,10,50,0.013889,0.069534,0.106944,0.10713,0.134444,,0.979292
2026-07-28T04:10:11+00:00,bid,RTX A5000,5,10,0.025556,0.108519,0.11037,0.201111,0.201481,0.108519,0.996424
2026-07-28T04:10:11+00:00,bid,RTX A6000,3,6,0.202593,0.25238,0.302167,0.304972,0.307778,,0.991343
2026-07-28T04:10:11+00:00,bid,RTX PRO 2000,2,3,0.134074,0.134259,0.134444,0.13463,0.134815,,0.964775
2026-07-28T04:10:11+00:00,bid,RTX PRO 4000,13,29,0.067222,0.068889,0.215185,0.240741,0.241778,0.240494,0.983226
2026-07-28T04:10:11+00:00,bid,RTX PRO 5000,22,34,0.135111,0.401148,0.50787,0.60537,0.803704,0.50787,0.991665
2026-07-28T04:10:11+00:00,bid,RTX PRO 6000 S,21,61,0.391822,0.800556,1.067407,1.200556,1.493611,1.06,0.99716
2026-07-28T04:10:11+00:00,bid,RTX PRO 6000 WS,15,35,0.472815,0.67463,0.961333,1.263935,1.602222,1.263935,0.990213
2026-07-28T04:10:11+00:00,bid,Tesla P100,3,4,0.041481,0.087963,0.134444,0.135,0.135556,0.135,0.987076
2026-07-28T04:10:11+00:00,bid,Tesla P4,1,1,0.011926,0.011926,0.011926,0.011926,0.011926,,0.990373
2026-07-28T04:10:11+00:00,bid,Tesla P40,3,8,0.065889,0.066167,0.066444,0.066444,0.066444,0.066444,0.992829
2026-07-28T04:10:11+00:00,bid,Tesla T4,3,4,3.400741,3.401111,3.401481,3.401481,3.401481,,0.972398
2026-07-28T04:10:11+00:00,bid,Tesla V100,8,17,0.08037,0.144269,0.162222,0.177806,0.202222,0.166222,0.999049
2026-07-28T04:10:11+00:00,bid,Titan RTX,1,1,0.108889,0.108889,0.108889,0.108889,0.108889,0.108889,0.998334
2026-07-28T04:10:11+00:00,bid,Titan Xp,1,1,0.042222,0.042222,0.042222,0.042222,0.042222,0.042222,0.995982
2026-07-28T04:15:17+00:00,on-demand,A100 PCIE,12,27,0.333611,0.335278,0.813217,1.001389,1.537739,0.997739,0.994144
2026-07-28T04:15:17+00:00,on-demand,A100 SXM4,19,52,0.40037,0.934815,1.069333,1.226944,1.623073,1.066944,0.99568
2026-07-28T04:15:17+00:00,on-demand,A10g,1,1,0.121185,0.121185,0.121185,0.121185,0.121185,,0.599993
2026-07-28T04:15:17+00:00,on-demand,A800 PCIE,2,3,0.667778,0.668056,0.668333,0.668611,0.668889,,0.994222
2026-07-28T04:15:17+00:00,on-demand,B200,16,70,5.625174,6.118229,6.251302,7.094596,7.751042,6.251302,0.993415
2026-07-28T04:15:17+00:00,on-demand,B300,5,23,6.25026,6.250521,7.501042,7.502083,8.750694,7.501563,0.992766
2026-07-28T04:15:17+00:00,on-demand,CMP 170HX,6,24,0.121111,0.166713,0.293704,0.294306,0.295556,,0.77777
2026-07-28T04:15:17+00:00,on-demand,GTX 1050 Ti,1,1,0.611111,0.611111,0.611111,0.611111,0.611111,,0.966796
2026-07-28T04:15:17+00:00,on-demand,GTX 1060,3,4,0.087778,0.088333,0.088889,0.216667,0.344444,0.088333,0.999301
2026-07-28T04:15:17+00:00,on-demand,GTX 1070,2,2,0.202222,0.284444,0.366667,0.448889,0.531111,0.531111,0.983473
2026-07-28T04:15:17+00:00,on-demand,GTX 1080,5,12,0.027778,0.027778,0.04837,0.049111,0.050222,0.049111,0.99612
2026-07-28T04:15:17+00:00,on-demand,GTX 1080 Ti,6,18,0.060556,0.060833,0.063667,0.076794,0.082222,0.061111,0.997194
2026-07-28T04:15:17+00:00,on-demand,GTX 1650 S,1,1,0.677778,0.677778,0.677778,0.677778,0.677778,,0.9694
2026-07-28T04:15:17+00:00,on-demand,GTX 1660,1,4,0.067963,0.067963,0.067963,0.067963,0.067963,0.067963,0.99687
2026-07-28T04:15:17+00:00,on-demand,GTX 1660 S,1,1,0.451111,0.451111,0.451111,0.451111,0.451111,,0.978547
2026-07-28T04:15:17+00:00,on-demand,GTX 1660 Ti,2,2,0.016889,0.165444,0.314,0.462556,0.611111,0.611111,0.978927
2026-07-28T04:15:17+00:00,on-demand,H100 NVL,4,7,1.336296,1.53563,2.122148,2.815139,3.333889,2.988056,0.963171
2026-07-28T04:15:17+00:00,on-demand,H100 PCIE,5,26,1.720148,1.720296,2.000278,2.000556,2.001111,1.720222,0.967267
2026-07-28T04:15:17+00:00,on-demand,H100 SXM,7,21,1.734444,2.235556,3.005333,3.919722,5.233889,3.005333,0.99116
2026-07-28T04:15:17+00:00,on-demand,H200,8,41,3.81652,4.047812,4.210938,4.227933,7.30318,4.210938,0.999229
2026-07-28T04:15:17+00:00,on-demand,H200 NVL,3,3,3.068889,3.273333,3.477778,4.092444,4.707111,4.092444,0.99498
2026-07-28T04:15:17+00:00,on-demand,L4,5,16,0.202222,0.333778,0.333889,0.334444,3.333889,0.333889,0.999067
2026-07-28T04:15:17+00:00,on-demand,L40,5,10,0.295185,0.297037,0.574444,0.575556,0.577778,0.575556,0.985813
2026-07-28T04:15:17+00:00,on-demand,L40S,13,46,0.400741,0.467037,0.800278,1.067593,1.074074,0.934167,0.996295
2026-07-28T04:15:17+00:00,on-demand,Q RTX 5000,1,2,0.080741,0.080741,0.080741,0.080741,0.080741,,0.974834
2026-07-28T04:15:17+00:00,on-demand,Q RTX 8000,4,6,0.254074,0.25463,0.267296,0.280056,0.280889,0.267296,0.998283
2026-07-28T04:15:17+00:00,on-demand,Quadro GV100,1,1,0.467407,0.467407,0.467407,0.467407,0.467407,,0.968402
2026-07-28T04:15:17+00:00,on-demand,Quadro P4000,5,9,0.047704,0.054444,0.054568,0.055185,0.057037,0.055185,0.990986
2026-07-28T04:15:17+00:00,on-demand,RTX 2060,1,1,0.415556,0.415556,0.415556,0.415556,0.415556,0.415556,0.995076
2026-07-28T04:15:17+00:00,on-demand,RTX 2070S,2,17,0.073498,0.073503,0.073508,0.073513,0.073519,,0.98742
2026-07-28T04:15:17+00:00,on-demand,RTX 2080 Ti,7,24,0.068889,0.08003,0.080056,0.121667,0.811111,0.080056,0.994711
2026-07-28T04:15:17+00:00,on-demand,RTX 2080S,1,1,0.744444,0.744444,0.744444,0.744444,0.744444,0.744444,0.97241
2026-07-28T04:15:17+00:00,on-demand,RTX 3060,10,33,0.031556,0.067778,0.076888,0.286296,1.334815,0.140741,0.994365
2026-07-28T04:15:17+00:00,on-demand,RTX 3060 laptop,6,15,0.026685,0.041389,0.054593,0.09563,0.134444,0.105185,0.997539
2026-07-28T04:15:17+00:00,on-demand,RTX 3070,10,30,0.041111,0.088125,0.10713,0.17563,0.668148,0.107222,0.980073
2026-07-28T04:15:17+00:00,on-demand,RTX 3070 laptop,1,1,0.468889,0.468889,0.468889,0.468889,0.468889,,0.962717
2026-07-28T04:15:17+00:00,on-demand,RTX 3080,12,34,0.060278,0.112028,0.127546,0.169416,0.562222,0.141111,0.993872
2026-07-28T04:15:17+00:00,on-demand,RTX 3080 Ti,5,6,0.068889,0.082222,0.135185,0.168889,0.295556,0.168889,0.994987
2026-07-28T04:15:17+00:00,on-demand,RTX 3090,44,131,0.109074,0.149431,0.244074,0.334722,1.187407,0.248519,0.985979
2026-07-28T04:15:17+00:00,on-demand,RTX 3090 Ti,1,1,0.175556,0.175556,0.175556,0.175556,0.175556,,0.993138
2026-07-28T04:15:17+00:00,on-demand,RTX 4060,7,19,0.060556,0.060852,0.062222,0.063704,0.082222,0.061667,0.996795
2026-07-28T04:15:17+00:00,on-demand,RTX 4060 Ti,3,5,0.081111,0.081667,0.082222,0.095,0.107778,0.107778,0.974101
2026-07-28T04:15:17+00:00,on-demand,RTX 4070,5,10,0.080556,0.081111,0.082222,0.094444,0.095556,0.095,0.995685
2026-07-28T04:15:17+00:00,on-demand,RTX 4070 Ti,4,6,0.09037,0.093426,0.095,0.112222,0.162222,0.095556,0.978292
2026-07-28T04:15:17+00:00,on-demand,RTX 4070S,8,30,0.081204,0.081968,0.082407,0.084815,0.08963,0.083611,0.979799
2026-07-28T04:15:17+00:00,on-demand,RTX 4070S Ti,11,29,0.108889,0.119167,0.12963,0.225,0.267222,0.140696,0.995167
2026-07-28T04:15:17+00:00,on-demand,RTX 4080,5,6,0.121481,0.122963,0.161037,0.215556,0.268889,0.242222,0.985194
2026-07-28T04:15:17+00:00,on-demand,RTX 4080S,11,34,0.162222,0.200796,0.201111,0.207917,0.228741,0.214926,0.99123
2026-07-28T04:15:17+00:00,on-demand,RTX 4090,51,166,0.133889,0.320833,0.402222,0.605556,1.334815,0.483457,0.994567
2026-07-28T04:15:17+00:00,on-demand,RTX 4090D,3,4,0.324148,0.495963,0.667778,0.668333,0.668889,0.324148,0.967226
2026-07-28T04:15:17+00:00,on-demand,RTX 5000Ada,3,4,0.441111,0.441667,0.442222,0.582222,0.722222,0.441667,0.998225
2026-07-28T04:15:17+00:00,on-demand,RTX 5060,4,4,0.075556,0.076667,0.112963,0.157222,0.182222,0.12963,0.989559
2026-07-28T04:15:17+00:00,on-demand,RTX 5060 Ti,12,30,0.071852,0.095139,0.131667,0.174074,0.228148,0.174074,0.993021
2026-07-28T04:15:17+00:00,on-demand,RTX 5070,7,11,0.094444,0.096667,0.124444,0.182222,1.015556,0.163333,0.993292
2026-07-28T04:15:17+00:00,on-demand,RTX 5070 Ti,8,14,0.095556,0.118685,0.128333,0.162222,0.200741,0.121111,0.994873
2026-07-28T04:15:17+00:00,on-demand,RTX 5080,15,50,0.133611,0.17377,0.200741,0.26213,0.802963,0.26213,0.987332
2026-07-28T04:15:17+00:00,on-demand,RTX 5090,40,117,0.200741,0.43769,0.533611,0.687407,3.615556,0.667085,0.994209
2026-07-28T04:15:17+00:00,on-demand,RTX 5880Ada,5,17,0.453593,0.453852,0.45437,0.568519,0.57037,0.45437,0.99751
2026-07-28T04:15:17+00:00,on-demand,RTX 6000Ada,8,17,0.440556,0.464111,0.588241,0.666667,0.787778,0.642315,0.990265
2026-07-28T04:15:17+00:00,on-demand,RTX A2000,4,5,0.034074,0.03563,0.036148,0.150481,0.493481,,0.995171
2026-07-28T04:15:17+00:00,on-demand,RTX A4000,5,34,0.071778,0.133468,0.133827,0.146889,0.148278,,0.987348
2026-07-28T04:15:17+00:00,on-demand,RTX A4500,1,1,1.274815,1.274815,1.274815,1.274815,1.274815,,0.998011
2026-07-28T04:15:17+00:00,on-demand,RTX A5000,2,3,40.000741,40.000926,40.001111,40.001296,40.001481,,0.971769
2026-07-28T04:15:17+00:00,on-demand,RTX A6000,3,9,0.373889,0.373981,0.374074,0.394259,0.414444,,0.990249
2026-07-28T04:15:17+00:00,on-demand,RTX PRO 4000,14,34,0.200556,0.231111,0.259074,0.320679,0.337037,0.320617,0.986201
2026-07-28T04:15:17+00:00,on-demand,RTX PRO 4500,1,1,0.282222,0.282222,0.282222,0.282222,0.282222,,0.995104
2026-07-28T04:15:17+00:00,on-demand,RTX PRO 5000,14,26,0.37,0.629907,0.641667,0.717333,1.182207,0.641111,0.99084
2026-07-28T04:15:17+00:00,on-demand,RTX PRO 6000 S,13,46,1.267222,1.533889,1.600278,1.734074,1.736296,1.606944,0.997822
2026-07-28T04:15:17+00:00,on-demand,RTX PRO 6000 WS,17,44,0.868889,1.067778,1.481296,1.666944,26.66963,1.469069,0.983976
2026-07-28T04:15:17+00:00,on-demand,Tesla P100,5,10,0.054815,0.087407,0.088148,0.201111,0.202222,0.14463,0.986311
2026-07-28T04:15:17+00:00,on-demand,Tesla P4,1,1,0.025481,0.025481,0.025481,0.025481,0.025481,,0.99196
2026-07-28T04:15:17+00:00,on-demand,Tesla P40,2,6,0.132556,0.132694,0.132833,0.132972,0.133111,0.132833,0.992834
2026-07-28T04:15:17+00:00,on-demand,Tesla T4,2,3,12.000741,12.000926,12.001111,12.001296,12.001481,,0.972398
2026-07-28T04:15:17+00:00,on-demand,Tesla V100,10,25,0.079407,0.107361,0.128148,0.162593,0.333889,0.208519,0.978396
2026-07-28T04:15:17+00:00,on-demand,Titan RTX,1,1,0.162222,0.162222,0.162222,0.162222,0.162222,0.162222,0.998461
2026-07-28T04:15:17+00:00,on-demand,Titan Xp,1,1,0.055556,0.055556,0.055556,0.055556,0.055556,0.055556,0.995985
2026-07-28T04:15:17+00:00,bid,A100 PCIE,20,29,0.131556,0.135556,0.141667,0.266667,0.46963,0.135556,0.995039
2026-07-28T04:15:17+00:00,bid,A100 SXM4,26,51,0.135556,0.710722,0.802444,0.895167,0.987222,0.680741,0.992888
2026-07-28T04:15:17+00:00,bid,A800 PCIE,7,12,0.129889,0.130444,0.131556,0.131556,0.131556,,0.994222
2026-07-28T04:15:17+00:00,bid,B200,13,62,3.750174,5.626042,5.877604,6.260417,7.375521,5.877604,0.993027
2026-07-28T04:15:17+00:00,bid,B300,6,27,3.751042,4.064236,5.312977,5.625456,5.625521,3.751562,0.992766
2026-07-28T04:15:17+00:00,bid,CMP 170HX,10,25,0.102444,0.129403,0.200833,0.201944,0.202222,,0.77777
2026-07-28T04:15:17+00:00,bid,GTX 1050 Ti,1,1,0.024444,0.024444,0.024444,0.024444,0.024444,,0.966796
2026-07-28T04:15:17+00:00,bid,GTX 1060,2,2,0.031111,0.04037,0.04963,0.058889,0.068148,0.068148,0.988477
2026-07-28T04:15:17+00:00,bid,GTX 1070,2,2,0.015556,0.017778,0.02,0.022222,0.024444,0.024444,0.983473
2026-07-28T04:15:17+00:00,bid,GTX 1080,5,14,0.021111,0.04037,0.040556,0.041111,0.042222,0.040833,0.99612
2026-07-28T04:15:17+00:00,bid,GTX 1080 Ti,9,32,0.040317,0.040556,0.041111,0.054074,0.055556,0.041111,0.995845
2026-07-28T04:15:17+00:00,bid,GTX 1650 S,1,1,0.037778,0.037778,0.037778,0.037778,0.037778,,0.9694
2026-07-28T04:15:17+00:00,bid,GTX 1660,1,1,0.037778,0.037778,0.037778,0.037778,0.037778,,0.978159
2026-07-28T04:15:17+00:00,bid,GTX 1660 S,1,1,0.031111,0.031111,0.031111,0.031111,0.031111,,0.978547
2026-07-28T04:15:17+00:00,bid,GTX 1660 Ti,1,1,0.037778,0.037778,0.037778,0.037778,0.037778,0.037778,0.971439
2026-07-28T04:15:17+00:00,bid,H100 NVL,3,6,0.936,1.122815,1.30963,1.655093,2.000556,1.468278,0.952843
2026-07-28T04:15:17+00:00,bid,H100 PCIE,6,28,0.733482,0.883625,1.33375,1.334306,1.334445,0.733556,0.967267
2026-07-28T04:15:17+00:00,bid,H100 SXM,7,18,0.602222,1.037333,2.000222,2.534167,4.002222,2.534167,0.992262
2026-07-28T04:15:17+00:00,bid,H200,9,42,2.63231,3.817982,3.947917,4.013706,7.829496,3.947917,0.999229
2026-07-28T04:15:17+00:00,bid,H200 NVL,9,12,0.403778,1.335556,1.339555,2.002222,3.211111,2.003778,0.986498
2026-07-28T04:15:17+00:00,bid,L4,7,15,0.134074,0.201685,0.202222,0.268333,0.320556,0.235,0.997883
2026-07-28T04:15:17+00:00,bid,L40,5,10,0.288519,0.467778,0.468889,0.471111,0.471111,0.47,0.985813
2026-07-28T04:15:17+00:00,bid,L40S,24,72,0.200185,0.451944,0.535,0.540741,0.803704,0.540741,0.998619
2026-07-28T04:15:17+00:00,bid,Q RTX 5000,1,2,0.054074,0.054074,0.054074,0.054074,0.054074,,0.974834
2026-07-28T04:15:17+00:00,bid,Q RTX 8000,3,4,0.014444,0.015,0.015556,0.015556,0.015556,0.015556,0.997893
2026-07-28T04:15:17+00:00,bid,Quadro GV100,1,1,0.134074,0.134074,0.134074,0.134074,0.134074,,0.968402
2026-07-28T04:15:17+00:00,bid,Quadro P4000,2,3,0.03437,0.036056,0.037741,0.039426,0.041111,,0.94297
2026-07-28T04:15:17+00:00,bid,RTX 2060,3,4,0.031111,0.036111,0.041111,0.188333,0.335556,0.041111,0.992987
2026-07-28T04:15:17+00:00,bid,RTX 2060S,1,1,0.123704,0.123704,0.123704,0.123704,0.123704,0.123704,0.946712
2026-07-28T04:15:17+00:00,bid,RTX 2070S,2,17,0.066831,0.066836,0.066842,0.066847,0.066852,,0.98742
2026-07-28T04:15:17+00:00,bid,RTX 2080 Ti,5,6,0.037778,0.044222,0.107778,0.108889,0.108889,0.108333,0.996189
2026-07-28T04:15:17+00:00,bid,RTX 2080S,1,1,0.037778,0.037778,0.037778,0.037778,0.037778,0.037778,0.97241
2026-07-28T04:15:17+00:00,bid,RTX 3060,15,44,0.028889,0.0455,0.054444,0.102815,0.202222,0.091613,0.991085
2026-07-28T04:15:17+00:00,bid,RTX 3060 laptop,6,16,0.013352,0.013519,0.026037,0.0615,0.101111,0.085148,0.98792
2026-07-28T04:15:17+00:00,bid,RTX 3070,16,33,0.040444,0.068241,0.077,0.094028,0.282222,0.083389,0.990887
2026-07-28T04:15:17+00:00,bid,RTX 3070 laptop,1,1,0.442222,0.442222,0.442222,0.442222,0.442222,,0.962717
2026-07-28T04:15:17+00:00,bid,RTX 3080,13,31,0.041111,0.066944,0.068148,0.135556,0.495556,0.134444,0.988028
2026-07-28T04:15:17+00:00,bid,RTX 3080 Ti,9,13,0.028889,0.088889,0.107778,0.161111,0.188889,0.136778,0.994987
2026-07-28T04:15:17+00:00,bid,RTX 3090,74,172,0.016889,0.107778,0.134815,0.153333,0.349963,0.146944,0.990506
2026-07-28T04:15:17+00:00,bid,RTX 4000Ada,3,4,0.054222,0.054667,0.055111,0.108667,0.162222,,0.982298
2026-07-28T04:15:17+00:00,bid,RTX 4060,3,5,0.053926,0.054185,0.054444,0.054481,0.054519,0.054444,0.976351
2026-07-28T04:15:17+00:00,bid,RTX 4060 Ti,8,18,0.041111,0.051389,0.076333,0.107139,0.107778,0.107167,0.996592
2026-07-28T04:15:17+00:00,bid,RTX 4070,5,8,0.028889,0.054444,0.075778,0.087778,0.148889,0.075778,0.999214
2026-07-28T04:15:17+00:00,bid,RTX 4070 Ti,3,3,0.095556,0.102222,0.108889,0.108889,0.108889,0.108889,0.987268
2026-07-28T04:15:17+00:00,bid,RTX 4070S,13,45,0.06787,0.069074,0.071481,0.076296,0.244444,0.071481,0.978912
2026-07-28T04:15:17+00:00,bid,RTX 4070S Ti,18,46,0.054815,0.101741,0.167083,0.167778,0.202222,0.167778,0.99946
2026-07-28T04:15:17+00:00,bid,RTX 4080,3,3,0.169778,0.186,0.202222,0.228889,0.255556,0.228889,0.996676
2026-07-28T04:15:17+00:00,bid,RTX 4080S,11,25,0.068148,0.148296,0.188741,0.200417,0.202074,0.195481,0.996281
2026-07-28T04:15:17+00:00,bid,RTX 4090,74,204,0.134074,0.228741,0.334444,0.403333,1.005037,0.401111,0.994583
2026-07-28T04:15:17+00:00,bid,RTX 4090D,4,8,0.604556,0.604972,0.605667,0.606222,0.606222,,0.967226
2026-07-28T04:15:17+00:00,bid,RTX 5000Ada,6,8,0.267778,0.268889,0.295,0.331944,0.532142,0.268889,0.997364
2026-07-28T04:15:17+00:00,bid,RTX 5060,4,5,0.054444,0.055278,0.075556,0.108889,0.148889,0.148889,0.98313
2026-07-28T04:15:17+00:00,bid,RTX 5060 Ti,24,54,0.040556,0.080917,0.101444,0.134704,0.160889,0.118222,0.992108
2026-07-28T04:15:17+00:00,bid,RTX 5070,7,9,0.042222,0.087333,0.095556,0.121667,0.162222,0.122222,0.97963
2026-07-28T04:15:17+00:00,bid,RTX 5070 Ti,14,27,0.082222,0.094444,0.1075,0.108741,0.141111,0.094444,0.996223
2026-07-28T04:15:17+00:00,bid,RTX 5080,21,40,0.02963,0.094074,0.160556,0.175556,0.254815,0.160556,0.990868
2026-07-28T04:15:17+00:00,bid,RTX 5090,75,204,0.093611,0.201481,0.37358,0.548257,0.906944,0.272593,0.995883
2026-07-28T04:15:17+00:00,bid,RTX 5880Ada,6,9,0.295185,0.297037,0.297037,0.325037,0.33437,0.297037,0.995886
2026-07-28T04:15:17+00:00,bid,RTX 6000Ada,14,28,0.137778,0.387778,0.401111,0.452296,0.74963,0.401111,0.993325
2026-07-28T04:15:17+00:00,bid,RTX A2000,1,1,0.400148,0.400148,0.400148,0.400148,0.400148,,0.994235
2026-07-28T04:15:17+00:00,bid,RTX A4000,11,56,0.013889,0.0355,0.107037,0.120358,0.134444,,0.987348
2026-07-28T04:15:17+00:00,bid,RTX A5000,8,14,0.025556,0.109907,0.201296,0.334259,0.334815,0.108519,0.971769
2026-07-28T04:15:17+00:00,bid,RTX A6000,3,6,0.202593,0.255185,0.307778,0.314444,0.321111,,0.970932
2026-07-28T04:15:17+00:00,bid,RTX PRO 2000,2,3,0.134074,0.134259,0.134444,0.13463,0.134815,,0.964804
2026-07-28T04:15:17+00:00,bid,RTX PRO 4000,17,37,0.067222,0.068889,0.200556,0.235556,0.244741,0.226296,0.983274
2026-07-28T04:15:17+00:00,bid,RTX PRO 5000,24,37,0.135111,0.438315,0.533611,0.67753,0.803704,0.50787,0.991585
2026-07-28T04:15:17+00:00,bid,RTX PRO 6000 S,21,50,0.334444,0.801481,1.062222,1.06963,1.493611,0.932593,0.997851
2026-07-28T04:15:17+00:00,bid,RTX PRO 6000 WS,20,41,0.53463,0.538519,0.675185,1.028981,1.320463,1.032222,0.990236
2026-07-28T04:15:17+00:00,bid,Tesla P100,4,5,0.041481,0.111204,0.135,0.135556,0.135556,0.135556,0.987124
2026-07-28T04:15:17+00:00,bid,Tesla P4,1,1,0.011926,0.011926,0.011926,0.011926,0.011926,,0.990381
2026-07-28T04:15:17+00:00,bid,Tesla P40,3,8,0.065889,0.066167,0.066444,0.066444,0.066444,0.066444,0.992834
2026-07-28T04:15:17+00:00,bid,Tesla T4,2,3,3.400741,3.400926,3.401111,3.401296,3.401481,,0.972398
2026-07-28T04:15:17+00:00,bid,Tesla V100,12,26,0.08037,0.12413,0.147685,0.163944,0.202222,0.162222,0.995478
2026-07-28T04:15:17+00:00,bid,Titan RTX,3,3,0.095556,0.102222,0.108889,0.122222,0.135556,0.108889,0.998334
2026-07-28T04:15:17+00:00,bid,Titan Xp,1,1,0.042222,0.042222,0.042222,0.042222,0.042222,0.042222,0.995985
2026-07-28T04:20:10+00:00,on-demand,A100 PCIE,9,20,0.333611,0.335556,0.994435,1.002222,1.537739,0.999981,0.994797
2026-07-28T04:20:10+00:00,on-demand,A100 SXM4,20,51,0.40037,0.851481,1.067667,1.235414,1.409333,1.261101,0.995104
2026-07-28T04:20:10+00:00,on-demand,A10g,1,1,0.121185,0.121185,0.121185,0.121185,0.121185,,0.599993
2026-07-28T04:20:10+00:00,on-demand,A800 PCIE,2,5,0.667222,0.667639,0.668056,0.668472,0.668889,,0.994222
2026-07-28T04:20:10+00:00,on-demand,B200,16,70,5.625174,5.895182,6.250391,7.094596,7.751042,6.250391,0.993415
2026-07-28T04:20:10+00:00,on-demand,B300,5,23,6.25026,6.250521,7.501042,7.502083,8.750694,7.501563,0.992766
2026-07-28T04:20:10+00:00,on-demand,CMP 170HX,7,32,0.121111,0.208981,0.293611,0.294167,0.295556,,0.77777
2026-07-28T04:20:10+00:00,on-demand,GTX 1050 Ti,1,1,0.611111,0.611111,0.611111,0.611111,0.611111,,0.966796
2026-07-28T04:20:10+00:00,on-demand,GTX 1060,3,4,0.087778,0.088333,0.088889,0.216667,0.344444,0.088333,0.999301
2026-07-28T04:20:10+00:00,on-demand,GTX 1070,2,2,0.202222,0.284444,0.366667,0.448889,0.531111,0.531111,0.983473
2026-07-28T04:20:10+00:00,on-demand,GTX 1080,6,16,0.027778,0.043759,0.048463,0.048972,0.050222,0.048833,0.990919
2026-07-28T04:20:10+00:00,on-demand,GTX 1080 Ti,6,17,0.060317,0.060694,0.061667,0.076389,0.082222,0.061111,0.99652
2026-07-28T04:20:10+00:00,on-demand,GTX 1650 S,1,1,0.677778,0.677778,0.677778,0.677778,0.677778,,0.9694
2026-07-28T04:20:10+00:00,on-demand,GTX 1660,1,4,0.067963,0.067963,0.067963,0.067963,0.067963,0.067963,0.99687
2026-07-28T04:20:10+00:00,on-demand,GTX 1660 S,1,1,0.451111,0.451111,0.451111,0.451111,0.451111,,0.978547
2026-07-28T04:20:10+00:00,on-demand,GTX 1660 Ti,2,2,0.016889,0.165444,0.314,0.462556,0.611111,0.611111,0.978927
2026-07-28T04:20:10+00:00,on-demand,H100 NVL,3,6,1.602074,1.964148,2.326222,2.830056,3.333889,2.830056,0.991279
2026-07-28T04:20:10+00:00,on-demand,H100 PCIE,5,26,1.720148,1.720296,2.000278,2.000556,2.001111,1.720222,0.967267
2026-07-28T04:20:10+00:00,on-demand,H100 SXM,7,21,1.922222,2.924204,3.621111,3.923889,5.233889,3.621111,0.995993
2026-07-28T04:20:10+00:00,on-demand,H200,9,42,3.81652,3.947825,4.2108,4.211623,7.895285,4.2108,0.999229
2026-07-28T04:20:10+00:00,on-demand,H200 NVL,6,12,2.800741,3.171111,3.706222,3.954917,4.288889,3.948167,0.996218
2026-07-28T04:20:10+00:00,on-demand,L4,3,7,0.202222,0.262407,0.322593,1.828241,3.333889,0.322593,0.972363
2026-07-28T04:20:10+00:00,on-demand,L40,5,10,0.295185,0.297037,0.574444,0.575556,0.577778,0.575556,0.985813
2026-07-28T04:20:10+00:00,on-demand,L40S,13,46,0.40037,0.467037,0.800278,1.067593,1.074074,0.934537,0.996295
2026-07-28T04:20:10+00:00,on-demand,Q RTX 5000,1,2,0.080741,0.080741,0.080741,0.080741,0.080741,,0.974834
2026-07-28T04:20:10+00:00,on-demand,Q RTX 8000,4,6,0.254074,0.25463,0.267296,0.280056,0.280889,0.267296,0.998283
2026-07-28T04:20:10+00:00,on-demand,Quadro GV100,1,1,0.467407,0.467407,0.467407,0.467407,0.467407,,0.968402
2026-07-28T04:20:10+00:00,on-demand,Quadro P4000,4,6,0.054444,0.055,0.05537,0.055926,0.057037,0.056111,0.939818
2026-07-28T04:20:10+00:00,on-demand,RTX 2060,1,1,0.415556,0.415556,0.415556,0.415556,0.415556,0.415556,0.995076
2026-07-28T04:20:10+00:00,on-demand,RTX 2070S,2,17,0.073498,0.073503,0.073508,0.073513,0.073519,,0.98742
2026-07-28T04:20:10+00:00,on-demand,RTX 2080 Ti,7,26,0.068889,0.080027,0.080056,0.121667,0.811111,0.080056,0.994445
2026-07-28T04:20:10+00:00,on-demand,RTX 2080S,1,1,0.744444,0.744444,0.744444,0.744444,0.744444,0.744444,0.97241
2026-07-28T04:20:10+00:00,on-demand,RTX 3060,11,44,0.050852,0.061389,0.073498,0.237778,1.334815,0.110509,0.994124
2026-07-28T04:20:10+00:00,on-demand,RTX 3060 laptop,5,14,0.026685,0.041111,0.042222,0.105185,0.134444,0.119815,0.998769
2026-07-28T04:20:10+00:00,on-demand,RTX 3070,12,34,0.046222,0.08,0.10713,0.308901,0.668148,0.090833,0.976076
2026-07-28T04:20:10+00:00,on-demand,RTX 3070 laptop,1,1,0.468889,0.468889,0.468889,0.468889,0.468889,,0.962717
2026-07-28T04:20:10+00:00,on-demand,RTX 3080,12,33,0.060278,0.09637,0.116917,0.171437,0.562222,0.144333,0.99423
2026-07-28T04:20:10+00:00,on-demand,RTX 3080 Ti,6,8,0.068889,0.088611,0.121481,0.160463,0.295556,0.152037,0.995846
2026-07-28T04:20:10+00:00,on-demand,RTX 3090,47,129,0.10787,0.140926,0.240741,0.335,1.187407,0.247593,0.989782
2026-07-28T04:20:10+00:00,on-demand,RTX 3090 Ti,1,1,0.175556,0.175556,0.175556,0.175556,0.175556,,0.993138
2026-07-28T04:20:10+00:00,on-demand,RTX 4060,6,15,0.060556,0.061,0.062593,0.064074,0.082222,0.062222,0.996252
2026-07-28T04:20:10+00:00,on-demand,RTX 4060 Ti,4,7,0.081111,0.081667,0.082037,0.095222,0.134222,0.108037,0.984195
2026-07-28T04:20:10+00:00,on-demand,RTX 4070,3,7,0.080556,0.080833,0.081111,0.081667,0.082222,,0.995685
2026-07-28T04:20:10+00:00,on-demand,RTX 4070 Ti,4,6,0.093111,0.094944,0.096296,0.113333,0.162222,0.097037,0.988807
2026-07-28T04:20:10+00:00,on-demand,RTX 4070S,9,38,0.081111,0.081204,0.082407,0.08963,0.093889,0.087222,0.978912
2026-07-28T04:20:10+00:00,on-demand,RTX 4070S Ti,10,29,0.067778,0.116111,0.126019,0.248611,0.267222,0.248333,0.993681
2026-07-28T04:20:10+00:00,on-demand,RTX 4080,2,3,0.121481,0.13137,0.141259,0.151148,0.161037,,0.978041
2026-07-28T04:20:10+00:00,on-demand,RTX 4080S,12,34,0.200278,0.201815,0.207917,0.218037,0.296,0.228222,0.993688
2026-07-28T04:20:10+00:00,on-demand,RTX 4090,55,175,0.134444,0.314056,0.401111,0.60463,1.334815,0.561852,0.994809
2026-07-28T04:20:10+00:00,on-demand,RTX 4090D,2,2,0.324148,0.410333,0.496519,0.582704,0.668889,0.324148,0.980451
2026-07-28T04:20:10+00:00,on-demand,RTX 5000Ada,3,4,0.374444,0.401667,0.428889,0.575556,0.722222,0.401667,0.993433
2026-07-28T04:20:10+00:00,on-demand,RTX 5060,5,6,0.075556,0.077037,0.081111,0.148889,0.182222,0.12963,0.984299
2026-07-28T04:20:10+00:00,on-demand,RTX 5060 Ti,14,32,0.071852,0.095,0.131667,0.188972,0.228148,0.184556,0.993292
2026-07-28T04:20:10+00:00,on-demand,RTX 5060 laptop,1,1,0.135556,0.135556,0.135556,0.135556,0.135556,,0.97059
2026-07-28T04:20:10+00:00,on-demand,RTX 5070,5,9,0.094444,0.095556,0.097778,0.162222,1.015556,,0.993292
2026-07-28T04:20:10+00:00,on-demand,RTX 5070 Ti,7,14,0.111407,0.127778,0.135185,0.148889,0.200741,0.128148,0.99152
2026-07-28T04:20:10+00:00,on-demand,RTX 5080,15,46,0.133611,0.167196,0.175556,0.241481,0.802963,0.257037,0.987332
2026-07-28T04:20:10+00:00,on-demand,RTX 5090,38,109,0.267778,0.4544,0.533796,0.671481,3.615556,0.667917,0.990615
2026-07-28T04:20:10+00:00,on-demand,RTX 5880Ada,4,15,0.453593,0.453787,0.454111,0.48337,0.57037,0.454111,0.99751
2026-07-28T04:20:10+00:00,on-demand,RTX 6000Ada,7,15,0.440556,0.588056,0.640741,0.662407,0.735556,0.642222,0.991569
2026-07-28T04:20:10+00:00,on-demand,RTX A2000,5,6,0.034074,0.036148,0.036148,0.036889,0.493481,,0.995171
2026-07-28T04:20:10+00:00,on-demand,RTX A4000,5,34,0.071778,0.133468,0.133519,0.133827,0.153556,,0.97131
2026-07-28T04:20:10+00:00,on-demand,RTX A4500,1,1,1.274815,1.274815,1.274815,1.274815,1.274815,,0.998011
2026-07-28T04:20:10+00:00,on-demand,RTX A5000,2,3,40.000741,40.000926,40.001111,40.001296,40.001481,,0.971769
2026-07-28T04:20:10+00:00,on-demand,RTX A6000,3,9,0.373889,0.373981,0.374074,0.374259,0.374444,,0.990249
2026-07-28T04:20:10+00:00,on-demand,RTX PRO 4000,11,23,0.175037,0.208333,0.253889,0.294963,0.337037,0.258222,0.997094
2026-07-28T04:20:10+00:00,on-demand,RTX PRO 4500,1,1,0.282222,0.282222,0.282222,0.282222,0.282222,,0.995104
2026-07-28T04:20:10+00:00,on-demand,RTX PRO 5000,15,27,0.37,0.62787,0.667111,0.787963,1.164474,0.667222,0.991748
2026-07-28T04:20:10+00:00,on-demand,RTX PRO 6000 S,13,46,1.334074,1.534444,1.600278,1.734074,1.736296,1.606944,0.997851
2026-07-28T04:20:10+00:00,on-demand,RTX PRO 6000 WS,20,50,0.805926,0.974306,1.344352,1.618125,26.66963,1.410602,0.969897
2026-07-28T04:20:10+00:00,on-demand,Tesla P100,4,8,0.054815,0.079259,0.087778,0.116667,0.202222,0.088148,0.975887
2026-07-28T04:20:10+00:00,on-demand,Tesla P4,1,1,0.023259,0.023259,0.023259,0.023259,0.023259,,0.990381
2026-07-28T04:20:10+00:00,on-demand,Tesla P40,2,6,0.132556,0.132694,0.132833,0.132972,0.133111,0.132833,0.992834
2026-07-28T04:20:10+00:00,on-demand,Tesla T4,2,3,12.000741,12.000926,12.001111,12.001296,12.001481,,0.972398
2026-07-28T04:20:10+00:00,on-demand,Tesla V100,9,23,0.079407,0.107222,0.108889,0.167407,0.268889,0.267222,0.964598
2026-07-28T04:20:10+00:00,on-demand,Titan RTX,2,2,0.135556,0.142222,0.148889,0.155556,0.162222,0.148889,0.998398
2026-07-28T04:20:10+00:00,on-demand,Titan Xp,1,1,0.055556,0.055556,0.055556,0.055556,0.055556,0.055556,0.995985
2026-07-28T04:20:10+00:00,bid,A100 PCIE,13,15,0.135556,0.141111,0.142222,0.201481,0.46963,0.135556,0.995281
2026-07-28T04:20:10+00:00,bid,A100 SXM4,21,42,0.135556,0.605185,0.802222,0.934,0.987222,0.680741,0.99127
2026-07-28T04:20:10+00:00,bid,A800 PCIE,7,12,0.129889,0.130444,0.131556,0.131556,0.131556,,0.994222
2026-07-28T04:20:10+00:00,bid,B200,12,48,3.750174,5.627474,5.876953,6.539128,7.377083,5.876953,0.995785
2026-07-28T04:20:10+00:00,bid,B300,5,23,3.751042,3.752083,5.000694,5.62526,5.625521,3.751562,0.992766
2026-07-28T04:20:10+00:00,bid,CMP 170HX,13,37,0.102444,0.200185,0.201111,0.202222,0.202222,,0.77777
2026-07-28T04:20:10+00:00,bid,GTX 1050 Ti,1,1,0.024444,0.024444,0.024444,0.024444,0.024444,,0.966796
2026-07-28T04:20:10+00:00,bid,GTX 1060,3,3,0.014074,0.022593,0.031111,0.04963,0.068148,0.068148,0.977679
2026-07-28T04:20:10+00:00,bid,GTX 1070,2,2,0.015556,0.017778,0.02,0.022222,0.024444,0.024444,0.983473
2026-07-28T04:20:10+00:00,bid,GTX 1070 Ti,2,6,0.040556,0.040694,0.040833,0.040972,0.041111,0.040833,0.997333
2026-07-28T04:20:10+00:00,bid,GTX 1080,4,12,0.021111,0.035556,0.040463,0.040972,0.042222,0.040556,0.99624
2026-07-28T04:20:10+00:00,bid,GTX 1080 Ti,8,31,0.040317,0.040556,0.040926,0.045079,0.054074,0.040926,0.997194
2026-07-28T04:20:10+00:00,bid,GTX 1650 S,1,1,0.037778,0.037778,0.037778,0.037778,0.037778,,0.9694
2026-07-28T04:20:10+00:00,bid,GTX 1660 S,1,1,0.031111,0.031111,0.031111,0.031111,0.031111,,0.978547
2026-07-28T04:20:10+00:00,bid,GTX 1660 Ti,3,7,0.037778,0.046111,0.054444,0.055,0.055556,0.054444,0.99275
2026-07-28T04:20:10+00:00,bid,H100 NVL,4,7,0.936,1.216222,1.389185,1.601694,2.000556,1.468278,0.946946
2026-07-28T04:20:10+00:00,bid,H100 PCIE,5,26,0.733482,0.73363,1.333611,1.333889,1.334445,0.733556,0.967267
2026-07-28T04:20:10+00:00,bid,H100 SXM,8,20,0.602222,0.988963,2.002778,2.534028,4.001111,2.269611,0.991711
2026-07-28T04:20:10+00:00,bid,H200,8,34,2.63231,3.8178,3.947917,4.688459,7.632127,3.947917,0.999288
2026-07-28T04:20:10+00:00,bid,H200 NVL,11,18,0.403778,1.004167,1.335556,1.603481,2.668,1.172889,0.997393
2026-07-28T04:20:10+00:00,bid,L4,8,16,0.134074,0.184815,0.202056,0.267593,0.320556,0.202222,0.997949
2026-07-28T04:20:10+00:00,bid,L40,7,13,0.288519,0.468333,0.468889,0.471111,0.471111,0.47,0.985813
2026-07-28T04:20:10+00:00,bid,L40S,17,58,0.20037,0.467037,0.534259,0.537037,0.773611,0.535,0.998559
2026-07-28T04:20:10+00:00,bid,Q RTX 5000,1,2,0.054074,0.054074,0.054074,0.054074,0.054074,,0.974834
2026-07-28T04:20:10+00:00,bid,Q RTX 8000,3,4,0.017111,0.017667,0.018222,0.018222,0.018222,0.018222,0.997893
2026-07-28T04:20:10+00:00,bid,Quadro GV100,1,1,0.134074,0.134074,0.134074,0.134074,0.134074,,0.968402
2026-07-28T04:20:10+00:00,bid,Quadro P4000,2,3,0.03437,0.036056,0.037741,0.039426,0.041111,,0.94297
2026-07-28T04:20:10+00:00,bid,RTX 2060,3,4,0.031111,0.036111,0.041111,0.188333,0.335556,0.041111,0.992987
2026-07-28T04:20:10+00:00,bid,RTX 2060S,1,1,0.123704,0.123704,0.123704,0.123704,0.123704,0.123704,0.946712
2026-07-28T04:20:10+00:00,bid,RTX 2070S,2,17,0.066831,0.066836,0.066842,0.066847,0.066852,,0.98742
2026-07-28T04:20:10+00:00,bid,RTX 2080 Ti,5,6,0.037778,0.070074,0.107778,0.108148,0.108889,0.107963,0.996189
2026-07-28T04:20:10+00:00,bid,RTX 2080S,1,1,0.037778,0.037778,0.037778,0.037778,0.037778,0.037778,0.97241
2026-07-28T04:20:10+00:00,bid,RTX 3060,15,51,0.028889,0.0455,0.054444,0.102815,0.202222,0.066944,0.995463
2026-07-28T04:20:10+00:00,bid,RTX 3060 Ti,1,1,0.055556,0.055556,0.055556,0.055556,0.055556,0.055556,0.995672
2026-07-28T04:20:10+00:00,bid,RTX 3060 laptop,6,16,0.013352,0.043537,0.062222,0.068296,0.101111,0.067407,0.997539
2026-07-28T04:20:10+00:00,bid,RTX 3070,16,33,0.040444,0.041944,0.069444,0.094028,0.282222,0.093889,0.995626
2026-07-28T04:20:10+00:00,bid,RTX 3070 Ti,1,2,0.054444,0.054444,0.054444,0.054444,0.054444,,0.996718
2026-07-28T04:20:10+00:00,bid,RTX 3070 laptop,1,1,0.442222,0.442222,0.442222,0.442222,0.442222,,0.962717
2026-07-28T04:20:10+00:00,bid,RTX 3080,9,25,0.041111,0.068049,0.108148,0.240332,0.495556,0.121481,0.989683
2026-07-28T04:20:10+00:00,bid,RTX 3080 Ti,6,6,0.028889,0.075556,0.102222,0.148889,0.188889,0.162222,0.992297
2026-07-28T04:20:10+00:00,bid,RTX 3090,67,154,0.066981,0.108889,0.134815,0.152222,0.349963,0.147438,0.989782
2026-07-28T04:20:10+00:00,bid,RTX 4000Ada,1,1,0.162222,0.162222,0.162222,0.162222,0.162222,,0.994043
2026-07-28T04:20:10+00:00,bid,RTX 4060,3,5,0.053926,0.054222,0.054519,0.058667,0.062815,0.062815,0.976351
2026-07-28T04:20:10+00:00,bid,RTX 4060 Ti,8,18,0.041111,0.055444,0.076333,0.088444,0.107222,0.081444,0.994988
2026-07-28T04:20:10+00:00,bid,RTX 4070,4,6,0.054444,0.070444,0.076333,0.094889,0.148889,0.076333,0.998106
2026-07-28T04:20:10+00:00,bid,RTX 4070 Ti,2,2,0.108889,0.108889,0.108889,0.108889,0.108889,0.108889,0.986667
2026-07-28T04:20:10+00:00,bid,RTX 4070S,9,31,0.06787,0.069074,0.071481,0.076296,0.244444,0.070278,0.978912
2026-07-28T04:20:10+00:00,bid,RTX 4070S Ti,17,41,0.054815,0.102963,0.167222,0.168889,0.202222,0.168333,0.99946
2026-07-28T04:20:10+00:00,bid,RTX 4080,2,2,0.202222,0.215556,0.228889,0.242222,0.255556,0.228889,0.997844
2026-07-28T04:20:10+00:00,bid,RTX 4080S,11,24,0.161778,0.187741,0.188741,0.200417,0.245333,0.195481,0.996147
2026-07-28T04:20:10+00:00,bid,RTX 4090,66,176,0.147778,0.203148,0.293176,0.397389,1.005037,0.268556,0.996088
2026-07-28T04:20:10+00:00,bid,RTX 4090D,4,8,0.604556,0.604972,0.605667,0.606222,0.606222,,0.967226
2026-07-28T04:20:10+00:00,bid,RTX 5000Ada,6,9,0.267778,0.268889,0.295,0.331111,0.532142,0.268889,0.997364
2026-07-28T04:20:10+00:00,bid,RTX 5060,4,5,0.054444,0.055278,0.075556,0.108889,0.148889,0.148889,0.989219
2026-07-28T04:20:10+00:00,bid,RTX 5060 Ti,24,54,0.040556,0.065824,0.081296,0.123957,0.159778,0.10237,0.996786
2026-07-28T04:20:10+00:00,bid,RTX 5070,6,7,0.015556,0.055278,0.095,0.115556,0.135556,0.128889,0.969798
2026-07-28T04:20:10+00:00,bid,RTX 5070 Ti,15,33,0.093889,0.094444,0.107778,0.108889,0.183704,0.094444,0.995913
2026-07-28T04:20:10+00:00,bid,RTX 5080,19,37,0.02963,0.114148,0.139111,0.17037,0.254815,0.136,0.989971
2026-07-28T04:20:10+00:00,bid,RTX 5090,68,176,0.093611,0.234278,0.335556,0.534444,1.468889,0.272593,0.996491
2026-07-28T04:20:10+00:00,bid,RTX 5880Ada,5,7,0.295185,0.297037,0.297037,0.297037,0.33437,0.297037,0.995886
2026-07-28T04:20:10+00:00,bid,RTX 6000Ada,14,25,0.137778,0.387361,0.395,0.402037,0.548519,0.401111,0.991569
2026-07-28T04:20:10+00:00,bid,RTX A2000,1,1,0.400148,0.400148,0.400148,0.400148,0.400148,,0.994235
2026-07-28T04:20:10+00:00,bid,RTX A4000,11,54,0.013889,0.0355,0.106801,0.107099,0.134444,,0.987348
2026-07-28T04:20:10+00:00,bid,RTX A5000,9,15,0.025556,0.11037,0.201111,0.334074,0.334815,0.109444,0.971769
2026-07-28T04:20:10+00:00,bid,RTX A6000,2,4,0.202593,0.227486,0.25238,0.277273,0.302167,,0.993618
2026-07-28T04:20:10+00:00,bid,RTX PRO 2000,1,2,0.134074,0.134074,0.134074,0.134074,0.134074,,0.964804
2026-07-28T04:20:10+00:00,bid,RTX PRO 4000,17,34,0.068444,0.072222,0.217037,0.240741,0.241778,0.237469,0.983274
2026-07-28T04:20:10+00:00,bid,RTX PRO 5000,18,32,0.135111,0.413704,0.533611,0.650111,0.803704,0.533611,0.991667
2026-07-28T04:20:10+00:00,bid,RTX PRO 6000 S,20,57,0.335556,0.800486,1.067778,1.118958,1.493611,0.901852,0.996859
2026-07-28T04:20:10+00:00,bid,RTX PRO 6000 WS,21,44,0.402963,0.538518,0.734963,1.002222,1.320926,1.009019,0.985053
2026-07-28T04:20:10+00:00,bid,Tesla P100,4,5,0.041481,0.111204,0.135,0.135556,0.135556,0.135556,0.987124
2026-07-28T04:20:10+00:00,bid,Tesla P4,1,1,0.011926,0.011926,0.011926,0.011926,0.011926,,0.990381
2026-07-28T04:20:10+00:00,bid,Tesla P40,3,8,0.065889,0.066167,0.066444,0.066444,0.066444,0.066444,0.992834
2026-07-28T04:20:10+00:00,bid,Tesla T4,3,4,3.400741,3.401111,3.401481,3.401481,3.401481,,0.972398
2026-07-28T04:20:10+00:00,bid,Tesla V100,12,23,0.08037,0.133981,0.162222,0.201389,0.242222,0.181389,0.998761
2026-07-28T04:20:10+00:00,bid,Titan RTX,1,1,0.135556,0.135556,0.135556,0.135556,0.135556,0.135556,0.998461
2026-07-28T04:20:10+00:00,bid,Titan Xp,1,1,0.042222,0.042222,0.042222,0.042222,0.042222,0.042222,0.995985
2026-07-28T04:25:10+00:00,on-demand,A100 PCIE,12,24,0.268148,0.335278,0.860444,1.001389,1.537739,0.994435,0.994144
2026-07-28T04:25:10+00:00,on-demand,A100 SXM4,23,55,0.40037,0.794907,0.948741,1.128667,1.409333,0.941778,0.99568
2026-07-28T04:25:10+00:00,on-demand,A10g,1,1,0.121185,0.121185,0.121185,0.121185,0.121185,,0.599993
2026-07-28T04:25:10+00:00,on-demand,A800 PCIE,3,4,0.468148,0.567963,0.667778,0.668333,0.668889,,0.994222
2026-07-28T04:25:10+00:00,on-demand,B200,16,70,5.625174,5.929036,6.250651,6.811003,7.751042,6.250651,0.990336
2026-07-28T04:25:10+00:00,on-demand,B300,5,23,6.25026,6.250521,7.501042,7.502083,8.750694,7.501563,0.992766
2026-07-28T04:25:10+00:00,on-demand,CMP 170HX,6,24,0.121111,0.166713,0.293704,0.294306,0.295556,,0.77777
2026-07-28T04:25:10+00:00,on-demand,GTX 1050 Ti,1,1,0.611111,0.611111,0.611111,0.611111,0.611111,,0.966796
2026-07-28T04:25:10+00:00,on-demand,GTX 1060,3,4,0.087778,0.087963,0.088148,0.216296,0.344444,0.087963,0.999275
2026-07-28T04:25:10+00:00,on-demand,GTX 1070,2,2,0.202222,0.284444,0.366667,0.448889,0.531111,0.531111,0.983473
2026-07-28T04:25:10+00:00,on-demand,GTX 1080,5,12,0.027778,0.027778,0.04837,0.049111,0.050222,0.049111,0.99612
2026-07-28T04:25:10+00:00,on-demand,GTX 1080 Ti,7,25,0.060317,0.060648,0.061111,0.07127,0.082222,0.060926,0.997194
2026-07-28T04:25:10+00:00,on-demand,GTX 1650 S,1,1,0.677778,0.677778,0.677778,0.677778,0.677778,,0.9694
2026-07-28T04:25:10+00:00,on-demand,GTX 1660 S,1,1,0.451111,0.451111,0.451111,0.451111,0.451111,,0.978547
2026-07-28T04:25:10+00:00,on-demand,GTX 1660 Ti,1,1,0.016889,0.016889,0.016889,0.016889,0.016889,,0.986416
2026-07-28T04:25:10+00:00,on-demand,H100 NVL,3,6,1.602074,1.964148,2.326222,2.830056,3.333889,2.830056,0.991279
2026-07-28T04:25:10+00:00,on-demand,H100 PCIE,5,26,1.720148,1.720296,2.000278,2.000556,2.001111,1.720222,0.967267
2026-07-28T04:25:10+00:00,on-demand,H100 SXM,8,25,1.733889,2.252593,3.624167,3.776389,5.233889,3.624167,0.990663
2026-07-28T04:25:10+00:00,on-demand,H200,8,34,3.81652,4.044773,4.210938,4.211212,7.171601,4.210938,0.999229
2026-07-28T04:25:10+00:00,on-demand,H200 NVL,6,12,2.800741,3.285333,3.948167,3.965417,4.247556,3.964167,0.997967
2026-07-28T04:25:10+00:00,on-demand,L4,3,7,0.202222,0.262407,0.322593,1.828241,3.333889,0.322593,0.972363
2026-07-28T04:25:10+00:00,on-demand,L40,5,10,0.295185,0.297037,0.574444,0.575556,0.577778,0.575556,0.985813
2026-07-28T04:25:10+00:00,on-demand,L40S,14,47,0.400185,0.482546,0.800324,1.001065,1.074074,0.801481,0.998586
2026-07-28T04:25:10+00:00,on-demand,Q RTX 8000,4,6,0.254074,0.25463,0.267296,0.280056,0.280889,0.267296,0.998283
2026-07-28T04:25:10+00:00,on-demand,Quadro GV100,1,1,0.467407,0.467407,0.467407,0.467407,0.467407,,0.968402
2026-07-28T04:25:10+00:00,on-demand,Quadro P4000,4,6,0.047704,0.052759,0.054815,0.055648,0.057037,0.056111,0.990986
2026-07-28T04:25:10+00:00,on-demand,RTX 2060,1,1,0.411111,0.411111,0.411111,0.411111,0.411111,0.411111,0.978432
2026-07-28T04:25:10+00:00,on-demand,RTX 2070S,2,17,0.073498,0.073503,0.073508,0.073513,0.073519,,0.98742
2026-07-28T04:25:10+00:00,on-demand,RTX 2080 Ti,7,24,0.068889,0.08003,0.080056,0.121667,0.811111,0.080056,0.995312
2026-07-28T04:25:10+00:00,on-demand,RTX 2080S,1,1,0.744444,0.744444,0.744444,0.744444,0.744444,0.744444,0.97241
2026-07-28T04:25:10+00:00,on-demand,RTX 3060,11,37,0.029926,0.059315,0.068444,0.237778,1.334815,0.102926,0.991814
2026-07-28T04:25:10+00:00,on-demand,RTX 3060 laptop,4,12,0.026685,0.037505,0.041667,0.048074,0.06563,0.06563,0.99814
2026-07-28T04:25:10+00:00,on-demand,RTX 3070,9,32,0.042222,0.081852,0.106944,0.107778,0.667407,0.104198,0.988119
2026-07-28T04:25:10+00:00,on-demand,RTX 3070 Ti,1,2,0.061111,0.061111,0.061111,0.061111,0.061111,,0.996718
2026-07-28T04:25:10+00:00,on-demand,RTX 3070 laptop,1,1,0.468889,0.468889,0.468889,0.468889,0.468889,,0.962717
2026-07-28T04:25:10+00:00,on-demand,RTX 3080,11,31,0.060278,0.104556,0.133926,0.199615,0.562222,0.145963,0.995709
2026-07-28T04:25:10+00:00,on-demand,RTX 3080 Ti,5,6,0.082222,0.095556,0.142222,0.178444,0.295556,0.178444,0.988722
2026-07-28T04:25:10+00:00,on-demand,RTX 3090,43,134,0.106944,0.147778,0.240741,0.335556,1.187407,0.248519,0.989193
2026-07-28T04:25:10+00:00,on-demand,RTX 3090 Ti,1,1,0.175556,0.175556,0.175556,0.175556,0.175556,,0.993138
2026-07-28T04:25:10+00:00,on-demand,RTX 4060,7,19,0.060556,0.060852,0.062222,0.063704,0.082222,0.061667,0.996252
2026-07-28T04:25:10+00:00,on-demand,RTX 4060 Ti,3,4,0.081111,0.081667,0.082222,0.082963,0.083704,0.083704,0.974101
2026-07-28T04:25:10+00:00,on-demand,RTX 4070,3,7,0.080556,0.080833,0.081111,0.081667,0.082222,,0.995685
2026-07-28T04:25:10+00:00,on-demand,RTX 4070 Ti,4,6,0.093111,0.094944,0.096296,0.113333,0.162222,0.097037,0.987638
2026-07-28T04:25:10+00:00,on-demand,RTX 4070S,11,52,0.081204,0.083611,0.08963,0.094093,0.095741,0.087222,0.978912
2026-07-28T04:25:10+00:00,on-demand,RTX 4070S Ti,11,28,0.068889,0.122315,0.12963,0.248056,0.267778,0.248056,0.995167
2026-07-28T04:25:10+00:00,on-demand,RTX 4080,2,3,0.121481,0.13137,0.141259,0.151148,0.161037,,0.978041
2026-07-28T04:25:10+00:00,on-demand,RTX 4080S,12,35,0.118148,0.200486,0.201111,0.202222,0.213889,0.201667,0.993482
2026-07-28T04:25:10+00:00,on-demand,RTX 4090,51,163,0.133889,0.320833,0.468889,0.638519,1.334815,0.605556,0.994583
2026-07-28T04:25:10+00:00,on-demand,RTX 4090D,3,4,0.324148,0.495963,0.667778,0.668333,0.668889,0.324148,0.967226
2026-07-28T04:25:10+00:00,on-demand,RTX 5000Ada,3,4,0.441111,0.441667,0.442222,0.582222,0.722222,0.441667,0.998225
2026-07-28T04:25:10+00:00,on-demand,RTX 5060,4,4,0.054815,0.12537,0.165556,1.805185,6.674074,0.182222,0.977785
2026-07-28T04:25:10+00:00,on-demand,RTX 5060 Ti,16,44,0.071852,0.094722,0.116901,0.174074,0.228148,0.173926,0.994554
2026-07-28T04:25:10+00:00,on-demand,RTX 5070,7,12,0.094444,0.096667,0.114815,0.161852,0.176296,0.174815,0.993292
2026-07-28T04:25:10+00:00,on-demand,RTX 5070 Ti,9,18,0.111407,0.120556,0.162222,0.201111,0.202222,0.200556,0.994123
2026-07-28T04:25:10+00:00,on-demand,RTX 5080,15,46,0.133358,0.17377,0.187704,0.2475,0.802963,0.2675,0.987332
2026-07-28T04:25:10+00:00,on-demand,RTX 5090,45,121,0.200741,0.440741,0.533611,0.671852,3.615556,0.667185,0.99413
2026-07-28T04:25:10+00:00,on-demand,RTX 5880Ada,4,15,0.453593,0.453787,0.454111,0.48337,0.57037,0.454111,0.99751
2026-07-28T04:25:10+00:00,on-demand,RTX 6000Ada,7,15,0.440556,0.441667,0.640556,0.675148,0.682222,0.681111,0.989059
2026-07-28T04:25:10+00:00,on-demand,RTX A2000,3,4,0.034074,0.035111,0.036148,0.264815,0.493481,,0.995171
2026-07-28T04:25:10+00:00,on-demand,RTX A4000,5,30,0.071778,0.133468,0.133704,0.133827,0.153556,,0.97131
2026-07-28T04:25:10+00:00,on-demand,RTX A4500,1,1,1.274815,1.274815,1.274815,1.274815,1.274815,,0.998011
2026-07-28T04:25:10+00:00,on-demand,RTX A5000,5,9,0.160556,0.301037,0.318015,40.000741,40.001481,0.301037,0.971769
2026-07-28T04:25:10+00:00,on-demand,RTX A6000,4,13,0.373651,0.373968,0.374259,0.381944,0.404444,0.404444,0.990249
2026-07-28T04:25:10+00:00,on-demand,RTX PRO 2000,1,2,0.174074,0.174074,0.174074,0.174074,0.174074,,0.964804
2026-07-28T04:25:10+00:00,on-demand,RTX PRO 4000,8,16,0.201111,0.221111,0.274722,0.324907,0.337037,0.328333,0.983274
2026-07-28T04:25:10+00:00,on-demand,RTX PRO 4500,1,1,0.282222,0.282222,0.282222,0.282222,0.282222,,0.995104
2026-07-28T04:25:10+00:00,on-demand,RTX PRO 5000,13,25,0.37,0.640185,0.667037,0.734074,1.164474,0.667407,0.991748
2026-07-28T04:25:10+00:00,on-demand,RTX PRO 6000 S,15,56,1.267222,1.50125,1.546944,1.700509,1.736296,1.546944,0.997822
2026-07-28T04:25:10+00:00,on-demand,RTX PRO 6000 WS,18,46,0.714074,1.019167,1.428611,1.650671,26.66963,1.58713,0.973187
2026-07-28T04:25:10+00:00,on-demand,Tesla P100,5,10,0.054815,0.087407,0.088148,0.201111,0.202222,0.14463,0.986311
2026-07-28T04:25:10+00:00,on-demand,Tesla P4,1,1,0.023259,0.023259,0.023259,0.023259,0.023259,,0.990381
2026-07-28T04:25:10+00:00,on-demand,Tesla P40,1,4,0.132556,0.132556,0.132556,0.132556,0.132556,0.132556,0.992834
2026-07-28T04:25:10+00:00,on-demand,Tesla T4,2,3,12.000741,12.000926,12.001111,12.001296,12.001481,,0.972398
2026-07-28T04:25:10+00:00,on-demand,Tesla V100,8,22,0.106944,0.108611,0.134352,0.192361,0.335556,0.267222,0.964598
2026-07-28T04:25:10+00:00,on-demand,Titan RTX,1,1,0.162222,0.162222,0.162222,0.162222,0.162222,0.162222,0.998461
2026-07-28T04:25:10+00:00,on-demand,Titan Xp,1,1,0.055556,0.055556,0.055556,0.055556,0.055556,0.055556,0.995985
2026-07-28T04:25:10+00:00,bid,A100 PCIE,15,17,0.135556,0.138333,0.142222,0.331852,0.46963,0.135556,0.995281
2026-07-28T04:25:10+00:00,bid,A100 SXM4,25,47,0.401481,0.605185,0.802667,0.934667,0.987222,0.801481,0.99127
2026-07-28T04:25:10+00:00,bid,A800 PCIE,6,11,0.129889,0.130444,0.131,0.131556,0.131556,,0.994222
2026-07-28T04:25:10+00:00,bid,B200,19,74,3.750174,5.625868,5.876302,7.37526,7.377083,5.876302,0.993027
2026-07-28T04:25:10+00:00,bid,B300,3,11,3.751042,3.751562,3.752083,4.376389,5.000694,3.751562,0.974554
2026-07-28T04:25:10+00:00,bid,CMP 170HX,12,31,0.102444,0.105778,0.200556,0.201389,0.202222,,0.77777
2026-07-28T04:25:10+00:00,bid,GTX 1050 Ti,1,1,0.024444,0.024444,0.024444,0.024444,0.024444,,0.966796
2026-07-28T04:25:10+00:00,bid,GTX 1060,3,3,0.014074,0.022593,0.031111,0.04963,0.068148,0.068148,0.977679
2026-07-28T04:25:10+00:00,bid,GTX 1070,2,2,0.015556,0.017778,0.02,0.022222,0.024444,0.024444,0.983473
2026-07-28T04:25:10+00:00,bid,GTX 1070 Ti,1,2,0.041111,0.041111,0.041111,0.041111,0.041111,0.041111,0.997333
2026-07-28T04:25:10+00:00,bid,GTX 1080,3,8,0.037037,0.038704,0.04037,0.041296,0.042222,0.041296,0.996361
2026-07-28T04:25:10+00:00,bid,GTX 1080 Ti,7,26,0.040317,0.040833,0.042222,0.053862,0.054444,0.042222,0.997194
2026-07-28T04:25:10+00:00,bid,GTX 1650 S,1,1,0.037778,0.037778,0.037778,0.037778,0.037778,,0.9694
2026-07-28T04:25:10+00:00,bid,GTX 1660 S,1,1,0.031111,0.031111,0.031111,0.031111,0.031111,,0.978547
2026-07-28T04:25:10+00:00,bid,GTX 1660 Ti,2,5,0.037778,0.041944,0.046111,0.050278,0.054444,0.046111,0.984425
2026-07-28T04:25:10+00:00,bid,H100 NVL,4,7,0.936,1.216222,1.389185,1.601694,2.000556,1.468278,0.946946
2026-07-28T04:25:10+00:00,bid,H100 PCIE,6,30,0.733482,0.73363,1.03362,1.333819,1.334445,0.73363,0.965888
2026-07-28T04:25:10+00:00,bid,H100 SXM,10,24,0.602222,0.953852,1.534185,2.534306,4.002222,2.533889,0.991711
2026-07-28T04:25:10+00:00,bid,H200,9,42,2.63231,3.817982,3.947917,3.948465,7.632127,3.947917,0.999229
2026-07-28T04:25:10+00:00,bid,H200 NVL,11,16,0.403778,0.703278,1.006667,1.603666,3.211111,1.172889,0.99498
2026-07-28T04:25:10+00:00,bid,L4,6,14,0.134074,0.201583,0.234833,0.268056,0.320556,0.267778,0.997929
2026-07-28T04:25:10+00:00,bid,L40,5,10,0.288519,0.467778,0.468889,0.471111,0.471111,0.47,0.985813
2026-07-28T04:25:10+00:00,bid,L40S,19,63,0.200185,0.402407,0.535185,0.540741,0.774815,0.537037,0.998352
2026-07-28T04:25:10+00:00,bid,Q RTX 5000,2,3,0.054074,0.054259,0.054444,0.05463,0.054815,,0.974834
2026-07-28T04:25:10+00:00,bid,Q RTX 8000,3,4,0.014444,0.015,0.015556,0.015556,0.015556,0.015556,0.997893
2026-07-28T04:25:10+00:00,bid,Quadro GV100,1,1,0.134074,0.134074,0.134074,0.134074,0.134074,,0.968402
2026-07-28T04:25:10+00:00,bid,Quadro P4000,2,3,0.041111,0.041389,0.041667,0.041944,0.042222,,0.88865
2026-07-28T04:25:10+00:00,bid,RTX 2060,3,4,0.031111,0.036111,0.041111,0.188333,0.335556,0.041111,0.992987
2026-07-28T04:25:10+00:00,bid,RTX 2060S,1,1,0.123704,0.123704,0.123704,0.123704,0.123704,0.123704,0.946712
2026-07-28T04:25:10+00:00,bid,RTX 2070S,1,9,0.066831,0.066831,0.066831,0.066831,0.066831,,0.98742
2026-07-28T04:25:10+00:00,bid,RTX 2080 Ti,6,8,0.031111,0.038889,0.075,0.108611,0.108889,0.108333,0.994268
2026-07-28T04:25:10+00:00,bid,RTX 2080S,1,1,0.037778,0.037778,0.037778,0.037778,0.037778,0.037778,0.97241
2026-07-28T04:25:10+00:00,bid,RTX 3060,15,35,0.024741,0.04163,0.054444,0.102815,0.202222,0.068741,0.980636
2026-07-28T04:25:10+00:00,bid,RTX 3060 laptop,4,13,0.013352,0.032171,0.04863,0.060519,0.06563,0.062222,0.996551
2026-07-28T04:25:10+00:00,bid,RTX 3070,13,30,0.040444,0.041111,0.068519,0.081111,0.282222,0.08213,0.995626
2026-07-28T04:25:10+00:00,bid,RTX 3070 Ti,1,2,0.054444,0.054444,0.054444,0.054444,0.054444,,0.996718
2026-07-28T04:25:10+00:00,bid,RTX 3070 laptop,1,1,0.442222,0.442222,0.442222,0.442222,0.442222,,0.962717
2026-07-28T04:25:10+00:00,bid,RTX 3080,13,32,0.041111,0.066944,0.108148,0.140556,0.495556,0.12837,0.989683
2026-07-28T04:25:10+00:00,bid,RTX 3080 Ti,6,7,0.028889,0.098611,0.108333,0.153889,0.188889,0.138889,0.995045
2026-07-28T04:25:10+00:00,bid,RTX 3090,63,147,0.016889,0.107926,0.134444,0.148889,0.336296,0.148148,0.99123
2026-07-28T04:25:10+00:00,bid,RTX 4000Ada,2,3,0.054222,0.081222,0.108222,0.135222,0.162222,,0.988171
2026-07-28T04:25:10+00:00,bid,RTX 4060,4,7,0.053926,0.053926,0.054185,0.054463,0.054519,0.054444,0.976351
2026-07-28T04:25:10+00:00,bid,RTX 4060 Ti,9,20,0.041111,0.054444,0.076889,0.107111,0.107778,0.107111,0.995379
2026-07-28T04:25:10+00:00,bid,RTX 4070,5,7,0.055556,0.087778,0.147778,0.148889,0.148889,0.147778,0.999214
2026-07-28T04:25:10+00:00,bid,RTX 4070 Ti,3,3,0.081481,0.095185,0.108889,0.108889,0.108889,0.108889,0.987268
2026-07-28T04:25:10+00:00,bid,RTX 4070S,12,33,0.054444,0.069074,0.071481,0.072685,0.244444,0.070278,0.979384
2026-07-28T04:25:10+00:00,bid,RTX 4070S Ti,14,33,0.095556,0.102963,0.167083,0.168611,0.202222,0.167778,0.99946
2026-07-28T04:25:10+00:00,bid,RTX 4080,1,1,0.169778,0.169778,0.169778,0.169778,0.169778,,0.943281
2026-07-28T04:25:10+00:00,bid,RTX 4080S,12,28,0.108889,0.187574,0.188444,0.200347,0.202074,0.188889,0.996281
2026-07-28T04:25:10+00:00,bid,RTX 4090,76,228,0.108889,0.202222,0.294333,0.401667,1.005037,0.335185,0.993877
2026-07-28T04:25:10+00:00,bid,RTX 4090D,3,7,0.604556,0.604833,0.605111,0.605667,0.606222,,0.967226
2026-07-28T04:25:10+00:00,bid,RTX 5000Ada,6,8,0.267778,0.281944,0.321667,0.332222,0.532142,0.321111,0.996503
2026-07-28T04:25:10+00:00,bid,RTX 5060,5,6,0.054444,0.063556,0.095556,0.148889,0.167407,0.106222,0.985543
2026-07-28T04:25:10+00:00,bid,RTX 5060 Ti,22,51,0.059259,0.080778,0.107407,0.135519,0.159778,0.107444,0.996431
2026-07-28T04:25:10+00:00,bid,RTX 5070,7,9,0.068148,0.087333,0.095556,0.135185,0.14963,0.135185,0.988294
2026-07-28T04:25:10+00:00,bid,RTX 5070 Ti,11,17,0.094444,0.09537,0.107778,0.108889,0.135556,0.094444,0.996133
2026-07-28T04:25:10+00:00,bid,RTX 5080,20,42,0.02963,0.114306,0.150111,0.200085,0.241111,0.187785,0.990056
2026-07-28T04:25:10+00:00,bid,RTX 5090,74,214,0.093611,0.268889,0.394056,0.534722,1.468889,0.333796,0.995538
2026-07-28T04:25:10+00:00,bid,RTX 5880Ada,5,7,0.295185,0.297037,0.297037,0.297037,0.33437,0.297037,0.995886
2026-07-28T04:25:10+00:00,bid,RTX 6000Ada,15,26,0.137778,0.3875,0.401111,0.508241,0.774444,0.402222,0.991569
2026-07-28T04:25:10+00:00,bid,RTX A2000,1,1,0.400148,0.400148,0.400148,0.400148,0.400148,,0.994235
2026-07-28T04:25:10+00:00,bid,RTX A4000,9,46,0.013889,0.013889,0.106801,0.107037,0.133556,,0.987348
2026-07-28T04:25:10+00:00,bid,RTX A5000,8,14,0.025556,0.109907,0.17463,0.334259,0.334815,0.108519,0.971769
2026-07-28T04:25:10+00:00,bid,RTX A6000,3,6,0.202593,0.255185,0.307778,0.314444,0.321111,,0.970932
2026-07-28T04:25:10+00:00,bid,RTX PRO 2000,1,2,0.134074,0.134074,0.134074,0.134074,0.134074,,0.964804
2026-07-28T04:25:10+00:00,bid,RTX PRO 4000,15,29,0.070556,0.072222,0.217037,0.241185,0.244741,0.235,0.988214
2026-07-28T04:25:10+00:00,bid,RTX PRO 5000,21,35,0.135111,0.401481,0.482222,0.628889,0.803704,0.468889,0.991585
2026-07-28T04:25:10+00:00,bid,RTX PRO 6000 S,23,79,0.335556,0.800417,1.067407,1.06963,1.493611,1.062593,0.997822
2026-07-28T04:25:10+00:00,bid,RTX PRO 6000 WS,24,49,0.269778,0.53787,0.669074,0.978185,1.602222,0.995037,0.99005
2026-07-28T04:25:10+00:00,bid,Tesla P100,4,5,0.041481,0.111204,0.135,0.135556,0.135556,0.135556,0.987124
2026-07-28T04:25:10+00:00,bid,Tesla P4,1,1,0.011926,0.011926,0.011926,0.011926,0.011926,,0.990381
2026-07-28T04:25:10+00:00,bid,Tesla P40,3,8,0.065889,0.066167,0.066444,0.066444,0.066444,0.066444,0.992834
2026-07-28T04:25:10+00:00,bid,Tesla T4,3,4,3.400741,3.401111,3.401481,3.401481,3.401481,,0.972398
2026-07-28T04:25:10+00:00,bid,Tesla V100,12,26,0.08037,0.095407,0.14713,0.162222,0.242222,0.162222,0.995826
2026-07-28T04:25:10+00:00,bid,Titan RTX,2,2,0.108889,0.115556,0.122222,0.128889,0.135556,0.122222,0.998398
2026-07-28T04:25:10+00:00,bid,Titan Xp,1,1,0.042222,0.042222,0.042222,0.042222,0.042222,0.042222,0.995985
2026-07-28T04:30:12+00:00,on-demand,A100 PCIE,11,25,0.268148,0.334167,0.828148,0.998329,1.537739,0.994435,0.988604
2026-07-28T04:30:12+00:00,on-demand,A100 SXM4,21,54,0.40037,0.855556,1.067222,1.189333,1.315556,1.007843,0.991603
2026-07-28T04:30:12+00:00,on-demand,A10g,1,1,0.121185,0.121185,0.121185,0.121185,0.121185,,0.599993
2026-07-28T04:30:12+00:00,on-demand,A800 PCIE,3,7,0.667222,0.6675,0.667778,0.668333,0.668889,,0.994222
2026-07-28T04:30:12+00:00,on-demand,B200,9,31,5.625174,5.867708,5.902604,6.497917,7.752083,5.902604,0.995785
2026-07-28T04:30:12+00:00,on-demand,B300,5,23,6.25026,6.250521,7.501042,7.502083,8.750694,7.501563,0.992766
2026-07-28T04:30:12+00:00,on-demand,CMP 170HX,6,24,0.121111,0.166713,0.293704,0.294306,0.295556,,0.77777
2026-07-28T04:30:12+00:00,on-demand,GTX 1050 Ti,1,1,0.611111,0.611111,0.611111,0.611111,0.611111,,0.966796
2026-07-28T04:30:12+00:00,on-demand,GTX 1060,3,4,0.087778,0.087963,0.088148,0.216296,0.344444,0.087963,0.999275
2026-07-28T04:30:12+00:00,on-demand,GTX 1070,2,2,0.202222,0.284444,0.366667,0.448889,0.531111,0.531111,0.983473
2026-07-28T04:30:12+00:00,on-demand,GTX 1080,5,12,0.027778,0.042222,0.04837,0.049111,0.050222,0.049111,0.993416
2026-07-28T04:30:12+00:00,on-demand,GTX 1080 Ti,6,17,0.060317,0.061389,0.071389,0.080972,0.082222,0.062222,0.991655
2026-07-28T04:30:12+00:00,on-demand,GTX 1650 S,1,1,0.677778,0.677778,0.677778,0.677778,0.677778,,0.9694
2026-07-28T04:30:12+00:00,on-demand,GTX 1660,1,1,0.677778,0.677778,0.677778,0.677778,0.677778,,0.978159
2026-07-28T04:30:12+00:00,on-demand,GTX 1660 S,1,1,0.451111,0.451111,0.451111,0.451111,0.451111,,0.978547
2026-07-28T04:30:12+00:00,on-demand,GTX 1660 Ti,3,6,0.016889,0.042333,0.067778,0.339444,0.611111,0.339444,0.986416
2026-07-28T04:30:12+00:00,on-demand,H100 NVL,3,6,1.336296,2.002222,2.668148,3.001019,3.333889,3.001019,0.991279
2026-07-28T04:30:12+00:00,on-demand,H100 PCIE,6,27,1.720148,1.790292,2.000417,2.000972,2.337037,1.720296,0.967267
2026-07-28T04:30:12+00:00,on-demand,H100 SXM,7,22,1.733889,1.967963,3.620556,3.625,4.218889,3.620556,0.99158
2026-07-28T04:30:12+00:00,on-demand,H200,6,25,3.81652,4.113624,4.211349,6.431606,7.895285,4.211349,0.999229
2026-07-28T04:30:12+00:00,on-demand,H200 NVL,6,12,2.800741,3.371111,3.706222,3.954917,4.207556,3.948167,0.996218
2026-07-28T04:30:12+00:00,on-demand,L4,4,11,0.202222,0.2925,0.328241,1.083889,3.333889,0.328241,0.983763
2026-07-28T04:30:12+00:00,on-demand,L40,5,10,0.295185,0.297037,0.574444,0.575556,0.577778,0.575556,0.985813
2026-07-28T04:30:12+00:00,on-demand,L40S,13,46,0.40037,0.467037,0.800278,1.067593,1.074074,0.934537,0.996295
2026-07-28T04:30:12+00:00,on-demand,Q RTX 8000,4,6,0.254074,0.25463,0.267296,0.280056,0.280889,0.267296,0.998283
2026-07-28T04:30:12+00:00,on-demand,Quadro GV100,1,1,0.467407,0.467407,0.467407,0.467407,0.467407,,0.968402
2026-07-28T04:30:12+00:00,on-demand,Quadro P4000,4,6,0.054444,0.055,0.05537,0.055926,0.057037,0.056111,0.939818
2026-07-28T04:30:12+00:00,on-demand,RTX 2060,1,1,0.415556,0.415556,0.415556,0.415556,0.415556,0.415556,0.995076
2026-07-28T04:30:12+00:00,on-demand,RTX 2070S,1,9,0.073498,0.073498,0.073498,0.073498,0.073498,,0.98742
2026-07-28T04:30:12+00:00,on-demand,RTX 2080 Ti,7,24,0.068889,0.08003,0.080056,0.121667,0.811111,0.080056,0.995312
2026-07-28T04:30:12+00:00,on-demand,RTX 3060,9,34,0.050815,0.055556,0.073498,0.334815,1.335556,0.241481,0.996916
2026-07-28T04:30:12+00:00,on-demand,RTX 3060 Ti,1,1,0.399556,0.399556,0.399556,0.399556,0.399556,0.399556,0.993288
2026-07-28T04:30:12+00:00,on-demand,RTX 3060 laptop,4,12,0.026685,0.037505,0.041667,0.057963,0.105185,0.105185,0.998769
2026-07-28T04:30:12+00:00,on-demand,RTX 3070,11,34,0.041111,0.075,0.100617,0.120556,0.667407,0.088086,0.980125
2026-07-28T04:30:12+00:00,on-demand,RTX 3070 laptop,1,1,0.468889,0.468889,0.468889,0.468889,0.468889,,0.962717
2026-07-28T04:30:12+00:00,on-demand,RTX 3080,13,44,0.060222,0.074815,0.113556,0.144889,0.562222,0.144333,0.993872
2026-07-28T04:30:12+00:00,on-demand,RTX 3080 Ti,5,5,0.068889,0.082222,0.095556,0.175556,0.295556,0.175556,0.982067
2026-07-28T04:30:12+00:00,on-demand,RTX 3090,46,130,0.102963,0.146986,0.220648,0.334306,1.336296,0.247407,0.988992
2026-07-28T04:30:12+00:00,on-demand,RTX 3090 Ti,1,1,0.175556,0.175556,0.175556,0.175556,0.175556,,0.993138
2026-07-28T04:30:12+00:00,on-demand,RTX 4000Ada,1,1,0.202222,0.202222,0.202222,0.202222,0.202222,,0.994043
2026-07-28T04:30:12+00:00,on-demand,RTX 4060,8,20,0.060556,0.060981,0.062593,0.068889,2.677778,0.061667,0.996252
2026-07-28T04:30:12+00:00,on-demand,RTX 4060 Ti,3,5,0.081111,0.081481,0.081852,0.082037,0.082222,0.081852,0.974101
2026-07-28T04:30:12+00:00,on-demand,RTX 4070,3,7,0.080556,0.080833,0.081111,0.081667,0.082222,,0.995685
2026-07-28T04:30:12+00:00,on-demand,RTX 4070 Ti,4,6,0.088519,0.091963,0.095444,0.113889,0.162222,0.097778,0.988807
2026-07-28T04:30:12+00:00,on-demand,RTX 4070S,10,48,0.081204,0.082269,0.083611,0.088426,0.094296,0.087222,0.978912
2026-07-28T04:30:12+00:00,on-demand,RTX 4070S Ti,12,31,0.068889,0.119861,0.127222,0.212639,0.268889,0.193959,0.99466
2026-07-28T04:30:12+00:00,on-demand,RTX 4080,4,5,0.121481,0.171704,0.202,0.228889,0.268889,0.242222,0.983782
2026-07-28T04:30:12+00:00,on-demand,RTX 4080S,14,40,0.118148,0.200528,0.201593,0.213819,0.228741,0.227704,0.991726
2026-07-28T04:30:12+00:00,on-demand,RTX 4090,54,182,0.133889,0.334306,0.44088,0.652593,1.337037,0.602407,0.995085
2026-07-28T04:30:12+00:00,on-demand,RTX 4090D,4,8,0.326815,0.58212,0.6675,0.668056,0.668889,0.326815,0.967226
2026-07-28T04:30:12+00:00,on-demand,RTX 5000Ada,3,4,0.428889,0.435,0.441111,0.581667,0.722222,0.435,0.996503
2026-07-28T04:30:12+00:00,on-demand,RTX 5060,5,5,0.075556,0.077037,0.148889,0.182222,6.674074,0.12963,0.984299
2026-07-28T04:30:12+00:00,on-demand,RTX 5060 Ti,17,49,0.084444,0.094444,0.119358,0.174074,0.228148,0.174074,0.996431
2026-07-28T04:30:12+00:00,on-demand,RTX 5070,7,11,0.094444,0.096667,0.124444,0.169259,1.015556,0.15037,0.993292
2026-07-28T04:30:12+00:00,on-demand,RTX 5070 Ti,6,15,0.111407,0.124028,0.134815,0.175463,0.200741,0.12787,0.995953
2026-07-28T04:30:12+00:00,on-demand,RTX 5080,17,51,0.133611,0.161926,0.174444,0.214444,0.802963,0.240463,0.984605
2026-07-28T04:30:12+00:00,on-demand,RTX 5090,48,142,0.267407,0.441019,0.533935,0.781056,3.615556,0.66088,0.994377
2026-07-28T04:30:12+00:00,on-demand,RTX 5880Ada,4,15,0.453593,0.453787,0.454111,0.45463,0.455407,0.454111,0.99751
2026-07-28T04:30:12+00:00,on-demand,RTX 6000Ada,7,15,0.440556,0.441667,0.640926,0.675148,0.682222,0.681111,0.989059
2026-07-28T04:30:12+00:00,on-demand,RTX A2000,4,5,0.034074,0.03563,0.036148,0.150481,0.493481,,0.995171
2026-07-28T04:30:12+00:00,on-demand,RTX A4000,6,35,0.071778,0.088034,0.133648,0.143623,0.146944,,0.987348
2026-07-28T04:30:12+00:00,on-demand,RTX A4500,1,1,1.274815,1.274815,1.274815,1.274815,1.274815,,0.998011
2026-07-28T04:30:12+00:00,on-demand,RTX A5000,4,6,0.297852,0.299241,20.150222,40.000926,40.001481,0.298778,0.985596
2026-07-28T04:30:12+00:00,on-demand,RTX A6000,4,12,0.299778,0.300611,0.33727,0.393849,0.454444,,0.992851
2026-07-28T04:30:12+00:00,on-demand,RTX PRO 4000,12,29,0.175037,0.211389,0.266074,0.301204,0.337037,0.296644,0.985744
2026-07-28T04:30:12+00:00,on-demand,RTX PRO 4500,1,1,0.282222,0.282222,0.282222,0.282222,0.282222,,0.995104
2026-07-28T04:30:12+00:00,on-demand,RTX PRO 5000,14,25,0.37,0.640231,0.667222,0.809352,1.165215,0.667222,0.99084
2026-07-28T04:30:12+00:00,on-demand,RTX PRO 6000 S,14,47,1.268889,1.426736,1.54125,1.717292,1.736296,1.546944,0.998064
2026-07-28T04:30:12+00:00,on-demand,RTX PRO 6000 WS,15,42,0.876296,1.008426,1.335926,1.494213,26.66963,1.335926,0.990236
2026-07-28T04:30:12+00:00,on-demand,Tesla P100,5,10,0.054815,0.087407,0.088148,0.201111,0.202222,0.14463,0.986311
2026-07-28T04:30:12+00:00,on-demand,Tesla P4,1,1,0.023259,0.023259,0.023259,0.023259,0.023259,,0.990381
2026-07-28T04:30:12+00:00,on-demand,Tesla P40,2,6,0.132556,0.132694,0.132833,0.132972,0.133111,0.132833,0.992834
2026-07-28T04:30:12+00:00,on-demand,Tesla T4,2,3,12.000741,12.000926,12.001111,12.001296,12.001481,,0.972398
2026-07-28T04:30:12+00:00,on-demand,Tesla V100,8,23,0.106944,0.107639,0.138148,0.268056,0.333889,0.268889,0.964598
2026-07-28T04:30:12+00:00,on-demand,Titan RTX,1,1,0.162222,0.162222,0.162222,0.162222,0.162222,0.162222,0.998461
2026-07-28T04:30:12+00:00,on-demand,Titan Xp,1,1,0.055556,0.055556,0.055556,0.055556,0.055556,0.055556,0.998051
2026-07-28T04:30:12+00:00,bid,A100 PCIE,17,20,0.135556,0.141111,0.142222,0.462222,0.46963,0.267037,0.994797
2026-07-28T04:30:12+00:00,bid,A100 SXM4,23,41,0.135556,0.605185,0.802667,0.896444,0.987222,0.760741,0.991603
2026-07-28T04:30:12+00:00,bid,A800 PCIE,7,12,0.129889,0.130444,0.131556,0.131556,0.131556,,0.994222
2026-07-28T04:30:12+00:00,bid,B200,12,48,3.750174,5.629557,5.876953,6.539128,7.377083,5.876953,0.995785
2026-07-28T04:30:12+00:00,bid,B300,4,12,3.751042,3.751823,3.752083,4.064236,5.000694,3.752083,0.974554
2026-07-28T04:30:12+00:00,bid,CMP 170HX,13,36,0.102444,0.200185,0.201111,0.202222,0.202222,,0.77777
2026-07-28T04:30:12+00:00,bid,GTX 1050 Ti,1,1,0.024444,0.024444,0.024444,0.024444,0.024444,,0.966796
2026-07-28T04:30:12+00:00,bid,GTX 1060,3,3,0.014074,0.022593,0.031111,0.04963,0.068148,0.068148,0.977679
2026-07-28T04:30:12+00:00,bid,GTX 1070,2,2,0.015556,0.017778,0.02,0.022222,0.024444,0.024444,0.983473
2026-07-28T04:30:12+00:00,bid,GTX 1070 Ti,1,1,0.042222,0.042222,0.042222,0.042222,0.042222,0.042222,0.98468
2026-07-28T04:30:12+00:00,bid,GTX 1080,5,17,0.028889,0.04037,0.040556,0.040556,0.041111,0.040556,0.996769
2026-07-28T04:30:12+00:00,bid,GTX 1080 Ti,9,32,0.040317,0.040556,0.041111,0.054074,0.055556,0.041111,0.995845
2026-07-28T04:30:12+00:00,bid,GTX 1650 S,1,1,0.037778,0.037778,0.037778,0.037778,0.037778,,0.9694
2026-07-28T04:30:12+00:00,bid,GTX 1660,1,1,0.037778,0.037778,0.037778,0.037778,0.037778,,0.978159
2026-07-28T04:30:12+00:00,bid,GTX 1660 S,1,1,0.031111,0.031111,0.031111,0.031111,0.031111,,0.978547
2026-07-28T04:30:12+00:00,bid,GTX 1660 Ti,2,5,0.037778,0.041944,0.046111,0.050278,0.054444,0.046111,0.984425
2026-07-28T04:30:12+00:00,bid,H100 NVL,3,6,0.936,1.20237,1.468741,1.734648,2.000556,1.468278,0.952843
2026-07-28T04:30:12+00:00,bid,H100 PCIE,7,31,0.733482,1.03362,1.333889,1.334167,1.337037,0.73363,0.967267
2026-07-28T04:30:12+00:00,bid,H100 SXM,8,20,0.602222,1.052741,2.267056,2.901111,4.002222,2.534444,0.992262
2026-07-28T04:30:12+00:00,bid,H200,7,33,2.63231,3.71716,3.947917,5.428454,7.632127,3.947917,0.999229
2026-07-28T04:30:12+00:00,bid,H200 NVL,8,15,0.403778,0.852472,1.603481,2.168667,3.211111,2.003778,0.99057
2026-07-28T04:30:12+00:00,bid,L4,9,19,0.134074,0.201889,0.267407,0.320556,0.321111,0.26963,0.997949
2026-07-28T04:30:12+00:00,bid,L40,6,12,0.288519,0.468056,0.468889,0.470556,0.471111,0.468889,0.985813
2026-07-28T04:30:12+00:00,bid,L40S,22,63,0.20037,0.486204,0.536111,0.540741,0.803704,0.540741,0.998821
2026-07-28T04:30:12+00:00,bid,Q RTX 5000,2,3,0.054074,0.054259,0.054444,0.05463,0.054815,,0.974834
2026-07-28T04:30:12+00:00,bid,Q RTX 8000,3,4,0.019111,0.019667,0.020222,0.020222,0.020222,0.020222,0.997893
2026-07-28T04:30:12+00:00,bid,Quadro GV100,1,1,0.134074,0.134074,0.134074,0.134074,0.134074,,0.968402
2026-07-28T04:30:12+00:00,bid,Quadro P4000,2,3,0.03437,0.036056,0.037741,0.039426,0.041111,,0.94297
2026-07-28T04:30:12+00:00,bid,RTX 2060,3,4,0.031111,0.036111,0.041111,0.188333,0.335556,0.041111,0.992987
2026-07-28T04:30:12+00:00,bid,RTX 2060S,1,1,0.123704,0.123704,0.123704,0.123704,0.123704,0.123704,0.946712
2026-07-28T04:30:12+00:00,bid,RTX 2070S,2,17,0.066831,0.066836,0.066842,0.066847,0.066852,,0.98742
2026-07-28T04:30:12+00:00,bid,RTX 2080 Ti,4,5,0.037778,0.042611,0.076,0.108056,0.108889,0.107778,0.994268
2026-07-28T04:30:12+00:00,bid,RTX 2080S,1,1,0.037778,0.037778,0.037778,0.037778,0.037778,0.037778,0.97241
2026-07-28T04:30:12+00:00,bid,RTX 3060,14,43,0.025111,0.042204,0.051037,0.102815,0.202222,0.082233,0.98586
2026-07-28T04:30:12+00:00,bid,RTX 3060 laptop,8,19,0.013352,0.013593,0.04863,0.067519,0.101111,0.068074,0.99654
2026-07-28T04:30:12+00:00,bid,RTX 3070,14,31,0.040444,0.0675,0.077,0.094306,0.282222,0.094167,0.990097
2026-07-28T04:30:12+00:00,bid,RTX 3070 laptop,1,1,0.442222,0.442222,0.442222,0.442222,0.442222,,0.962717
2026-07-28T04:30:12+00:00,bid,RTX 3080,14,34,0.041111,0.062759,0.067636,0.131815,0.495556,0.094321,0.989075
2026-07-28T04:30:12+00:00,bid,RTX 3080 Ti,5,5,0.028889,0.075556,0.088889,0.108889,0.188889,0.148889,0.994987
2026-07-28T04:30:12+00:00,bid,RTX 3090,67,156,0.016889,0.107778,0.134815,0.158148,0.349963,0.148148,0.991262
2026-07-28T04:30:12+00:00,bid,RTX 4000Ada,1,1,0.162222,0.162222,0.162222,0.162222,0.162222,,0.994043
2026-07-28T04:30:12+00:00,bid,RTX 4060,3,5,0.053926,0.054185,0.054444,0.054481,0.054519,0.054444,0.976351
2026-07-28T04:30:12+00:00,bid,RTX 4060 Ti,11,21,0.042222,0.056333,0.076889,0.107389,0.107778,0.107222,0.997165
2026-07-28T04:30:12+00:00,bid,RTX 4070,3,4,0.075778,0.082333,0.088889,0.118889,0.148889,0.088889,0.998726
2026-07-28T04:30:12+00:00,bid,RTX 4070 Ti,3,3,0.081481,0.095185,0.108889,0.108889,0.108889,0.108889,0.987268
2026-07-28T04:30:12+00:00,bid,RTX 4070S,11,35,0.06787,0.069074,0.071481,0.073889,0.244444,0.071481,0.978912
2026-07-28T04:30:12+00:00,bid,RTX 4070S Ti,12,29,0.095741,0.102963,0.1675,0.201111,0.202222,0.185,0.99946
2026-07-28T04:30:12+00:00,bid,RTX 4080,3,3,0.169778,0.186,0.202222,0.228889,0.255556,0.228889,0.996676
2026-07-28T04:30:12+00:00,bid,RTX 4080S,16,31,0.068148,0.187704,0.188444,0.191736,0.202074,0.188889,0.996214
2026-07-28T04:30:12+00:00,bid,RTX 4090,76,203,0.108889,0.230593,0.301204,0.401481,1.005037,0.347222,0.99508
2026-07-28T04:30:12+00:00,bid,RTX 4090D,3,7,0.604556,0.604833,0.605111,0.605667,0.606222,,0.967226
2026-07-28T04:30:12+00:00,bid,RTX 5000Ada,6,8,0.267778,0.268889,0.295,0.321944,0.532142,0.268889,0.997364
2026-07-28T04:30:12+00:00,bid,RTX 5060,6,7,0.054444,0.071556,0.095556,0.135556,0.167407,0.106222,0.984921
2026-07-28T04:30:12+00:00,bid,RTX 5060 Ti,21,48,0.040556,0.071556,0.107778,0.134815,0.159778,0.106181,0.996859
2026-07-28T04:30:12+00:00,bid,RTX 5070,7,8,0.041222,0.068333,0.095556,0.135926,0.162222,0.135926,0.97963
2026-07-28T04:30:12+00:00,bid,RTX 5070 Ti,15,30,0.068889,0.094444,0.107778,0.108889,0.157481,0.094444,0.995222
2026-07-28T04:30:12+00:00,bid,RTX 5080,18,39,0.02963,0.0935,0.161667,0.200972,0.254815,0.200833,0.987332
2026-07-28T04:30:12+00:00,bid,RTX 5090,78,200,0.093611,0.271,0.3995,0.530555,1.468889,0.388296,0.995416
2026-07-28T04:30:12+00:00,bid,RTX 5880Ada,5,8,0.295185,0.297037,0.297037,0.33437,0.33437,0.297037,0.995886
2026-07-28T04:30:12+00:00,bid,RTX 6000Ada,13,24,0.137778,0.387778,0.401111,0.402222,0.775556,0.401111,0.989059
2026-07-28T04:30:12+00:00,bid,RTX A2000,1,1,0.400148,0.400148,0.400148,0.400148,0.400148,,0.994235
2026-07-28T04:30:12+00:00,bid,RTX A4000,11,50,0.013889,0.0355,0.107037,0.120358,0.134444,,0.987348
2026-07-28T04:30:12+00:00,bid,RTX A5000,8,13,0.025556,0.109907,0.155926,0.334259,0.334815,0.109444,0.984098
2026-07-28T04:30:12+00:00,bid,RTX A6000,5,8,0.202593,0.205185,0.302167,0.321111,0.322222,,0.991343
2026-07-28T04:30:12+00:00,bid,RTX PRO 2000,1,2,0.134074,0.134074,0.134074,0.134074,0.134074,,0.964804
2026-07-28T04:30:12+00:00,bid,RTX PRO 4000,14,26,0.068444,0.071389,0.217037,0.241333,0.244741,0.237963,0.983274
2026-07-28T04:30:12+00:00,bid,RTX PRO 5000,17,27,0.135111,0.451481,0.482222,0.666074,0.803704,0.475,0.988757
2026-07-28T04:30:12+00:00,bid,RTX PRO 6000 S,23,62,0.334444,0.790115,1.002222,1.06963,1.493611,0.802222,0.996859
2026-07-28T04:30:12+00:00,bid,RTX PRO 6000 WS,23,47,0.269778,0.537222,0.667778,0.959704,1.320926,0.837674,0.985053
2026-07-28T04:30:12+00:00,bid,Tesla P100,4,5,0.041481,0.111204,0.135,0.135556,0.135556,0.135556,0.987124
2026-07-28T04:30:12+00:00,bid,Tesla P4,1,1,0.011926,0.011926,0.011926,0.011926,0.011926,,0.990381
2026-07-28T04:30:12+00:00,bid,Tesla P40,3,8,0.065889,0.066167,0.066444,0.066444,0.066444,0.066444,0.992834
2026-07-28T04:30:12+00:00,bid,Tesla T4,3,4,3.400741,3.401111,3.401481,3.401481,3.401481,,0.972398
2026-07-28T04:30:12+00:00,bid,Tesla V100,13,26,0.08037,0.095407,0.162222,0.200556,0.242222,0.162222,0.998761
2026-07-28T04:30:12+00:00,bid,Titan RTX,2,2,0.108889,0.115556,0.122222,0.128889,0.135556,0.122222,0.998398
2026-07-28T04:30:12+00:00,bid,Titan Xp,1,1,0.042222,0.042222,0.042222,0.042222,0.042222,0.042222,0.997703
2026-07-28T04:35:11+00:00,on-demand,A100 PCIE,11,23,0.268148,0.448704,0.994435,1.001667,1.537739,0.999425,0.994797
2026-07-28T04:35:11+00:00,on-demand,A100 SXM4,24,58,0.40037,0.918148,1.067667,1.226898,1.409333,1.054806,0.996
2026-07-28T04:35:11+00:00,on-demand,A10g,1,1,0.121185,0.121185,0.121185,0.121185,0.121185,,0.599993
2026-07-28T04:35:11+00:00,on-demand,A800 PCIE,1,1,0.668889,0.668889,0.668889,0.668889,0.668889,,0.994222
2026-07-28T04:35:11+00:00,on-demand,B200,16,70,5.625174,5.895182,6.250391,7.094596,7.751042,6.250391,0.993415
2026-07-28T04:35:11+00:00,on-demand,B300,5,23,6.25026,6.250521,7.501042,7.502083,8.750694,7.501563,0.992766
2026-07-28T04:35:11+00:00,on-demand,CMP 170HX,6,24,0.121111,0.166713,0.293704,0.294306,0.295556,,0.77777
2026-07-28T04:35:11+00:00,on-demand,GTX 1060,3,4,0.087778,0.087963,0.088148,0.216296,0.344444,0.087963,0.999275
2026-07-28T04:35:11+00:00,on-demand,GTX 1070,2,2,0.202222,0.284444,0.366667,0.448889,0.531111,0.531111,0.983473
2026-07-28T04:35:11+00:00,on-demand,GTX 1070 Ti,2,3,0.049111,0.049389,0.049667,0.049944,0.050222,0.049667,0.991006
2026-07-28T04:35:11+00:00,on-demand,GTX 1080,4,13,0.027778,0.027778,0.038074,0.048417,0.048556,0.048463,0.996444
2026-07-28T04:35:11+00:00,on-demand,GTX 1080 Ti,6,17,0.060317,0.060694,0.061667,0.076389,0.082222,0.061111,0.995226
2026-07-28T04:35:11+00:00,on-demand,GTX 1650 S,1,1,0.677778,0.677778,0.677778,0.677778,0.677778,,0.9694
2026-07-28T04:35:11+00:00,on-demand,GTX 1660,1,1,0.677778,0.677778,0.677778,0.677778,0.677778,,0.978159
2026-07-28T04:35:11+00:00,on-demand,GTX 1660 S,1,1,0.451111,0.451111,0.451111,0.451111,0.451111,,0.978547
2026-07-28T04:35:11+00:00,on-demand,GTX 1660 Ti,2,5,0.016889,0.029611,0.042333,0.055056,0.067778,0.067778,0.991914
2026-07-28T04:35:11+00:00,on-demand,H100 NVL,3,6,1.602074,2.135111,2.668148,3.001019,3.333889,3.001019,0.991279
2026-07-28T04:35:11+00:00,on-demand,H100 PCIE,5,19,1.720148,1.720296,2.000556,2.001111,2.337037,1.720296,0.967267
2026-07-28T04:35:11+00:00,on-demand,H100 SXM,8,25,1.734444,2.131667,3.277222,3.776389,5.233889,3.277222,0.991921
2026-07-28T04:35:11+00:00,on-demand,H200,7,33,3.81652,4.14597,4.211075,4.211349,7.171601,4.211075,0.999229
2026-07-28T04:35:11+00:00,on-demand,H200 NVL,4,7,3.068889,3.375556,3.719722,4.108028,4.547111,3.961667,0.996187
2026-07-28T04:35:11+00:00,on-demand,L4,3,7,0.202222,0.268333,0.334444,1.834167,3.333889,0.334444,0.972363
2026-07-28T04:35:11+00:00,on-demand,L40,5,10,0.295185,0.297037,0.574444,0.575556,0.577778,0.575556,0.985813
2026-07-28T04:35:11+00:00,on-demand,L40S,13,46,0.40037,0.467037,0.800278,1.067593,1.074074,0.934167,0.998821
2026-07-28T04:35:11+00:00,on-demand,Q RTX 5000,1,2,0.080741,0.080741,0.080741,0.080741,0.080741,,0.974834
2026-07-28T04:35:11+00:00,on-demand,Q RTX 8000,3,4,0.254074,0.254444,0.254815,0.267852,0.280889,0.254815,0.998673
2026-07-28T04:35:11+00:00,on-demand,Quadro GV100,1,1,0.467407,0.467407,0.467407,0.467407,0.467407,,0.968402
2026-07-28T04:35:11+00:00,on-demand,Quadro P4000,5,9,0.054444,0.054568,0.055185,0.055556,0.057037,0.055185,0.990986
2026-07-28T04:35:11+00:00,on-demand,RTX 2060,1,1,0.415556,0.415556,0.415556,0.415556,0.415556,0.415556,0.995076
2026-07-28T04:35:11+00:00,on-demand,RTX 2070S,2,17,0.073498,0.073503,0.073508,0.073513,0.073519,,0.98742
2026-07-28T04:35:11+00:00,on-demand,RTX 2080 Ti,6,25,0.068889,0.080025,0.080044,0.110847,0.811111,0.080044,0.994711
2026-07-28T04:35:11+00:00,on-demand,RTX 3060,12,40,0.031556,0.052843,0.061926,0.194815,1.334815,0.102222,0.99501
2026-07-28T04:35:11+00:00,on-demand,RTX 3060 laptop,6,15,0.026685,0.041389,0.054593,0.09563,0.134444,0.105185,0.997672
2026-07-28T04:35:11+00:00,on-demand,RTX 3070,11,30,0.041111,0.078148,0.107037,0.282222,0.667407,0.215556,0.988119
2026-07-28T04:35:11+00:00,on-demand,RTX 3070 Ti,1,1,0.062222,0.062222,0.062222,0.062222,0.062222,,0.996718
2026-07-28T04:35:11+00:00,on-demand,RTX 3070 laptop,1,1,0.468889,0.468889,0.468889,0.468889,0.468889,,0.962717
2026-07-28T04:35:11+00:00,on-demand,RTX 3080,10,34,0.060222,0.105179,0.116917,0.225471,0.562222,0.148889,0.995698
2026-07-28T04:35:11+00:00,on-demand,RTX 3080 Ti,5,6,0.068889,0.082222,0.135185,0.142222,0.295556,0.142222,0.994987
2026-07-28T04:35:11+00:00,on-demand,RTX 3090,48,136,0.108889,0.135278,0.220528,0.333889,1.187407,0.247963,0.989731
2026-07-28T04:35:11+00:00,on-demand,RTX 3090 Ti,1,1,0.175556,0.175556,0.175556,0.175556,0.175556,,0.993138
2026-07-28T04:35:11+00:00,on-demand,RTX 4000Ada,1,2,0.120889,0.120889,0.120889,0.120889,0.120889,,0.982298
2026-07-28T04:35:11+00:00,on-demand,RTX 4060,6,18,0.060556,0.060722,0.061667,0.062222,0.062963,0.061667,0.996252
2026-07-28T04:35:11+00:00,on-demand,RTX 4060 Ti,3,7,0.081111,0.081667,0.082222,0.113389,0.144556,0.144556,0.974101
2026-07-28T04:35:11+00:00,on-demand,RTX 4070,4,9,0.080556,0.080972,0.081667,0.08537,0.094815,0.094815,0.995685
2026-07-28T04:35:11+00:00,on-demand,RTX 4070 Ti,4,6,0.088519,0.091963,0.098778,0.128889,0.202222,0.104444,0.992609
2026-07-28T04:35:11+00:00,on-demand,RTX 4070S,8,30,0.081204,0.082106,0.083611,0.086019,0.08963,0.083611,0.979384
2026-07-28T04:35:11+00:00,on-demand,RTX 4070S Ti,11,28,0.067778,0.112963,0.12963,0.2475,0.268889,0.2475,0.994154
2026-07-28T04:35:11+00:00,on-demand,RTX 4080,3,4,0.121481,0.141259,0.161037,0.214963,0.268889,0.268889,0.985194
2026-07-28T04:35:11+00:00,on-demand,RTX 4080S,11,35,0.118148,0.200417,0.202222,0.220537,0.228741,0.227704,0.996281
2026-07-28T04:35:11+00:00,on-demand,RTX 4090,51,164,0.133889,0.320833,0.428889,0.662963,1.334815,0.603704,0.99486
2026-07-28T04:35:11+00:00,on-demand,RTX 4090D,2,2,0.324148,0.410333,0.496519,0.582704,0.668889,0.324148,0.980452
2026-07-28T04:35:11+00:00,on-demand,RTX 5000Ada,4,5,0.375556,0.415556,0.435,0.511389,0.722222,0.428889,0.994968
2026-07-28T04:35:11+00:00,on-demand,RTX 5060,4,4,0.071556,0.079556,0.115556,0.157222,0.182222,0.126889,0.984921
2026-07-28T04:35:11+00:00,on-demand,RTX 5060 Ti,15,49,0.077778,0.090556,0.094444,0.154667,0.227407,0.117926,0.993697
2026-07-28T04:35:11+00:00,on-demand,RTX 5070,7,13,0.081852,0.095,0.097778,0.138111,0.162222,0.161111,0.993292
2026-07-28T04:35:11+00:00,on-demand,RTX 5070 Ti,7,15,0.118444,0.1275,0.135185,0.168148,0.202963,0.120556,0.99703
2026-07-28T04:35:11+00:00,on-demand,RTX 5080,18,58,0.133611,0.173683,0.195074,0.244926,0.802963,0.254222,0.985518
2026-07-28T04:35:11+00:00,on-demand,RTX 5090,44,129,0.200741,0.423843,0.533485,0.66838,3.615556,0.64237,0.993464
2026-07-28T04:35:11+00:00,on-demand,RTX 5880Ada,4,15,0.453593,0.453787,0.454111,0.48337,0.57037,0.454111,0.99751
2026-07-28T04:35:11+00:00,on-demand,RTX 6000Ada,8,17,0.440556,0.441944,0.640833,0.672167,0.682222,0.661111,0.989059
2026-07-28T04:35:11+00:00,on-demand,RTX A2000,4,6,0.034074,0.034074,0.035111,0.150481,0.493481,,0.995171
2026-07-28T04:35:11+00:00,on-demand,RTX A4000,4,37,0.133468,0.133506,0.142204,0.150903,0.150944,,0.979329
2026-07-28T04:35:11+00:00,on-demand,RTX A4500,1,1,1.274815,1.274815,1.274815,1.274815,1.274815,,0.998011
2026-07-28T04:35:11+00:00,on-demand,RTX A5000,4,5,0.297037,0.31277,20.159378,40.000926,40.001481,0.297037,0.984098
2026-07-28T04:35:11+00:00,on-demand,RTX A6000,3,11,0.373651,0.374048,0.374444,0.414444,0.454444,,0.990249
2026-07-28T04:35:11+00:00,on-demand,RTX PRO 4000,12,26,0.202222,0.227685,0.262778,0.320741,0.337037,0.320494,0.989128
2026-07-28T04:35:11+00:00,on-demand,RTX PRO 4500,1,1,0.282222,0.282222,0.282222,0.282222,0.282222,,0.995104
2026-07-28T04:35:11+00:00,on-demand,RTX PRO 5000,9,13,0.373333,0.641111,0.668148,0.841852,1.147007,0.701111,0.991585
2026-07-28T04:35:11+00:00,on-demand,RTX PRO 6000 S,13,46,1.267222,1.535556,1.600556,1.734074,1.736296,1.606944,0.997822
2026-07-28T04:35:11+00:00,on-demand,RTX PRO 6000 WS,17,45,0.828148,1.002963,1.37463,1.603704,26.66963,1.394602,0.967163
2026-07-28T04:35:11+00:00,on-demand,Tesla P100,4,8,0.054815,0.074815,0.084444,0.116111,0.202222,0.087407,0.986718
2026-07-28T04:35:11+00:00,on-demand,Tesla P4,1,1,0.025481,0.025481,0.025481,0.025481,0.025481,,0.99196
2026-07-28T04:35:11+00:00,on-demand,Tesla P40,2,6,0.132556,0.132694,0.132833,0.132972,0.133111,0.132833,0.992834
2026-07-28T04:35:11+00:00,on-demand,Tesla T4,2,3,12.000741,12.000926,12.001111,12.001296,12.001481,,0.972398
2026-07-28T04:35:11+00:00,on-demand,Tesla V100,8,21,0.106944,0.107639,0.137963,0.1675,0.268889,0.218333,0.964598
2026-07-28T04:35:11+00:00,on-demand,Titan RTX,1,1,0.162222,0.162222,0.162222,0.162222,0.162222,0.162222,0.998461
2026-07-28T04:35:11+00:00,on-demand,Titan Xp,1,1,0.055556,0.055556,0.055556,0.055556,0.055556,0.055556,0.996682
2026-07-28T04:35:11+00:00,bid,A100 PCIE,16,18,0.131556,0.135556,0.135556,0.157037,0.46963,0.135556,0.995039
2026-07-28T04:35:11+00:00,bid,A100 SXM4,24,45,0.135556,0.740741,0.802444,0.934667,0.987222,0.801481,0.993756
2026-07-28T04:35:11+00:00,bid,A800 PCIE,8,13,0.129889,0.130444,0.131556,0.131556,0.294815,,0.994222
2026-07-28T04:35:11+00:00,bid,B200,12,48,3.750174,5.629557,5.876953,6.539128,7.377083,5.876953,0.995785
2026-07-28T04:35:11+00:00,bid,B300,4,12,3.751042,3.751823,3.752083,4.064236,5.000694,3.752083,0.974554
2026-07-28T04:35:11+00:00,bid,CMP 170HX,14,39,0.102444,0.129403,0.200556,0.201111,0.202222,,0.77777
2026-07-28T04:35:11+00:00,bid,GTX 1050 Ti,1,1,0.024444,0.024444,0.024444,0.024444,0.024444,,0.966796
2026-07-28T04:35:11+00:00,bid,GTX 1060,3,3,0.014074,0.022593,0.031111,0.04963,0.068148,0.068148,0.977679
2026-07-28T04:35:11+00:00,bid,GTX 1070,2,2,0.015556,0.017778,0.02,0.022222,0.024444,0.024444,0.983473
2026-07-28T04:35:11+00:00,bid,GTX 1070 Ti,1,4,0.040556,0.040556,0.040556,0.040556,0.040556,0.040556,0.997333
2026-07-28T04:35:11+00:00,bid,GTX 1080,5,14,0.028889,0.04037,0.040556,0.041111,0.042222,0.040833,0.996361
2026-07-28T04:35:11+00:00,bid,GTX 1080 Ti,7,27,0.040317,0.040648,0.041111,0.047937,0.054074,0.041111,0.997194
2026-07-28T04:35:11+00:00,bid,GTX 1650 S,1,1,0.037778,0.037778,0.037778,0.037778,0.037778,,0.9694
2026-07-28T04:35:11+00:00,bid,GTX 1660,1,1,0.037778,0.037778,0.037778,0.037778,0.037778,,0.978159
2026-07-28T04:35:11+00:00,bid,GTX 1660 S,1,1,0.031111,0.031111,0.031111,0.031111,0.031111,,0.978547
2026-07-28T04:35:11+00:00,bid,GTX 1660 Ti,3,7,0.037778,0.046111,0.054444,0.055,0.055556,0.054444,0.99275
2026-07-28T04:35:11+00:00,bid,H100 NVL,4,7,0.936,1.216222,1.389259,1.601806,2.000556,1.468278,0.946946
2026-07-28T04:35:11+00:00,bid,H100 PCIE,6,23,0.733482,0.73363,1.035333,1.434926,1.468111,0.73363,0.965888
2026-07-28T04:35:11+00:00,bid,H100 SXM,10,22,0.602222,1.004074,1.037333,2.400472,4.002222,2.533889,0.994128
2026-07-28T04:35:11+00:00,bid,H200,7,33,2.63231,3.88295,3.947917,5.428454,7.632127,3.947917,0.999347
2026-07-28T04:35:11+00:00,bid,H200 NVL,12,19,0.403778,1.002917,1.337333,1.901111,3.211111,1.172889,0.990739
2026-07-28T04:35:11+00:00,bid,L4,8,17,0.134074,0.185,0.234833,0.269907,0.320556,0.267778,0.997567
2026-07-28T04:35:11+00:00,bid,L40,6,12,0.288519,0.468056,0.468889,0.470556,0.471111,0.468889,0.985813
2026-07-28T04:35:11+00:00,bid,L40S,21,69,0.200185,0.402222,0.534815,0.540741,0.801852,0.537037,0.99868
2026-07-28T04:35:11+00:00,bid,Q RTX 5000,1,2,0.054074,0.054074,0.054074,0.054074,0.054074,,0.974834
2026-07-28T04:35:11+00:00,bid,Q RTX 8000,1,1,0.015556,0.015556,0.015556,0.015556,0.015556,0.015556,0.997893
2026-07-28T04:35:11+00:00,bid,Quadro GV100,1,1,0.134074,0.134074,0.134074,0.134074,0.134074,,0.968402
2026-07-28T04:35:11+00:00,bid,Quadro P4000,3,4,0.041111,0.041667,0.042222,0.052222,0.062222,0.062222,0.88865
2026-07-28T04:35:11+00:00,bid,RTX 2060,3,4,0.031111,0.036111,0.041111,0.188333,0.335556,0.041111,0.992987
2026-07-28T04:35:11+00:00,bid,RTX 2060S,1,1,0.123704,0.123704,0.123704,0.123704,0.123704,0.123704,0.946712
2026-07-28T04:35:11+00:00,bid,RTX 2070S,2,17,0.066831,0.066836,0.066842,0.066847,0.066852,,0.98742
2026-07-28T04:35:11+00:00,bid,RTX 2080 Ti,5,6,0.037778,0.070074,0.107778,0.108148,0.108889,0.107963,0.996189
2026-07-28T04:35:11+00:00,bid,RTX 2080S,1,1,0.037778,0.037778,0.037778,0.037778,0.037778,0.037778,0.97241
2026-07-28T04:35:11+00:00,bid,RTX 3060,16,39,0.026222,0.040278,0.0525,0.102815,0.202222,0.056111,0.992733
2026-07-28T04:35:11+00:00,bid,RTX 3060 Ti,1,1,0.268889,0.268889,0.268889,0.268889,0.268889,0.268889,0.993288
2026-07-28T04:35:11+00:00,bid,RTX 3060 laptop,6,16,0.013352,0.013519,0.026037,0.056722,0.069185,0.066,0.988926
2026-07-28T04:35:11+00:00,bid,RTX 3070,14,29,0.040444,0.068519,0.071074,0.094306,0.282222,0.082833,0.996525
2026-07-28T04:35:11+00:00,bid,RTX 3070 laptop,1,1,0.442222,0.442222,0.442222,0.442222,0.442222,,0.962717
2026-07-28T04:35:11+00:00,bid,RTX 3080,13,32,0.055556,0.068049,0.121481,0.240332,0.495556,0.138333,0.994468
2026-07-28T04:35:11+00:00,bid,RTX 3080 Ti,7,9,0.028889,0.101667,0.108889,0.168333,0.188889,0.167778,0.994987
2026-07-28T04:35:11+00:00,bid,RTX 3090,68,153,0.053778,0.108,0.134815,0.148889,0.349963,0.147222,0.990668
2026-07-28T04:35:11+00:00,bid,RTX 4000Ada,2,3,0.054222,0.081222,0.108222,0.135222,0.162222,,0.988171
2026-07-28T04:35:11+00:00,bid,RTX 4060,4,6,0.053926,0.05437,0.055037,0.05737,0.062815,0.059185,0.976351
2026-07-28T04:35:11+00:00,bid,RTX 4060 Ti,8,17,0.041111,0.053704,0.065778,0.084472,0.107778,0.055778,0.99587
2026-07-28T04:35:11+00:00,bid,RTX 4070,7,11,0.029222,0.054444,0.087778,0.148333,0.148889,0.087778,0.999214
2026-07-28T04:35:11+00:00,bid,RTX 4070 Ti,2,2,0.108889,0.108889,0.108889,0.108889,0.108889,0.108889,0.986667
2026-07-28T04:35:11+00:00,bid,RTX 4070S,12,33,0.06787,0.069074,0.071481,0.076296,0.244444,0.073889,0.978912
2026-07-28T04:35:11+00:00,bid,RTX 4070S Ti,15,37,0.054815,0.100556,0.166944,0.168333,0.202222,0.1675,0.99946
2026-07-28T04:35:11+00:00,bid,RTX 4080,2,2,0.169778,0.191222,0.212667,0.234111,0.255556,0.255556,0.969978
2026-07-28T04:35:11+00:00,bid,RTX 4080S,13,29,0.068148,0.187704,0.188889,0.200556,0.202074,0.201037,0.996281
2026-07-28T04:35:11+00:00,bid,RTX 4090,78,208,0.134074,0.201389,0.333833,0.401296,1.005037,0.373611,0.99508
2026-07-28T04:35:11+00:00,bid,RTX 4090D,3,7,0.604556,0.604833,0.605111,0.605667,0.606222,,0.967226
2026-07-28T04:35:11+00:00,bid,RTX 5000Ada,5,6,0.268889,0.268889,0.321111,0.335556,0.532142,0.295,0.996503
2026-07-28T04:35:11+00:00,bid,RTX 5060,5,6,0.054444,0.055556,0.063556,0.095556,0.148889,0.106222,0.985543
2026-07-28T04:35:11+00:00,bid,RTX 5060 Ti,20,48,0.040556,0.080657,0.101444,0.137852,0.147852,0.10237,0.996786
2026-07-28T04:35:11+00:00,bid,RTX 5070,7,9,0.080222,0.108333,0.122222,0.148889,0.162222,0.148148,0.988294
2026-07-28T04:35:11+00:00,bid,RTX 5070 Ti,18,34,0.011481,0.094444,0.107778,0.108889,0.161481,0.101111,0.995102
2026-07-28T04:35:11+00:00,bid,RTX 5080,18,36,0.02963,0.11588,0.147741,0.1939,0.242222,0.187785,0.987332
2026-07-28T04:35:11+00:00,bid,RTX 5090,76,210,0.093611,0.221759,0.3995,0.533935,0.907222,0.272593,0.99659
2026-07-28T04:35:11+00:00,bid,RTX 5880Ada,4,5,0.295185,0.296574,0.297037,0.30663,0.335407,0.297037,0.995886
2026-07-28T04:35:11+00:00,bid,RTX 6000Ada,13,26,0.137778,0.387778,0.401111,0.402519,0.774444,0.401111,0.993818
2026-07-28T04:35:11+00:00,bid,RTX A2000,1,1,0.400148,0.400148,0.400148,0.400148,0.400148,,0.994235
2026-07-28T04:35:11+00:00,bid,RTX A4000,13,66,0.013889,0.057111,0.106801,0.107037,0.133611,,0.987348
2026-07-28T04:35:11+00:00,bid,RTX A5000,7,12,0.025556,0.109444,0.201481,0.334444,0.334815,0.108519,0.971769
2026-07-28T04:35:11+00:00,bid,RTX A6000,3,6,0.202593,0.25238,0.302167,0.311639,0.321111,,0.991343
2026-07-28T04:35:11+00:00,bid,RTX PRO 2000,1,2,0.134074,0.134074,0.134074,0.134074,0.134074,,0.964804
2026-07-28T04:35:11+00:00,bid,RTX PRO 4000,15,29,0.068444,0.071667,0.202222,0.240815,0.244741,0.240741,0.983274
2026-07-28T04:35:11+00:00,bid,RTX PRO 5000,18,29,0.135111,0.401481,0.534259,0.666815,0.803704,0.534259,0.991667
2026-07-28T04:35:11+00:00,bid,RTX PRO 6000 S,22,63,0.334444,0.800347,1.056667,1.06963,1.493611,1.055555,0.997837
2026-07-28T04:35:11+00:00,bid,RTX PRO 6000 WS,22,46,0.375111,0.535926,0.613926,0.987639,1.602222,1.009296,0.97183
2026-07-28T04:35:11+00:00,bid,Tesla P100,4,5,0.041481,0.111204,0.135,0.135556,0.135556,0.135556,0.987124
2026-07-28T04:35:11+00:00,bid,Tesla P4,1,1,0.011926,0.011926,0.011926,0.011926,0.011926,,0.990381
2026-07-28T04:35:11+00:00,bid,Tesla P40,3,8,0.065889,0.066167,0.066444,0.066444,0.066444,0.066444,0.992834
2026-07-28T04:35:11+00:00,bid,Tesla T4,3,4,3.400741,3.401111,3.401481,3.401481,3.401481,,0.972398
2026-07-28T04:35:11+00:00,bid,Tesla V100,12,23,0.08037,0.095407,0.161389,0.201389,0.242222,0.181667,0.998761
2026-07-28T04:35:11+00:00,bid,Titan RTX,2,2,0.108889,0.115556,0.122222,0.128889,0.135556,0.122222,0.998398
2026-07-28T04:35:11+00:00,bid,Titan Xp,1,1,0.042222,0.042222,0.042222,0.042222,0.042222,0.042222,0.998051
2026-07-28T07:09:58+00:00,on-demand,A100 PCIE,9,20,0.333611,0.335556,0.841739,1.002222,1.093739,0.935333,0.993033
2026-07-28T07:09:58+00:00,on-demand,A100 SXM4,21,55,0.40037,0.747222,1.067222,1.227037,1.282222,1.067222,0.99498
2026-07-28T07:09:58+00:00,on-demand,A10g,1,1,0.121185,0.121185,0.121185,0.121185,0.121185,,0.599993
2026-07-28T07:09:58+00:00,on-demand,A800 PCIE,3,7,0.667222,0.6675,0.667778,0.668333,0.668889,,0.994222
2026-07-28T07:09:58+00:00,on-demand,B200,9,38,5.625174,5.867708,5.877604,6.238802,7.752083,5.877604,0.996996
2026-07-28T07:09:58+00:00,on-demand,B300,4,21,6.25026,6.250456,6.876302,7.814236,8.750694,7.502083,0.992797
2026-07-28T07:09:58+00:00,on-demand,CMP 170HX,5,23,0.121111,0.253519,0.253889,0.254444,0.255556,,0.814636
2026-07-28T07:09:58+00:00,on-demand,GTX 1050 Ti,1,1,0.611111,0.611111,0.611111,0.611111,0.611111,,0.967593
2026-07-28T07:09:58+00:00,on-demand,GTX 1060,1,1,0.088148,0.088148,0.088148,0.088148,0.088148,0.088148,0.999275
2026-07-28T07:09:58+00:00,on-demand,GTX 1070,2,2,0.202222,0.284444,0.366667,0.448889,0.531111,0.531111,0.980556
2026-07-28T07:09:58+00:00,on-demand,GTX 1070 Ti,1,1,0.050222,0.050222,0.050222,0.050222,0.050222,0.050222,0.986644
2026-07-28T07:09:58+00:00,on-demand,GTX 1080,6,17,0.027778,0.043759,0.048463,0.048972,0.067037,0.048833,0.975315
2026-07-28T07:09:58+00:00,on-demand,GTX 1080 Ti,8,28,0.060317,0.060694,0.061667,0.080423,0.082222,0.061111,0.99622
2026-07-28T07:09:58+00:00,on-demand,GTX 1650 S,1,1,0.677778,0.677778,0.677778,0.677778,0.677778,,0.970155
2026-07-28T07:09:58+00:00,on-demand,GTX 1660,1,4,0.067963,0.067963,0.067963,0.067963,0.067963,0.067963,0.996873
2026-07-28T07:09:58+00:00,on-demand,GTX 1660 Ti,2,3,0.068889,0.204444,0.34,0.475556,0.611111,0.34,0.984799
2026-07-28T07:09:58+00:00,on-demand,H100 NVL,6,11,1.602222,2.314167,2.528444,2.818778,3.333889,2.655556,0.986757
2026-07-28T07:09:58+00:00,on-demand,H100 PCIE,4,18,1.720148,1.720259,1.860426,2.000694,2.001111,1.720222,0.966165
2026-07-28T07:09:58+00:00,on-demand,H100 SXM,12,29,1.334074,1.734306,2.200556,3.840056,4.333778,2.200741,0.997316
2026-07-28T07:09:58+00:00,on-demand,H200,4,12,3.81652,3.905885,4.008406,4.524808,5.855811,4.008406,0.998482
2026-07-28T07:09:58+00:00,on-demand,H200 NVL,5,8,2.800741,2.935556,3.068889,3.334444,4.788889,3.862222,0.983831
2026-07-28T07:09:58+00:00,on-demand,L4,2,3,0.202222,0.235185,0.268148,0.301111,0.334074,0.334074,0.984088
2026-07-28T07:09:58+00:00,on-demand,L40,3,8,0.454074,0.514259,0.574444,0.576111,0.577778,0.574444,0.98585
2026-07-28T07:09:58+00:00,on-demand,L40S,13,46,0.40037,0.467037,0.737037,0.800926,2.442222,0.800833,0.994018
2026-07-28T07:09:58+00:00,on-demand,Q RTX 5000,2,3,0.080741,0.080926,0.081111,0.081296,0.081481,,0.975335
2026-07-28T07:09:58+00:00,on-demand,Q RTX 6000,2,5,0.108889,0.115093,0.121296,0.1275,0.133704,0.133704,0.957799
2026-07-28T07:09:58+00:00,on-demand,Q RTX 8000,3,4,0.241111,0.247593,0.254074,0.254444,0.254815,0.254074,0.998673
2026-07-28T07:09:58+00:00,on-demand,Quadro GV100,1,1,0.467407,0.467407,0.467407,0.467407,0.467407,,0.968419
2026-07-28T07:09:58+00:00,on-demand,Quadro P4000,3,4,0.054444,0.055,0.055556,0.056296,0.057037,0.057037,0.894586
2026-07-28T07:09:58+00:00,on-demand,RTX 2060,1,1,0.411111,0.411111,0.411111,0.411111,0.411111,0.411111,0.979132
2026-07-28T07:09:58+00:00,on-demand,RTX 2060S,3,7,0.080111,0.080167,0.080222,0.080333,0.080444,0.080222,0.705037
2026-07-28T07:09:58+00:00,on-demand,RTX 2070S,1,9,0.073498,0.073498,0.073498,0.073498,0.073498,,0.987422
2026-07-28T07:09:58+00:00,on-demand,RTX 2080 Ti,10,31,0.068889,0.080025,0.080065,0.121944,0.811111,0.080065,0.995756
2026-07-28T07:09:58+00:00,on-demand,RTX 2080S,1,1,0.744444,0.744444,0.744444,0.744444,0.744444,0.744444,0.963435
2026-07-28T07:09:58+00:00,on-demand,RTX 3060,11,41,0.036741,0.05987,0.073519,0.336296,1.335556,0.175324,0.994651
2026-07-28T07:09:58+00:00,on-demand,RTX 3060 Ti,1,1,0.399556,0.399556,0.399556,0.399556,0.399556,0.399556,0.993302
2026-07-28T07:09:58+00:00,on-demand,RTX 3060 laptop,4,12,0.026685,0.037505,0.041667,0.048407,0.066963,0.066963,0.996552
2026-07-28T07:09:58+00:00,on-demand,RTX 3070,14,48,0.041111,0.081852,0.106944,0.1275,0.66716,0.106944,0.991851
2026-07-28T07:09:58+00:00,on-demand,RTX 3070 laptop,1,1,0.468889,0.468889,0.468889,0.468889,0.468889,,0.962805
2026-07-28T07:09:58+00:00,on-demand,RTX 3080,13,42,0.060222,0.082222,0.113556,0.144889,0.251496,0.129222,0.993885
2026-07-28T07:09:58+00:00,on-demand,RTX 3080 Ti,7,8,0.068889,0.098296,0.135185,0.138889,0.295556,0.138704,0.994704
2026-07-28T07:09:58+00:00,on-demand,RTX 3090,46,131,0.106944,0.136019,0.193981,0.264722,1.336296,0.247963,0.992294
2026-07-28T07:09:58+00:00,on-demand,RTX 3090 Ti,1,1,0.175556,0.175556,0.175556,0.175556,0.175556,,0.993141
2026-07-28T07:09:58+00:00,on-demand,RTX 4000Ada,1,1,0.202222,0.202222,0.202222,0.202222,0.202222,,0.994079
2026-07-28T07:09:58+00:00,on-demand,RTX 4060,6,18,0.060556,0.060722,0.062037,0.064852,2.677778,0.061111,0.987917
2026-07-28T07:09:58+00:00,on-demand,RTX 4060 Ti,5,7,0.068889,0.081111,0.081852,0.082222,0.094222,0.088037,0.994449
2026-07-28T07:09:58+00:00,on-demand,RTX 4060 laptop,1,1,0.154815,0.154815,0.154815,0.154815,0.154815,0.154815,0.996368
2026-07-28T07:09:58+00:00,on-demand,RTX 4070,4,9,0.080556,0.080972,0.081667,0.088611,0.107778,0.107778,0.995687
2026-07-28T07:09:58+00:00,on-demand,RTX 4070 Ti,6,14,0.088556,0.089426,0.092407,0.095278,0.202222,0.095,0.977151
2026-07-28T07:09:58+00:00,on-demand,RTX 4070S,9,25,0.081111,0.082407,0.087778,0.08963,0.093889,0.088519,0.97996
2026-07-28T07:09:58+00:00,on-demand,RTX 4070S Ti,10,25,0.067778,0.121435,0.127222,0.236944,0.267778,0.248889,0.994667
2026-07-28T07:09:58+00:00,on-demand,RTX 4080,4,5,0.121481,0.122593,0.155704,0.198556,0.228889,0.228889,0.970893
2026-07-28T07:09:58+00:00,on-demand,RTX 4080S,16,43,0.118148,0.190764,0.201074,0.202222,0.228741,0.202222,0.991182
2026-07-28T07:09:58+00:00,on-demand,RTX 4090,53,180,0.133889,0.336519,0.401111,0.671111,1.337037,0.563704,0.994866
2026-07-28T07:09:58+00:00,on-demand,RTX 4090D,4,8,0.324148,0.581454,0.6675,0.668056,0.668889,0.324148,0.967226
2026-07-28T07:09:58+00:00,on-demand,RTX 5000Ada,3,4,0.427778,0.428333,0.428889,0.442222,0.455556,0.428333,0.996506
2026-07-28T07:09:58+00:00,on-demand,RTX 5060,4,4,0.075556,0.075556,0.105556,0.147222,0.182222,0.128889,0.994315
2026-07-28T07:09:58+00:00,on-demand,RTX 5060 Ti,15,40,0.082222,0.095,0.113704,0.154815,0.22963,0.13037,0.995491
2026-07-28T07:09:58+00:00,on-demand,RTX 5060 laptop,1,1,0.135556,0.135556,0.135556,0.135556,0.135556,,0.970594
2026-07-28T07:09:58+00:00,on-demand,RTX 5070,9,17,0.081852,0.09037,0.095556,0.10963,0.177778,0.088981,0.993304
2026-07-28T07:09:58+00:00,on-demand,RTX 5070 Ti,9,18,0.118444,0.134444,0.134444,0.135556,0.200741,0.1275,0.996935
2026-07-28T07:09:58+00:00,on-demand,RTX 5080,16,49,0.133611,0.140066,0.187407,0.22,0.802963,0.267778,0.98261
2026-07-28T07:09:58+00:00,on-demand,RTX 5090,43,139,0.268889,0.445804,0.537037,0.667103,3.615556,0.638778,0.995553
2026-07-28T07:09:58+00:00,on-demand,RTX 5880Ada,5,16,0.453593,0.453852,0.45437,0.455407,0.57037,0.45437,0.997515
2026-07-28T07:09:58+00:00,on-demand,RTX 6000Ada,9,17,0.440556,0.464889,0.64037,0.669185,0.735556,0.640556,0.996854
2026-07-28T07:09:58+00:00,on-demand,RTX A2000,4,5,0.034074,0.03563,0.036148,0.150481,0.493481,,0.995172
2026-07-28T07:09:58+00:00,on-demand,RTX A4000,4,28,0.133468,0.133645,0.133765,0.138426,0.152222,,0.97131
2026-07-28T07:09:58+00:00,on-demand,RTX A5000,1,2,0.287185,0.287185,0.287185,0.287185,0.287185,0.287185,0.999424
2026-07-28T07:09:58+00:00,on-demand,RTX A6000,6,29,0.266944,0.319079,0.373862,0.374352,0.400278,0.400278,0.990265
2026-07-28T07:09:58+00:00,on-demand,RTX PRO 2000,1,2,0.174074,0.174074,0.174074,0.174074,0.174074,,0.96486
2026-07-28T07:09:58+00:00,on-demand,RTX PRO 4000,10,22,0.175222,0.215111,0.262778,0.314028,0.337037,0.320741,0.986408
2026-07-28T07:09:58+00:00,on-demand,RTX PRO 5000,13,24,0.37,0.641111,0.667222,0.734815,1.254607,0.667778,0.988812
2026-07-28T07:09:58+00:00,on-demand,RTX PRO 6000 S,14,50,1.266944,1.335139,1.54125,1.717361,1.736296,1.546944,0.998279
2026-07-28T07:09:58+00:00,on-demand,RTX PRO 6000 WS,18,49,0.722222,1.019167,1.289074,1.599676,26.66963,1.369815,0.981688
2026-07-28T07:09:58+00:00,on-demand,Tesla P100,5,10,0.054815,0.081481,0.087407,0.201111,0.202222,0.144259,0.987221
2026-07-28T07:09:58+00:00,on-demand,Tesla P4,1,1,0.025481,0.025481,0.025481,0.025481,0.025481,,0.991421
2026-07-28T07:09:58+00:00,on-demand,Tesla P40,2,6,0.132556,0.132694,0.132833,0.132972,0.133111,0.132833,0.992842
2026-07-28T07:09:58+00:00,on-demand,Tesla T4,2,3,12.000741,12.000926,12.001111,12.001296,12.001481,,0.972398
2026-07-28T07:09:58+00:00,on-demand,Tesla V100,12,34,0.079407,0.107639,0.133796,0.1925,0.333889,0.267778,0.978448
2026-07-28T07:09:58+00:00,on-demand,Titan RTX,3,4,0.137037,0.142407,0.147778,0.155,0.162222,0.155,0.991762
2026-07-28T07:09:58+00:00,on-demand,Titan Xp,1,1,0.055556,0.055556,0.055556,0.055556,0.055556,0.055556,0.998053
2026-07-28T07:09:58+00:00,bid,A100 PCIE,12,15,0.131556,0.135556,0.141667,0.21787,0.46963,0.365721,0.995287
2026-07-28T07:09:58+00:00,bid,A100 SXM4,19,36,0.135556,0.642963,0.802667,0.914556,0.987222,0.934667,0.991325
2026-07-28T07:09:58+00:00,bid,A800 PCIE,6,10,0.129889,0.130722,0.131556,0.131556,0.131556,,0.994222
2026-07-28T07:09:58+00:00,bid,B200,14,62,3.750174,5.625911,5.871755,7.000846,7.377083,5.871755,0.982198
2026-07-28T07:09:58+00:00,bid,B300,4,17,3.752083,5.156966,5.625391,5.625521,5.625521,3.752083,0.992797
2026-07-28T07:09:58+00:00,bid,CMP 170HX,10,38,0.102444,0.12938,0.200417,0.200972,0.202222,,0.814636
2026-07-28T07:09:58+00:00,bid,GTX 1050 Ti,1,1,0.024444,0.024444,0.024444,0.024444,0.024444,,0.967593
2026-07-28T07:09:58+00:00,bid,GTX 1060,3,3,0.014074,0.022593,0.031111,0.04963,0.068148,0.068148,0.978396
2026-07-28T07:09:58+00:00,bid,GTX 1070,2,2,0.015556,0.017778,0.02,0.022222,0.024444,0.024444,0.980556
2026-07-28T07:09:58+00:00,bid,GTX 1070 Ti,3,7,0.040556,0.040833,0.041111,0.041667,0.042222,0.041111,0.997212
2026-07-28T07:09:58+00:00,bid,GTX 1080,4,13,0.021111,0.035556,0.040463,0.043843,0.053704,0.040556,0.996445
2026-07-28T07:09:58+00:00,bid,GTX 1080 Ti,9,33,0.040317,0.040741,0.041111,0.053889,0.055556,0.041111,0.997197
2026-07-28T07:09:58+00:00,bid,GTX 1650 S,1,1,0.037778,0.037778,0.037778,0.037778,0.037778,,0.970155
2026-07-28T07:09:58+00:00,bid,GTX 1660 Ti,2,5,0.037778,0.041944,0.046111,0.050278,0.054444,0.046111,0.984799
2026-07-28T07:09:58+00:00,bid,H100 NVL,6,10,0.806519,0.935,0.936,1.335667,2.000556,0.936,0.953195
2026-07-28T07:09:58+00:00,bid,H100 PCIE,4,18,0.733481,0.733593,1.033759,1.334028,1.334445,0.733556,0.966165
2026-07-28T07:09:58+00:00,bid,H100 SXM,9,24,0.602222,1.131111,1.173741,2.002667,4.000556,1.173741,0.992928
2026-07-28T07:09:58+00:00,bid,H200,4,12,2.63231,3.521016,3.817617,4.26165,5.592654,3.817617,0.998482
2026-07-28T07:09:58+00:00,bid,H200 NVL,5,6,0.403778,0.404889,1.335556,2.255556,3.211111,2.733333,0.983831
2026-07-28T07:09:58+00:00,bid,L4,7,9,0.134074,0.134815,0.202222,0.267963,0.268889,0.202222,0.997951
2026-07-28T07:09:58+00:00,bid,L40,5,11,0.267407,0.467778,0.468889,0.471111,0.471111,0.468889,0.98585
2026-07-28T07:09:58+00:00,bid,L40S,25,77,0.20037,0.334444,0.534815,0.540741,0.801852,0.537037,0.996959
2026-07-28T07:09:58+00:00,bid,Q RTX 5000,1,2,0.054074,0.054074,0.054074,0.054074,0.054074,,0.975335
2026-07-28T07:09:58+00:00,bid,Q RTX 8000,1,1,0.027778,0.027778,0.027778,0.027778,0.027778,0.027778,0.998985
2026-07-28T07:09:58+00:00,bid,Quadro GV100,1,1,0.134074,0.134074,0.134074,0.134074,0.134074,,0.968419
2026-07-28T07:09:58+00:00,bid,Quadro P4000,3,4,0.03437,0.037741,0.041111,0.051667,0.062222,0.062222,0.996397
2026-07-28T07:09:58+00:00,bid,RTX 2060,3,4,0.034852,0.037981,0.041111,0.188333,0.335556,0.041111,0.992994
2026-07-28T07:09:58+00:00,bid,RTX 2060S,5,10,0.046778,0.046889,0.046889,0.047111,0.123704,0.046889,0.705037
2026-07-28T07:09:58+00:00,bid,RTX 2070S,1,8,0.066852,0.066852,0.066852,0.066852,0.066852,,0.987422
2026-07-28T07:09:58+00:00,bid,RTX 2080 Ti,7,12,0.037778,0.042667,0.067802,0.088074,0.108889,0.068086,0.996196
2026-07-28T07:09:58+00:00,bid,RTX 2080S,1,1,0.046556,0.046556,0.046556,0.046556,0.046556,0.046556,0.963435
2026-07-28T07:09:58+00:00,bid,RTX 3060,15,50,0.024741,0.050852,0.055556,0.102815,0.202222,0.06125,0.99111
2026-07-28T07:09:58+00:00,bid,RTX 3060 Ti,1,1,0.268889,0.268889,0.268889,0.268889,0.268889,0.268889,0.993302
2026-07-28T07:09:58+00:00,bid,RTX 3060 laptop,4,14,0.014148,0.017051,0.028231,0.054111,0.101111,0.101111,0.990266
2026-07-28T07:09:58+00:00,bid,RTX 3070,18,45,0.026944,0.045231,0.069444,0.091157,0.202222,0.07037,0.992516
2026-07-28T07:09:58+00:00,bid,RTX 3070 laptop,2,2,0.022222,0.127222,0.232222,0.337222,0.442222,,0.91899
2026-07-28T07:09:58+00:00,bid,RTX 3080,10,29,0.041111,0.059847,0.121852,0.215388,0.24083,0.138056,0.992702
2026-07-28T07:09:58+00:00,bid,RTX 3080 Ti,7,8,0.028889,0.078296,0.107778,0.142222,0.188889,0.108889,0.994704
2026-07-28T07:09:58+00:00,bid,RTX 3090,51,114,0.015778,0.102685,0.134074,0.16963,0.295556,0.161481,0.994154
2026-07-28T07:09:58+00:00,bid,RTX 4000Ada,1,1,0.162222,0.162222,0.162222,0.162222,0.162222,,0.994079
2026-07-28T07:09:58+00:00,bid,RTX 4060,3,4,0.053926,0.054222,0.054519,0.069111,0.083704,0.083704,0.976779
2026-07-28T07:09:58+00:00,bid,RTX 4060 Ti,9,17,0.041111,0.054444,0.075556,0.076889,0.107778,0.075556,0.99714
2026-07-28T07:09:58+00:00,bid,RTX 4070,3,4,0.087778,0.118333,0.148889,0.148889,0.148889,0.148889,0.998117
2026-07-28T07:09:58+00:00,bid,RTX 4070 Ti,3,3,0.081481,0.094815,0.108148,0.108519,0.108889,0.108889,0.992763
2026-07-28T07:09:58+00:00,bid,RTX 4070S,9,16,0.068889,0.071481,0.071481,0.076296,0.244444,0.071481,0.991037
2026-07-28T07:09:58+00:00,bid,RTX 4070S Ti,14,37,0.084889,0.102963,0.167083,0.167778,0.202222,0.1675,0.999509
2026-07-28T07:09:58+00:00,bid,RTX 4080,2,2,0.169778,0.177889,0.186,0.194111,0.202222,0.202222,0.971528
2026-07-28T07:09:58+00:00,bid,RTX 4080S,12,27,0.068148,0.118056,0.188741,0.200347,0.202074,0.195481,0.996739
2026-07-28T07:09:58+00:00,bid,RTX 4090,65,166,0.068889,0.240593,0.334444,0.540741,1.005037,0.472222,0.9946
2026-07-28T07:09:58+00:00,bid,RTX 4090D,3,7,0.604556,0.604833,0.605111,0.605667,0.606222,,0.967226
2026-07-28T07:09:58+00:00,bid,RTX 5000Ada,3,4,0.268889,0.295,0.321111,0.321667,0.322222,0.321111,0.996506
2026-07-28T07:09:58+00:00,bid,RTX 5060,5,6,0.054444,0.055556,0.063556,0.095556,0.148889,0.106222,0.985662
2026-07-28T07:09:58+00:00,bid,RTX 5060 Ti,18,37,0.041111,0.068611,0.094074,0.134778,0.159556,0.107037,0.996827
2026-07-28T07:09:58+00:00,bid,RTX 5070,7,8,0.054074,0.095556,0.144148,0.148889,0.162222,0.148148,0.98729
2026-07-28T07:09:58+00:00,bid,RTX 5070 Ti,13,22,0.082222,0.095556,0.107778,0.108889,0.157037,0.102222,0.995223
2026-07-28T07:09:58+00:00,bid,RTX 5080,19,43,0.081111,0.098058,0.119963,0.167981,0.204444,0.157759,0.987335
2026-07-28T07:09:58+00:00,bid,RTX 5090,58,169,0.093611,0.260833,0.335556,0.477245,1.468889,0.272593,0.996864
2026-07-28T07:09:58+00:00,bid,RTX 5880Ada,4,6,0.297037,0.297037,0.315704,0.33437,0.33437,0.315704,0.996627
2026-07-28T07:09:58+00:00,bid,RTX 6000Ada,11,21,0.139259,0.394167,0.400741,0.435111,0.680889,0.400741,0.998135
2026-07-28T07:09:58+00:00,bid,RTX A2000,1,1,0.400148,0.400148,0.400148,0.400148,0.400148,,0.994236
2026-07-28T07:09:58+00:00,bid,RTX A4000,7,28,0.057111,0.082537,0.107037,0.120386,0.134444,,0.987489
2026-07-28T07:09:58+00:00,bid,RTX A5000,5,9,0.034556,0.108519,0.11037,0.11037,0.201481,0.109444,0.999424
2026-07-28T07:09:58+00:00,bid,RTX A6000,5,24,0.202593,0.253611,0.253889,0.321111,0.373611,0.373611,0.970935
2026-07-28T07:09:58+00:00,bid,RTX PRO 2000,2,3,0.134074,0.134259,0.134444,0.13463,0.134815,,0.96486
2026-07-28T07:09:58+00:00,bid,RTX PRO 4000,12,24,0.067222,0.068278,0.135,0.222963,0.241481,0.217037,0.983594
2026-07-28T07:09:58+00:00,bid,RTX PRO 5000,14,25,0.135111,0.224259,0.483833,0.605093,0.803704,0.476222,0.991587
2026-07-28T07:09:58+00:00,bid,RTX PRO 6000 S,17,45,0.402222,1.001111,1.068148,1.06963,1.493611,1.067778,0.998065
2026-07-28T07:09:58+00:00,bid,RTX PRO 6000 WS,18,35,0.269778,0.668056,0.936111,0.998611,1.47037,0.958611,0.990282
2026-07-28T07:09:58+00:00,bid,Tesla P100,4,5,0.041481,0.111204,0.135,0.135556,0.135556,0.135556,0.987221
2026-07-28T07:09:58+00:00,bid,Tesla P4,1,1,0.011926,0.011926,0.011926,0.011926,0.011926,,0.990391
2026-07-28T07:09:58+00:00,bid,Tesla P40,3,8,0.065889,0.066167,0.066444,0.066444,0.066444,0.066444,0.992842
2026-07-28T07:09:58+00:00,bid,Tesla T4,2,3,3.400741,3.400926,3.401111,3.401296,3.401481,,0.972398
2026-07-28T07:09:58+00:00,bid,Tesla V100,12,27,0.08037,0.12413,0.160833,0.171806,0.242222,0.162222,0.998762
2026-07-28T07:09:58+00:00,bid,Titan RTX,3,4,0.094444,0.101667,0.108889,0.122222,0.135556,0.108889,0.998335
2026-07-28T07:09:58+00:00,bid,Titan Xp,1,1,0.042222,0.042222,0.042222,0.042222,0.042222,0.042222,0.99599
2026-07-28T07:14:59+00:00,on-demand,A100 PCIE,7,11,0.268148,0.634889,0.937333,1.002222,1.537739,0.969778,0.99529
2026-07-28T07:14:59+00:00,on-demand,A100 SXM4,20,51,0.40037,0.727454,1.034028,1.198713,1.282222,1.00088,0.99422
2026-07-28T07:14:59+00:00,on-demand,A10g,1,1,0.121185,0.121185,0.121185,0.121185,0.121185,,0.618804
2026-07-28T07:14:59+00:00,on-demand,A800 PCIE,1,1,0.668889,0.668889,0.668889,0.668889,0.668889,,0.994222
2026-07-28T07:14:59+00:00,on-demand,B200,16,66,5.625174,5.878385,5.937847,7.094596,7.752083,5.937847,0.990373
2026-07-28T07:14:59+00:00,on-demand,B300,4,21,6.25026,6.250456,6.876302,7.814236,8.750694,7.502083,0.992807
2026-07-28T07:14:59+00:00,on-demand,CMP 170HX,7,32,0.121111,0.188981,0.253611,0.254167,0.255556,,0.828833
2026-07-28T07:14:59+00:00,on-demand,GTX 1050 Ti,1,1,0.611111,0.611111,0.611111,0.611111,0.611111,,0.967997
2026-07-28T07:14:59+00:00,on-demand,GTX 1060,3,4,0.087778,0.088333,0.088889,0.216667,0.344444,0.088333,0.999301
2026-07-28T07:14:59+00:00,on-demand,GTX 1070,2,2,0.202222,0.284444,0.366667,0.448889,0.531111,0.531111,0.981996
2026-07-28T07:14:59+00:00,on-demand,GTX 1080,6,14,0.027778,0.048556,0.049667,0.050333,0.067037,0.049667,0.982079
2026-07-28T07:14:59+00:00,on-demand,GTX 1080 Ti,12,37,0.042667,0.060556,0.061111,0.065389,0.080741,0.065667,0.997198
2026-07-28T07:14:59+00:00,on-demand,GTX 1650 S,1,1,0.677778,0.677778,0.677778,0.677778,0.677778,,0.970527
2026-07-28T07:14:59+00:00,on-demand,GTX 1660,1,4,0.067963,0.067963,0.067963,0.067963,0.067963,0.067963,0.996875
2026-07-28T07:14:59+00:00,on-demand,GTX 1660 Ti,1,1,0.611111,0.611111,0.611111,0.611111,0.611111,0.611111,0.972552
2026-07-28T07:14:59+00:00,on-demand,H100 NVL,5,9,1.602222,2.401333,2.522222,2.873185,3.333889,2.697704,0.989084
2026-07-28T07:14:59+00:00,on-demand,H100 PCIE,4,18,1.720148,1.720259,1.860426,2.000694,2.001111,1.720222,0.966247
2026-07-28T07:14:59+00:00,on-demand,H100 SXM,10,28,1.491111,1.734722,2.200556,2.804667,5.500556,2.200556,0.992271
2026-07-28T07:14:59+00:00,on-demand,H200,4,12,3.81652,3.905885,4.008406,4.524808,5.855811,4.008406,0.998483
2026-07-28T07:14:59+00:00,on-demand,H200 NVL,4,8,2.935556,3.035556,3.515278,3.962083,3.963333,3.961667,0.995178
2026-07-28T07:14:59+00:00,on-demand,L4,3,8,0.202222,0.268,0.333778,0.334111,0.334444,0.334111,0.997841
2026-07-28T07:14:59+00:00,on-demand,L40,3,8,0.454074,0.514259,0.574444,0.576111,0.577778,0.574444,0.985869
2026-07-28T07:14:59+00:00,on-demand,L40S,12,38,0.400185,0.450324,0.801204,1.068981,2.442222,1.067593,0.99862
2026-07-28T07:14:59+00:00,on-demand,Q RTX 5000,1,2,0.080741,0.080741,0.080741,0.080741,0.080741,,0.975577
2026-07-28T07:14:59+00:00,on-demand,Q RTX 6000,1,2,0.134074,0.134074,0.134074,0.134074,0.134074,0.134074,0.999605
2026-07-28T07:14:59+00:00,on-demand,Q RTX 8000,2,3,0.254074,0.258333,0.262593,0.266852,0.271111,0.262593,0.998749
2026-07-28T07:14:59+00:00,on-demand,Quadro GV100,1,1,0.467407,0.467407,0.467407,0.467407,0.467407,,0.968426
2026-07-28T07:14:59+00:00,on-demand,Quadro P4000,4,6,0.054444,0.055278,0.056296,0.059528,0.067,0.062019,0.944263
2026-07-28T07:14:59+00:00,on-demand,RTX 2060,1,1,0.411111,0.411111,0.411111,0.411111,0.411111,0.411111,0.979488
2026-07-28T07:14:59+00:00,on-demand,RTX 2070S,1,9,0.073498,0.073498,0.073498,0.073498,0.073498,,0.987424
2026-07-28T07:14:59+00:00,on-demand,RTX 2080 Ti,10,32,0.068889,0.074839,0.080044,0.112784,0.136148,0.080056,0.996198
2026-07-28T07:14:59+00:00,on-demand,RTX 2080S,1,1,0.744444,0.744444,0.744444,0.744444,0.744444,0.744444,0.972804
2026-07-28T07:14:59+00:00,on-demand,RTX 3060,11,36,0.050815,0.056,0.073519,0.336296,1.334815,0.080278,0.992805
2026-07-28T07:14:59+00:00,on-demand,RTX 3060 Ti,2,2,0.040889,0.130556,0.220222,0.309889,0.399556,0.399556,0.99508
2026-07-28T07:14:59+00:00,on-demand,RTX 3060 laptop,3,11,0.026685,0.033898,0.041111,0.041667,0.042222,,0.998769
2026-07-28T07:14:59+00:00,on-demand,RTX 3070,15,52,0.041111,0.081852,0.106944,0.107778,0.66716,0.106944,0.992503
2026-07-28T07:14:59+00:00,on-demand,RTX 3070 laptop,1,1,0.468889,0.468889,0.468889,0.468889,0.468889,,0.962848
2026-07-28T07:14:59+00:00,on-demand,RTX 3080,16,53,0.060222,0.079537,0.113417,0.134593,0.251496,0.1135,0.993577
2026-07-28T07:14:59+00:00,on-demand,RTX 3080 Ti,6,7,0.082222,0.105463,0.13537,0.136667,0.295556,0.136111,0.995049
2026-07-28T07:14:59+00:00,on-demand,RTX 3090,44,137,0.106944,0.135556,0.194231,0.272048,1.187407,0.240741,0.989175
2026-07-28T07:14:59+00:00,on-demand,RTX 3090 Ti,1,1,0.175556,0.175556,0.175556,0.175556,0.175556,,0.993141
2026-07-28T07:14:59+00:00,on-demand,RTX 4000Ada,1,1,0.202222,0.202222,0.202222,0.202222,0.202222,,0.994096
2026-07-28T07:14:59+00:00,on-demand,RTX 4060,6,12,0.060593,0.06113,0.061704,0.063889,0.065481,0.062222,0.986621
2026-07-28T07:14:59+00:00,on-demand,RTX 4060 Ti,7,11,0.067778,0.081667,0.083704,0.100444,0.146222,0.100444,0.994585
2026-07-28T07:14:59+00:00,on-demand,RTX 4060 laptop,1,1,0.154815,0.154815,0.154815,0.154815,0.154815,0.154815,0.99637
2026-07-28T07:14:59+00:00,on-demand,RTX 4070,4,8,0.080556,0.080972,0.081667,0.085556,0.095556,0.095556,0.995687
2026-07-28T07:14:59+00:00,on-demand,RTX 4070 Ti,7,15,0.088556,0.093667,0.094444,0.096667,0.202222,0.096667,0.969394
2026-07-28T07:14:59+00:00,on-demand,RTX 4070S,8,34,0.081204,0.081204,0.082315,0.083981,0.084815,0.083704,0.97954
2026-07-28T07:14:59+00:00,on-demand,RTX 4070S Ti,11,31,0.068889,0.121389,0.124815,0.257917,0.267778,0.257917,0.995187
2026-07-28T07:14:59+00:00,on-demand,RTX 4080,4,5,0.121481,0.122593,0.155704,0.208556,0.268889,0.268889,0.970895
2026-07-28T07:14:59+00:00,on-demand,RTX 4080S,13,37,0.147778,0.162222,0.201111,0.213611,0.228741,0.189407,0.993407
2026-07-28T07:14:59+00:00,on-demand,RTX 4090,47,147,0.133889,0.323389,0.468148,0.67,1.334815,0.60463,0.996261
2026-07-28T07:14:59+00:00,on-demand,RTX 4090D,2,2,0.322815,0.409333,0.495852,0.58237,0.668889,0.322815,0.980461
2026-07-28T07:14:59+00:00,on-demand,RTX 5000Ada,3,4,0.427778,0.428333,0.428889,0.442222,0.455556,0.428333,0.996508
2026-07-28T07:14:59+00:00,on-demand,RTX 5060,4,4,0.05363,0.071185,0.106296,0.147222,0.182222,0.12963,0.993983
2026-07-28T07:14:59+00:00,on-demand,RTX 5060 Ti,14,29,0.07037,0.093796,0.113667,0.163704,0.22963,0.13037,0.99375
2026-07-28T07:14:59+00:00,on-demand,RTX 5060 laptop,1,1,0.135556,0.135556,0.135556,0.135556,0.135556,,0.970596
2026-07-28T07:14:59+00:00,on-demand,RTX 5070,8,13,0.083704,0.092963,0.103852,0.141944,1.015556,0.088519,0.992947
2026-07-28T07:14:59+00:00,on-demand,RTX 5070 Ti,8,16,0.118444,0.131389,0.135556,0.170556,0.201481,0.1595,0.994448
2026-07-28T07:14:59+00:00,on-demand,RTX 5080,13,44,0.133611,0.173651,0.198519,0.217037,0.267222,0.20037,0.990039
2026-07-28T07:14:59+00:00,on-demand,RTX 5090,35,101,0.342963,0.440694,0.507037,0.703148,3.615556,0.562963,0.995261
2026-07-28T07:14:59+00:00,on-demand,RTX 5880Ada,4,15,0.453593,0.453787,0.454111,0.48337,0.57037,0.454111,0.997517
2026-07-28T07:14:59+00:00,on-demand,RTX 6000Ada,7,15,0.440556,0.441667,0.640926,0.675111,0.682074,0.681037,0.991626
2026-07-28T07:14:59+00:00,on-demand,RTX A2000,3,4,0.034074,0.035111,0.036148,0.264815,0.493481,,0.995172
2026-07-28T07:14:59+00:00,on-demand,RTX A4000,3,21,0.071778,0.102623,0.133468,0.142206,0.150944,,0.97131
2026-07-28T07:14:59+00:00,on-demand,RTX A5000,3,5,0.285852,20.143296,40.000741,40.001111,40.001481,0.285852,0.97177
2026-07-28T07:14:59+00:00,on-demand,RTX A6000,7,33,0.266944,0.374048,0.400278,0.400833,0.414444,0.400278,0.990273
2026-07-28T07:14:59+00:00,on-demand,RTX PRO 4000,9,19,0.201111,0.261852,0.271807,0.321481,0.337037,0.296644,0.989266
2026-07-28T07:14:59+00:00,on-demand,RTX PRO 5000,13,22,0.37,0.640185,0.668889,0.841852,2.538519,0.668889,0.991588
2026-07-28T07:14:59+00:00,on-demand,RTX PRO 6000 S,14,54,1.267222,1.538403,1.600833,1.717292,1.736296,1.634583,0.997387
2026-07-28T07:14:59+00:00,on-demand,RTX PRO 6000 WS,17,42,0.827778,1.002963,1.351852,1.603704,26.66963,1.58713,0.964823
2026-07-28T07:14:59+00:00,on-demand,Tesla P100,5,10,0.054815,0.081481,0.087407,0.201111,0.202222,0.144259,0.987268
2026-07-28T07:14:59+00:00,on-demand,Tesla P4,1,1,0.023259,0.023259,0.023259,0.023259,0.023259,,0.990414
2026-07-28T07:14:59+00:00,on-demand,Tesla P40,2,6,0.132556,0.132694,0.132833,0.132972,0.133111,0.132833,0.992846
2026-07-28T07:14:59+00:00,on-demand,Tesla T4,2,3,12.000741,12.000926,12.001111,12.001296,12.001481,,0.972398
2026-07-28T07:14:59+00:00,on-demand,Tesla V100,7,19,0.106944,0.137963,0.167407,0.268056,0.334444,0.268889,0.964685
2026-07-28T07:14:59+00:00,on-demand,Titan RTX,3,4,0.135556,0.136296,0.137037,0.142407,0.147778,0.141667,0.991824
2026-07-28T07:14:59+00:00,on-demand,Titan Xp,1,1,0.055556,0.055556,0.055556,0.055556,0.055556,0.055556,0.998054
2026-07-28T07:14:59+00:00,bid,A100 PCIE,14,17,0.134444,0.135556,0.135556,0.185,0.46963,0.135556,0.995046
2026-07-28T07:14:59+00:00,bid,A100 SXM4,18,34,0.135556,0.603241,0.800889,0.888056,0.987222,0.605185,0.991352
2026-07-28T07:14:59+00:00,bid,A800 PCIE,7,12,0.129889,0.130444,0.131556,0.131556,0.131556,,0.994222
2026-07-28T07:14:59+00:00,bid,B200,8,30,3.750174,5.629557,5.75651,7.375456,7.377083,5.75651,0.995359
2026-07-28T07:14:59+00:00,bid,B300,4,21,3.752083,4.688542,5.312977,5.625326,5.625521,3.752083,0.992807
2026-07-28T07:14:59+00:00,bid,CMP 170HX,9,29,0.102444,0.200185,0.201111,0.201111,0.202222,,0.828833
2026-07-28T07:14:59+00:00,bid,GTX 1050 Ti,1,1,0.024444,0.024444,0.024444,0.024444,0.024444,,0.967997
2026-07-28T07:14:59+00:00,bid,GTX 1060,2,2,0.031111,0.04037,0.04963,0.058889,0.068148,0.068148,0.989024
2026-07-28T07:14:59+00:00,bid,GTX 1070,2,2,0.015556,0.017778,0.02,0.022222,0.024444,0.024444,0.981996
2026-07-28T07:14:59+00:00,bid,GTX 1070 Ti,2,3,0.041111,0.041389,0.041667,0.041944,0.042222,0.041667,0.995494
2026-07-28T07:14:59+00:00,bid,GTX 1080,4,13,0.014815,0.033981,0.040463,0.043843,0.053704,0.040556,0.994506
2026-07-28T07:14:59+00:00,bid,GTX 1080 Ti,14,43,0.029333,0.040602,0.041111,0.053829,0.055556,0.053889,0.995852
2026-07-28T07:14:59+00:00,bid,GTX 1650 S,1,1,0.04,0.04,0.04,0.04,0.04,,0.970527
2026-07-28T07:14:59+00:00,bid,GTX 1660 Ti,2,5,0.037778,0.041944,0.046111,0.050278,0.054444,0.046111,0.984982
2026-07-28T07:14:59+00:00,bid,H100 NVL,7,11,0.806519,0.935333,0.936,1.468889,2.000556,0.936,0.95336
2026-07-28T07:14:59+00:00,bid,H100 PCIE,5,20,0.733481,0.73363,1.333889,1.334445,1.334445,0.733556,0.96746
2026-07-28T07:14:59+00:00,bid,H100 SXM,12,29,1.006519,1.067407,1.801444,2.005333,4.001111,1.802667,0.991612
2026-07-28T07:14:59+00:00,bid,H200,4,12,2.63231,3.521016,3.817617,4.26165,5.592654,3.817617,0.998223
2026-07-28T07:14:59+00:00,bid,H200 NVL,9,16,0.404889,1.003333,1.867407,1.868889,3.211111,1.003333,0.992887
2026-07-28T07:14:59+00:00,bid,L4,6,12,0.202222,0.267593,0.268519,0.307556,0.321111,0.268519,0.997952
2026-07-28T07:14:59+00:00,bid,L40,5,11,0.267407,0.467778,0.468889,0.471111,0.471111,0.468889,0.985869
2026-07-28T07:14:59+00:00,bid,L40S,21,62,0.200185,0.40037,0.534074,0.537037,0.800926,0.534815,0.998559
2026-07-28T07:14:59+00:00,bid,Q RTX 5000,1,2,0.054074,0.054074,0.054074,0.054074,0.054074,,0.975577
2026-07-28T07:14:59+00:00,bid,Quadro GV100,1,1,0.134074,0.134074,0.134074,0.134074,0.134074,,0.968426
2026-07-28T07:14:59+00:00,bid,Quadro P4000,4,6,0.03437,0.039426,0.047389,0.05375,0.054,0.053833,0.993829
2026-07-28T07:14:59+00:00,bid,RTX 2060,3,4,0.031111,0.036111,0.041111,0.188333,0.335556,0.041111,0.992997
2026-07-28T07:14:59+00:00,bid,RTX 2060S,3,7,0.046778,0.046833,0.046889,0.085296,0.123704,0.046889,0.742103
2026-07-28T07:14:59+00:00,bid,RTX 2070S,1,9,0.066831,0.066831,0.066831,0.066831,0.066831,,0.987424
2026-07-28T07:14:59+00:00,bid,RTX 2080 Ti,8,13,0.037778,0.041944,0.068086,0.10787,0.108889,0.06837,0.996198
2026-07-28T07:14:59+00:00,bid,RTX 2080S,1,1,0.037778,0.037778,0.037778,0.037778,0.037778,0.037778,0.972804
2026-07-28T07:14:59+00:00,bid,RTX 3060,17,61,0.024741,0.045481,0.053889,0.102815,0.202222,0.088813,0.992805
2026-07-28T07:14:59+00:00,bid,RTX 3060 Ti,1,1,0.268889,0.268889,0.268889,0.268889,0.268889,0.268889,0.993309
2026-07-28T07:14:59+00:00,bid,RTX 3060 laptop,3,11,0.013352,0.025898,0.038444,0.052037,0.06563,0.06563,0.990376
2026-07-28T07:14:59+00:00,bid,RTX 3070,19,48,0.026944,0.041667,0.068148,0.0875,0.162222,0.070704,0.995648
2026-07-28T07:14:59+00:00,bid,RTX 3070 laptop,1,1,0.442222,0.442222,0.442222,0.442222,0.442222,,0.962848
2026-07-28T07:14:59+00:00,bid,RTX 3080,15,41,0.041111,0.067083,0.081111,0.140833,0.24083,0.135556,0.988028
2026-07-28T07:14:59+00:00,bid,RTX 3080 Ti,8,8,0.028889,0.068593,0.098889,0.145556,0.188889,0.135556,0.994089
2026-07-28T07:14:59+00:00,bid,RTX 3090,66,155,0.016889,0.105463,0.134444,0.172963,0.336296,0.148889,0.992896
2026-07-28T07:14:59+00:00,bid,RTX 4000Ada,3,4,0.054222,0.054667,0.055111,0.108667,0.162222,,0.984595
2026-07-28T07:14:59+00:00,bid,RTX 4060,6,9,0.053926,0.054056,0.054481,0.055296,0.083704,0.055556,0.984347
2026-07-28T07:14:59+00:00,bid,RTX 4060 Ti,9,17,0.041111,0.054444,0.075778,0.101111,0.108889,0.079,0.997142
2026-07-28T07:14:59+00:00,bid,RTX 4070,5,7,0.015556,0.054444,0.054444,0.076889,0.148889,0.054444,0.998118
2026-07-28T07:14:59+00:00,bid,RTX 4070 Ti,1,1,0.108889,0.108889,0.108889,0.108889,0.108889,0.108889,0.986362
2026-07-28T07:14:59+00:00,bid,RTX 4070S,10,33,0.054444,0.068171,0.070278,0.075093,0.244444,0.069074,0.97962
2026-07-28T07:14:59+00:00,bid,RTX 4070S Ti,17,39,0.056296,0.098148,0.111111,0.167778,0.202222,0.167778,0.995187
2026-07-28T07:14:59+00:00,bid,RTX 4080,3,3,0.169778,0.212667,0.255556,0.255556,0.255556,0.255556,0.994297
2026-07-28T07:14:59+00:00,bid,RTX 4080S,13,27,0.068148,0.121111,0.187778,0.200278,0.202074,0.194963,0.997521
2026-07-28T07:14:59+00:00,bid,RTX 4090,63,173,0.134815,0.230556,0.334444,0.537037,1.005037,0.403704,0.996175
2026-07-28T07:14:59+00:00,bid,RTX 4090D,3,7,0.604556,0.604833,0.605111,0.605667,0.606222,,0.967226
2026-07-28T07:14:59+00:00,bid,RTX 5000Ada,3,4,0.321111,0.321667,0.322222,0.322222,0.322222,0.322222,0.996508
2026-07-28T07:14:59+00:00,bid,RTX 5060,5,6,0.040296,0.054444,0.095556,0.095556,0.148889,0.148889,0.99314
2026-07-28T07:14:59+00:00,bid,RTX 5060 Ti,21,42,0.049111,0.080691,0.107778,0.134815,0.160889,0.134074,0.996868
2026-07-28T07:14:59+00:00,bid,RTX 5070,10,12,0.042222,0.085278,0.095556,0.145,0.162222,0.148148,0.976647
2026-07-28T07:14:59+00:00,bid,RTX 5070 Ti,20,39,0.093889,0.094444,0.107778,0.134333,0.268,0.094444,0.995634
2026-07-28T07:14:59+00:00,bid,RTX 5080,23,47,0.02963,0.114722,0.151481,0.174296,0.254815,0.173741,0.990965
2026-07-28T07:14:59+00:00,bid,RTX 5090,62,163,0.093611,0.219722,0.327917,0.466974,1.602222,0.272593,0.996279
2026-07-28T07:14:59+00:00,bid,RTX 5880Ada,3,4,0.297037,0.297037,0.297037,0.315704,0.33437,0.297037,0.99589
2026-07-28T07:14:59+00:00,bid,RTX 6000Ada,13,24,0.139259,0.387778,0.400741,0.402519,0.680889,0.401111,0.996089
2026-07-28T07:14:59+00:00,bid,RTX A2000,1,1,0.400148,0.400148,0.400148,0.400148,0.400148,,0.994237
2026-07-28T07:14:59+00:00,bid,RTX A4000,7,39,0.030237,0.049111,0.106801,0.120204,0.134444,0.030237,0.987559
2026-07-28T07:14:59+00:00,bid,RTX A5000,8,14,0.027111,0.091417,0.175926,0.334259,0.334815,0.11037,0.97177
2026-07-28T07:14:59+00:00,bid,RTX A6000,8,32,0.253611,0.254306,0.304972,0.373681,0.374444,0.373611,0.97597
2026-07-28T07:14:59+00:00,bid,RTX PRO 2000,1,2,0.134074,0.134074,0.134074,0.134074,0.134074,,0.964887
2026-07-28T07:14:59+00:00,bid,RTX PRO 4000,14,24,0.067222,0.068556,0.134963,0.234815,0.241778,0.217037,0.983636
2026-07-28T07:14:59+00:00,bid,RTX PRO 5000,13,24,0.135111,0.467778,0.533519,0.534444,0.666074,0.533519,0.992687
2026-07-28T07:14:59+00:00,bid,RTX PRO 6000 S,19,61,0.779951,1.067778,1.06963,1.221589,1.493611,1.06963,0.998279
2026-07-28T07:14:59+00:00,bid,RTX PRO 6000 WS,17,35,0.380889,0.667778,0.922963,1.002222,1.337037,0.987222,0.992497
2026-07-28T07:14:59+00:00,bid,Tesla P100,3,4,0.041481,0.087963,0.134444,0.135,0.135556,0.135,0.987268
2026-07-28T07:14:59+00:00,bid,Tesla P4,1,1,0.011926,0.011926,0.011926,0.011926,0.011926,,0.990414
2026-07-28T07:14:59+00:00,bid,Tesla P40,3,8,0.065889,0.066167,0.066444,0.066444,0.066444,0.066444,0.992846
2026-07-28T07:14:59+00:00,bid,Tesla T4,3,4,3.400741,3.401111,3.401481,3.401481,3.401481,,0.972398
2026-07-28T07:14:59+00:00,bid,Tesla V100,14,29,0.095037,0.133796,0.160833,0.162222,0.240556,0.162222,0.99911
2026-07-28T07:14:59+00:00,bid,Titan RTX,3,4,0.094444,0.101667,0.108889,0.122222,0.135556,0.108889,0.998335
2026-07-28T07:14:59+00:00,bid,Titan V,1,2,0.067778,0.067778,0.067778,0.067778,0.067778,0.067778,0.996473
2026-07-28T07:14:59+00:00,bid,Titan Xp,1,1,0.042222,0.042222,0.042222,0.042222,0.042222,0.042222,0.997705
2026-07-28T07:20:00+00:00,on-demand,A100 PCIE,8,20,0.333611,0.335278,0.768704,1.001389,1.537739,0.868148,0.99529
2026-07-28T07:20:00+00:00,on-demand,A100 SXM4,19,50,0.40037,0.761296,1.068,1.227222,1.282222,1.066944,0.995695
2026-07-28T07:20:00+00:00,on-demand,A10g,1,1,0.121185,0.121185,0.121185,0.121185,0.121185,,0.618804
2026-07-28T07:20:00+00:00,on-demand,A800 PCIE,4,8,0.468148,0.617454,0.6675,0.668056,0.668889,,0.994222
2026-07-28T07:20:00+00:00,on-demand,B200,7,26,5.625174,6.035156,6.238802,6.564063,7.752083,6.238802,0.993807
2026-07-28T07:20:00+00:00,on-demand,B300,4,21,6.25026,6.250456,6.876302,7.814236,8.750694,7.502083,0.992807
2026-07-28T07:20:00+00:00,on-demand,CMP 170HX,5,20,0.124444,0.253519,0.253889,0.254444,0.255556,,0.828833
2026-07-28T07:20:00+00:00,on-demand,GTX 1050 Ti,1,1,0.611111,0.611111,0.611111,0.611111,0.611111,,0.967997
2026-07-28T07:20:00+00:00,on-demand,GTX 1060,3,4,0.087778,0.088333,0.088889,0.216667,0.344444,0.088333,0.999301
2026-07-28T07:20:00+00:00,on-demand,GTX 1070,2,2,0.202222,0.284444,0.366667,0.448889,0.531111,0.531111,0.981996
2026-07-28T07:20:00+00:00,on-demand,GTX 1070 Ti,3,7,0.048556,0.048833,0.049111,0.049667,0.050222,0.049111,0.993653
2026-07-28T07:20:00+00:00,on-demand,GTX 1080,4,11,0.027778,0.038611,0.045296,0.053037,0.067037,0.057704,0.951697
2026-07-28T07:20:00+00:00,on-demand,GTX 1080 Ti,8,25,0.042667,0.060635,0.061667,0.068746,0.080741,0.080317,0.99686
2026-07-28T07:20:00+00:00,on-demand,GTX 1650 S,1,1,0.677778,0.677778,0.677778,0.677778,0.677778,,0.970527
2026-07-28T07:20:00+00:00,on-demand,GTX 1660,1,1,0.677778,0.677778,0.677778,0.677778,0.677778,,0.979175
2026-07-28T07:20:00+00:00,on-demand,GTX 1660 Ti,2,5,0.067778,0.203611,0.339444,0.475278,0.611111,0.339444,0.984982
2026-07-28T07:20:00+00:00,on-demand,H100 NVL,4,8,1.602222,2.201556,2.521778,2.815139,3.333889,2.642222,0.942199
2026-07-28T07:20:00+00:00,on-demand,H100 PCIE,5,19,1.720148,1.720296,1.933481,2.000556,2.001111,1.720296,0.96746
2026-07-28T07:20:00+00:00,on-demand,H100 SXM,11,28,1.334074,1.734167,2.20037,3.324037,4.467111,2.200556,0.996006
2026-07-28T07:20:00+00:00,on-demand,H200,5,20,3.81652,3.935673,4.08114,4.145285,7.434759,4.08114,0.999347
2026-07-28T07:20:00+00:00,on-demand,H200 NVL,5,10,2.802222,3.334444,3.961667,3.963333,4.788889,3.963333,0.986336
2026-07-28T07:20:00+00:00,on-demand,L4,3,8,0.333778,0.334111,0.334444,0.335,0.335556,0.334444,0.999109
2026-07-28T07:20:00+00:00,on-demand,L40,3,7,0.574444,0.575,0.575556,0.576667,0.577778,0.575556,0.985869
2026-07-28T07:20:00+00:00,on-demand,L40S,13,42,0.40037,0.467037,0.800556,1.067593,2.442222,0.934537,0.996306
2026-07-28T07:20:00+00:00,on-demand,Q RTX 5000,1,2,0.080741,0.080741,0.080741,0.080741,0.080741,,0.975577
2026-07-28T07:20:00+00:00,on-demand,Q RTX 6000,1,1,0.134815,0.134815,0.134815,0.134815,0.134815,0.134815,0.999605
2026-07-28T07:20:00+00:00,on-demand,Q RTX 8000,2,3,0.254074,0.254259,0.254444,0.25463,0.254815,0.254444,0.998673
2026-07-28T07:20:00+00:00,on-demand,Quadro GV100,1,1,0.467407,0.467407,0.467407,0.467407,0.467407,,0.968426
2026-07-28T07:20:00+00:00,on-demand,Quadro P4000,4,6,0.054444,0.055278,0.061278,0.067083,0.067333,0.067167,0.897225
2026-07-28T07:20:00+00:00,on-demand,RTX 2060,1,1,0.411111,0.411111,0.411111,0.411111,0.411111,0.411111,0.979488
2026-07-28T07:20:00+00:00,on-demand,RTX 2070S,1,8,0.073519,0.073519,0.073519,0.073519,0.073519,,0.987424
2026-07-28T07:20:00+00:00,on-demand,RTX 2080 Ti,11,37,0.068889,0.080025,0.080074,0.121667,0.811111,0.080074,0.996198
2026-07-28T07:20:00+00:00,on-demand,RTX 2080S,1,1,0.744444,0.744444,0.744444,0.744444,0.744444,0.744444,0.972804
2026-07-28T07:20:00+00:00,on-demand,RTX 3060,13,46,0.027778,0.053519,0.061481,0.27037,1.335556,0.166611,0.991119
2026-07-28T07:20:00+00:00,on-demand,RTX 3060 Ti,2,2,0.040889,0.130556,0.220222,0.309889,0.399556,0.399556,0.99508
2026-07-28T07:20:00+00:00,on-demand,RTX 3060 laptop,3,11,0.026685,0.033898,0.041111,0.041667,0.042222,,0.998769
2026-07-28T07:20:00+00:00,on-demand,RTX 3070,17,54,0.041111,0.081852,0.106944,0.134074,0.667407,0.106944,0.991645
2026-07-28T07:20:00+00:00,on-demand,RTX 3070 laptop,1,1,0.468889,0.468889,0.468889,0.468889,0.468889,,0.962848
2026-07-28T07:20:00+00:00,on-demand,RTX 3080,14,47,0.028889,0.076389,0.113417,0.131181,0.251496,0.1135,0.993892
2026-07-28T07:20:00+00:00,on-demand,RTX 3080 Ti,7,9,0.068889,0.095,0.114444,0.136296,0.295556,0.137037,0.989689
2026-07-28T07:20:00+00:00,on-demand,RTX 3090,47,140,0.106944,0.143843,0.200741,0.335,1.336296,0.246667,0.991237
2026-07-28T07:20:00+00:00,on-demand,RTX 3090 Ti,1,1,0.175556,0.175556,0.175556,0.175556,0.175556,,0.993141
2026-07-28T07:20:00+00:00,on-demand,RTX 4000Ada,2,3,0.147556,0.161222,0.174889,0.188556,0.202222,,0.989345
2026-07-28T07:20:00+00:00,on-demand,RTX 4060,8,21,0.060556,0.060981,0.061704,0.063593,2.677778,0.061667,0.989445
2026-07-28T07:20:00+00:00,on-demand,RTX 4060 Ti,6,11,0.067778,0.081389,0.095,0.108611,0.146222,0.108889,0.995054
2026-07-28T07:20:00+00:00,on-demand,RTX 4060 laptop,1,1,0.154815,0.154815,0.154815,0.154815,0.154815,0.154815,0.99637
2026-07-28T07:20:00+00:00,on-demand,RTX 4070,4,9,0.080556,0.080972,0.081667,0.088611,0.107778,0.107778,0.995687
2026-07-28T07:20:00+00:00,on-demand,RTX 4070 Ti,7,22,0.090222,0.092833,0.093611,0.094167,0.097037,0.094167,0.986509
2026-07-28T07:20:00+00:00,on-demand,RTX 4070S,11,44,0.081204,0.082315,0.084815,0.088704,0.107778,0.087778,0.980225
2026-07-28T07:20:00+00:00,on-demand,RTX 4070S Ti,12,33,0.068889,0.119861,0.123611,0.253403,0.267778,0.248889,0.995187
2026-07-28T07:20:00+00:00,on-demand,RTX 4080,4,5,0.121481,0.122593,0.155704,0.198556,0.228889,0.228889,0.970895
2026-07-28T07:20:00+00:00,on-demand,RTX 4080S,12,37,0.118148,0.181611,0.200796,0.201352,0.213889,0.175,0.98933
2026-07-28T07:20:00+00:00,on-demand,RTX 4090,55,186,0.133889,0.334167,0.439222,0.638148,1.337037,0.563704,0.995346
2026-07-28T07:20:00+00:00,on-demand,RTX 4090D,3,7,0.667222,0.6675,0.667778,0.668333,0.668889,,0.967226
2026-07-28T07:20:00+00:00,on-demand,RTX 5000Ada,3,4,0.427778,0.435,0.442222,0.448889,0.455556,0.435,0.996508
2026-07-28T07:20:00+00:00,on-demand,RTX 5060,5,6,0.075556,0.077037,0.081111,0.135556,0.182222,0.12963,0.981978
2026-07-28T07:20:00+00:00,on-demand,RTX 5060 Ti,12,24,0.069259,0.090444,0.121019,0.173796,0.227407,0.137037,0.997233
2026-07-28T07:20:00+00:00,on-demand,RTX 5060 laptop,1,1,0.135556,0.135556,0.135556,0.135556,0.135556,,0.970596
2026-07-28T07:20:00+00:00,on-demand,RTX 5070,12,25,0.080926,0.088287,0.096667,0.12787,1.015556,0.088056,0.992445
2026-07-28T07:20:00+00:00,on-demand,RTX 5070 Ti,11,21,0.113889,0.128704,0.135556,0.168056,0.201481,0.135,0.995917
2026-07-28T07:20:00+00:00,on-demand,RTX 5080,16,50,0.133358,0.135278,0.174167,0.219546,0.802963,0.231111,0.982636
2026-07-28T07:20:00+00:00,on-demand,RTX 5090,40,114,0.276296,0.458056,0.535324,0.668056,3.615556,0.667407,0.995599
2026-07-28T07:20:00+00:00,on-demand,RTX 5880Ada,5,16,0.453593,0.453852,0.45437,0.455407,0.57037,0.45437,0.997517
2026-07-28T07:20:00+00:00,on-demand,RTX 6000Ada,10,18,0.440556,0.447889,0.588241,0.641759,0.735556,0.641481,0.991626
2026-07-28T07:20:00+00:00,on-demand,RTX A2000,4,5,0.034074,0.03563,0.036148,0.150481,0.493481,,0.995172
2026-07-28T07:20:00+00:00,on-demand,RTX A4000,1,11,0.133468,0.133468,0.133468,0.133468,0.133468,,0.97131
2026-07-28T07:20:00+00:00,on-demand,RTX A5000,3,5,0.283185,20.141963,40.000741,40.001111,40.001481,0.283185,0.97177
2026-07-28T07:20:00+00:00,on-demand,RTX A6000,8,40,0.266944,0.373829,0.387176,0.400556,0.401111,0.400417,0.991834
2026-07-28T07:20:00+00:00,on-demand,RTX PRO 2000,1,2,0.174074,0.174074,0.174074,0.174074,0.174074,,0.964887
2026-07-28T07:20:00+00:00,on-demand,RTX PRO 4000,10,27,0.175222,0.232222,0.26683,0.313843,0.337037,0.296151,0.988832
2026-07-28T07:20:00+00:00,on-demand,RTX PRO 5000,10,20,0.373333,0.640833,0.6675,0.815093,1.254607,0.6675,0.988767
2026-07-28T07:20:00+00:00,on-demand,RTX PRO 6000 S,12,38,1.267222,1.533819,1.54125,1.734259,1.736296,1.601111,0.998179
2026-07-28T07:20:00+00:00,on-demand,RTX PRO 6000 WS,14,35,0.934444,1.067778,1.18137,1.524977,13.335556,1.337222,0.991418
2026-07-28T07:20:00+00:00,on-demand,Tesla P100,5,10,0.054815,0.087407,0.088148,0.201111,0.202222,0.14463,0.986319
2026-07-28T07:20:00+00:00,on-demand,Tesla P4,1,1,0.025481,0.025481,0.025481,0.025481,0.025481,,0.991885
2026-07-28T07:20:00+00:00,on-demand,Tesla P40,2,6,0.132556,0.132694,0.132833,0.132972,0.133111,0.132833,0.992846
2026-07-28T07:20:00+00:00,on-demand,Tesla T4,2,3,12.000741,12.000926,12.001111,12.001296,12.001481,,0.972398
2026-07-28T07:20:00+00:00,on-demand,Tesla V100,10,28,0.106944,0.14713,0.157778,0.267639,0.335556,0.267222,0.992262
2026-07-28T07:20:00+00:00,on-demand,Titan RTX,3,4,0.135556,0.136296,0.137037,0.142407,0.147778,0.141667,0.991824
2026-07-28T07:20:00+00:00,on-demand,Titan Xp,1,1,0.055556,0.055556,0.055556,0.055556,0.055556,0.055556,0.998054
2026-07-28T07:20:00+00:00,bid,A100 PCIE,13,16,0.134444,0.135556,0.135556,0.175222,0.46963,0.135556,0.991645
2026-07-28T07:20:00+00:00,bid,A100 SXM4,20,38,0.135556,0.604537,0.801222,0.885333,0.987222,0.605185,0.991352
2026-07-28T07:20:00+00:00,bid,A800 PCIE,6,10,0.129889,0.130722,0.131556,0.131556,0.131556,,0.994222
2026-07-28T07:20:00+00:00,bid,B200,9,38,3.750174,5.630208,5.876302,7.37526,7.377083,5.876302,0.993807
2026-07-28T07:20:00+00:00,bid,B300,4,21,3.752083,4.688542,5.312977,5.625326,5.625521,3.752083,0.992807
2026-07-28T07:20:00+00:00,bid,CMP 170HX,12,41,0.102444,0.105778,0.200417,0.201389,0.202222,,0.828833
2026-07-28T07:20:00+00:00,bid,GTX 1050 Ti,1,1,0.024444,0.024444,0.024444,0.024444,0.024444,,0.967997
2026-07-28T07:20:00+00:00,bid,GTX 1060,2,2,0.031111,0.04037,0.04963,0.058889,0.068148,0.068148,0.989024
2026-07-28T07:20:00+00:00,bid,GTX 1070,2,2,0.015556,0.017778,0.02,0.022222,0.024444,0.024444,0.981996
2026-07-28T07:20:00+00:00,bid,GTX 1070 Ti,1,2,0.041111,0.041111,0.041111,0.041111,0.041111,0.041111,0.997335
2026-07-28T07:20:00+00:00,bid,GTX 1080,5,14,0.021111,0.04037,0.040556,0.042222,0.053704,0.041389,0.996368
2026-07-28T07:20:00+00:00,bid,GTX 1080 Ti,14,43,0.029333,0.040602,0.041111,0.053829,0.055556,0.05377,0.995852
2026-07-28T07:20:00+00:00,bid,GTX 1650 S,1,1,0.04,0.04,0.04,0.04,0.04,,0.970527
2026-07-28T07:20:00+00:00,bid,GTX 1660 Ti,2,5,0.037778,0.041944,0.046111,0.050278,0.054444,0.046111,0.984982
2026-07-28T07:20:00+00:00,bid,H100 NVL,6,10,0.806519,0.935,1.202444,1.468889,2.000556,0.935333,0.95336
2026-07-28T07:20:00+00:00,bid,H100 PCIE,4,18,0.733481,0.733593,1.033759,1.334028,1.334445,0.733556,0.966247
2026-07-28T07:20:00+00:00,bid,H100 SXM,11,28,0.602222,1.067407,1.602667,2.004,4.001111,1.602667,0.992947
2026-07-28T07:20:00+00:00,bid,H200,5,20,2.63231,3.817251,3.817982,3.882127,7.171601,3.817982,0.999347
2026-07-28T07:20:00+00:00,bid,H200 NVL,8,15,0.403778,0.852472,1.169444,1.867778,2.402222,1.003333,0.986422
2026-07-28T07:20:00+00:00,bid,L4,4,12,0.201481,0.290704,0.3205,0.320694,0.321111,0.3205,0.999109
2026-07-28T07:20:00+00:00,bid,L40,5,11,0.267407,0.467778,0.468889,0.471111,0.471111,0.468889,0.985869
2026-07-28T07:20:00+00:00,bid,L40S,19,60,0.20037,0.333704,0.47037,0.537037,0.800926,0.534722,0.994019
2026-07-28T07:20:00+00:00,bid,Q RTX 5000,1,2,0.054074,0.054074,0.054074,0.054074,0.054074,,0.975577
2026-07-28T07:20:00+00:00,bid,Quadro GV100,1,1,0.134074,0.134074,0.134074,0.134074,0.134074,,0.968426
2026-07-28T07:20:00+00:00,bid,Quadro P4000,4,6,0.041111,0.041944,0.047944,0.055806,0.062222,0.057944,0.945587
2026-07-28T07:20:00+00:00,bid,RTX 2060,3,4,0.031111,0.036111,0.041111,0.188333,0.335556,0.041111,0.992997
2026-07-28T07:20:00+00:00,bid,RTX 2060S,2,3,0.046889,0.066093,0.085296,0.1045,0.123704,0.085296,0.844615
2026-07-28T07:20:00+00:00,bid,RTX 2070S,1,8,0.066852,0.066852,0.066852,0.066852,0.066852,,0.987424
2026-07-28T07:20:00+00:00,bid,RTX 2080 Ti,7,11,0.037778,0.041667,0.067802,0.107963,0.108889,0.08779,0.996198
2026-07-28T07:20:00+00:00,bid,RTX 2080S,1,1,0.037778,0.037778,0.037778,0.037778,0.037778,0.037778,0.972804
2026-07-28T07:20:00+00:00,bid,RTX 3060,19,51,0.024741,0.04563,0.054444,0.109148,0.202222,0.091213,0.991119
2026-07-28T07:20:00+00:00,bid,RTX 3060 Ti,1,1,0.268889,0.268889,0.268889,0.268889,0.268889,0.268889,0.993309
2026-07-28T07:20:00+00:00,bid,RTX 3060 laptop,5,15,0.013352,0.038444,0.062815,0.06563,0.101111,0.06563,0.994334
2026-07-28T07:20:00+00:00,bid,RTX 3070,16,42,0.026944,0.041944,0.068148,0.085694,0.162222,0.070704,0.983284
2026-07-28T07:20:00+00:00,bid,RTX 3070 laptop,1,1,0.442222,0.442222,0.442222,0.442222,0.442222,,0.962848
2026-07-28T07:20:00+00:00,bid,RTX 3080,13,34,0.041111,0.057481,0.108148,0.141111,0.24083,0.138056,0.988028
2026-07-28T07:20:00+00:00,bid,RTX 3080 Ti,7,8,0.015556,0.07963,0.107778,0.155556,0.188889,0.135556,0.996332
2026-07-28T07:20:00+00:00,bid,RTX 3090,61,143,0.015778,0.102963,0.134074,0.148889,0.295556,0.147778,0.992495
2026-07-28T07:20:00+00:00,bid,RTX 4000Ada,1,1,0.162222,0.162222,0.162222,0.162222,0.162222,,0.994096
2026-07-28T07:20:00+00:00,bid,RTX 4060,4,6,0.053926,0.05437,0.058667,0.068037,0.083704,0.083704,0.976981
2026-07-28T07:20:00+00:00,bid,RTX 4060 Ti,9,17,0.034444,0.041111,0.075778,0.101111,0.108889,0.104444,0.995524
2026-07-28T07:20:00+00:00,bid,RTX 4070,6,11,0.055556,0.072389,0.117778,0.148611,0.148889,0.117778,0.998118
2026-07-28T07:20:00+00:00,bid,RTX 4070 Ti,2,2,0.081481,0.088333,0.095185,0.102037,0.108889,0.108889,0.991488
2026-07-28T07:20:00+00:00,bid,RTX 4070S,12,41,0.06787,0.068773,0.071481,0.072685,0.244444,0.071481,0.979014
2026-07-28T07:20:00+00:00,bid,RTX 4070S Ti,17,40,0.055556,0.102963,0.166944,0.168889,0.202222,0.167778,0.99946
2026-07-28T07:20:00+00:00,bid,RTX 4080,2,2,0.138222,0.167556,0.196889,0.226222,0.255556,0.255556,0.951387
2026-07-28T07:20:00+00:00,bid,RTX 4080S,10,26,0.068148,0.137759,0.194509,0.200556,0.202074,0.201556,0.997767
2026-07-28T07:20:00+00:00,bid,RTX 4090,64,196,0.134815,0.231074,0.334074,0.435926,1.005037,0.402222,0.994744
2026-07-28T07:20:00+00:00,bid,RTX 4090D,3,7,0.604556,0.604833,0.605111,0.605667,0.606222,,0.967226
2026-07-28T07:20:00+00:00,bid,RTX 5000Ada,2,3,0.268889,0.281944,0.295,0.308056,0.321111,0.295,0.99737
2026-07-28T07:20:00+00:00,bid,RTX 5060,4,5,0.040296,0.050907,0.075,0.108889,0.148889,0.148889,0.994809
2026-07-28T07:20:00+00:00,bid,RTX 5060 Ti,20,47,0.049111,0.07,0.100741,0.134074,0.160889,0.100959,0.995397
2026-07-28T07:20:00+00:00,bid,RTX 5070,6,7,0.042222,0.060611,0.087333,0.095278,0.162222,0.108148,0.975188
2026-07-28T07:20:00+00:00,bid,RTX 5070 Ti,12,25,0.093889,0.107639,0.108333,0.135556,0.268,0.128889,0.997642
2026-07-28T07:20:00+00:00,bid,RTX 5080,16,34,0.02963,0.09363,0.161667,0.174722,0.254815,0.174093,0.990503
2026-07-28T07:20:00+00:00,bid,RTX 5090,56,144,0.093611,0.201944,0.327917,0.470377,1.468889,0.272593,0.997267
2026-07-28T07:20:00+00:00,bid,RTX 5880Ada,3,4,0.297037,0.297037,0.297037,0.315704,0.33437,0.297037,0.99589
2026-07-28T07:20:00+00:00,bid,RTX 6000Ada,10,19,0.139259,0.390972,0.401111,0.452185,0.680889,0.401111,0.996472
2026-07-28T07:20:00+00:00,bid,RTX A2000,1,1,0.400148,0.400148,0.400148,0.400148,0.400148,,0.994237
2026-07-28T07:20:00+00:00,bid,RTX A4000,4,29,0.057111,0.094379,0.106827,0.113542,0.133611,,0.979435
2026-07-28T07:20:00+00:00,bid,RTX A5000,7,12,0.034556,0.109444,0.201481,0.334444,0.334815,0.108519,0.97177
2026-07-28T07:20:00+00:00,bid,RTX A6000,9,34,0.253611,0.254444,0.302167,0.373611,0.374444,0.373611,0.971371
2026-07-28T07:20:00+00:00,bid,RTX PRO 2000,1,2,0.134074,0.134074,0.134074,0.134074,0.134074,,0.964887
2026-07-28T07:20:00+00:00,bid,RTX PRO 4000,12,20,0.067222,0.068611,0.217037,0.241481,0.241778,0.229259,0.983636
2026-07-28T07:20:00+00:00,bid,RTX PRO 5000,13,23,0.135111,0.205185,0.450741,0.533519,0.753007,0.450741,0.991754
2026-07-28T07:20:00+00:00,bid,RTX PRO 6000 S,18,53,0.552222,1.016389,1.068889,1.167616,1.493611,1.068889,0.998279
2026-07-28T07:20:00+00:00,bid,RTX PRO 6000 WS,16,34,0.535556,0.681,0.991833,1.093148,1.337037,1.034074,0.991998
2026-07-28T07:20:00+00:00,bid,Tesla P100,4,5,0.041481,0.111204,0.135,0.135556,0.135556,0.135556,0.987268
2026-07-28T07:20:00+00:00,bid,Tesla P4,1,1,0.011926,0.011926,0.011926,0.011926,0.011926,,0.990414
2026-07-28T07:20:00+00:00,bid,Tesla P40,3,8,0.065889,0.066167,0.066444,0.066444,0.066444,0.066444,0.992846
2026-07-28T07:20:00+00:00,bid,Tesla T4,3,4,3.400741,3.401111,3.401481,3.401481,3.401481,,0.972398
2026-07-28T07:20:00+00:00,bid,Tesla V100,11,25,0.095037,0.114556,0.162222,0.200833,0.240556,0.181389,0.998762
2026-07-28T07:20:00+00:00,bid,Titan RTX,2,3,0.094444,0.104722,0.115,0.125278,0.135556,0.115,0.875873
2026-07-28T07:20:00+00:00,bid,Titan Xp,1,1,0.055556,0.055556,0.055556,0.055556,0.055556,0.055556,0.996599
2026-07-28T07:24:59+00:00,on-demand,A100 PCIE,10,29,0.333611,0.718981,0.967944,1.001806,1.093739,0.967944,0.993689
2026-07-28T07:24:59+00:00,on-demand,A100 SXM4,22,56,0.40037,0.795556,1.050213,1.159333,1.264406,0.984148,0.992888
2026-07-28T07:24:59+00:00,on-demand,A10g,1,1,0.121185,0.121185,0.121185,0.121185,0.121185,,0.618804
2026-07-28T07:24:59+00:00,on-demand,A800 PCIE,3,7,0.667222,0.6675,0.667778,0.668333,0.668889,,0.994222
2026-07-28T07:24:59+00:00,on-demand,B200,14,62,5.625174,5.87474,5.93776,6.226628,7.752083,5.93776,0.990373
2026-07-28T07:24:59+00:00,on-demand,B300,4,21,6.25026,6.250456,6.876302,7.814236,8.750694,7.502083,0.992807
2026-07-28T07:24:59+00:00,on-demand,CMP 170HX,4,19,0.253519,0.253796,0.254167,0.254722,0.255556,,0.828833
2026-07-28T07:24:59+00:00,on-demand,GTX 1050 Ti,1,1,0.611111,0.611111,0.611111,0.611111,0.611111,,0.967997
2026-07-28T07:24:59+00:00,on-demand,GTX 1060,3,4,0.087778,0.088333,0.088889,0.216667,0.344444,0.088333,0.999301
2026-07-28T07:24:59+00:00,on-demand,GTX 1070,2,2,0.202222,0.284444,0.366667,0.448889,0.531111,0.531111,0.981996
2026-07-28T07:24:59+00:00,on-demand,GTX 1070 Ti,1,4,0.048556,0.048556,0.048556,0.048556,0.048556,0.048556,0.997335
2026-07-28T07:24:59+00:00,on-demand,GTX 1080,6,14,0.027778,0.032926,0.048741,0.049944,0.067037,0.049667,0.996244
2026-07-28T07:24:59+00:00,on-demand,GTX 1080 Ti,10,31,0.042667,0.060602,0.061667,0.064389,0.080741,0.065111,0.996898
2026-07-28T07:24:59+00:00,on-demand,GTX 1650 S,1,1,0.677778,0.677778,0.677778,0.677778,0.677778,,0.970527
2026-07-28T07:24:59+00:00,on-demand,GTX 1660 Ti,2,5,0.067778,0.203611,0.339444,0.475278,0.611111,0.339444,0.984982
2026-07-28T07:24:59+00:00,on-demand,H100 NVL,6,10,1.336296,1.783222,2.343778,2.665222,3.333889,2.577259,0.972355
2026-07-28T07:24:59+00:00,on-demand,H100 PCIE,4,18,1.720148,1.720259,1.860426,2.000694,2.001111,1.720222,0.966247
2026-07-28T07:24:59+00:00,on-demand,H100 SXM,11,30,1.334074,1.734167,2.20037,3.10237,5.500556,2.200556,0.991596
2026-07-28T07:24:59+00:00,on-demand,H200,5,16,3.935673,4.08114,4.605811,4.60636,7.434759,4.605811,0.997414
2026-07-28T07:24:59+00:00,on-demand,H200 NVL,6,11,2.801111,3.171111,3.719722,3.962917,8.006222,3.9625,0.996232
2026-07-28T07:24:59+00:00,on-demand,L4,5,13,0.202222,0.333778,0.333889,0.334444,0.335556,0.334167,0.999109
2026-07-28T07:24:59+00:00,on-demand,L40,2,4,0.454074,0.485,0.515926,0.546852,0.577778,0.515926,0.991889
2026-07-28T07:24:59+00:00,on-demand,L40S,14,43,0.400185,0.466898,0.800556,1.068287,2.442222,1.067593,0.996961
2026-07-28T07:24:59+00:00,on-demand,Q RTX 5000,1,2,0.080741,0.080741,0.080741,0.080741,0.080741,,0.975577
2026-07-28T07:24:59+00:00,on-demand,Q RTX 6000,2,6,0.133704,0.133796,0.133889,0.133981,0.134074,0.133889,0.999605
2026-07-28T07:24:59+00:00,on-demand,Q RTX 8000,2,3,0.254074,0.254259,0.254444,0.25463,0.254815,0.254444,0.998673
2026-07-28T07:24:59+00:00,on-demand,Quadro GV100,1,1,0.467407,0.467407,0.467407,0.467407,0.467407,,0.968426
2026-07-28T07:24:59+00:00,on-demand,Quadro P4000,4,6,0.054444,0.055278,0.061296,0.067111,0.067333,0.067185,0.897225
2026-07-28T07:24:59+00:00,on-demand,RTX 2060,1,1,0.411111,0.411111,0.411111,0.411111,0.411111,0.411111,0.979488
2026-07-28T07:24:59+00:00,on-demand,RTX 2070S,2,13,0.073498,0.073549,0.073601,0.073652,0.073704,,0.987424
2026-07-28T07:24:59+00:00,on-demand,RTX 2080 Ti,11,37,0.067778,0.074456,0.080032,0.121667,0.811111,0.080032,0.99484
2026-07-28T07:24:59+00:00,on-demand,RTX 2080S,1,1,0.744444,0.744444,0.744444,0.744444,0.744444,0.744444,0.972804
2026-07-28T07:24:59+00:00,on-demand,RTX 3060,12,37,0.036741,0.054944,0.070638,0.372222,1.335556,0.175324,0.992805
2026-07-28T07:24:59+00:00,on-demand,RTX 3060 Ti,2,2,0.040889,0.130556,0.220222,0.309889,0.399556,0.399556,0.99508
2026-07-28T07:24:59+00:00,on-demand,RTX 3060 laptop,4,13,0.026685,0.037505,0.041667,0.048704,0.068148,0.068148,0.9979
2026-07-28T07:24:59+00:00,on-demand,RTX 3070,16,51,0.041111,0.094019,0.106991,0.134815,0.66716,0.107778,0.992074
2026-07-28T07:24:59+00:00,on-demand,RTX 3070 laptop,1,1,0.468889,0.468889,0.468889,0.468889,0.468889,,0.962848
2026-07-28T07:24:59+00:00,on-demand,RTX 3080,13,48,0.060222,0.108889,0.113556,0.144889,0.251496,0.129222,0.993892
2026-07-28T07:24:59+00:00,on-demand,RTX 3080 Ti,6,7,0.068889,0.087722,0.121667,0.136667,0.295556,0.122407,0.995049
2026-07-28T07:24:59+00:00,on-demand,RTX 3090,49,149,0.093889,0.135556,0.174444,0.333704,1.336296,0.240741,0.991237
2026-07-28T07:24:59+00:00,on-demand,RTX 3090 Ti,1,1,0.175556,0.175556,0.175556,0.175556,0.175556,,0.993141
2026-07-28T07:24:59+00:00,on-demand,RTX 4000Ada,1,1,0.202222,0.202222,0.202222,0.202222,0.202222,,0.994096
2026-07-28T07:24:59+00:00,on-demand,RTX 4060,8,21,0.060556,0.060981,0.061333,0.064704,2.677778,0.061296,0.989445
2026-07-28T07:24:59+00:00,on-demand,RTX 4060 Ti,4,6,0.067778,0.077778,0.081667,0.085222,0.094222,0.094222,0.985036
2026-07-28T07:24:59+00:00,on-demand,RTX 4070,4,8,0.080556,0.080972,0.081667,0.087222,0.102222,0.102222,0.995687
2026-07-28T07:24:59+00:00,on-demand,RTX 4070 Ti,6,18,0.09037,0.093236,0.09375,0.094306,0.202222,0.093889,0.986509
2026-07-28T07:24:59+00:00,on-demand,RTX 4070S,9,34,0.081204,0.082407,0.084815,0.08963,0.120296,0.08963,0.979014
2026-07-28T07:24:59+00:00,on-demand,RTX 4070S Ti,12,34,0.068889,0.122824,0.132037,0.252153,0.268889,0.247222,0.99467
2026-07-28T07:24:59+00:00,on-demand,RTX 4080,3,4,0.121481,0.154963,0.188444,0.242,0.295556,0.295556,0.970895
2026-07-28T07:24:59+00:00,on-demand,RTX 4080S,16,45,0.118148,0.158611,0.200796,0.205069,0.327778,0.151111,0.991369
2026-07-28T07:24:59+00:00,on-demand,RTX 4090,57,177,0.133889,0.333556,0.426944,0.668889,1.337037,0.602778,0.994567
2026-07-28T07:24:59+00:00,on-demand,RTX 4090D,3,7,0.667222,0.6675,0.667778,0.668333,0.668889,,0.967226
2026-07-28T07:24:59+00:00,on-demand,RTX 5000Ada,3,4,0.427778,0.428333,0.428889,0.442222,0.455556,0.428333,0.996508
2026-07-28T07:24:59+00:00,on-demand,RTX 5060,4,4,0.071556,0.074556,0.112222,0.157222,0.182222,0.126889,0.985171
2026-07-28T07:24:59+00:00,on-demand,RTX 5060 Ti,12,34,0.069259,0.087472,0.116901,0.143439,0.185111,0.127593,0.994403
2026-07-28T07:24:59+00:00,on-demand,RTX 5060 laptop,1,1,0.135556,0.135556,0.135556,0.135556,0.135556,,0.970596
2026-07-28T07:24:59+00:00,on-demand,RTX 5070,14,27,0.080926,0.09,0.111704,0.147963,1.015556,0.117963,0.990288
2026-07-28T07:24:59+00:00,on-demand,RTX 5070 Ti,9,21,0.120556,0.135185,0.162222,0.200556,0.201481,0.149444,0.995224
2026-07-28T07:24:59+00:00,on-demand,RTX 5080,19,55,0.122963,0.14963,0.187778,0.248056,0.802963,0.267222,0.978864
2026-07-28T07:24:59+00:00,on-demand,RTX 5090,42,117,0.268519,0.430556,0.534302,0.692407,3.615556,0.666984,0.994965
2026-07-28T07:24:59+00:00,on-demand,RTX 5880Ada,5,16,0.453593,0.453852,0.45437,0.455407,0.57037,0.45437,0.997517
2026-07-28T07:24:59+00:00,on-demand,RTX 6000Ada,6,14,0.440556,0.490972,0.661389,0.722222,0.787778,0.682222,0.989097
2026-07-28T07:24:59+00:00,on-demand,RTX A2000,4,5,0.034074,0.03563,0.036148,0.150481,0.493481,,0.995172
2026-07-28T07:24:59+00:00,on-demand,RTX A4000,3,20,0.072889,0.103178,0.133468,0.140206,0.146944,,0.97131
2026-07-28T07:24:59+00:00,on-demand,RTX A5000,4,7,0.268889,0.278611,20.141296,40.000926,40.001481,0.27537,0.985597
2026-07-28T07:24:59+00:00,on-demand,RTX A6000,8,38,0.266944,0.373829,0.374259,0.400347,0.401111,0.400278,0.990273
2026-07-28T07:24:59+00:00,on-demand,RTX PRO 2000,1,2,0.174074,0.174074,0.174074,0.174074,0.174074,,0.964887
2026-07-28T07:24:59+00:00,on-demand,RTX PRO 4000,9,19,0.175037,0.241111,0.261852,0.294444,0.337037,0.263704,0.989266
2026-07-28T07:24:59+00:00,on-demand,RTX PRO 4500,1,1,0.255556,0.255556,0.255556,0.255556,0.255556,0.255556,0.99032
2026-07-28T07:24:59+00:00,on-demand,RTX PRO 5000,13,24,0.37,0.640185,0.667222,0.695852,1.235807,0.667222,0.987372
2026-07-28T07:24:59+00:00,on-demand,RTX PRO 6000 S,12,38,1.267222,1.535139,1.601667,1.734259,1.736296,1.666944,0.997387
2026-07-28T07:24:59+00:00,on-demand,RTX PRO 6000 WS,16,40,0.714074,1.053519,1.271667,1.674468,26.66963,1.338519,0.991459
2026-07-28T07:24:59+00:00,on-demand,Tesla P100,5,10,0.054815,0.081481,0.087407,0.201111,0.202222,0.144259,0.987268
2026-07-28T07:24:59+00:00,on-demand,Tesla P4,1,1,0.023259,0.023259,0.023259,0.023259,0.023259,,0.990414
2026-07-28T07:24:59+00:00,on-demand,Tesla P40,2,6,0.132556,0.132694,0.132833,0.132972,0.133111,0.132833,0.992846
2026-07-28T07:24:59+00:00,on-demand,Tesla T4,2,3,12.000741,12.000926,12.001111,12.001296,12.001481,,0.972398
2026-07-28T07:24:59+00:00,on-demand,Tesla V100,10,26,0.079037,0.118426,0.157593,0.201519,0.334444,0.212889,0.992262
2026-07-28T07:24:59+00:00,on-demand,Titan RTX,3,4,0.135556,0.136296,0.137037,0.142407,0.147778,0.141667,0.991824
2026-07-28T07:24:59+00:00,on-demand,Titan Xp,1,1,0.055556,0.055556,0.055556,0.055556,0.055556,0.055556,0.995993
2026-07-28T07:24:59+00:00,bid,A100 PCIE,18,25,0.131556,0.135556,0.135556,0.194917,0.46963,0.175222,0.993023
2026-07-28T07:24:59+00:00,bid,A100 SXM4,18,37,0.135556,0.605185,0.801222,0.852333,0.987222,0.682963,0.991692
2026-07-28T07:24:59+00:00,bid,A800 PCIE,8,13,0.129889,0.130444,0.131556,0.131556,0.294815,,0.994222
2026-07-28T07:24:59+00:00,bid,B200,10,39,3.750174,5.628255,5.876953,7.375846,7.377083,5.876953,0.993437
2026-07-28T07:24:59+00:00,bid,B300,4,21,3.752083,4.688542,5.312977,5.625326,5.625521,3.752083,0.992807
2026-07-28T07:24:59+00:00,bid,CMP 170HX,11,34,0.102444,0.20037,0.201111,0.201667,0.202222,,0.828833
2026-07-28T07:24:59+00:00,bid,GTX 1050 Ti,1,1,0.024444,0.024444,0.024444,0.024444,0.024444,,0.967997
2026-07-28T07:24:59+00:00,bid,GTX 1060,2,2,0.031111,0.04037,0.04963,0.058889,0.068148,0.068148,0.989024
2026-07-28T07:24:59+00:00,bid,GTX 1070,2,2,0.015556,0.017778,0.02,0.022222,0.024444,0.024444,0.981996
2026-07-28T07:24:59+00:00,bid,GTX 1080,5,12,0.021111,0.04037,0.041111,0.042222,0.053704,0.041667,0.99612
2026-07-28T07:24:59+00:00,bid,GTX 1080 Ti,15,45,0.029333,0.040648,0.041111,0.047937,0.054444,0.047937,0.995852
2026-07-28T07:24:59+00:00,bid,GTX 1650 S,1,1,0.04,0.04,0.04,0.04,0.04,,0.970527
2026-07-28T07:24:59+00:00,bid,GTX 1660 Ti,2,5,0.037778,0.041944,0.046111,0.050278,0.054444,0.046111,0.984982
2026-07-28T07:24:59+00:00,bid,H100 NVL,7,11,0.806519,0.935333,0.936,1.389259,2.000556,0.936,0.95336
2026-07-28T07:24:59+00:00,bid,H100 PCIE,4,18,0.733481,0.733593,1.033759,1.334028,1.334445,0.733556,0.966247
2026-07-28T07:24:59+00:00,bid,H100 SXM,11,27,0.602222,1.067222,2.000222,2.005333,4.001111,2.002667,0.990278
2026-07-28T07:24:59+00:00,bid,H200,5,16,1.934759,1.935307,3.817251,3.817982,7.171601,3.817251,0.997414
2026-07-28T07:24:59+00:00,bid,H200 NVL,8,15,1.001667,1.003333,1.206444,1.901111,3.211111,1.005,0.99747
2026-07-28T07:24:59+00:00,bid,L4,6,15,0.202222,0.267593,0.294296,0.320528,0.321111,0.294296,0.99853
2026-07-28T07:24:59+00:00,bid,L40,3,6,0.267407,0.368148,0.468889,0.47,0.471111,0.468889,0.985869
2026-07-28T07:24:59+00:00,bid,L40S,21,61,0.20037,0.40037,0.535185,0.615556,0.803704,0.537037,0.998559
2026-07-28T07:24:59+00:00,bid,Q RTX 5000,2,3,0.054074,0.054259,0.054444,0.05463,0.054815,,0.975577
2026-07-28T07:24:59+00:00,bid,Quadro GV100,1,1,0.134074,0.134074,0.134074,0.134074,0.134074,,0.968426
2026-07-28T07:24:59+00:00,bid,Quadro P4000,4,6,0.041111,0.041944,0.047944,0.05375,0.054,0.053833,0.945587
2026-07-28T07:24:59+00:00,bid,RTX 2060,3,4,0.031111,0.036111,0.041111,0.188333,0.335556,0.041111,0.992997
2026-07-28T07:24:59+00:00,bid,RTX 2060S,2,3,0.046889,0.066093,0.085296,0.1045,0.123704,0.085296,0.844615
2026-07-28T07:24:59+00:00,bid,RTX 2070S,3,17,0.066831,0.066934,0.067037,0.067037,0.067037,,0.987424
2026-07-28T07:24:59+00:00,bid,RTX 2080 Ti,6,10,0.037778,0.048611,0.06779,0.097784,0.108889,0.067802,0.996198
2026-07-28T07:24:59+00:00,bid,RTX 2080S,1,1,0.037778,0.037778,0.037778,0.037778,0.037778,0.037778,0.972804
2026-07-28T07:24:59+00:00,bid,RTX 3060,16,51,0.026222,0.044667,0.054167,0.109081,0.202222,0.127881,0.991119
2026-07-28T07:24:59+00:00,bid,RTX 3060 Ti,1,1,0.268889,0.268889,0.268889,0.268889,0.268889,0.268889,0.993309
2026-07-28T07:24:59+00:00,bid,RTX 3060 laptop,5,15,0.013352,0.013481,0.038444,0.066963,0.101111,0.084037,0.996577
2026-07-28T07:24:59+00:00,bid,RTX 3070,17,38,0.026944,0.067407,0.081481,0.094444,0.495556,0.094444,0.979639
2026-07-28T07:24:59+00:00,bid,RTX 3070 Ti,1,2,0.054444,0.054444,0.054444,0.054444,0.054444,,0.996722
2026-07-28T07:24:59+00:00,bid,RTX 3070 laptop,1,1,0.442222,0.442222,0.442222,0.442222,0.442222,,0.962848
2026-07-28T07:24:59+00:00,bid,RTX 3080,13,33,0.042222,0.066944,0.108148,0.141111,0.24083,0.12837,0.989691
2026-07-28T07:24:59+00:00,bid,RTX 3080 Ti,6,8,0.028889,0.076667,0.101481,0.158519,0.188889,0.141481,0.995049
2026-07-28T07:24:59+00:00,bid,RTX 3090,67,160,0.015778,0.100278,0.133704,0.162593,0.295556,0.147222,0.993144
2026-07-28T07:24:59+00:00,bid,RTX 4000Ada,3,4,0.054222,0.054667,0.055111,0.108667,0.162222,,0.984595
2026-07-28T07:24:59+00:00,bid,RTX 4060,6,9,0.053926,0.054056,0.054481,0.055296,0.083704,0.055556,0.984347
2026-07-28T07:24:59+00:00,bid,RTX 4060 Ti,5,11,0.034444,0.055778,0.075778,0.076889,0.101111,0.078444,0.995524
2026-07-28T07:24:59+00:00,bid,RTX 4070,4,6,0.028889,0.073056,0.117778,0.148056,0.148889,0.117778,0.998118
2026-07-28T07:24:59+00:00,bid,RTX 4070 Ti,1,1,0.108889,0.108889,0.108889,0.108889,0.108889,0.108889,0.986362
2026-07-28T07:24:59+00:00,bid,RTX 4070S,13,41,0.054444,0.069074,0.071481,0.071481,0.244444,0.069074,0.979014
2026-07-28T07:24:59+00:00,bid,RTX 4070S Ti,14,35,0.095741,0.105,0.167222,0.168611,0.202222,0.167778,0.99946
2026-07-28T07:24:59+00:00,bid,RTX 4080,3,3,0.138222,0.170222,0.202222,0.228889,0.255556,0.228889,0.994297
2026-07-28T07:24:59+00:00,bid,RTX 4080S,14,28,0.068148,0.187315,0.188259,0.188889,0.202074,0.188889,0.996636
2026-07-28T07:24:59+00:00,bid,RTX 4090,74,207,0.147778,0.233919,0.335,0.503241,1.005037,0.402963,0.995346
2026-07-28T07:24:59+00:00,bid,RTX 4090D,3,7,0.604556,0.604833,0.605111,0.605667,0.606222,,0.967226
2026-07-28T07:24:59+00:00,bid,RTX 5000Ada,3,4,0.268889,0.295,0.321111,0.321667,0.322222,0.321111,0.996508
2026-07-28T07:24:59+00:00,bid,RTX 5060,4,5,0.040296,0.050907,0.075,0.108889,0.148889,0.148889,0.994809
2026-07-28T07:24:59+00:00,bid,RTX 5060 Ti,19,38,0.06163,0.080679,0.107407,0.127622,0.159556,0.107778,0.996791
2026-07-28T07:24:59+00:00,bid,RTX 5070,6,8,0.042222,0.064167,0.095,0.095556,0.148148,0.101111,0.969977
2026-07-28T07:24:59+00:00,bid,RTX 5070 Ti,16,31,0.093889,0.104028,0.107778,0.108889,0.268,0.101111,0.995127
2026-07-28T07:24:59+00:00,bid,RTX 5080,19,40,0.081111,0.117204,0.141778,0.174852,0.201111,0.174148,0.986578
2026-07-28T07:24:59+00:00,bid,RTX 5090,63,158,0.093611,0.270093,0.398333,0.474213,0.907222,0.361435,0.995642
2026-07-28T07:24:59+00:00,bid,RTX 5880Ada,4,6,0.297037,0.325037,0.33437,0.33463,0.335407,0.33437,0.997367
2026-07-28T07:24:59+00:00,bid,RTX 6000Ada,12,21,0.139259,0.387639,0.400648,0.419074,0.775556,0.401481,0.9932
2026-07-28T07:24:59+00:00,bid,RTX A2000,1,1,0.400148,0.400148,0.400148,0.400148,0.400148,,0.994237
2026-07-28T07:24:59+00:00,bid,RTX A4000,4,22,0.058222,0.094657,0.120206,0.133819,0.134444,,0.987559
2026-07-28T07:24:59+00:00,bid,RTX A5000,7,12,0.034556,0.109444,0.201481,0.334444,0.334815,0.108519,0.97177
2026-07-28T07:24:59+00:00,bid,RTX A6000,7,30,0.202593,0.25375,0.307778,0.37375,0.374444,0.373611,0.991343
2026-07-28T07:24:59+00:00,bid,RTX PRO 2000,1,2,0.134074,0.134074,0.134074,0.134074,0.134074,,0.964887
2026-07-28T07:24:59+00:00,bid,RTX PRO 4000,15,29,0.067222,0.068667,0.201037,0.240815,0.244741,0.238148,0.983636
2026-07-28T07:24:59+00:00,bid,RTX PRO 5000,17,29,0.135111,0.205185,0.450741,0.533704,0.742548,0.451111,0.991754
2026-07-28T07:24:59+00:00,bid,RTX PRO 6000 S,21,57,0.552222,1.001111,1.06963,1.201111,1.493611,1.068889,0.998078
2026-07-28T07:24:59+00:00,bid,RTX PRO 6000 WS,18,35,0.335556,0.541759,0.862222,0.998611,1.337037,0.987778,0.992331
2026-07-28T07:24:59+00:00,bid,Tesla P100,3,4,0.041481,0.087963,0.134444,0.135,0.135556,0.135,0.987268
2026-07-28T07:24:59+00:00,bid,Tesla P4,1,1,0.011926,0.011926,0.011926,0.011926,0.011926,,0.990414
2026-07-28T07:24:59+00:00,bid,Tesla P40,3,8,0.065889,0.066167,0.066444,0.066444,0.066444,0.066444,0.992846
2026-07-28T07:24:59+00:00,bid,Tesla T4,3,4,3.400741,3.401111,3.401481,3.401481,3.401481,,0.972398
2026-07-28T07:24:59+00:00,bid,Tesla V100,13,21,0.095037,0.095407,0.162222,0.201111,0.242222,0.200556,0.998762
2026-07-28T07:24:59+00:00,bid,Titan RTX,3,4,0.094444,0.101667,0.108889,0.122222,0.135556,0.108889,0.998335
2026-07-28T07:24:59+00:00,bid,Titan V,1,2,0.067778,0.067778,0.067778,0.067778,0.067778,0.067778,0.996473
2026-07-28T07:24:59+00:00,bid,Titan Xp,1,1,0.042222,0.042222,0.042222,0.042222,0.042222,0.042222,0.995993
2026-07-28T07:29:56+00:00,on-demand,A100 PCIE,8,19,0.333611,0.536111,0.803296,1.001389,1.537739,0.803296,0.99529
2026-07-28T07:29:56+00:00,on-demand,A100 SXM4,19,51,0.40037,0.760926,1.067222,1.161778,1.282222,1.034806,0.993928
2026-07-28T07:29:56+00:00,on-demand,A10g,1,1,0.121185,0.121185,0.121185,0.121185,0.121185,,0.618804
2026-07-28T07:29:56+00:00,on-demand,A800 PCIE,3,6,0.468148,0.567685,0.667222,0.668056,0.668889,,0.994222
2026-07-28T07:29:56+00:00,on-demand,B200,8,30,5.625174,5.867057,5.876563,5.986654,7.752083,5.876563,0.996954
2026-07-28T07:29:56+00:00,on-demand,B300,4,21,6.25026,6.250456,6.876302,7.814236,8.750694,7.502083,0.992807
2026-07-28T07:29:56+00:00,on-demand,CMP 170HX,7,32,0.121111,0.188981,0.253611,0.254167,0.255556,,0.828833
2026-07-28T07:29:56+00:00,on-demand,GTX 1050 Ti,1,1,0.611111,0.611111,0.611111,0.611111,0.611111,,0.967997
2026-07-28T07:29:56+00:00,on-demand,GTX 1060,3,4,0.087778,0.088333,0.088889,0.216667,0.344444,0.088333,0.999301
2026-07-28T07:29:56+00:00,on-demand,GTX 1070,2,2,0.202222,0.284444,0.366667,0.448889,0.531111,0.531111,0.981996
2026-07-28T07:29:56+00:00,on-demand,GTX 1070 Ti,1,4,0.048556,0.048556,0.048556,0.048556,0.048556,0.048556,0.997335
2026-07-28T07:29:56+00:00,on-demand,GTX 1080,5,12,0.027778,0.042222,0.04837,0.049111,0.050222,0.049111,0.990065
2026-07-28T07:29:56+00:00,on-demand,GTX 1080 Ti,10,31,0.042667,0.060833,0.061667,0.075794,0.080741,0.080317,0.996226
2026-07-28T07:29:56+00:00,on-demand,GTX 1650 S,1,1,0.677778,0.677778,0.677778,0.677778,0.677778,,0.970527
2026-07-28T07:29:56+00:00,on-demand,GTX 1660,1,1,0.677778,0.677778,0.677778,0.677778,0.677778,,0.979175
2026-07-28T07:29:56+00:00,on-demand,GTX 1660 Ti,2,5,0.067778,0.203611,0.339444,0.475278,0.611111,0.339444,0.984982
2026-07-28T07:29:56+00:00,on-demand,H100 NVL,6,10,1.602222,2.431556,2.595185,2.671926,3.333889,2.668148,0.990217
2026-07-28T07:29:56+00:00,on-demand,H100 PCIE,4,18,1.720148,1.720259,1.860426,2.000694,2.001111,1.720222,0.966247
2026-07-28T07:29:56+00:00,on-demand,H100 SXM,9,25,1.334074,1.922222,2.200741,4.467111,5.501111,3.333926,0.992947
2026-07-28T07:29:56+00:00,on-demand,H200,4,15,4.08114,4.474644,4.606086,5.313459,7.434759,4.606086,0.99838
2026-07-28T07:29:56+00:00,on-demand,H200 NVL,6,12,2.800741,3.292083,3.9625,3.965833,5.339556,3.965,0.99747
2026-07-28T07:29:56+00:00,on-demand,L4,4,9,0.202222,0.300889,0.334111,0.334537,0.334815,0.334444,0.99853
2026-07-28T07:29:56+00:00,on-demand,L40,2,4,0.454074,0.485,0.515926,0.546852,0.577778,0.515926,0.991889
2026-07-28T07:29:56+00:00,on-demand,L40S,13,39,0.40037,0.467037,0.800926,1.068519,2.442222,0.934537,0.998352
2026-07-28T07:29:56+00:00,on-demand,Q RTX 5000,1,2,0.080741,0.080741,0.080741,0.080741,0.080741,,0.975577
2026-07-28T07:29:56+00:00,on-demand,Q RTX 6000,1,2,0.134074,0.134074,0.134074,0.134074,0.134074,0.134074,0.999605
2026-07-28T07:29:56+00:00,on-demand,Q RTX 8000,2,3,0.254074,0.254259,0.254444,0.25463,0.254815,0.254444,0.998673
2026-07-28T07:29:56+00:00,on-demand,Quadro GV100,1,1,0.467407,0.467407,0.467407,0.467407,0.467407,,0.968426
2026-07-28T07:29:56+00:00,on-demand,Quadro P4000,4,6,0.047704,0.052759,0.060722,0.067472,0.068889,0.067944,0.995173
2026-07-28T07:29:56+00:00,on-demand,RTX 2060,1,1,0.411111,0.411111,0.411111,0.411111,0.411111,0.411111,0.979488
2026-07-28T07:29:56+00:00,on-demand,RTX 2070S,2,12,0.073519,0.073565,0.073611,0.073657,0.073704,,0.987424
2026-07-28T07:29:56+00:00,on-demand,RTX 2080 Ti,8,28,0.068889,0.078576,0.080044,0.082034,0.121111,0.080056,0.996275
2026-07-28T07:29:56+00:00,on-demand,RTX 3060,11,40,0.027778,0.055,0.073519,0.240948,1.334815,0.11368,0.992805
2026-07-28T07:29:56+00:00,on-demand,RTX 3060 Ti,2,2,0.040889,0.130556,0.220222,0.309889,0.399556,0.399556,0.99508
2026-07-28T07:29:56+00:00,on-demand,RTX 3060 laptop,3,11,0.026685,0.033898,0.041111,0.041667,0.042222,,0.998769
2026-07-28T07:29:56+00:00,on-demand,RTX 3070,19,57,0.041111,0.082037,0.106944,0.186519,0.668148,0.100926,0.989429
2026-07-28T07:29:56+00:00,on-demand,RTX 3070 Ti,1,1,0.062222,0.062222,0.062222,0.062222,0.062222,,0.996722
2026-07-28T07:29:56+00:00,on-demand,RTX 3080,13,49,0.060222,0.074815,0.113444,0.143222,0.251496,0.128389,0.993892
2026-07-28T07:29:56+00:00,on-demand,RTX 3080 Ti,5,6,0.068889,0.095556,0.135185,0.142222,0.295556,0.142222,0.99499
2026-07-28T07:29:56+00:00,on-demand,RTX 3090,46,142,0.093889,0.146917,0.193769,0.3135,1.187407,0.248148,0.990009
2026-07-28T07:29:56+00:00,on-demand,RTX 3090 Ti,1,1,0.175556,0.175556,0.175556,0.175556,0.175556,,0.993142
2026-07-28T07:29:56+00:00,on-demand,RTX 4000Ada,1,1,0.202222,0.202222,0.202222,0.202222,0.202222,,0.994096
2026-07-28T07:29:56+00:00,on-demand,RTX 4060,5,13,0.060556,0.060593,0.061185,0.062963,2.677778,0.061759,0.985033
2026-07-28T07:29:56+00:00,on-demand,RTX 4060 Ti,2,3,0.081111,0.081389,0.081667,0.081944,0.082222,,0.974549
2026-07-28T07:29:56+00:00,on-demand,RTX 4070,4,9,0.080556,0.080972,0.081667,0.08537,0.094815,0.094815,0.995687
2026-07-28T07:29:56+00:00,on-demand,RTX 4070 Ti,7,19,0.090222,0.091741,0.093611,0.094167,0.202222,0.093889,0.986509
2026-07-28T07:29:56+00:00,on-demand,RTX 4070S,9,38,0.081204,0.082407,0.084815,0.08963,0.094537,0.087222,0.979014
2026-07-28T07:29:56+00:00,on-demand,RTX 4070S Ti,13,36,0.068889,0.117778,0.122407,0.247778,0.267222,0.247778,0.995187
2026-07-28T07:29:56+00:00,on-demand,RTX 4080,4,5,0.121481,0.122593,0.155704,0.215222,0.295556,0.295556,0.970895
2026-07-28T07:29:56+00:00,on-demand,RTX 4080S,14,38,0.124444,0.171736,0.201074,0.202185,0.228741,0.201111,0.991369
2026-07-28T07:29:56+00:00,on-demand,RTX 4090,51,173,0.134444,0.347361,0.427778,0.683148,1.335185,0.605556,0.996156
2026-07-28T07:29:56+00:00,on-demand,RTX 4090D,2,5,0.667222,0.667639,0.668056,0.668472,0.668889,,0.967226
2026-07-28T07:29:56+00:00,on-demand,RTX 5000Ada,3,4,0.427778,0.428333,0.428889,0.442222,0.455556,0.428333,0.996508
2026-07-28T07:29:56+00:00,on-demand,RTX 5060,4,4,0.05363,0.071185,0.112963,0.157222,0.182222,0.12963,0.993983
2026-07-28T07:29:56+00:00,on-demand,RTX 5060 Ti,10,27,0.078444,0.095,0.107926,0.135093,0.227407,0.121852,0.99518
2026-07-28T07:29:56+00:00,on-demand,RTX 5070,8,17,0.087593,0.092963,0.096667,0.133611,0.162222,0.124444,0.99436
2026-07-28T07:29:56+00:00,on-demand,RTX 5070 Ti,8,15,0.120556,0.131111,0.148704,0.173056,0.401333,0.162778,0.997642
2026-07-28T07:29:56+00:00,on-demand,RTX 5080,13,40,0.133611,0.174444,0.20037,0.215185,0.257037,0.213704,0.978694
2026-07-28T07:29:56+00:00,on-demand,RTX 5090,41,119,0.268889,0.427037,0.481111,0.733889,3.615556,0.667361,0.994833
2026-07-28T07:29:56+00:00,on-demand,RTX 5880Ada,4,15,0.453593,0.453787,0.454111,0.45463,0.455407,0.454111,0.997517
2026-07-28T07:29:56+00:00,on-demand,RTX 6000Ada,7,13,0.440556,0.441667,0.619259,0.688333,0.787778,0.641111,0.989039
2026-07-28T07:29:56+00:00,on-demand,RTX A2000,4,5,0.034074,0.03563,0.036148,0.150481,0.493481,,0.995172
2026-07-28T07:29:56+00:00,on-demand,RTX A4000,3,23,0.071778,0.102623,0.133468,0.143512,0.153556,,0.97131
2026-07-28T07:29:56+00:00,on-demand,RTX A5000,5,8,0.231496,0.271111,0.335185,40.000741,40.001481,0.271111,0.999406
2026-07-28T07:29:56+00:00,on-demand,RTX A6000,8,31,0.373651,0.374028,0.375,0.400347,0.401111,0.400278,0.990273
2026-07-28T07:29:56+00:00,on-demand,RTX PRO 4000,11,26,0.175037,0.201667,0.263704,0.320988,0.337037,0.321481,0.983636
2026-07-28T07:29:56+00:00,on-demand,RTX PRO 5000,13,24,0.37,0.641111,0.667222,0.841852,1.235807,0.668148,0.991588
2026-07-28T07:29:56+00:00,on-demand,RTX PRO 6000 S,14,48,1.266944,1.35,1.54125,1.700833,1.736296,1.395556,0.998179
2026-07-28T07:29:56+00:00,on-demand,RTX PRO 6000 WS,17,42,0.734815,1.002963,1.335926,1.603704,26.668148,1.403704,0.991418
2026-07-28T07:29:56+00:00,on-demand,Tesla P100,5,10,0.054815,0.087407,0.088148,0.201111,0.202222,0.14463,0.986319
2026-07-28T07:29:56+00:00,on-demand,Tesla P4,1,1,0.023259,0.023259,0.023259,0.023259,0.023259,,0.990414
2026-07-28T07:29:56+00:00,on-demand,Tesla P40,2,6,0.132556,0.132694,0.132833,0.132972,0.133111,0.132833,0.992846
2026-07-28T07:29:56+00:00,on-demand,Tesla T4,2,3,12.000741,12.000926,12.001111,12.001296,12.001481,,0.972398
2026-07-28T07:29:56+00:00,on-demand,Tesla V100,9,22,0.106944,0.108889,0.167407,0.212889,0.335556,0.273667,0.964685
2026-07-28T07:29:56+00:00,on-demand,Titan RTX,2,3,0.147778,0.151389,0.155,0.158611,0.162222,0.155,0.875873
2026-07-28T07:29:56+00:00,on-demand,Titan Xp,1,1,0.055556,0.055556,0.055556,0.055556,0.055556,0.055556,0.995993
2026-07-28T07:29:56+00:00,bid,A100 PCIE,14,17,0.134444,0.135556,0.234259,0.468324,0.515417,0.467018,0.99529
2026-07-28T07:29:56+00:00,bid,A100 SXM4,18,37,0.135556,0.624074,0.802444,0.887639,0.987222,0.774815,0.992888
2026-07-28T07:29:56+00:00,bid,A800 PCIE,6,10,0.129889,0.130722,0.131556,0.131556,0.131556,,0.994222
2026-07-28T07:29:56+00:00,bid,B200,11,47,3.750174,5.626389,5.635417,6.626432,7.377083,5.635417,0.993807
2026-07-28T07:29:56+00:00,bid,B300,4,21,3.752083,4.688542,5.312977,5.625326,5.625521,3.752083,0.992807
2026-07-28T07:29:56+00:00,bid,CMP 170HX,8,26,0.102444,0.105778,0.20037,0.201389,0.202222,,0.828833
2026-07-28T07:29:56+00:00,bid,GTX 1050 Ti,1,1,0.024444,0.024444,0.024444,0.024444,0.024444,,0.967997
2026-07-28T07:29:56+00:00,bid,GTX 1060,2,2,0.031111,0.04037,0.04963,0.058889,0.068148,0.068148,0.989024
2026-07-28T07:29:56+00:00,bid,GTX 1070,2,2,0.015556,0.017778,0.02,0.022222,0.024444,0.024444,0.981996
2026-07-28T07:29:56+00:00,bid,GTX 1070 Ti,2,5,0.040556,0.040972,0.041389,0.041806,0.042222,0.041389,0.997274
2026-07-28T07:29:56+00:00,bid,GTX 1080,5,15,0.021111,0.04037,0.040556,0.041111,0.053704,0.040833,0.996772
2026-07-28T07:29:56+00:00,bid,GTX 1080 Ti,13,39,0.029333,0.040741,0.041111,0.053889,0.055556,0.05377,0.995852
2026-07-28T07:29:56+00:00,bid,GTX 1650 S,1,1,0.04,0.04,0.04,0.04,0.04,,0.970527
2026-07-28T07:29:56+00:00,bid,GTX 1660,1,1,0.037778,0.037778,0.037778,0.037778,0.037778,,0.979175
2026-07-28T07:29:56+00:00,bid,GTX 1660 Ti,2,5,0.037778,0.041944,0.046111,0.050278,0.054444,0.046111,0.984982
2026-07-28T07:29:56+00:00,bid,H100 NVL,6,10,0.806519,0.935,1.122815,1.429074,2.000556,0.935333,0.95336
2026-07-28T07:29:56+00:00,bid,H100 PCIE,5,22,0.733481,0.73363,0.73363,1.333889,1.334445,0.73363,0.965034
2026-07-28T07:29:56+00:00,bid,H100 SXM,9,24,0.602222,1.067407,2.000222,2.005333,4.002222,2.002667,0.990278
2026-07-28T07:29:56+00:00,bid,H200,5,17,1.934759,1.935307,2.63231,3.817982,7.171601,2.63231,0.997414
2026-07-28T07:29:56+00:00,bid,H200 NVL,11,19,0.403778,1.0025,1.335556,1.868148,3.211111,1.171444,0.986507
2026-07-28T07:29:56+00:00,bid,L4,5,13,0.201481,0.320444,0.320556,0.321111,0.322222,0.320556,0.999109
2026-07-28T07:29:56+00:00,bid,L40,5,7,0.403704,0.468889,0.468889,0.471111,0.471111,0.468889,0.985869
2026-07-28T07:29:56+00:00,bid,L40S,18,51,0.200185,0.486204,0.536111,0.596852,0.803704,0.540741,0.996961
2026-07-28T07:29:56+00:00,bid,Q RTX 5000,1,2,0.054074,0.054074,0.054074,0.054074,0.054074,,0.975577
2026-07-28T07:29:56+00:00,bid,Quadro GV100,1,1,0.134074,0.134074,0.134074,0.134074,0.134074,,0.968426
2026-07-28T07:29:56+00:00,bid,Quadro P4000,4,6,0.03437,0.039426,0.047389,0.05375,0.054,0.053833,0.993948
2026-07-28T07:29:56+00:00,bid,RTX 2060,3,4,0.031111,0.036111,0.041111,0.188333,0.335556,0.041111,0.992997
2026-07-28T07:29:56+00:00,bid,RTX 2060S,2,3,0.046889,0.066093,0.085296,0.1045,0.123704,0.085296,0.844615
2026-07-28T07:29:56+00:00,bid,RTX 2070S,2,12,0.066852,0.066898,0.066944,0.066991,0.067037,,0.987424
2026-07-28T07:29:56+00:00,bid,RTX 2080 Ti,7,11,0.037778,0.041667,0.067802,0.107963,0.108889,0.08779,0.996198
2026-07-28T07:29:56+00:00,bid,RTX 2080S,1,1,0.037778,0.037778,0.037778,0.037778,0.037778,0.037778,0.972804
2026-07-28T07:29:56+00:00,bid,RTX 3060,18,61,0.025111,0.043037,0.053704,0.093847,0.202222,0.066944,0.991962
2026-07-28T07:29:56+00:00,bid,RTX 3060 Ti,2,3,0.027778,0.088056,0.148333,0.208611,0.268889,0.148333,0.986204
2026-07-28T07:29:56+00:00,bid,RTX 3060 laptop,4,13,0.013481,0.016884,0.028231,0.045574,0.066963,0.066963,0.990342
2026-07-28T07:29:56+00:00,bid,RTX 3070,18,42,0.026944,0.054491,0.071074,0.094306,0.495556,0.071778,0.990161
2026-07-28T07:29:56+00:00,bid,RTX 3080,12,36,0.041111,0.067153,0.101852,0.1655,0.24083,0.135556,0.988859
2026-07-28T07:29:56+00:00,bid,RTX 3080 Ti,5,5,0.028889,0.07037,0.095556,0.175556,0.188889,0.175556,0.99499
2026-07-28T07:29:56+00:00,bid,RTX 3090,58,139,0.018111,0.107778,0.121667,0.148889,0.295556,0.147222,0.992495
2026-07-28T07:29:56+00:00,bid,RTX 4000Ada,2,3,0.054222,0.081222,0.108222,0.135222,0.162222,,0.989345
2026-07-28T07:29:56+00:00,bid,RTX 4060,6,9,0.053926,0.054056,0.054481,0.055296,0.083704,0.055556,0.984347
2026-07-28T07:29:56+00:00,bid,RTX 4060 Ti,6,12,0.034444,0.055611,0.065778,0.076611,0.101111,0.055778,0.995054
2026-07-28T07:29:56+00:00,bid,RTX 4070,3,3,0.088889,0.118889,0.148889,0.148889,0.148889,0.148889,0.998118
2026-07-28T07:29:56+00:00,bid,RTX 4070 Ti,2,2,0.108148,0.108333,0.108519,0.108704,0.108889,0.108889,0.989563
2026-07-28T07:29:56+00:00,bid,RTX 4070S,13,39,0.054444,0.068889,0.071481,0.071481,0.244444,0.070278,0.980225
2026-07-28T07:29:56+00:00,bid,RTX 4070S Ti,14,37,0.095741,0.104861,0.167083,0.167778,0.202222,0.1675,0.99946
2026-07-28T07:29:56+00:00,bid,RTX 4080,3,3,0.169778,0.186,0.202222,0.228889,0.255556,0.228889,0.994297
2026-07-28T07:29:56+00:00,bid,RTX 4080S,12,25,0.068148,0.118056,0.188259,0.191736,0.202074,0.188889,0.997521
2026-07-28T07:29:56+00:00,bid,RTX 4090,66,198,0.134815,0.229519,0.333889,0.539815,1.005037,0.403704,0.996175
2026-07-28T07:29:56+00:00,bid,RTX 4090D,3,7,0.604556,0.604833,0.605111,0.605667,0.606222,,0.967226
2026-07-28T07:29:56+00:00,bid,RTX 5000Ada,3,4,0.268889,0.295,0.321111,0.321667,0.322222,0.321111,0.996508
2026-07-28T07:29:56+00:00,bid,RTX 5060,4,5,0.040296,0.050907,0.075,0.108889,0.148889,0.148889,0.994809
2026-07-28T07:29:56+00:00,bid,RTX 5060 Ti,13,27,0.049111,0.080556,0.107778,0.147778,0.160889,0.127622,0.996791
2026-07-28T07:29:56+00:00,bid,RTX 5070,6,8,0.057741,0.094722,0.095556,0.125556,0.148148,0.135556,0.974241
2026-07-28T07:29:56+00:00,bid,RTX 5070 Ti,18,30,0.093889,0.107269,0.108889,0.13437,0.268,0.128074,0.995634
2026-07-28T07:29:56+00:00,bid,RTX 5080,18,41,0.081111,0.10225,0.132,0.174269,0.201111,0.174093,0.989151
2026-07-28T07:29:56+00:00,bid,RTX 5090,60,178,0.093611,0.265463,0.374926,0.468333,0.907222,0.292759,0.995835
2026-07-28T07:29:56+00:00,bid,RTX 5880Ada,3,4,0.33437,0.334889,0.335407,0.335407,0.335407,0.335407,0.997367
2026-07-28T07:29:56+00:00,bid,RTX 6000Ada,11,21,0.139259,0.3875,0.400741,0.435704,0.680889,0.400926,0.996089
2026-07-28T07:29:56+00:00,bid,RTX A2000,1,1,0.400148,0.400148,0.400148,0.400148,0.400148,,0.994237
2026-07-28T07:29:56+00:00,bid,RTX A4000,5,25,0.057111,0.057111,0.106801,0.133611,0.134444,,0.987559
2026-07-28T07:29:56+00:00,bid,RTX A5000,5,7,0.108519,0.11037,0.334074,0.334815,0.334815,0.109444,0.97177
2026-07-28T07:29:56+00:00,bid,RTX A6000,9,34,0.202593,0.253889,0.302167,0.373611,0.374444,0.373611,0.991343
2026-07-28T07:29:56+00:00,bid,RTX PRO 2000,2,3,0.134074,0.134259,0.134444,0.13463,0.134815,,0.964887
2026-07-28T07:29:56+00:00,bid,RTX PRO 4000,12,23,0.067222,0.068278,0.068889,0.223,0.244741,0.229259,0.983636
2026-07-28T07:29:56+00:00,bid,RTX PRO 5000,16,28,0.135111,0.397454,0.468333,0.533889,0.741807,0.468333,0.993556
2026-07-28T07:29:56+00:00,bid,RTX PRO 6000 S,20,57,0.552222,0.952407,1.068889,1.200694,1.493611,1.067778,0.997966
2026-07-28T07:29:56+00:00,bid,RTX PRO 6000 WS,21,44,0.269778,0.667222,0.922963,1.030815,1.47037,1.010296,0.9915
2026-07-28T07:29:56+00:00,bid,Tesla P100,3,4,0.041481,0.087963,0.134444,0.135,0.135556,0.135,0.987268
2026-07-28T07:29:56+00:00,bid,Tesla P4,1,1,0.011926,0.011926,0.011926,0.011926,0.011926,,0.990414
2026-07-28T07:29:56+00:00,bid,Tesla P40,3,8,0.065889,0.066167,0.066444,0.066444,0.066444,0.066444,0.992846
2026-07-28T07:29:56+00:00,bid,Tesla T4,2,3,3.400741,3.400926,3.401111,3.401296,3.401481,,0.972398
2026-07-28T07:29:56+00:00,bid,Tesla V100,13,26,0.095037,0.133704,0.160556,0.169111,0.202222,0.161667,0.998762
2026-07-28T07:29:56+00:00,bid,Titan RTX,3,4,0.094444,0.101667,0.108889,0.122222,0.135556,0.108889,0.998335
2026-07-28T07:29:56+00:00,bid,Titan Xp,1,1,0.042222,0.042222,0.042222,0.042222,0.042222,0.042222,0.997705
2026-07-28T07:34:55+00:00,on-demand,A100 PCIE,11,24,0.333611,0.481667,0.868148,1.001667,1.537739,0.868148,0.99529
2026-07-28T07:34:55+00:00,on-demand,A100 SXM4,21,56,0.40037,0.853889,1.066944,1.188,1.264406,1.066944,0.994511
2026-07-28T07:34:55+00:00,on-demand,A10g,1,1,0.121185,0.121185,0.121185,0.121185,0.121185,,0.618804
2026-07-28T07:34:55+00:00,on-demand,A800 PCIE,3,7,0.667222,0.6675,0.667778,0.668333,0.668889,,0.994222
2026-07-28T07:34:55+00:00,on-demand,B200,10,32,5.625174,5.87474,5.920226,6.29401,7.752083,5.920226,0.995359
2026-07-28T07:34:55+00:00,on-demand,B300,4,21,6.25026,6.250456,6.876302,7.814236,8.750694,7.502083,0.992807
2026-07-28T07:34:55+00:00,on-demand,CMP 170HX,5,20,0.124444,0.253519,0.253889,0.254444,0.255556,,0.828833
2026-07-28T07:34:55+00:00,on-demand,GTX 1050 Ti,1,1,0.611111,0.611111,0.611111,0.611111,0.611111,,0.967997
2026-07-28T07:34:55+00:00,on-demand,GTX 1060,3,4,0.087778,0.088333,0.088889,0.216667,0.344444,0.088333,0.999301
2026-07-28T07:34:55+00:00,on-demand,GTX 1070,2,2,0.202222,0.284444,0.366667,0.448889,0.531111,0.531111,0.981996
2026-07-28T07:34:55+00:00,on-demand,GTX 1080,6,16,0.027778,0.048417,0.048833,0.049944,0.05037,0.048833,0.992724
2026-07-28T07:34:55+00:00,on-demand,GTX 1080 Ti,10,31,0.042667,0.060833,0.064222,0.080496,0.081111,0.080437,0.99238
2026-07-28T07:34:55+00:00,on-demand,GTX 1650 S,1,1,0.677778,0.677778,0.677778,0.677778,0.677778,,0.970527
2026-07-28T07:34:55+00:00,on-demand,GTX 1660 Ti,2,5,0.067778,0.203611,0.339444,0.475278,0.611111,0.339444,0.984982
2026-07-28T07:34:55+00:00,on-demand,H100 NVL,5,9,1.602222,2.401333,2.522222,2.633185,3.333889,2.577704,0.989084
2026-07-28T07:34:55+00:00,on-demand,H100 PCIE,4,18,1.720148,1.720259,1.860426,2.000694,2.001111,1.720222,0.966247
2026-07-28T07:34:55+00:00,on-demand,H100 SXM,11,28,1.334074,1.734167,2.20037,3.815,5.502222,2.200556,0.991596
2026-07-28T07:34:55+00:00,on-demand,H200,5,17,3.81652,4.080044,4.08114,4.605811,7.434759,4.08114,0.999347
2026-07-28T07:34:55+00:00,on-demand,H200 NVL,7,13,2.801111,3.201667,3.961667,4.376111,5.259556,4.376111,0.986336
2026-07-28T07:34:55+00:00,on-demand,L4,4,8,0.202222,0.300972,0.334167,0.334722,0.335556,0.334444,0.998475
2026-07-28T07:34:55+00:00,on-demand,L40,3,6,0.454074,0.514815,0.575556,0.576667,0.577778,0.575556,0.985869
2026-07-28T07:34:55+00:00,on-demand,L40S,10,35,0.400185,0.417269,0.800556,1.068287,2.442222,1.067593,0.996191
2026-07-28T07:34:55+00:00,on-demand,Q RTX 5000,1,2,0.080741,0.080741,0.080741,0.080741,0.080741,,0.975577
2026-07-28T07:34:55+00:00,on-demand,Q RTX 8000,2,3,0.254074,0.258333,0.262593,0.266852,0.271111,0.262593,0.998749
2026-07-28T07:34:55+00:00,on-demand,Quadro GV100,1,1,0.467407,0.467407,0.467407,0.467407,0.467407,,0.968426
2026-07-28T07:34:55+00:00,on-demand,Quadro P4000,4,6,0.054444,0.055278,0.061278,0.067083,0.067333,0.067167,0.945587
2026-07-28T07:34:55+00:00,on-demand,RTX 2060,1,1,0.415556,0.415556,0.415556,0.415556,0.415556,0.415556,0.995086
2026-07-28T07:34:55+00:00,on-demand,RTX 2070S,2,12,0.073519,0.073565,0.073611,0.073657,0.073704,,0.987424
2026-07-28T07:34:55+00:00,on-demand,RTX 2080 Ti,8,29,0.068889,0.077239,0.080044,0.082034,0.136148,0.080056,0.994775
2026-07-28T07:34:55+00:00,on-demand,RTX 2080S,1,1,0.744444,0.744444,0.744444,0.744444,0.744444,0.744444,0.972804
2026-07-28T07:34:55+00:00,on-demand,RTX 3060,11,34,0.036741,0.055,0.080278,0.336296,1.335556,0.208726,0.992805
2026-07-28T07:34:55+00:00,on-demand,RTX 3060 Ti,2,2,0.040889,0.130556,0.220222,0.309889,0.399556,0.399556,0.99508
2026-07-28T07:34:55+00:00,on-demand,RTX 3060 laptop,5,14,0.026685,0.041111,0.042222,0.066963,0.134444,0.100704,0.996936
2026-07-28T07:34:55+00:00,on-demand,RTX 3070,17,55,0.041111,0.081852,0.106944,0.157481,0.668148,0.103935,0.988124
2026-07-28T07:34:55+00:00,on-demand,RTX 3070 laptop,1,1,0.468889,0.468889,0.468889,0.468889,0.468889,,0.962848
2026-07-28T07:34:55+00:00,on-demand,RTX 3080,12,40,0.060222,0.08037,0.1135,0.144639,0.251496,0.128389,0.993892
2026-07-28T07:34:55+00:00,on-demand,RTX 3080 Ti,6,7,0.081037,0.087222,0.108333,0.144167,0.295556,0.134259,0.994691
2026-07-28T07:34:55+00:00,on-demand,RTX 3090,50,154,0.094444,0.137639,0.188426,0.334444,1.336296,0.227593,0.987811
2026-07-28T07:34:55+00:00,on-demand,RTX 3090 Ti,1,1,0.175556,0.175556,0.175556,0.175556,0.175556,,0.993142
2026-07-28T07:34:55+00:00,on-demand,RTX 4000Ada,1,1,0.202222,0.202222,0.202222,0.202222,0.202222,,0.994096
2026-07-28T07:34:55+00:00,on-demand,RTX 4060,7,19,0.060556,0.061148,0.062222,0.064963,2.677778,0.061667,0.996261
2026-07-28T07:34:55+00:00,on-demand,RTX 4060 Ti,3,4,0.081111,0.081667,0.082222,0.082222,0.082222,0.082222,0.974549
2026-07-28T07:34:55+00:00,on-demand,RTX 4070,4,8,0.080556,0.080972,0.081667,0.085741,0.096296,0.096296,0.995687
2026-07-28T07:34:55+00:00,on-demand,RTX 4070 Ti,5,14,0.093111,0.093611,0.094444,0.097778,0.202222,0.096111,0.986509
2026-07-28T07:34:55+00:00,on-demand,RTX 4070S,9,38,0.081204,0.082407,0.084815,0.08963,0.094537,0.087222,0.979014
2026-07-28T07:34:55+00:00,on-demand,RTX 4070S Ti,12,32,0.068889,0.120972,0.127222,0.248056,0.267222,0.247778,0.995187
2026-07-28T07:34:55+00:00,on-demand,RTX 4080,4,5,0.121481,0.171704,0.208667,0.238889,0.268889,0.248889,0.983796
2026-07-28T07:34:55+00:00,on-demand,RTX 4080S,14,39,0.147778,0.161389,0.201074,0.202185,0.228741,0.151111,0.991369
2026-07-28T07:34:55+00:00,on-demand,RTX 4090,54,180,0.133889,0.324222,0.408704,0.688611,1.337037,0.563704,0.996218
2026-07-28T07:34:55+00:00,on-demand,RTX 4090D,3,7,0.667222,0.6675,0.667778,0.668333,0.668889,,0.967226
2026-07-28T07:34:55+00:00,on-demand,RTX 5000Ada,3,4,0.427778,0.435,0.442222,0.448889,0.455556,0.435,0.996508
2026-07-28T07:34:55+00:00,on-demand,RTX 5060,2,2,0.148889,0.157222,0.165556,0.173889,0.182222,0.182222,0.99095
2026-07-28T07:34:55+00:00,on-demand,RTX 5060 Ti,13,32,0.071852,0.093889,0.108,0.176,0.227407,0.152259,0.99331
2026-07-28T07:34:55+00:00,on-demand,RTX 5070,9,15,0.083704,0.088519,0.097778,0.162222,1.015556,0.088056,0.99331
2026-07-28T07:34:55+00:00,on-demand,RTX 5070 Ti,7,9,0.111407,0.120704,0.134444,0.182222,0.401333,0.202222,0.994124
2026-07-28T07:34:55+00:00,on-demand,RTX 5080,18,55,0.122963,0.173806,0.18137,0.211759,0.333704,0.200926,0.984957
2026-07-28T07:34:55+00:00,on-demand,RTX 5090,44,126,0.268889,0.437269,0.614842,0.744213,3.615556,0.667778,0.992755
2026-07-28T07:34:55+00:00,on-demand,RTX 5880Ada,4,15,0.453593,0.453787,0.454111,0.45463,0.455407,0.454111,0.997517
2026-07-28T07:34:55+00:00,on-demand,RTX 6000Ada,8,17,0.440556,0.441944,0.640741,0.672444,0.787778,0.661667,0.991906
2026-07-28T07:34:55+00:00,on-demand,RTX A2000,4,5,0.034074,0.03563,0.036148,0.150481,0.493481,,0.995172
2026-07-28T07:34:55+00:00,on-demand,RTX A4000,2,19,0.133468,0.137504,0.14154,0.145575,0.149611,,0.979435
2026-07-28T07:34:55+00:00,on-demand,RTX A5000,4,6,0.232889,0.308611,20.167296,40.000926,40.001481,0.28337,0.978721
2026-07-28T07:34:55+00:00,on-demand,RTX A6000,6,27,0.266944,0.37371,0.374167,0.394028,0.454444,,0.990273
2026-07-28T07:34:55+00:00,on-demand,RTX PRO 4000,11,25,0.175037,0.214815,0.261852,0.296644,0.337037,0.296644,0.988398
2026-07-28T07:34:55+00:00,on-demand,RTX PRO 5000,12,23,0.37,0.640324,0.667315,0.842315,1.235807,0.667407,0.991588
2026-07-28T07:34:55+00:00,on-demand,RTX PRO 6000 S,15,58,1.267222,1.464722,1.600278,1.700463,1.736296,1.606944,0.998078
2026-07-28T07:34:55+00:00,on-demand,RTX PRO 6000 WS,18,48,0.934444,1.103519,1.335741,1.599676,26.668148,1.335926,0.990861
2026-07-28T07:34:55+00:00,on-demand,Tesla P100,5,10,0.054815,0.081481,0.087407,0.201111,0.202222,0.144259,0.987268
2026-07-28T07:34:55+00:00,on-demand,Tesla P4,1,1,0.025481,0.025481,0.025481,0.025481,0.025481,,0.991885
2026-07-28T07:34:55+00:00,on-demand,Tesla P40,2,6,0.132556,0.132694,0.132833,0.132972,0.133111,0.132833,0.992846
2026-07-28T07:34:55+00:00,on-demand,Tesla T4,2,3,12.000741,12.000926,12.001111,12.001296,12.001481,,0.972398
2026-07-28T07:34:55+00:00,on-demand,Tesla V100,12,34,0.106944,0.108611,0.157778,0.268056,0.334444,0.267778,0.992262
2026-07-28T07:34:55+00:00,on-demand,Titan RTX,2,3,0.147778,0.151389,0.155,0.158611,0.162222,0.155,0.875873
2026-07-28T07:34:55+00:00,on-demand,Titan Xp,1,1,0.055556,0.055556,0.055556,0.055556,0.055556,0.055556,0.998054
2026-07-28T07:34:55+00:00,bid,A100 PCIE,16,22,0.131556,0.135278,0.135556,0.152037,0.46963,0.135556,0.986912
2026-07-28T07:34:55+00:00,bid,A100 SXM4,21,44,0.135556,0.605185,0.800667,0.868889,0.987222,0.637037,0.991352
2026-07-28T07:34:55+00:00,bid,A800 PCIE,6,10,0.129889,0.130722,0.131556,0.131556,0.131556,,0.994222
2026-07-28T07:34:55+00:00,bid,B200,9,31,3.750174,5.627083,5.635417,7.37526,7.377083,5.635417,0.993807
2026-07-28T07:34:55+00:00,bid,B300,4,21,3.752083,4.688542,5.312977,5.625326,5.625521,3.752083,0.992807
2026-07-28T07:34:55+00:00,bid,CMP 170HX,7,26,0.105778,0.20037,0.200556,0.201111,0.202222,,0.828833
2026-07-28T07:34:55+00:00,bid,GTX 1050 Ti,1,1,0.024444,0.024444,0.024444,0.024444,0.024444,,0.967997
2026-07-28T07:34:55+00:00,bid,GTX 1060,2,2,0.031111,0.04037,0.04963,0.058889,0.068148,0.068148,0.989024
2026-07-28T07:34:55+00:00,bid,GTX 1070,2,2,0.015556,0.017778,0.02,0.022222,0.024444,0.024444,0.981996
2026-07-28T07:34:55+00:00,bid,GTX 1070 Ti,2,3,0.041111,0.041389,0.041667,0.041944,0.042222,0.041667,0.997274
2026-07-28T07:34:55+00:00,bid,GTX 1080,4,13,0.014815,0.033981,0.040463,0.043843,0.053704,0.040556,0.994506
2026-07-28T07:34:55+00:00,bid,GTX 1080 Ti,11,33,0.029333,0.040926,0.042222,0.05377,0.054444,0.05377,0.995852
2026-07-28T07:34:55+00:00,bid,GTX 1650 S,1,1,0.04,0.04,0.04,0.04,0.04,,0.970527
2026-07-28T07:34:55+00:00,bid,GTX 1660 Ti,2,5,0.037778,0.041944,0.046111,0.050278,0.054444,0.046111,0.984982
2026-07-28T07:34:55+00:00,bid,H100 NVL,7,11,0.806519,0.935333,0.936,1.468889,2.000556,0.936,0.95336
2026-07-28T07:34:55+00:00,bid,H100 PCIE,4,18,0.733481,0.733593,1.033759,1.334028,1.334445,0.733556,0.966247
2026-07-28T07:34:55+00:00,bid,H100 SXM,9,24,1.067037,1.131111,2.002667,2.005333,6.668889,2.005333,0.990278
2026-07-28T07:34:55+00:00,bid,H200,5,17,1.934759,1.935307,3.816886,3.817982,7.171601,3.816886,0.999347
2026-07-28T07:34:55+00:00,bid,H200 NVL,12,20,0.403778,0.852472,1.005,1.339222,2.255556,1.006667,0.991951
2026-07-28T07:34:55+00:00,bid,L4,6,12,0.267778,0.268148,0.294296,0.320944,0.322222,0.294296,0.99853
2026-07-28T07:34:55+00:00,bid,L40,4,7,0.267407,0.418519,0.47,0.471111,0.471111,0.47,0.985869
2026-07-28T07:34:55+00:00,bid,L40S,21,70,0.200185,0.333704,0.535185,0.615556,0.803704,0.540741,0.998559
2026-07-28T07:34:55+00:00,bid,Q RTX 5000,1,2,0.054074,0.054074,0.054074,0.054074,0.054074,,0.975577
2026-07-28T07:34:55+00:00,bid,Quadro GV100,1,1,0.134074,0.134074,0.134074,0.134074,0.134074,,0.968426
2026-07-28T07:34:55+00:00,bid,Quadro P4000,4,6,0.03437,0.039426,0.047389,0.05375,0.054,0.053833,0.993948
2026-07-28T07:34:55+00:00,bid,RTX 2060,2,3,0.031111,0.033611,0.036111,0.038611,0.041111,0.036111,0.986243
2026-07-28T07:34:55+00:00,bid,RTX 2060S,3,5,0.041111,0.044,0.046889,0.085296,0.123704,0.085296,0.947127
2026-07-28T07:34:55+00:00,bid,RTX 2070S,4,25,0.066831,0.066847,0.066944,0.067037,0.067037,,0.987424
2026-07-28T07:34:55+00:00,bid,RTX 2080 Ti,7,11,0.037778,0.043667,0.067802,0.088259,0.108889,0.068086,0.996198
2026-07-28T07:34:55+00:00,bid,RTX 2080S,1,1,0.037778,0.037778,0.037778,0.037778,0.037778,0.037778,0.972804
2026-07-28T07:34:55+00:00,bid,RTX 3060,21,62,0.024741,0.045481,0.054444,0.102815,0.202222,0.066944,0.992805
2026-07-28T07:34:55+00:00,bid,RTX 3060 Ti,1,1,0.268889,0.268889,0.268889,0.268889,0.268889,0.268889,0.993309
2026-07-28T07:34:55+00:00,bid,RTX 3060 laptop,5,15,0.018019,0.038444,0.062815,0.066963,0.101111,0.066963,0.996936
2026-07-28T07:34:55+00:00,bid,RTX 3070,19,46,0.026944,0.041667,0.068519,0.088426,0.495556,0.069444,0.995648
2026-07-28T07:34:55+00:00,bid,RTX 3070 Ti,1,2,0.054444,0.054444,0.054444,0.054444,0.054444,,0.996722
2026-07-28T07:34:55+00:00,bid,RTX 3080,12,32,0.041111,0.060481,0.087685,0.136806,0.24083,0.128074,0.988859
2026-07-28T07:34:55+00:00,bid,RTX 3080 Ti,7,8,0.028889,0.072963,0.088889,0.141667,0.188889,0.141667,0.99499
2026-07-28T07:34:55+00:00,bid,RTX 3090,57,139,0.015778,0.107778,0.134444,0.148889,0.295556,0.147463,0.992495
2026-07-28T07:34:55+00:00,bid,RTX 4000Ada,2,3,0.054222,0.081222,0.108222,0.135222,0.162222,,0.989345
2026-07-28T07:34:55+00:00,bid,RTX 4060,4,6,0.054444,0.0545,0.058667,0.068037,0.083704,0.069074,0.984347
2026-07-28T07:34:55+00:00,bid,RTX 4060 Ti,8,14,0.035556,0.065278,0.076333,0.101389,0.107852,0.101111,0.995054
2026-07-28T07:34:55+00:00,bid,RTX 4070,4,5,0.036222,0.049889,0.055,0.078889,0.148889,0.055,0.998668
2026-07-28T07:34:55+00:00,bid,RTX 4070 Ti,2,2,0.081481,0.088333,0.095185,0.102037,0.108889,0.108889,0.991488
2026-07-28T07:34:55+00:00,bid,RTX 4070S,13,41,0.06787,0.069074,0.071481,0.071481,0.244444,0.070278,0.979014
2026-07-28T07:34:55+00:00,bid,RTX 4070S Ti,13,35,0.095556,0.102963,0.110556,0.167222,0.201111,0.167222,0.995495
2026-07-28T07:34:55+00:00,bid,RTX 4080,3,3,0.169778,0.212667,0.255556,0.255556,0.255556,0.255556,0.994297
2026-07-28T07:34:55+00:00,bid,RTX 4080S,10,24,0.068148,0.122778,0.188222,0.200486,0.202074,0.201037,0.996759
2026-07-28T07:34:55+00:00,bid,RTX 4090,67,188,0.134074,0.229111,0.307222,0.401852,1.005037,0.40125,0.994561
2026-07-28T07:34:55+00:00,bid,RTX 4090D,3,7,0.604556,0.604833,0.605111,0.605667,0.606222,,0.967226
2026-07-28T07:34:55+00:00,bid,RTX 5000Ada,2,3,0.268889,0.281944,0.295,0.308056,0.321111,0.295,0.99737
2026-07-28T07:34:55+00:00,bid,RTX 5060,5,6,0.040296,0.054444,0.063556,0.095556,0.148889,0.106222,0.99314
2026-07-28T07:34:55+00:00,bid,RTX 5060 Ti,16,33,0.041111,0.077546,0.10263,0.134074,0.148889,0.107037,0.99692
2026-07-28T07:34:55+00:00,bid,RTX 5070,5,7,0.042222,0.080222,0.094444,0.095556,0.148148,0.148148,0.979774
2026-07-28T07:34:55+00:00,bid,RTX 5070 Ti,15,29,0.093889,0.100833,0.107778,0.121407,0.268,0.101111,0.99694
2026-07-28T07:34:55+00:00,bid,RTX 5080,17,37,0.093376,0.119963,0.161111,0.175556,0.254815,0.175556,0.987336
2026-07-28T07:34:55+00:00,bid,RTX 5090,58,156,0.093611,0.269306,0.400167,0.526694,0.907222,0.375926,0.995833
2026-07-28T07:34:55+00:00,bid,RTX 5880Ada,4,6,0.33437,0.33437,0.334889,0.335407,0.335407,0.334889,0.997367
2026-07-28T07:34:55+00:00,bid,RTX 6000Ada,11,19,0.178926,0.388333,0.401111,0.40237,0.680889,0.401296,0.996089
2026-07-28T07:34:55+00:00,bid,RTX A2000,1,1,0.400148,0.400148,0.400148,0.400148,0.400148,,0.994237
2026-07-28T07:34:55+00:00,bid,RTX A4000,5,37,0.106801,0.106852,0.133611,0.133611,0.134444,,0.97131
2026-07-28T07:34:55+00:00,bid,RTX A5000,8,10,0.108519,0.11037,0.251852,0.334259,0.334815,0.11037,0.997173
2026-07-28T07:34:55+00:00,bid,RTX A6000,8,26,0.253611,0.254306,0.304972,0.334306,0.374444,,0.964741
2026-07-28T07:34:55+00:00,bid,RTX PRO 2000,1,2,0.134074,0.134074,0.134074,0.134074,0.134074,,0.964887
2026-07-28T07:34:55+00:00,bid,RTX PRO 4000,13,25,0.067222,0.068889,0.217037,0.240889,0.244741,0.225741,0.983636
2026-07-28T07:34:55+00:00,bid,RTX PRO 5000,16,27,0.135111,0.401296,0.482889,0.533704,0.741807,0.482889,0.992221
2026-07-28T07:34:55+00:00,bid,RTX PRO 6000 S,18,62,0.780229,1.063426,1.068889,1.200972,1.493611,1.068148,0.998279
2026-07-28T07:34:55+00:00,bid,RTX PRO 6000 WS,19,40,0.269778,0.674815,0.935185,1.016296,1.337037,0.987222,0.9915
2026-07-28T07:34:55+00:00,bid,Tesla P100,3,4,0.041481,0.087963,0.134444,0.135,0.135556,0.135,0.987268
2026-07-28T07:34:55+00:00,bid,Tesla P4,1,1,0.011926,0.011926,0.011926,0.011926,0.011926,,0.990414
2026-07-28T07:34:55+00:00,bid,Tesla P40,2,6,0.065889,0.066028,0.066167,0.066306,0.066444,0.066167,0.992846
2026-07-28T07:34:55+00:00,bid,Tesla T4,2,3,3.400741,3.400926,3.401111,3.401296,3.401481,,0.972398
2026-07-28T07:34:55+00:00,bid,Tesla V100,10,17,0.095037,0.105259,0.161389,0.190972,0.202222,0.162222,0.998762
2026-07-28T07:34:55+00:00,bid,Titan RTX,2,3,0.094444,0.104722,0.115,0.125278,0.135556,0.115,0.875873
2026-07-28T07:34:55+00:00,bid,Titan Xp,1,1,0.042222,0.042222,0.042222,0.042222,0.042222,0.042222,0.995993
2026-07-28T07:39:55+00:00,on-demand,A100 PCIE,9,21,0.268148,0.334444,0.602963,0.935333,1.537739,0.868148,0.9944
2026-07-28T07:39:55+00:00,on-demand,A100 SXM4,20,55,0.40037,0.851713,1.067083,1.188333,1.264406,1.067222,0.992888
2026-07-28T07:39:55+00:00,on-demand,A10g,1,1,0.121185,0.121185,0.121185,0.121185,0.121185,,0.618804
2026-07-28T07:39:55+00:00,on-demand,A800 PCIE,3,7,0.667222,0.6675,0.667778,0.668333,0.668889,,0.994222
2026-07-28T07:39:55+00:00,on-demand,B200,10,32,5.625174,5.86901,5.909028,6.278776,7.752083,5.909028,0.991516
2026-07-28T07:39:55+00:00,on-demand,B300,4,21,6.25026,6.250456,6.876302,7.814236,8.750694,7.502083,0.992807
2026-07-28T07:39:55+00:00,on-demand,CMP 170HX,6,28,0.124444,0.253542,0.25375,0.254306,0.255556,,0.828833
2026-07-28T07:39:55+00:00,on-demand,GTX 1050 Ti,1,1,0.611111,0.611111,0.611111,0.611111,0.611111,,0.967997
2026-07-28T07:39:55+00:00,on-demand,GTX 1060,3,4,0.087778,0.087963,0.088148,0.216296,0.344444,0.087963,0.999275
2026-07-28T07:39:55+00:00,on-demand,GTX 1070,2,2,0.202222,0.284444,0.366667,0.448889,0.531111,0.531111,0.981996
2026-07-28T07:39:55+00:00,on-demand,GTX 1070 Ti,1,4,0.048556,0.048556,0.048556,0.048556,0.048556,0.048556,0.997335
2026-07-28T07:39:55+00:00,on-demand,GTX 1080,5,12,0.027778,0.032148,0.04837,0.049111,0.050222,0.049111,0.995383
2026-07-28T07:39:55+00:00,on-demand,GTX 1080 Ti,10,31,0.042667,0.060602,0.062222,0.076183,0.081111,0.072048,0.996187
2026-07-28T07:39:55+00:00,on-demand,GTX 1650 S,1,1,0.677778,0.677778,0.677778,0.677778,0.677778,,0.970527
2026-07-28T07:39:55+00:00,on-demand,GTX 1660,1,4,0.067963,0.067963,0.067963,0.067963,0.067963,0.067963,0.996875
2026-07-28T07:39:55+00:00,on-demand,GTX 1660 Ti,1,1,0.611111,0.611111,0.611111,0.611111,0.611111,0.611111,0.972552
2026-07-28T07:39:55+00:00,on-demand,H100 NVL,5,9,1.602222,2.401333,2.591852,2.642222,3.333889,2.617037,0.988753
2026-07-28T07:39:55+00:00,on-demand,H100 PCIE,4,18,1.720148,1.720259,1.860426,2.000694,2.001111,1.720222,0.966247
2026-07-28T07:39:55+00:00,on-demand,H100 SXM,9,25,1.334074,1.733889,2.200741,3.002667,5.502222,2.200741,0.991596
2026-07-28T07:39:55+00:00,on-demand,H200,5,17,4.080044,4.08114,4.605811,4.60636,7.434759,4.605811,0.999347
2026-07-28T07:39:55+00:00,on-demand,H200 NVL,8,15,2.800741,3.268056,3.9625,4.279556,6.122222,3.966667,0.991903
2026-07-28T07:39:55+00:00,on-demand,L4,4,8,0.202222,0.300972,0.334167,0.334722,0.335556,0.334444,0.998475
2026-07-28T07:39:55+00:00,on-demand,L40,3,6,0.454074,0.514815,0.575556,0.576667,0.577778,0.575556,0.985869
2026-07-28T07:39:55+00:00,on-demand,L40S,11,36,0.400741,0.601111,0.800926,1.069444,2.442222,1.067593,0.995735
2026-07-28T07:39:55+00:00,on-demand,Q RTX 5000,2,3,0.080741,0.080926,0.081111,0.081296,0.081481,,0.975577
2026-07-28T07:39:55+00:00,on-demand,Q RTX 8000,2,3,0.254074,0.254259,0.254444,0.25463,0.254815,0.254444,0.998673
2026-07-28T07:39:55+00:00,on-demand,Quadro GV100,1,1,0.467407,0.467407,0.467407,0.467407,0.467407,,0.968426
2026-07-28T07:39:55+00:00,on-demand,Quadro P4000,4,6,0.047704,0.052759,0.060722,0.067083,0.067333,0.067167,0.993948
2026-07-28T07:39:55+00:00,on-demand,RTX 2060,1,1,0.411111,0.411111,0.411111,0.411111,0.411111,0.411111,0.979488
2026-07-28T07:39:55+00:00,on-demand,RTX 2060S,1,2,0.049111,0.049111,0.049111,0.049111,0.049111,,0.981774
2026-07-28T07:39:55+00:00,on-demand,RTX 2070S,2,13,0.073498,0.073549,0.073601,0.073652,0.073704,,0.987424
2026-07-28T07:39:55+00:00,on-demand,RTX 2080 Ti,6,24,0.068889,0.075674,0.08003,0.08005,0.080074,0.080032,0.995835
2026-07-28T07:39:55+00:00,on-demand,RTX 2080S,1,1,0.744444,0.744444,0.744444,0.744444,0.744444,0.744444,0.972804
2026-07-28T07:39:55+00:00,on-demand,RTX 3060,15,47,0.027778,0.055,0.073519,0.336296,1.335556,0.11368,0.992805
2026-07-28T07:39:55+00:00,on-demand,RTX 3060 Ti,2,2,0.040889,0.130556,0.220222,0.309889,0.399556,0.399556,0.99508
2026-07-28T07:39:55+00:00,on-demand,RTX 3060 laptop,4,12,0.026685,0.037505,0.041667,0.049074,0.06963,0.06963,0.9979
2026-07-28T07:39:55+00:00,on-demand,RTX 3070,17,52,0.041111,0.081852,0.107037,0.161852,0.668148,0.120509,0.989429
2026-07-28T07:39:55+00:00,on-demand,RTX 3080,13,49,0.060222,0.107778,0.113556,0.143222,0.251496,0.113556,0.993892
2026-07-28T07:39:55+00:00,on-demand,RTX 3080 Ti,3,3,0.068889,0.105556,0.142222,0.218889,0.295556,0.218889,0.99499
2026-07-28T07:39:55+00:00,on-demand,RTX 3090,48,133,0.093889,0.147153,0.200787,0.363407,1.336296,0.248148,0.980906
2026-07-28T07:39:55+00:00,on-demand,RTX 3090 Ti,1,1,0.175556,0.175556,0.175556,0.175556,0.175556,,0.993142
2026-07-28T07:39:55+00:00,on-demand,RTX 4000Ada,2,3,0.147556,0.161222,0.174889,0.188556,0.202222,,0.989345
2026-07-28T07:39:55+00:00,on-demand,RTX 4060,6,17,0.060556,0.06113,0.061333,0.063704,2.677778,0.061296,0.995059
2026-07-28T07:39:55+00:00,on-demand,RTX 4060 Ti,4,6,0.081111,0.081944,0.082963,0.086056,0.093111,0.088407,0.984537
2026-07-28T07:39:55+00:00,on-demand,RTX 4070,4,8,0.080556,0.080972,0.081667,0.085741,0.096296,0.096296,0.995687
2026-07-28T07:39:55+00:00,on-demand,RTX 4070 Ti,8,23,0.09037,0.092972,0.09375,0.094278,0.202222,0.093889,0.988081
2026-07-28T07:39:55+00:00,on-demand,RTX 4070S,10,40,0.081204,0.082407,0.084815,0.088426,0.093889,0.087222,0.979014
2026-07-28T07:39:55+00:00,on-demand,RTX 4070S Ti,13,34,0.094444,0.122407,0.12963,0.247778,0.268889,0.247778,0.993843
2026-07-28T07:39:55+00:00,on-demand,RTX 4080,3,4,0.121481,0.154963,0.188444,0.228667,0.268889,0.268889,0.970895
2026-07-28T07:39:55+00:00,on-demand,RTX 4080S,14,45,0.098222,0.149444,0.18125,0.201833,0.213889,0.147778,0.98933
2026-07-28T07:39:55+00:00,on-demand,RTX 4090,51,174,0.134444,0.33375,0.402222,0.683148,1.337037,0.582778,0.994567
2026-07-28T07:39:55+00:00,on-demand,RTX 4090D,3,7,0.667222,0.6675,0.667778,0.668333,0.668889,,0.967226
2026-07-28T07:39:55+00:00,on-demand,RTX 5000Ada,3,4,0.427778,0.428333,0.428889,0.442222,0.455556,0.428333,0.996508
2026-07-28T07:39:55+00:00,on-demand,RTX 5060,5,6,0.05363,0.075185,0.077037,0.148889,0.182222,0.077037,0.994826
2026-07-28T07:39:55+00:00,on-demand,RTX 5060 Ti,10,25,0.071852,0.094028,0.10763,0.164815,0.227407,0.147259,0.994403
2026-07-28T07:39:55+00:00,on-demand,RTX 5070,12,22,0.081852,0.092731,0.109444,0.162222,1.015556,0.124352,0.991928
2026-07-28T07:39:55+00:00,on-demand,RTX 5070 Ti,7,13,0.120556,0.148148,0.162222,0.194815,0.401333,0.162222,0.997777
2026-07-28T07:39:55+00:00,on-demand,RTX 5080,15,44,0.133611,0.161667,0.173889,0.200926,0.257037,0.200741,0.978694
2026-07-28T07:39:55+00:00,on-demand,RTX 5090,43,130,0.266852,0.467259,0.600795,0.734167,3.614444,0.643102,0.994122
2026-07-28T07:39:55+00:00,on-demand,RTX 5880Ada,3,7,0.453852,0.454111,0.45437,0.454889,0.455407,0.45437,0.997517
2026-07-28T07:39:55+00:00,on-demand,RTX 6000Ada,7,16,0.440556,0.540833,0.640741,0.655333,0.787778,0.641111,0.994773
2026-07-28T07:39:55+00:00,on-demand,RTX A2000,3,4,0.034074,0.035111,0.036148,0.264815,0.493481,,0.995172
2026-07-28T07:39:55+00:00,on-demand,RTX A4000,3,21,0.071778,0.102623,0.133468,0.14154,0.149611,,0.987559
2026-07-28T07:39:55+00:00,on-demand,RTX A5000,4,10,0.240332,0.309472,20.16663,40.000926,40.001481,0.286425,0.985597
2026-07-28T07:39:55+00:00,on-demand,RTX A6000,9,44,0.266944,0.373651,0.374074,0.400278,0.400556,0.400417,0.990273
2026-07-28T07:39:55+00:00,on-demand,RTX PRO 4000,10,23,0.175037,0.204722,0.266074,0.321235,0.337037,0.320988,0.993181
2026-07-28T07:39:55+00:00,on-demand,RTX PRO 4500,1,1,0.294074,0.294074,0.294074,0.294074,0.294074,0.294074,0.997524
2026-07-28T07:39:55+00:00,on-demand,RTX PRO 5000,14,24,0.373333,0.640833,0.6675,0.843241,1.110415,0.667778,0.987392
2026-07-28T07:39:55+00:00,on-demand,RTX PRO 6000 S,14,47,1.267222,1.534028,1.54125,1.667153,1.736296,1.546944,0.998279
2026-07-28T07:39:55+00:00,on-demand,RTX PRO 6000 WS,18,48,0.935556,1.106481,1.33537,1.599676,26.668148,1.33537,0.991418
2026-07-28T07:39:55+00:00,on-demand,Tesla P100,5,10,0.054815,0.081481,0.087407,0.201111,0.202222,0.144259,0.987268
2026-07-28T07:39:55+00:00,on-demand,Tesla P4,1,1,0.023259,0.023259,0.023259,0.023259,0.023259,,0.990414
2026-07-28T07:39:55+00:00,on-demand,Tesla P40,2,6,0.132556,0.132694,0.132833,0.132972,0.133111,0.132833,0.992846
2026-07-28T07:39:55+00:00,on-demand,Tesla T4,2,3,12.000741,12.000926,12.001111,12.001296,12.001481,,0.972398
2026-07-28T07:39:55+00:00,on-demand,Tesla V100,11,33,0.106944,0.108333,0.167222,0.268056,0.334444,0.268056,0.984975
2026-07-28T07:39:55+00:00,on-demand,Titan RTX,2,3,0.147778,0.151389,0.155,0.158611,0.162222,0.155,0.875873
2026-07-28T07:39:55+00:00,on-demand,Titan Xp,1,1,0.055556,0.055556,0.055556,0.055556,0.055556,0.055556,0.997705
2026-07-28T07:39:55+00:00,bid,A100 PCIE,18,28,0.131556,0.134722,0.135556,0.174806,0.46963,0.173556,0.990448
2026-07-28T07:39:55+00:00,bid,A100 SXM4,18,40,0.135556,0.605185,0.800889,0.852333,0.987222,0.637037,0.991352
2026-07-28T07:39:55+00:00,bid,A800 PCIE,7,12,0.129889,0.130444,0.131556,0.131556,0.131556,,0.994222
2026-07-28T07:39:55+00:00,bid,B200,13,58,3.750174,5.625347,5.877604,7.37526,7.377083,5.877604,0.975112
2026-07-28T07:39:55+00:00,bid,B300,4,21,3.752083,4.688542,5.312977,5.625326,5.625521,3.752083,0.992807
2026-07-28T07:39:55+00:00,bid,CMP 170HX,11,37,0.105778,0.200231,0.200556,0.201667,0.202222,,0.828833
2026-07-28T07:39:55+00:00,bid,GTX 1050 Ti,1,1,0.024444,0.024444,0.024444,0.024444,0.024444,,0.967997
2026-07-28T07:39:55+00:00,bid,GTX 1060,2,2,0.031111,0.04037,0.04963,0.058889,0.068148,0.068148,0.989024
2026-07-28T07:39:55+00:00,bid,GTX 1070,2,2,0.015556,0.017778,0.02,0.022222,0.024444,0.024444,0.981996
2026-07-28T07:39:55+00:00,bid,GTX 1070 Ti,2,5,0.040556,0.040972,0.041389,0.041806,0.042222,0.041389,0.992238
2026-07-28T07:39:55+00:00,bid,GTX 1080,4,11,0.028889,0.0375,0.040741,0.044259,0.053704,0.041111,0.996078
2026-07-28T07:39:55+00:00,bid,GTX 1080 Ti,15,45,0.029333,0.040648,0.041111,0.047937,0.054444,0.047937,0.997198
2026-07-28T07:39:55+00:00,bid,GTX 1650 S,1,1,0.04,0.04,0.04,0.04,0.04,,0.970527
2026-07-28T07:39:55+00:00,bid,GTX 1660 Ti,3,7,0.037778,0.046111,0.054444,0.055,0.055556,0.054444,0.997413
2026-07-28T07:39:55+00:00,bid,H100 NVL,7,11,0.806519,0.935333,0.936,1.389259,2.000556,0.936,0.95336
2026-07-28T07:39:55+00:00,bid,H100 PCIE,5,22,0.733481,0.73363,0.73363,1.333889,1.334445,0.73363,0.965034
2026-07-28T07:39:55+00:00,bid,H100 SXM,9,24,1.067037,1.068148,2.000222,2.005333,4.002222,2.004,0.990278
2026-07-28T07:39:55+00:00,bid,H200,5,17,1.934759,1.935307,3.816886,3.817982,7.171601,3.816886,0.999347
2026-07-28T07:39:55+00:00,bid,H200 NVL,12,18,0.403778,0.852472,1.006667,1.336555,2.255556,1.006667,0.991988
2026-07-28T07:39:55+00:00,bid,L4,6,15,0.202222,0.2675,0.269815,0.308296,0.320556,0.269815,0.997919
2026-07-28T07:39:55+00:00,bid,L40,5,9,0.267407,0.468889,0.468889,0.471111,0.471111,0.468889,0.985869
2026-07-28T07:39:55+00:00,bid,L40S,24,78,0.200185,0.333657,0.535,0.540741,0.801852,0.537037,0.997656
2026-07-28T07:39:55+00:00,bid,Q RTX 5000,1,2,0.054074,0.054074,0.054074,0.054074,0.054074,,0.975577
2026-07-28T07:39:55+00:00,bid,Quadro GV100,1,1,0.134074,0.134074,0.134074,0.134074,0.134074,,0.968426
2026-07-28T07:39:55+00:00,bid,Quadro P4000,4,6,0.041111,0.041944,0.047944,0.055806,0.062222,0.057944,0.945587
2026-07-28T07:39:55+00:00,bid,RTX 2060,3,4,0.031111,0.036111,0.041111,0.188333,0.335556,0.041111,0.992997
2026-07-28T07:39:55+00:00,bid,RTX 2060S,3,5,0.041111,0.044,0.046889,0.085296,0.123704,0.085296,0.947127
2026-07-28T07:39:55+00:00,bid,RTX 2070S,4,25,0.066831,0.066847,0.066944,0.067037,0.067037,,0.987424
2026-07-28T07:39:55+00:00,bid,RTX 2080 Ti,7,11,0.037778,0.042667,0.067802,0.088259,0.108889,0.068086,0.996198
2026-07-28T07:39:55+00:00,bid,RTX 2080S,1,1,0.037778,0.037778,0.037778,0.037778,0.037778,0.037778,0.972804
2026-07-28T07:39:55+00:00,bid,RTX 3060,19,59,0.024741,0.043852,0.053889,0.085481,0.202222,0.066944,0.992805
2026-07-28T07:39:55+00:00,bid,RTX 3060 Ti,1,1,0.268889,0.268889,0.268889,0.268889,0.268889,0.268889,0.993309
2026-07-28T07:39:55+00:00,bid,RTX 3060 laptop,2,10,0.018019,0.023125,0.028231,0.033338,0.038444,,0.991211
2026-07-28T07:39:55+00:00,bid,RTX 3070,18,47,0.026944,0.041389,0.067593,0.078426,0.495556,0.068148,0.992538
2026-07-28T07:39:55+00:00,bid,RTX 3070 Ti,1,2,0.054444,0.054444,0.054444,0.054444,0.054444,,0.996722
2026-07-28T07:39:55+00:00,bid,RTX 3070 laptop,1,1,0.022222,0.022222,0.022222,0.022222,0.022222,,0.879179
2026-07-28T07:39:55+00:00,bid,RTX 3080,15,41,0.041111,0.064213,0.068074,0.138056,0.24083,0.121481,0.988028
2026-07-28T07:39:55+00:00,bid,RTX 3080 Ti,7,7,0.028889,0.069037,0.088889,0.138148,0.188889,0.100741,0.994671
2026-07-28T07:39:55+00:00,bid,RTX 3090,64,149,0.015778,0.096944,0.121574,0.147639,0.295556,0.146944,0.99261
2026-07-28T07:39:55+00:00,bid,RTX 4000Ada,2,3,0.054222,0.081222,0.108222,0.135222,0.162222,,0.989345
2026-07-28T07:39:55+00:00,bid,RTX 4060,3,3,0.054519,0.055037,0.055556,0.06963,0.083704,0.06963,0.991713
2026-07-28T07:39:55+00:00,bid,RTX 4060 Ti,8,17,0.034444,0.048889,0.055111,0.076056,0.101111,0.055111,0.995054
2026-07-28T07:39:55+00:00,bid,RTX 4070,4,6,0.054444,0.054444,0.055,0.078889,0.148889,0.055,0.999217
2026-07-28T07:39:55+00:00,bid,RTX 4070 Ti,2,2,0.108148,0.108333,0.108519,0.108704,0.108889,0.108889,0.989563
2026-07-28T07:39:55+00:00,bid,RTX 4070S,11,37,0.06787,0.069074,0.071481,0.073889,0.244444,0.070278,0.980225
2026-07-28T07:39:55+00:00,bid,RTX 4070S Ti,16,40,0.095741,0.102963,0.164583,0.167778,0.202222,0.167222,0.999419
2026-07-28T07:39:55+00:00,bid,RTX 4080,4,4,0.169778,0.194111,0.228889,0.255556,0.255556,0.255556,0.995497
2026-07-28T07:39:55+00:00,bid,RTX 4080S,9,22,0.108889,0.142222,0.188741,0.200278,0.201037,0.194963,0.997521
2026-07-28T07:39:55+00:00,bid,RTX 4090,70,194,0.108889,0.228741,0.334167,0.405926,1.005037,0.400694,0.996175
2026-07-28T07:39:55+00:00,bid,RTX 4090D,4,8,0.604556,0.604972,0.605667,0.606222,0.606222,,0.967226
2026-07-28T07:39:55+00:00,bid,RTX 5000Ada,3,4,0.268889,0.295,0.321111,0.321667,0.322222,0.321111,0.996508
2026-07-28T07:39:55+00:00,bid,RTX 5060,5,6,0.040296,0.055556,0.063556,0.095556,0.148889,0.063556,0.99314
2026-07-28T07:39:55+00:00,bid,RTX 5060 Ti,20,43,0.054074,0.081173,0.107315,0.134074,0.159778,0.103963,0.997079
2026-07-28T07:39:55+00:00,bid,RTX 5070,8,9,0.042222,0.078704,0.095,0.105556,0.14963,0.135556,0.976647
2026-07-28T07:39:55+00:00,bid,RTX 5070 Ti,17,35,0.082222,0.107222,0.107778,0.133926,0.268,0.121407,0.997397
2026-07-28T07:39:55+00:00,bid,RTX 5080,22,48,0.081111,0.115407,0.14163,0.200972,0.254815,0.200556,0.989764
2026-07-28T07:39:55+00:00,bid,RTX 5090,62,162,0.093611,0.248676,0.355093,0.421389,1.468889,0.272593,0.996589
2026-07-28T07:39:55+00:00,bid,RTX 5880Ada,2,3,0.33437,0.33463,0.334889,0.335148,0.335407,0.334889,0.997367
2026-07-28T07:39:55+00:00,bid,RTX 6000Ada,13,23,0.387222,0.388889,0.402519,0.548519,0.775556,0.547593,0.991626
2026-07-28T07:39:55+00:00,bid,RTX A2000,1,1,0.400148,0.400148,0.400148,0.400148,0.400148,,0.994237
2026-07-28T07:39:55+00:00,bid,RTX A4000,6,43,0.030237,0.106814,0.120204,0.133597,0.134444,0.030237,0.97131
2026-07-28T07:39:55+00:00,bid,RTX A5000,9,15,0.021556,0.11037,0.176852,0.334074,0.334815,0.11037,0.97177
2026-07-28T07:39:55+00:00,bid,RTX A6000,9,36,0.202593,0.253889,0.321111,0.373889,0.374444,0.37375,0.991343
2026-07-28T07:39:55+00:00,bid,RTX PRO 2000,1,2,0.134074,0.134074,0.134074,0.134074,0.134074,,0.964887
2026-07-28T07:39:55+00:00,bid,RTX PRO 4000,12,27,0.067222,0.068278,0.152222,0.240778,0.242222,0.240741,0.983636
2026-07-28T07:39:55+00:00,bid,RTX PRO 4500,1,1,0.068741,0.068741,0.068741,0.068741,0.068741,0.068741,0.997524
2026-07-28T07:39:55+00:00,bid,RTX PRO 5000,16,27,0.135111,0.351852,0.468889,0.533981,0.730607,0.468889,0.990763
2026-07-28T07:39:55+00:00,bid,RTX PRO 6000 S,16,40,0.780229,1.068148,1.06963,1.302222,1.493611,1.06963,0.998472
2026-07-28T07:39:55+00:00,bid,RTX PRO 6000 WS,24,44,0.375111,0.676889,0.93,1.001389,1.602222,0.981852,0.992807
2026-07-28T07:39:55+00:00,bid,Tesla P100,3,4,0.041481,0.087963,0.134444,0.135,0.135556,0.135,0.987268
2026-07-28T07:39:55+00:00,bid,Tesla P4,1,1,0.011926,0.011926,0.011926,0.011926,0.011926,,0.990414
2026-07-28T07:39:55+00:00,bid,Tesla P40,3,8,0.065889,0.066167,0.066444,0.066444,0.066444,0.066444,0.992846
2026-07-28T07:39:55+00:00,bid,Tesla T4,3,4,3.400741,3.401111,3.401481,3.401481,3.401481,,0.972398
2026-07-28T07:39:55+00:00,bid,Tesla V100,16,26,0.095037,0.134074,0.162222,0.201111,0.241111,0.170222,0.998762
2026-07-28T07:39:55+00:00,bid,Titan RTX,3,4,0.094444,0.101667,0.108889,0.122222,0.135556,0.108889,0.998335
2026-07-28T07:39:55+00:00,bid,Titan Xp,1,1,0.042222,0.042222,0.042222,0.042222,0.042222,0.042222,0.995993
2026-07-28T07:44:54+00:00,on-demand,A100 PCIE,9,22,0.333611,0.602963,0.937333,1.002222,1.537739,0.968944,0.991645
2026-07-28T07:44:54+00:00,on-demand,A100 SXM4,23,64,0.40037,0.828287,1.066944,1.188667,1.282222,0.89,0.991829
2026-07-28T07:44:54+00:00,on-demand,A10g,1,1,0.121185,0.121185,0.121185,0.121185,0.121185,,0.618804
2026-07-28T07:44:54+00:00,on-demand,A800 PCIE,2,3,0.667778,0.668056,0.668333,0.668611,0.668889,,0.994222
2026-07-28T07:44:54+00:00,on-demand,B200,18,68,5.625174,5.937717,6.064149,6.876823,7.752083,6.064149,0.976058
2026-07-28T07:44:54+00:00,on-demand,B300,4,21,6.25026,6.250456,6.876302,7.814236,8.750694,7.502083,0.992807
2026-07-28T07:44:54+00:00,on-demand,CMP 170HX,5,20,0.124444,0.253519,0.253889,0.254444,0.255556,,0.828833
2026-07-28T07:44:54+00:00,on-demand,GTX 1050 Ti,1,1,0.611111,0.611111,0.611111,0.611111,0.611111,,0.967997
2026-07-28T07:44:54+00:00,on-demand,GTX 1060,3,4,0.087778,0.087963,0.088148,0.216296,0.344444,0.087963,0.999275
2026-07-28T07:44:54+00:00,on-demand,GTX 1070,2,2,0.202222,0.284444,0.366667,0.448889,0.531111,0.531111,0.981996
2026-07-28T07:44:54+00:00,on-demand,GTX 1070 Ti,1,1,0.050222,0.050222,0.050222,0.050222,0.050222,0.050222,0.997213
2026-07-28T07:44:54+00:00,on-demand,GTX 1080,5,15,0.027778,0.027778,0.04837,0.048556,0.049111,0.048556,0.996772
2026-07-28T07:44:54+00:00,on-demand,GTX 1080 Ti,9,26,0.042667,0.060741,0.061111,0.064889,0.081111,0.072603,0.996522
2026-07-28T07:44:54+00:00,on-demand,GTX 1650 S,1,1,0.677778,0.677778,0.677778,0.677778,0.677778,,0.970527
2026-07-28T07:44:54+00:00,on-demand,GTX 1660,1,4,0.067963,0.067963,0.067963,0.067963,0.067963,0.067963,0.996875
2026-07-28T07:44:54+00:00,on-demand,H100 NVL,6,10,1.336296,1.802,2.476593,2.61963,3.333889,2.597037,0.971057
2026-07-28T07:44:54+00:00,on-demand,H100 PCIE,2,6,2.000556,2.000694,2.000833,2.000972,2.001111,,0.96746
2026-07-28T07:44:54+00:00,on-demand,H100 SXM,11,30,1.491111,1.967407,2.201481,3.612111,5.501111,2.201704,0.991596
2026-07-28T07:44:54+00:00,on-demand,H200,5,17,4.080044,4.08114,4.605811,4.60636,7.434759,4.605811,0.999347
2026-07-28T07:44:54+00:00,on-demand,H200 NVL,6,12,2.800741,3.292083,3.9625,3.965833,5.178222,3.965,0.99747
2026-07-28T07:44:54+00:00,on-demand,L4,4,9,0.202222,0.300889,0.333926,0.334444,0.335556,0.334074,0.99853
2026-07-28T07:44:54+00:00,on-demand,L40,2,4,0.454074,0.485,0.515926,0.546852,0.577778,0.515926,0.991889
2026-07-28T07:44:54+00:00,on-demand,L40S,13,39,0.400185,0.466852,0.80037,1.068519,2.442222,1.067593,0.996961
2026-07-28T07:44:54+00:00,on-demand,Q RTX 5000,1,2,0.080741,0.080741,0.080741,0.080741,0.080741,,0.975577
2026-07-28T07:44:54+00:00,on-demand,Q RTX 6000,1,4,0.133704,0.133704,0.133704,0.133704,0.133704,0.133704,0.999605
2026-07-28T07:44:54+00:00,on-demand,Q RTX 8000,2,3,0.254074,0.254259,0.254444,0.25463,0.254815,0.254444,0.998673
2026-07-28T07:44:54+00:00,on-demand,Quadro GV100,1,1,0.467407,0.467407,0.467407,0.467407,0.467407,,0.968426
2026-07-28T07:44:54+00:00,on-demand,Quadro P4000,4,6,0.047704,0.052759,0.060722,0.067083,0.067333,0.067167,0.993948
2026-07-28T07:44:54+00:00,on-demand,RTX 2060,1,1,0.415556,0.415556,0.415556,0.415556,0.415556,0.415556,0.995086
2026-07-28T07:44:54+00:00,on-demand,RTX 2060S,1,2,0.049111,0.049111,0.049111,0.049111,0.049111,,0.981774
2026-07-28T07:44:54+00:00,on-demand,RTX 2070S,3,21,0.073498,0.073508,0.073519,0.073611,0.073704,,0.987424
2026-07-28T07:44:54+00:00,on-demand,RTX 2080 Ti,9,28,0.068889,0.080028,0.080056,0.087802,0.811111,0.080056,0.99484
2026-07-28T07:44:54+00:00,on-demand,RTX 2080S,1,1,0.744444,0.744444,0.744444,0.744444,0.744444,0.744444,0.972804
2026-07-28T07:44:54+00:00,on-demand,RTX 3060,11,40,0.032889,0.055,0.067222,0.125146,1.334815,0.080278,0.995954
2026-07-28T07:44:54+00:00,on-demand,RTX 3060 Ti,2,2,0.040889,0.130556,0.220222,0.309889,0.399556,0.399556,0.99508
2026-07-28T07:44:54+00:00,on-demand,RTX 3060 laptop,5,14,0.026685,0.041111,0.042222,0.066963,0.134444,0.100704,0.996577
2026-07-28T07:44:54+00:00,on-demand,RTX 3070,15,49,0.041111,0.081852,0.106944,0.186519,0.667407,0.103781,0.988124
2026-07-28T07:44:54+00:00,on-demand,RTX 3080,11,36,0.060278,0.095,0.113444,0.134583,0.251496,0.1135,0.993892
2026-07-28T07:44:54+00:00,on-demand,RTX 3080 Ti,5,6,0.068889,0.081037,0.135185,0.154074,0.295556,0.14463,0.994711
2026-07-28T07:44:54+00:00,on-demand,RTX 3090,43,130,0.093889,0.134907,0.174074,0.302037,1.187407,0.244444,0.985096
2026-07-28T07:44:54+00:00,on-demand,RTX 3090 Ti,1,1,0.175556,0.175556,0.175556,0.175556,0.175556,,0.993142
2026-07-28T07:44:54+00:00,on-demand,RTX 4000Ada,1,1,0.202222,0.202222,0.202222,0.202222,0.202222,,0.994096
2026-07-28T07:44:54+00:00,on-demand,RTX 4060,4,12,0.060556,0.061028,0.061333,0.061852,0.062963,0.061481,0.993857
2026-07-28T07:44:54+00:00,on-demand,RTX 4060 Ti,4,7,0.081111,0.081944,0.087667,0.109981,0.160593,0.126852,0.985859
2026-07-28T07:44:54+00:00,on-demand,RTX 4070,4,8,0.080556,0.080972,0.081667,0.088889,0.108889,0.108889,0.995687
2026-07-28T07:44:54+00:00,on-demand,RTX 4070 Ti,6,18,0.09037,0.093236,0.09375,0.094306,0.202222,0.093889,0.986509
2026-07-28T07:44:54+00:00,on-demand,RTX 4070S,8,30,0.081204,0.082106,0.083611,0.086019,0.08963,0.083611,0.97962
2026-07-28T07:44:54+00:00,on-demand,RTX 4070S Ti,9,24,0.068889,0.122407,0.12963,0.267222,0.268889,0.267083,0.995187
2026-07-28T07:44:54+00:00,on-demand,RTX 4080,5,6,0.121481,0.122963,0.188444,0.228889,0.268889,0.248889,0.970895
2026-07-28T07:44:54+00:00,on-demand,RTX 4080S,10,29,0.124444,0.161389,0.201176,0.210764,0.227704,0.189407,0.994124
2026-07-28T07:44:54+00:00,on-demand,RTX 4090,55,204,0.133889,0.33375,0.428889,0.668889,1.337037,0.561852,0.995346
2026-07-28T07:44:54+00:00,on-demand,RTX 4090D,2,3,0.667778,0.668056,0.668333,0.668611,0.668889,,0.967226
2026-07-28T07:44:54+00:00,on-demand,RTX 5000Ada,3,4,0.427778,0.435,0.442222,0.448889,0.455556,0.435,0.996508
2026-07-28T07:44:54+00:00,on-demand,RTX 5060,4,4,0.05363,0.071185,0.112963,0.157222,0.182222,0.12963,0.993983
2026-07-28T07:44:54+00:00,on-demand,RTX 5060 Ti,15,47,0.071852,0.095,0.113889,0.167222,0.227407,0.160741,0.996791
2026-07-28T07:44:54+00:00,on-demand,RTX 5070,9,17,0.080926,0.088519,0.095556,0.10963,0.162222,0.086111,0.99331
2026-07-28T07:44:54+00:00,on-demand,RTX 5070 Ti,5,6,0.122222,0.134444,0.162222,0.162222,0.401333,0.281778,0.997506
2026-07-28T07:44:54+00:00,on-demand,RTX 5080,15,46,0.133611,0.173714,0.200741,0.227426,0.802963,0.240648,0.991887
2026-07-28T07:44:54+00:00,on-demand,RTX 5090,41,112,0.267778,0.440278,0.507037,0.801112,3.615556,0.656435,0.995556
2026-07-28T07:44:54+00:00,on-demand,RTX 5880Ada,4,15,0.453593,0.453787,0.454111,0.45463,0.455407,0.454111,0.997517
2026-07-28T07:44:54+00:00,on-demand,RTX 6000Ada,7,15,0.440556,0.441667,0.640556,0.655519,0.682222,0.641852,0.989156
2026-07-28T07:44:54+00:00,on-demand,RTX A2000,3,4,0.034074,0.035111,0.036148,0.264815,0.493481,,0.995172
2026-07-28T07:44:54+00:00,on-demand,RTX A4000,4,27,0.093889,0.10375,0.120253,0.133481,0.133519,0.100463,0.98277
2026-07-28T07:44:54+00:00,on-demand,RTX A5000,3,5,0.231778,0.280815,0.329852,0.382704,0.435556,0.329852,0.997911
2026-07-28T07:44:54+00:00,on-demand,RTX A6000,7,33,0.266944,0.373981,0.400278,0.400556,0.401111,0.400417,0.993395
2026-07-28T07:44:54+00:00,on-demand,RTX PRO 4000,11,24,0.200556,0.259074,0.293889,0.321111,0.337037,0.321111,0.983636
2026-07-28T07:44:54+00:00,on-demand,RTX PRO 5000,11,22,0.373333,0.641296,0.667222,0.722037,1.109674,0.667778,0.988839
2026-07-28T07:44:54+00:00,on-demand,RTX PRO 6000 S,12,48,1.267222,1.533819,1.54125,1.683912,1.736296,1.606944,0.996913
2026-07-28T07:44:54+00:00,on-demand,RTX PRO 6000 WS,19,48,0.934444,1.079685,1.33463,1.681991,26.66963,1.331833,0.991418
2026-07-28T07:44:54+00:00,on-demand,Tesla P100,4,8,0.054815,0.079259,0.087778,0.116667,0.202222,0.088148,0.975926
2026-07-28T07:44:54+00:00,on-demand,Tesla P4,1,1,0.025481,0.025481,0.025481,0.025481,0.025481,,0.991885
2026-07-28T07:44:54+00:00,on-demand,Tesla P40,2,6,0.132556,0.132694,0.132833,0.132972,0.133111,0.132833,0.992846
2026-07-28T07:44:54+00:00,on-demand,Tesla T4,2,3,12.000741,12.000926,12.001111,12.001296,12.001481,,0.972398
2026-07-28T07:44:54+00:00,on-demand,Tesla V100,10,31,0.106944,0.108056,0.134296,0.167361,0.268889,0.217222,0.964685
2026-07-28T07:44:54+00:00,on-demand,Titan RTX,2,3,0.147778,0.151389,0.155,0.158611,0.162222,0.155,0.875873
2026-07-28T07:44:54+00:00,on-demand,Titan Xp,1,1,0.055556,0.055556,0.055556,0.055556,0.055556,0.055556,0.997705
2026-07-28T07:44:54+00:00,bid,A100 PCIE,16,20,0.134444,0.135556,0.135556,0.181787,0.46963,0.174111,0.986912
2026-07-28T07:44:54+00:00,bid,A100 SXM4,22,52,0.135556,0.605185,0.801222,0.852333,0.987222,0.637037,0.991352
2026-07-28T07:44:54+00:00,bid,A800 PCIE,6,11,0.129889,0.130444,0.131,0.131556,0.294815,,0.994222
2026-07-28T07:44:54+00:00,bid,B200,10,39,3.750174,5.625521,5.752344,7.031771,7.377083,5.752344,0.982341
2026-07-28T07:44:54+00:00,bid,B300,4,21,3.752083,4.688542,5.312977,5.625326,5.625521,3.752083,0.992807
2026-07-28T07:44:54+00:00,bid,CMP 170HX,10,36,0.105778,0.200208,0.200556,0.201111,0.202222,,0.828833
2026-07-28T07:44:54+00:00,bid,GTX 1050 Ti,1,1,0.024444,0.024444,0.024444,0.024444,0.024444,,0.967997
2026-07-28T07:44:54+00:00,bid,GTX 1060,2,2,0.031111,0.04037,0.04963,0.058889,0.068148,0.068148,0.989024
2026-07-28T07:44:54+00:00,bid,GTX 1070,2,2,0.015556,0.017778,0.02,0.022222,0.024444,0.024444,0.981996
2026-07-28T07:44:54+00:00,bid,GTX 1070 Ti,1,1,0.042222,0.042222,0.042222,0.042222,0.042222,0.042222,0.98714
2026-07-28T07:44:54+00:00,bid,GTX 1080,4,11,0.021111,0.035556,0.040741,0.044259,0.053704,0.041111,0.995752
2026-07-28T07:44:54+00:00,bid,GTX 1080 Ti,14,43,0.029333,0.040602,0.041111,0.050794,0.054444,0.047937,0.995852
2026-07-28T07:44:54+00:00,bid,GTX 1650 S,1,1,0.04,0.04,0.04,0.04,0.04,,0.970527
2026-07-28T07:44:54+00:00,bid,GTX 1660,1,1,0.037778,0.037778,0.037778,0.037778,0.037778,,0.979175
2026-07-28T07:44:54+00:00,bid,GTX 1660 Ti,3,7,0.037778,0.046111,0.054444,0.055,0.055556,0.054444,0.992767
2026-07-28T07:44:54+00:00,bid,H100 NVL,6,10,0.806519,0.935,1.122815,1.429074,2.000556,0.935333,0.95336
2026-07-28T07:44:54+00:00,bid,H100 PCIE,2,6,1.333889,1.334028,1.334167,1.334306,1.334445,,0.96746
2026-07-28T07:44:54+00:00,bid,H100 SXM,12,28,0.602222,1.067407,1.366889,2.003333,4.002222,1.602667,0.9946
2026-07-28T07:44:54+00:00,bid,H200,6,19,1.934759,1.935307,2.876096,3.817708,7.171601,2.876096,0.99838
2026-07-28T07:44:54+00:00,bid,H200 NVL,11,18,0.403778,1.0025,1.006667,1.603666,2.255556,1.005,0.986507
2026-07-28T07:44:54+00:00,bid,L4,4,9,0.201481,0.250926,0.293926,0.320889,0.322222,0.293926,0.99853
2026-07-28T07:44:54+00:00,bid,L40,4,7,0.267407,0.418519,0.47,0.471111,0.471111,0.47,0.985869
2026-07-28T07:44:54+00:00,bid,L40S,21,57,0.200185,0.334444,0.534815,0.540741,0.801852,0.537037,0.998381
2026-07-28T07:44:54+00:00,bid,Q RTX 5000,1,2,0.054074,0.054074,0.054074,0.054074,0.054074,,0.975577
2026-07-28T07:44:54+00:00,bid,Quadro GV100,1,1,0.134074,0.134074,0.134074,0.134074,0.134074,,0.968426
2026-07-28T07:44:54+00:00,bid,Quadro P4000,4,6,0.03437,0.039426,0.047389,0.055806,0.062222,0.057944,0.995173
2026-07-28T07:44:54+00:00,bid,RTX 2060,2,3,0.031111,0.033611,0.036111,0.038611,0.041111,0.036111,0.986243
2026-07-28T07:44:54+00:00,bid,RTX 2060S,3,5,0.041111,0.044,0.046889,0.085296,0.123704,0.085296,0.947127
2026-07-28T07:44:54+00:00,bid,RTX 2070S,3,21,0.066831,0.066842,0.066852,0.066944,0.067037,,0.987424
2026-07-28T07:44:54+00:00,bid,RTX 2080 Ti,6,10,0.037778,0.042444,0.055457,0.068228,0.108148,0.067802,0.994885
2026-07-28T07:44:54+00:00,bid,RTX 2080S,1,1,0.037778,0.037778,0.037778,0.037778,0.037778,0.037778,0.972804
2026-07-28T07:44:54+00:00,bid,RTX 3060,20,61,0.024741,0.044667,0.054167,0.102815,0.137037,0.120593,0.991962
2026-07-28T07:44:54+00:00,bid,RTX 3060 Ti,2,3,0.041852,0.098611,0.15537,0.21213,0.268889,0.15537,0.995958
2026-07-28T07:44:54+00:00,bid,RTX 3060 laptop,5,15,0.014148,0.018019,0.038444,0.066963,0.101111,0.084037,0.996311
2026-07-28T07:44:54+00:00,bid,RTX 3070,21,50,0.026944,0.054259,0.068519,0.093889,0.495556,0.068519,0.989429
2026-07-28T07:44:54+00:00,bid,RTX 3080,12,31,0.041111,0.065579,0.088099,0.136944,0.24083,0.122222,0.988859
2026-07-28T07:44:54+00:00,bid,RTX 3080 Ti,7,10,0.028889,0.098148,0.107407,0.108333,0.188889,0.107778,0.995108
2026-07-28T07:44:54+00:00,bid,RTX 3090,64,152,0.015778,0.102824,0.12213,0.148056,0.295556,0.134667,0.991723
2026-07-28T07:44:54+00:00,bid,RTX 4000Ada,2,3,0.054222,0.081222,0.108222,0.135222,0.162222,,0.989345
2026-07-28T07:44:54+00:00,bid,RTX 4060,4,5,0.054444,0.0545,0.055037,0.062593,0.083704,0.055556,0.991713
2026-07-28T07:44:54+00:00,bid,RTX 4060 Ti,7,14,0.054444,0.062333,0.075778,0.089,0.107259,0.068889,0.994585
2026-07-28T07:44:54+00:00,bid,RTX 4070,4,6,0.054444,0.055278,0.071667,0.103056,0.148889,0.071667,0.999217
2026-07-28T07:44:54+00:00,bid,RTX 4070 Ti,1,1,0.108889,0.108889,0.108889,0.108889,0.108889,0.108889,0.986362
2026-07-28T07:44:54+00:00,bid,RTX 4070S,14,51,0.06787,0.069074,0.071481,0.075093,0.244444,0.071481,0.979014
2026-07-28T07:44:54+00:00,bid,RTX 4070S Ti,15,37,0.056296,0.102963,0.111111,0.1675,0.168889,0.167222,0.995495
2026-07-28T07:44:54+00:00,bid,RTX 4080,3,3,0.169778,0.186,0.202222,0.228889,0.255556,0.228889,0.994297
2026-07-28T07:44:54+00:00,bid,RTX 4080S,10,24,0.108889,0.187315,0.188222,0.188852,0.201037,0.194963,0.98933
2026-07-28T07:44:54+00:00,bid,RTX 4090,73,215,0.134444,0.231852,0.333889,0.402222,1.005037,0.394722,0.995504
2026-07-28T07:44:54+00:00,bid,RTX 4090D,4,8,0.604556,0.604972,0.605667,0.606222,0.606222,,0.967226
2026-07-28T07:44:54+00:00,bid,RTX 5000Ada,4,5,0.268889,0.308056,0.321667,0.322222,0.322222,0.321667,0.996508
2026-07-28T07:44:54+00:00,bid,RTX 5060,7,9,0.040296,0.055,0.063556,0.095556,0.148889,0.063556,0.99314
2026-07-28T07:44:54+00:00,bid,RTX 5060 Ti,21,53,0.054444,0.095185,0.107037,0.134074,0.160889,0.104704,0.996791
2026-07-28T07:44:54+00:00,bid,RTX 5070,5,7,0.054074,0.080222,0.094444,0.144148,0.148148,0.144148,0.987553
2026-07-28T07:44:54+00:00,bid,RTX 5070 Ti,16,30,0.093889,0.107639,0.108889,0.115148,0.268,0.108889,0.995288
2026-07-28T07:44:54+00:00,bid,RTX 5080,18,38,0.081111,0.109306,0.14163,0.17437,0.254815,0.174148,0.991878
2026-07-28T07:44:54+00:00,bid,RTX 5090,66,163,0.093611,0.270694,0.376852,0.527089,1.468889,0.316296,0.996222
2026-07-28T07:44:54+00:00,bid,RTX 5880Ada,4,6,0.33437,0.33437,0.334889,0.335407,0.335407,0.334889,0.997367
2026-07-28T07:44:54+00:00,bid,RTX 6000Ada,15,29,0.139259,0.3875,0.40037,0.475056,0.74963,0.401111,0.994773
2026-07-28T07:44:54+00:00,bid,RTX A2000,1,1,0.400148,0.400148,0.400148,0.400148,0.400148,,0.994237
2026-07-28T07:44:54+00:00,bid,RTX A4000,5,27,0.030237,0.057111,0.106801,0.133611,0.134444,0.030237,0.987559
2026-07-28T07:44:54+00:00,bid,RTX A5000,5,9,0.021556,0.108519,0.11037,0.11037,0.201481,0.109444,0.999424
2026-07-28T07:44:54+00:00,bid,RTX A6000,11,42,0.253611,0.278306,0.373611,0.373889,0.374444,0.373889,0.993395
2026-07-28T07:44:54+00:00,bid,RTX PRO 2000,1,2,0.134074,0.134074,0.134074,0.134074,0.134074,,0.964887
2026-07-28T07:44:54+00:00,bid,RTX PRO 4000,15,27,0.067222,0.068889,0.202222,0.237593,0.241778,0.217037,0.983636
2026-07-28T07:44:54+00:00,bid,RTX PRO 4500,1,1,0.068741,0.068741,0.068741,0.068741,0.068741,0.068741,0.997524
2026-07-28T07:44:54+00:00,bid,RTX PRO 5000,18,31,0.135111,0.254074,0.482889,0.534259,0.730607,0.483556,0.992221
2026-07-28T07:44:54+00:00,bid,RTX PRO 6000 S,18,54,0.66963,0.785658,1.062222,1.06963,1.493611,1.065185,0.998279
2026-07-28T07:44:54+00:00,bid,RTX PRO 6000 WS,21,44,0.228889,0.667222,0.933481,1.030815,1.47037,1.028741,0.990304
2026-07-28T07:44:54+00:00,bid,Tesla P100,4,5,0.041481,0.111204,0.135,0.135556,0.135556,0.135556,0.987268
2026-07-28T07:44:54+00:00,bid,Tesla P4,1,1,0.011926,0.011926,0.011926,0.011926,0.011926,,0.990414
2026-07-28T07:44:54+00:00,bid,Tesla P40,3,8,0.065889,0.066167,0.066444,0.066444,0.066444,0.066444,0.992846
2026-07-28T07:44:54+00:00,bid,Tesla T4,3,4,3.400741,3.401111,3.401481,3.401481,3.401481,,0.972398
2026-07-28T07:44:54+00:00,bid,Tesla V100,14,26,0.095037,0.105028,0.161389,0.192972,0.242222,0.166222,0.998762
2026-07-28T07:44:54+00:00,bid,Titan RTX,4,5,0.094444,0.095278,0.102222,0.115556,0.135556,0.102222,0.87581
2026-07-28T07:44:54+00:00,bid,Titan Xp,1,1,0.042222,0.042222,0.042222,0.042222,0.042222,0.042222,0.995993
2026-07-28T07:49:55+00:00,on-demand,A100 PCIE,9,22,0.333611,0.335556,0.669259,1.001111,1.537739,0.75463,0.99529
2026-07-28T07:49:55+00:00,on-demand,A100 SXM4,25,72,0.40037,0.842593,1.028889,1.188,1.262203,1.028889,0.991829
2026-07-28T07:49:55+00:00,on-demand,A10g,1,1,0.121185,0.121185,0.121185,0.121185,0.121185,,0.618804
2026-07-28T07:49:55+00:00,on-demand,A800 PCIE,3,7,0.667222,0.6675,0.667778,0.668333,0.668889,,0.994222
2026-07-28T07:49:55+00:00,on-demand,B200,10,32,5.625174,5.86901,6.063976,7.389779,7.752083,6.063976,0.988452
2026-07-28T07:49:55+00:00,on-demand,B300,4,21,6.25026,6.250456,6.876302,7.814236,8.750694,7.502083,0.992807
2026-07-28T07:49:55+00:00,on-demand,CMP 170HX,6,24,0.121111,0.156713,0.253704,0.254306,0.255556,,0.828833
2026-07-28T07:49:55+00:00,on-demand,GTX 1050 Ti,1,1,0.611111,0.611111,0.611111,0.611111,0.611111,,0.967997
2026-07-28T07:49:55+00:00,on-demand,GTX 1060,3,4,0.087778,0.088333,0.088889,0.216667,0.344444,0.088333,0.999301
2026-07-28T07:49:55+00:00,on-demand,GTX 1070,2,2,0.202222,0.284444,0.366667,0.448889,0.531111,0.531111,0.981996
2026-07-28T07:49:55+00:00,on-demand,GTX 1070 Ti,1,1,0.050222,0.050222,0.050222,0.050222,0.050222,0.050222,0.993653
2026-07-28T07:49:55+00:00,on-demand,GTX 1080,4,11,0.027778,0.043222,0.048741,0.049426,0.05037,0.048741,0.981106
2026-07-28T07:49:55+00:00,on-demand,GTX 1080 Ti,9,26,0.042667,0.060741,0.061111,0.062222,0.081111,0.07127,0.996599
2026-07-28T07:49:55+00:00,on-demand,GTX 1650 S,1,1,0.677778,0.677778,0.677778,0.677778,0.677778,,0.970527
2026-07-28T07:49:55+00:00,on-demand,GTX 1660,1,4,0.067963,0.067963,0.067963,0.067963,0.067963,0.067963,0.996875
2026-07-28T07:49:55+00:00,on-demand,GTX 1660 Ti,1,1,0.611111,0.611111,0.611111,0.611111,0.611111,0.611111,0.972552
2026-07-28T07:49:55+00:00,on-demand,H100 NVL,5,9,1.336296,2.401333,2.510519,2.642222,3.333889,2.57637,0.988753
2026-07-28T07:49:55+00:00,on-demand,H100 PCIE,2,6,2.000556,2.000694,2.000833,2.000972,2.001111,,0.96746
2026-07-28T07:49:55+00:00,on-demand,H100 SXM,12,28,1.334074,2.130833,2.235407,4.280889,5.502222,2.637333,0.9946
2026-07-28T07:49:55+00:00,on-demand,H200,6,18,3.935673,4.080318,4.343476,4.606223,7.434759,4.343476,0.99842
2026-07-28T07:49:55+00:00,on-demand,H200 NVL,8,15,2.800741,3.268056,3.9625,4.259222,5.842222,3.966667,0.991903
2026-07-28T07:49:55+00:00,on-demand,L4,4,9,0.202222,0.300889,0.333926,0.334444,0.335556,0.334074,0.99853
2026-07-28T07:49:55+00:00,on-demand,L40,4,10,0.454074,0.544352,0.575,0.576111,0.577778,0.575,0.985869
2026-07-28T07:49:55+00:00,on-demand,L40S,14,40,0.40037,0.482685,0.768796,1.068287,2.442222,0.934167,0.997432
2026-07-28T07:49:55+00:00,on-demand,Q RTX 5000,1,2,0.080741,0.080741,0.080741,0.080741,0.080741,,0.975577
2026-07-28T07:49:55+00:00,on-demand,Q RTX 6000,1,4,0.133704,0.133704,0.133704,0.133704,0.133704,0.133704,0.999605
2026-07-28T07:49:55+00:00,on-demand,Q RTX 8000,2,3,0.254074,0.258333,0.262593,0.266852,0.271111,0.262593,0.998749
2026-07-28T07:49:55+00:00,on-demand,Quadro GV100,1,1,0.467407,0.467407,0.467407,0.467407,0.467407,,0.968426
2026-07-28T07:49:55+00:00,on-demand,Quadro P4000,4,6,0.054444,0.055278,0.061278,0.067083,0.067333,0.067167,0.945587
2026-07-28T07:49:55+00:00,on-demand,RTX 2060,1,1,0.415556,0.415556,0.415556,0.415556,0.415556,0.415556,0.995086
2026-07-28T07:49:55+00:00,on-demand,RTX 2070S,2,17,0.073498,0.073503,0.073508,0.073513,0.073519,,0.987424
2026-07-28T07:49:55+00:00,on-demand,RTX 2080 Ti,10,29,0.068889,0.080029,0.080083,0.113617,0.811111,0.080083,0.995519
2026-07-28T07:49:55+00:00,on-demand,RTX 2080S,1,1,0.744444,0.744444,0.744444,0.744444,0.744444,0.744444,0.972804
2026-07-28T07:49:55+00:00,on-demand,RTX 3060,13,43,0.027778,0.055556,0.080278,0.334815,1.335556,0.125146,0.994652
2026-07-28T07:49:55+00:00,on-demand,RTX 3060 Ti,2,2,0.040889,0.130556,0.220222,0.309889,0.399556,0.399556,0.99508
2026-07-28T07:49:55+00:00,on-demand,RTX 3060 laptop,4,12,0.026685,0.037505,0.041667,0.048074,0.06563,0.06563,0.998141
2026-07-28T07:49:55+00:00,on-demand,RTX 3070,13,47,0.041111,0.081852,0.106944,0.128148,0.66716,0.107083,0.989429
2026-07-28T07:49:55+00:00,on-demand,RTX 3070 laptop,1,1,0.468889,0.468889,0.468889,0.468889,0.468889,,0.962848
2026-07-28T07:49:55+00:00,on-demand,RTX 3080,13,47,0.060222,0.081111,0.113444,0.143778,0.251496,0.113556,0.993892
2026-07-28T07:49:55+00:00,on-demand,RTX 3080 Ti,4,7,0.068889,0.117917,0.138241,0.180556,0.295556,0.142222,0.991865
2026-07-28T07:49:55+00:00,on-demand,RTX 3090,46,137,0.106944,0.147361,0.220741,0.335278,1.336296,0.249822,0.987698
2026-07-28T07:49:55+00:00,on-demand,RTX 3090 Ti,1,1,0.175556,0.175556,0.175556,0.175556,0.175556,,0.993142
2026-07-28T07:49:55+00:00,on-demand,RTX 4000Ada,2,3,0.147556,0.161222,0.174889,0.188556,0.202222,,0.989345
2026-07-28T07:49:55+00:00,on-demand,RTX 4060,6,15,0.060556,0.060741,0.061704,0.063889,2.677778,0.062222,0.990647
2026-07-28T07:49:55+00:00,on-demand,RTX 4060 Ti,4,6,0.081111,0.081944,0.082222,0.084944,0.093111,0.087667,0.981408
2026-07-28T07:49:55+00:00,on-demand,RTX 4070,4,8,0.080556,0.080972,0.081667,0.086111,0.097778,0.097778,0.995687
2026-07-28T07:49:55+00:00,on-demand,RTX 4070 Ti,6,18,0.09037,0.093236,0.09375,0.094306,0.202222,0.093889,0.986509
2026-07-28T07:49:55+00:00,on-demand,RTX 4070S,11,50,0.081204,0.083611,0.084815,0.091759,0.094537,0.087222,0.979014
2026-07-28T07:49:55+00:00,on-demand,RTX 4070S Ti,9,24,0.068889,0.122222,0.12963,0.266944,0.267778,0.257917,0.995187
2026-07-28T07:49:55+00:00,on-demand,RTX 4080,2,2,0.188444,0.215222,0.242,0.268778,0.295556,0.295556,0.96935
2026-07-28T07:49:55+00:00,on-demand,RTX 4080S,15,46,0.124444,0.161667,0.200519,0.207917,0.327778,0.182222,0.98933
2026-07-28T07:49:55+00:00,on-demand,RTX 4090,53,190,0.133889,0.340741,0.468889,0.73338,1.337037,0.561852,0.995742
2026-07-28T07:49:55+00:00,on-demand,RTX 4090D,3,7,0.667222,0.6675,0.667778,0.668333,0.668889,,0.967226
2026-07-28T07:49:55+00:00,on-demand,RTX 5000Ada,3,4,0.427778,0.428333,0.428889,0.442222,0.455556,0.428333,0.996508
2026-07-28T07:49:55+00:00,on-demand,RTX 5060,4,4,0.075556,0.076667,0.112963,0.157222,0.182222,0.12963,0.989725
2026-07-28T07:49:55+00:00,on-demand,RTX 5060 Ti,15,44,0.071852,0.094444,0.113704,0.147926,0.227407,0.146811,0.99265
2026-07-28T07:49:55+00:00,on-demand,RTX 5070,9,18,0.083704,0.088519,0.095556,0.147407,0.202222,0.117963,0.99331
2026-07-28T07:49:55+00:00,on-demand,RTX 5070 Ti,8,19,0.120556,0.131389,0.175,0.192917,0.200741,0.156296,0.994674
2026-07-28T07:49:55+00:00,on-demand,RTX 5080,17,48,0.133611,0.174444,0.191111,0.267222,0.802963,0.260426,0.987336
2026-07-28T07:49:55+00:00,on-demand,RTX 5090,45,129,0.268889,0.459259,0.600795,0.671852,3.615556,0.667176,0.994122
2026-07-28T07:49:55+00:00,on-demand,RTX 5880Ada,3,7,0.453852,0.454111,0.45437,0.454889,0.455407,0.45437,0.997517
2026-07-28T07:49:55+00:00,on-demand,RTX 6000Ada,8,17,0.440556,0.441944,0.641019,0.650074,0.681111,0.642407,0.991626
2026-07-28T07:49:55+00:00,on-demand,RTX A2000,4,5,0.034074,0.03563,0.036148,0.150481,0.493481,,0.995172
2026-07-28T07:49:55+00:00,on-demand,RTX A4000,4,27,0.093889,0.10375,0.120253,0.13817,0.152278,0.100463,0.990894
2026-07-28T07:49:55+00:00,on-demand,RTX A5000,1,2,0.328519,0.328519,0.328519,0.328519,0.328519,0.328519,0.999424
2026-07-28T07:49:55+00:00,on-demand,RTX A6000,8,38,0.266944,0.373968,0.387361,0.400556,0.401111,0.400417,0.991834
2026-07-28T07:49:55+00:00,on-demand,RTX PRO 2000,1,1,0.174815,0.174815,0.174815,0.174815,0.174815,,0.964887
2026-07-28T07:49:55+00:00,on-demand,RTX PRO 4000,8,16,0.202222,0.253861,0.280796,0.324907,0.337037,0.321481,0.990366
2026-07-28T07:49:55+00:00,on-demand,RTX PRO 5000,13,30,0.373333,0.642222,0.667222,0.841852,1.217274,0.6675,0.985945
2026-07-28T07:49:55+00:00,on-demand,RTX PRO 6000 S,13,46,1.201111,1.535556,1.600556,1.667222,1.736296,1.606944,0.995546
2026-07-28T07:49:55+00:00,on-demand,RTX PRO 6000 WS,21,54,0.722222,1.013889,1.33463,1.587593,26.668148,1.335556,0.991418
2026-07-28T07:49:55+00:00,on-demand,Tesla P100,4,8,0.054815,0.079259,0.087778,0.116667,0.202222,0.088148,0.975926
2026-07-28T07:49:55+00:00,on-demand,Tesla P4,1,1,0.023259,0.023259,0.023259,0.023259,0.023259,,0.990414
2026-07-28T07:49:55+00:00,on-demand,Tesla P40,2,6,0.132556,0.132694,0.132833,0.132972,0.133111,0.132833,0.992846
2026-07-28T07:49:55+00:00,on-demand,Tesla T4,2,3,12.000741,12.000926,12.001111,12.001296,12.001481,,0.972398
2026-07-28T07:49:55+00:00,on-demand,Tesla V100,11,30,0.106944,0.108333,0.148148,0.268333,0.334444,0.268889,0.964685
2026-07-28T07:49:55+00:00,on-demand,Titan RTX,2,3,0.147778,0.151389,0.155,0.158611,0.162222,0.155,0.875873
2026-07-28T07:49:55+00:00,on-demand,Titan Xp,1,1,0.062222,0.062222,0.062222,0.062222,0.062222,0.062222,0.996599
2026-07-28T07:49:55+00:00,bid,A100 PCIE,15,24,0.133889,0.135,0.135556,0.174389,0.464406,0.154556,0.989252
2026-07-28T07:49:55+00:00,bid,A100 SXM4,23,55,0.135556,0.637037,0.801333,0.881389,0.987222,0.674815,0.991829
2026-07-28T07:49:55+00:00,bid,A800 PCIE,7,12,0.129889,0.130444,0.131556,0.131556,0.131556,,0.994222
2026-07-28T07:49:55+00:00,bid,B200,9,38,3.750174,5.626042,5.635417,7.375521,7.377083,5.635417,0.987679
2026-07-28T07:49:55+00:00,bid,B300,4,21,3.752083,4.688542,5.312977,5.625326,5.625521,3.752083,0.992807
2026-07-28T07:49:55+00:00,bid,CMP 170HX,8,28,0.103556,0.176583,0.200556,0.201111,0.202222,,0.828833
2026-07-28T07:49:55+00:00,bid,GTX 1050 Ti,1,1,0.024444,0.024444,0.024444,0.024444,0.024444,,0.967997
2026-07-28T07:49:55+00:00,bid,GTX 1060,2,2,0.031111,0.04037,0.04963,0.058889,0.068148,0.068148,0.989024
2026-07-28T07:49:55+00:00,bid,GTX 1070,2,2,0.015556,0.017778,0.02,0.022222,0.024444,0.024444,0.981996
2026-07-28T07:49:55+00:00,bid,GTX 1070 Ti,1,1,0.042222,0.042222,0.042222,0.042222,0.042222,0.042222,0.997213
2026-07-28T07:49:55+00:00,bid,GTX 1080,4,11,0.028889,0.0375,0.040741,0.044259,0.053704,0.041111,0.995104
2026-07-28T07:49:55+00:00,bid,GTX 1080 Ti,15,45,0.029333,0.040648,0.041111,0.05377,0.055556,0.05377,0.996599
2026-07-28T07:49:55+00:00,bid,GTX 1650 S,1,1,0.04,0.04,0.04,0.04,0.04,,0.970527
2026-07-28T07:49:55+00:00,bid,GTX 1660 Ti,2,5,0.037778,0.041944,0.046111,0.050278,0.054444,0.046111,0.984982
2026-07-28T07:49:55+00:00,bid,H100 NVL,7,11,0.806519,0.935333,0.936,1.389259,2.000556,0.936,0.95336
2026-07-28T07:49:55+00:00,bid,H100 PCIE,3,8,1.333889,1.334167,1.334445,1.334445,1.334445,,0.96746
2026-07-28T07:49:55+00:00,bid,H100 SXM,14,30,0.602222,1.06713,1.09963,2.002667,4.002222,1.535037,0.994477
2026-07-28T07:49:55+00:00,bid,H200,7,19,1.934759,2.876096,3.817251,3.817982,7.171601,3.817251,0.999347
2026-07-28T07:49:55+00:00,bid,H200 NVL,8,13,0.404889,1.002917,1.005,1.359444,1.868889,1.003333,0.99747
2026-07-28T07:49:55+00:00,bid,L4,5,13,0.202222,0.267407,0.268148,0.320444,0.320556,0.268148,0.997952
2026-07-28T07:49:55+00:00,bid,L40,5,9,0.267407,0.468889,0.468889,0.471111,0.471111,0.468889,0.985869
2026-07-28T07:49:55+00:00,bid,L40S,17,47,0.200185,0.533704,0.537037,0.540741,0.801852,0.537037,0.999298
2026-07-28T07:49:55+00:00,bid,Q RTX 5000,1,2,0.054074,0.054074,0.054074,0.054074,0.054074,,0.975577
2026-07-28T07:49:55+00:00,bid,Quadro GV100,1,1,0.134074,0.134074,0.134074,0.134074,0.134074,,0.968426
2026-07-28T07:49:55+00:00,bid,Quadro P4000,4,6,0.041111,0.041944,0.047944,0.05375,0.054,0.053833,0.945587
2026-07-28T07:49:55+00:00,bid,RTX 2060,2,3,0.031111,0.033611,0.036111,0.038611,0.041111,0.036111,0.986243
2026-07-28T07:49:55+00:00,bid,RTX 2060S,3,5,0.041111,0.044,0.046889,0.085296,0.123704,0.085296,0.947127
2026-07-28T07:49:55+00:00,bid,RTX 2070S,2,12,0.066852,0.066898,0.066944,0.066991,0.067037,,0.987424
2026-07-28T07:49:55+00:00,bid,RTX 2080 Ti,6,10,0.037778,0.049278,0.06779,0.069506,0.108889,0.067802,0.996807
2026-07-28T07:49:55+00:00,bid,RTX 2080S,1,1,0.037778,0.037778,0.037778,0.037778,0.037778,0.037778,0.972804
2026-07-28T07:49:55+00:00,bid,RTX 3060,16,47,0.025111,0.051509,0.05463,0.102815,0.137037,0.088813,0.995303
2026-07-28T07:49:55+00:00,bid,RTX 3060 Ti,1,1,0.268889,0.268889,0.268889,0.268889,0.268889,0.268889,0.993309
2026-07-28T07:49:55+00:00,bid,RTX 3060 laptop,6,17,0.014148,0.023875,0.04863,0.072926,0.101111,0.07763,0.997296
2026-07-28T07:49:55+00:00,bid,RTX 3070,16,38,0.026944,0.041944,0.070148,0.096593,0.495556,0.072333,0.980589
2026-07-28T07:49:55+00:00,bid,RTX 3070 laptop,1,1,0.442222,0.442222,0.442222,0.442222,0.442222,,0.962848
2026-07-28T07:49:55+00:00,bid,RTX 3080,10,24,0.041111,0.058426,0.067546,0.128704,0.24083,0.068148,0.988859
2026-07-28T07:49:55+00:00,bid,RTX 3080 Ti,7,7,0.028889,0.069037,0.075556,0.094815,0.188889,0.085556,0.99499
2026-07-28T07:49:55+00:00,bid,RTX 3090,54,130,0.015778,0.09588,0.120833,0.158519,0.294444,0.148889,0.993144
2026-07-28T07:49:55+00:00,bid,RTX 4000Ada,2,3,0.054222,0.081222,0.108222,0.135222,0.162222,,0.989345
2026-07-28T07:49:55+00:00,bid,RTX 4060,4,6,0.054444,0.0545,0.058667,0.068037,0.083704,0.069074,0.984347
2026-07-28T07:49:55+00:00,bid,RTX 4060 Ti,9,17,0.034444,0.055778,0.076889,0.101111,0.108889,0.101111,0.997142
2026-07-28T07:49:55+00:00,bid,RTX 4070,4,8,0.053889,0.055139,0.101667,0.148056,0.148889,0.101667,0.998668
2026-07-28T07:49:55+00:00,bid,RTX 4070 Ti,1,1,0.108889,0.108889,0.108889,0.108889,0.108889,0.108889,0.986362
2026-07-28T07:49:55+00:00,bid,RTX 4070S,9,31,0.06787,0.069074,0.071481,0.076296,0.244444,0.070278,0.979014
2026-07-28T07:49:55+00:00,bid,RTX 4070S Ti,17,38,0.095556,0.102963,0.166944,0.167778,0.202222,0.167778,0.99946
2026-07-28T07:49:55+00:00,bid,RTX 4080,3,3,0.169778,0.212667,0.255556,0.255556,0.255556,0.255556,0.994297
2026-07-28T07:49:55+00:00,bid,RTX 4080S,9,22,0.108889,0.187704,0.200278,0.201037,0.202074,0.202074,0.997767
2026-07-28T07:49:55+00:00,bid,RTX 4090,69,204,0.133889,0.227963,0.334444,0.407407,1.005037,0.400556,0.995842
2026-07-28T07:49:55+00:00,bid,RTX 4090D,3,7,0.604556,0.604833,0.605111,0.605667,0.606222,,0.967226
2026-07-28T07:49:55+00:00,bid,RTX 5000Ada,2,3,0.321111,0.321389,0.321667,0.321944,0.322222,0.321667,0.996508
2026-07-28T07:49:55+00:00,bid,RTX 5060,7,9,0.040296,0.055,0.057778,0.095556,0.148889,0.057778,0.994902
2026-07-28T07:49:55+00:00,bid,RTX 5060 Ti,18,41,0.041111,0.081019,0.107778,0.13463,0.159778,0.12733,0.99738
2026-07-28T07:49:55+00:00,bid,RTX 5070,6,8,0.054074,0.094722,0.115556,0.145,0.162222,0.141852,0.979452
2026-07-28T07:49:55+00:00,bid,RTX 5070 Ti,14,26,0.068889,0.096204,0.107778,0.108889,0.157037,0.094167,0.994086
2026-07-28T07:49:55+00:00,bid,RTX 5080,19,38,0.082222,0.120907,0.161111,0.174852,0.254815,0.174852,0.986578
2026-07-28T07:49:55+00:00,bid,RTX 5090,62,151,0.096222,0.268333,0.374185,0.480903,1.602222,0.374667,0.996554
2026-07-28T07:49:55+00:00,bid,RTX 5880Ada,4,6,0.33437,0.33437,0.334889,0.335407,0.335407,0.334889,0.997367
2026-07-28T07:49:55+00:00,bid,RTX 6000Ada,15,26,0.139259,0.388333,0.401111,0.508241,0.680889,0.467704,0.994773
2026-07-28T07:49:55+00:00,bid,RTX A2000,2,2,0.043704,0.132815,0.221926,0.311037,0.400148,0.043704,0.996148
2026-07-28T07:49:55+00:00,bid,RTX A4000,6,43,0.030237,0.069534,0.106827,0.12688,0.133611,0.030237,0.987559
2026-07-28T07:49:55+00:00,bid,RTX A5000,6,11,0.021556,0.043713,0.109444,0.11037,0.201481,0.108519,0.99793
2026-07-28T07:49:55+00:00,bid,RTX A6000,8,30,0.253889,0.254306,0.347361,0.373889,0.374444,0.37375,0.982166
2026-07-28T07:49:55+00:00,bid,RTX PRO 2000,1,2,0.134074,0.134074,0.134074,0.134074,0.134074,,0.964887
2026-07-28T07:49:55+00:00,bid,RTX PRO 4000,15,30,0.067222,0.068667,0.202222,0.240617,0.241778,0.228765,0.983636
2026-07-28T07:49:55+00:00,bid,RTX PRO 4500,1,1,0.068741,0.068741,0.068741,0.068741,0.068741,0.068741,0.997524
2026-07-28T07:49:55+00:00,bid,RTX PRO 5000,16,36,0.135111,0.398611,0.483417,0.533981,0.730607,0.483417,0.990297
2026-07-28T07:49:55+00:00,bid,RTX PRO 6000 S,17,46,0.780229,0.802963,1.06963,1.268889,1.493611,1.06963,0.997403
2026-07-28T07:49:55+00:00,bid,RTX PRO 6000 WS,17,33,0.535926,0.922963,0.940741,1.320463,1.602222,0.964259,0.992426
2026-07-28T07:49:55+00:00,bid,Tesla P100,3,4,0.041481,0.087963,0.134444,0.135,0.135556,0.135,0.987268
2026-07-28T07:49:55+00:00,bid,Tesla P4,1,1,0.011926,0.011926,0.011926,0.011926,0.011926,,0.990414
2026-07-28T07:49:55+00:00,bid,Tesla P40,3,8,0.065889,0.066167,0.066444,0.066444,0.066444,0.066444,0.992846
2026-07-28T07:49:55+00:00,bid,Tesla T4,3,4,3.400741,3.401111,3.401481,3.401481,3.401481,,0.972398
2026-07-28T07:49:55+00:00,bid,Tesla V100,11,21,0.08037,0.095407,0.133704,0.147685,0.242222,0.147685,0.992262
2026-07-28T07:49:55+00:00,bid,Titan RTX,3,4,0.094444,0.101667,0.108889,0.122222,0.135556,0.108889,0.998335
2026-07-28T07:49:55+00:00,bid,Titan Xp,1,1,0.042222,0.042222,0.042222,0.042222,0.042222,0.042222,0.995993
2026-07-28T07:54:56+00:00,on-demand,A100 PCIE,9,21,0.333611,0.335556,0.669259,1.002222,1.537739,0.868148,0.9944
2026-07-28T07:54:56+00:00,on-demand,A100 SXM4,24,61,0.40037,0.817593,1.021611,1.1875,1.282222,0.934815,0.995695
2026-07-28T07:54:56+00:00,on-demand,A10g,1,1,0.121185,0.121185,0.121185,0.121185,0.121185,,0.618804
2026-07-28T07:54:56+00:00,on-demand,A800 PCIE,3,7,0.667222,0.6675,0.667778,0.668333,0.668889,,0.994222
2026-07-28T07:54:56+00:00,on-demand,B200,8,30,5.865104,5.871615,5.908941,6.580143,7.752083,5.908941,0.992338
2026-07-28T07:54:56+00:00,on-demand,B300,4,21,6.25026,6.250456,6.876302,7.814236,8.750694,7.502083,0.992807
2026-07-28T07:54:56+00:00,on-demand,CMP 170HX,7,32,0.121111,0.188981,0.253611,0.254167,0.255556,,0.828833
2026-07-28T07:54:56+00:00,on-demand,GTX 1060,3,4,0.087778,0.088333,0.088889,0.216667,0.344444,0.088333,0.999301
2026-07-28T07:54:56+00:00,on-demand,GTX 1070,2,2,0.202222,0.284444,0.366667,0.448889,0.531111,0.531111,0.981996
2026-07-28T07:54:56+00:00,on-demand,GTX 1070 Ti,1,4,0.048556,0.048556,0.048556,0.048556,0.048556,0.048556,0.997335
2026-07-28T07:54:56+00:00,on-demand,GTX 1080,5,12,0.027778,0.032148,0.04837,0.049111,0.050222,0.049111,0.995383
2026-07-28T07:54:56+00:00,on-demand,GTX 1080 Ti,11,36,0.042667,0.060556,0.061111,0.07327,0.081111,0.080317,0.997198
2026-07-28T07:54:56+00:00,on-demand,GTX 1650 S,1,1,0.677778,0.677778,0.677778,0.677778,0.677778,,0.970527
2026-07-28T07:54:56+00:00,on-demand,GTX 1660,1,4,0.067963,0.067963,0.067963,0.067963,0.067963,0.067963,0.996875
2026-07-28T07:54:56+00:00,on-demand,H100 NVL,5,9,1.602222,2.401333,2.470519,2.642222,3.333889,2.55637,0.988753
2026-07-28T07:54:56+00:00,on-demand,H100 PCIE,2,6,2.000556,2.000694,2.000833,2.000972,2.001111,,0.96746
2026-07-28T07:54:56+00:00,on-demand,H100 SXM,10,26,1.491111,1.851019,2.437333,4.405056,5.501111,2.673185,0.992271
2026-07-28T07:54:56+00:00,on-demand,H200,6,24,3.935673,4.212308,4.606086,6.727659,11.842654,4.606086,0.99842
2026-07-28T07:54:56+00:00,on-demand,H200 NVL,7,14,2.800741,3.201667,3.961667,4.530111,5.842222,4.530111,0.986336
2026-07-28T07:54:56+00:00,on-demand,L4,4,9,0.202222,0.300889,0.334111,0.334537,0.334815,0.334444,0.99849
2026-07-28T07:54:56+00:00,on-demand,L40,4,10,0.454074,0.544352,0.575,0.576111,0.577778,0.575,0.985869
2026-07-28T07:54:56+00:00,on-demand,L40S,13,39,0.40037,0.467037,0.800556,1.068519,2.442222,1.067593,0.998352
2026-07-28T07:54:56+00:00,on-demand,Q RTX 5000,1,2,0.080741,0.080741,0.080741,0.080741,0.080741,,0.975577
2026-07-28T07:54:56+00:00,on-demand,Q RTX 6000,2,6,0.133704,0.133796,0.133889,0.133981,0.134074,0.133889,0.999605
2026-07-28T07:54:56+00:00,on-demand,Q RTX 8000,2,3,0.254074,0.254259,0.254444,0.25463,0.254815,0.254444,0.998673
2026-07-28T07:54:56+00:00,on-demand,Quadro GV100,1,1,0.467407,0.467407,0.467407,0.467407,0.467407,,0.968426
2026-07-28T07:54:56+00:00,on-demand,Quadro P4000,4,6,0.054444,0.055278,0.056296,0.059528,0.067,0.062019,0.944263
2026-07-28T07:54:56+00:00,on-demand,RTX 2060,1,1,0.415556,0.415556,0.415556,0.415556,0.415556,0.415556,0.995086
2026-07-28T07:54:56+00:00,on-demand,RTX 2070S,1,9,0.073498,0.073498,0.073498,0.073498,0.073498,,0.987424
2026-07-28T07:54:56+00:00,on-demand,RTX 2080 Ti,9,27,0.068889,0.080022,0.080222,0.122222,0.811111,0.080222,0.996352
2026-07-28T07:54:56+00:00,on-demand,RTX 2080S,1,1,0.744444,0.744444,0.744444,0.744444,0.744444,0.744444,0.972804
2026-07-28T07:54:56+00:00,on-demand,RTX 3060,10,42,0.050815,0.054722,0.076888,0.286296,1.334815,0.110509,0.992344
2026-07-28T07:54:56+00:00,on-demand,RTX 3060 Ti,2,2,0.040889,0.130556,0.220222,0.309889,0.399556,0.399556,0.99508
2026-07-28T07:54:56+00:00,on-demand,RTX 3060 laptop,4,13,0.026685,0.037505,0.041667,0.04837,0.066815,0.066815,0.994573
2026-07-28T07:54:56+00:00,on-demand,RTX 3070,15,47,0.041111,0.077481,0.106944,0.192704,0.667407,0.106944,0.979321
2026-07-28T07:54:56+00:00,on-demand,RTX 3080,10,32,0.060278,0.090014,0.1135,0.141736,0.251496,0.113556,0.993892
2026-07-28T07:54:56+00:00,on-demand,RTX 3080 Ti,6,7,0.082222,0.102222,0.128704,0.165463,0.295556,0.15537,0.996024
2026-07-28T07:54:56+00:00,on-demand,RTX 3090,45,133,0.106944,0.134667,0.175556,0.333704,1.187407,0.214444,0.985855
2026-07-28T07:54:56+00:00,on-demand,RTX 3090 Ti,1,1,0.175556,0.175556,0.175556,0.175556,0.175556,,0.993142
2026-07-28T07:54:56+00:00,on-demand,RTX 4000Ada,1,1,0.202222,0.202222,0.202222,0.202222,0.202222,,0.994096
2026-07-28T07:54:56+00:00,on-demand,RTX 4060,6,15,0.060556,0.060741,0.061704,0.063889,2.677778,0.062222,0.990647
2026-07-28T07:54:56+00:00,on-demand,RTX 4060 Ti,4,7,0.058148,0.07537,0.081667,0.084944,0.093111,0.07563,0.981182
2026-07-28T07:54:56+00:00,on-demand,RTX 4070,5,10,0.080556,0.081111,0.082222,0.082222,0.094815,0.088519,0.995687
2026-07-28T07:54:56+00:00,on-demand,RTX 4070 Ti,7,19,0.093111,0.09375,0.094222,0.096111,0.202222,0.094444,0.986509
2026-07-28T07:54:56+00:00,on-demand,RTX 4070S,8,30,0.081204,0.082106,0.083611,0.086019,0.08963,0.083611,0.97962
2026-07-28T07:54:56+00:00,on-demand,RTX 4070S Ti,8,25,0.120556,0.122361,0.188704,0.253403,0.267222,0.248333,0.997323
2026-07-28T07:54:56+00:00,on-demand,RTX 4080,3,3,0.122963,0.155704,0.188444,0.228667,0.268889,0.268889,0.970895
2026-07-28T07:54:56+00:00,on-demand,RTX 4080S,14,45,0.147222,0.161389,0.201315,0.210764,0.327778,0.176667,0.991369
2026-07-28T07:54:56+00:00,on-demand,RTX 4090,56,200,0.133889,0.317306,0.408556,0.63,1.335185,0.582778,0.995113
2026-07-28T07:54:56+00:00,on-demand,RTX 4090D,3,7,0.667222,0.6675,0.667778,0.668333,0.668889,,0.967226
2026-07-28T07:54:56+00:00,on-demand,RTX 5000Ada,2,2,0.428889,0.435556,0.442222,0.448889,0.455556,0.428889,0.992706
2026-07-28T07:54:56+00:00,on-demand,RTX 5060,5,6,0.05363,0.077037,0.081111,0.148889,0.182222,0.12963,0.99314
2026-07-28T07:54:56+00:00,on-demand,RTX 5060 Ti,16,48,0.075556,0.093889,0.128056,0.173981,0.228148,0.173704,0.99514
2026-07-28T07:54:56+00:00,on-demand,RTX 5070,5,9,0.081852,0.083704,0.094444,0.097778,0.176296,0.083704,0.99158
2026-07-28T07:54:56+00:00,on-demand,RTX 5070 Ti,7,15,0.120556,0.134444,0.159704,0.161389,0.401333,0.147074,0.994729
2026-07-28T07:54:56+00:00,on-demand,RTX 5080,15,43,0.133611,0.173833,0.187778,0.22113,0.802963,0.220389,0.986578
2026-07-28T07:54:56+00:00,on-demand,RTX 5090,37,105,0.320741,0.451793,0.602222,0.814444,3.615556,0.668426,0.994787
2026-07-28T07:54:56+00:00,on-demand,RTX 5880Ada,3,7,0.453852,0.454111,0.45437,0.454889,0.455407,0.45437,0.997517
2026-07-28T07:54:56+00:00,on-demand,RTX 6000Ada,8,17,0.440556,0.458944,0.641389,0.672148,0.725926,0.641852,0.9932
2026-07-28T07:54:56+00:00,on-demand,RTX A2000,4,6,0.034074,0.03563,0.043778,0.161926,0.493481,0.051407,0.995172
2026-07-28T07:54:56+00:00,on-demand,RTX A4000,4,31,0.071778,0.118045,0.133493,0.137194,0.148222,,0.97131
2026-07-28T07:54:56+00:00,on-demand,RTX A5000,3,4,0.271111,0.299148,0.327185,0.38137,0.435556,0.327185,0.999424
2026-07-28T07:54:56+00:00,on-demand,RTX A6000,7,30,0.373651,0.374259,0.400278,0.400556,0.401111,0.400417,0.993395
2026-07-28T07:54:56+00:00,on-demand,RTX PRO 4000,10,20,0.202222,0.256259,0.282848,0.314722,0.337037,0.296644,0.988832
2026-07-28T07:54:56+00:00,on-demand,RTX PRO 5000,13,31,0.373333,0.64037,0.667111,0.734074,1.109674,0.666944,0.991588
2026-07-28T07:54:56+00:00,on-demand,RTX PRO 6000 S,13,44,1.267222,1.535556,1.600556,1.666944,1.736296,1.574028,0.998078
2026-07-28T07:54:56+00:00,on-demand,RTX PRO 6000 WS,18,46,0.708148,1.005694,1.335278,1.603241,26.66963,1.43537,0.990304
2026-07-28T07:54:56+00:00,on-demand,Tesla P100,4,8,0.054815,0.079259,0.087778,0.116667,0.202222,0.088148,0.975926
2026-07-28T07:54:56+00:00,on-demand,Tesla P4,1,1,0.023259,0.023259,0.023259,0.023259,0.023259,,0.990414
2026-07-28T07:54:56+00:00,on-demand,Tesla P40,2,6,0.132556,0.132694,0.132833,0.132972,0.133111,0.132833,0.992846
2026-07-28T07:54:56+00:00,on-demand,Tesla T4,2,3,12.000741,12.000926,12.001111,12.001296,12.001481,,0.972398
2026-07-28T07:54:56+00:00,on-demand,Tesla V100,8,22,0.106944,0.108472,0.147778,0.192361,0.268889,0.207685,0.978474
2026-07-28T07:54:56+00:00,on-demand,Titan RTX,2,3,0.147778,0.151389,0.155,0.158611,0.162222,0.155,0.875873
2026-07-28T07:54:56+00:00,on-demand,Titan V,1,2,0.087778,0.087778,0.087778,0.087778,0.087778,0.087778,0.996473
2026-07-28T07:54:56+00:00,on-demand,Titan Xp,1,1,0.055556,0.055556,0.055556,0.055556,0.055556,0.055556,0.998054
2026-07-28T07:54:56+00:00,bid,A100 PCIE,14,19,0.133889,0.135556,0.135556,0.165306,0.464406,0.155389,0.99529
2026-07-28T07:54:56+00:00,bid,A100 SXM4,23,49,0.135556,0.637037,0.801111,0.901444,0.987222,0.68037,0.991829
2026-07-28T07:54:56+00:00,bid,A800 PCIE,6,11,0.129889,0.130444,0.131,0.131556,0.131556,,0.994222
2026-07-28T07:54:56+00:00,bid,B200,9,31,3.750174,5.627083,5.635417,7.37526,7.377083,5.635417,0.987679
2026-07-28T07:54:56+00:00,bid,B300,4,21,3.752083,4.688542,5.312977,5.625326,5.625521,3.752083,0.992807
2026-07-28T07:54:56+00:00,bid,CMP 170HX,11,32,0.103556,0.105778,0.200556,0.201111,0.202222,,0.828833
2026-07-28T07:54:56+00:00,bid,GTX 1050 Ti,1,1,0.024444,0.024444,0.024444,0.024444,0.024444,,0.967997
2026-07-28T07:54:56+00:00,bid,GTX 1060,2,2,0.031111,0.04037,0.04963,0.058889,0.068148,0.068148,0.989024
2026-07-28T07:54:56+00:00,bid,GTX 1070,2,2,0.015556,0.017778,0.02,0.022222,0.024444,0.024444,0.981996
2026-07-28T07:54:56+00:00,bid,GTX 1070 Ti,1,1,0.042222,0.042222,0.042222,0.042222,0.042222,0.042222,0.997213
2026-07-28T07:54:56+00:00,bid,GTX 1080,4,11,0.014815,0.033981,0.040741,0.044259,0.053704,0.041111,0.994506
2026-07-28T07:54:56+00:00,bid,GTX 1080 Ti,14,43,0.029333,0.040602,0.041111,0.050794,0.054444,0.047937,0.996525
2026-07-28T07:54:56+00:00,bid,GTX 1650 S,1,1,0.04,0.04,0.04,0.04,0.04,,0.970527
2026-07-28T07:54:56+00:00,bid,GTX 1660 Ti,2,5,0.037778,0.041944,0.046111,0.050278,0.054444,0.046111,0.984982
2026-07-28T07:54:56+00:00,bid,H100 NVL,8,12,0.806519,0.935667,0.980711,1.349444,2.000556,0.936,0.95336
2026-07-28T07:54:56+00:00,bid,H100 PCIE,2,6,1.333889,1.334028,1.334167,1.334306,1.334445,,0.96746
2026-07-28T07:54:56+00:00,bid,H100 SXM,10,22,0.602222,1.067593,1.565667,3.50175,6.668889,2.005333,0.994478
2026-07-28T07:54:56+00:00,bid,H200,7,26,1.934759,1.935307,3.817251,5.494792,11.579496,3.817251,0.997493
2026-07-28T07:54:56+00:00,bid,H200 NVL,12,20,0.403778,1.002917,1.006667,1.867778,2.255556,1.006667,0.991903
2026-07-28T07:54:56+00:00,bid,L4,5,14,0.267778,0.268889,0.320444,0.320556,0.321111,0.320444,0.999109
2026-07-28T07:54:56+00:00,bid,L40,4,7,0.267407,0.36963,0.436296,0.469444,0.471111,0.436296,0.991258
2026-07-28T07:54:56+00:00,bid,L40S,20,58,0.200185,0.334259,0.538889,0.65537,0.803704,0.540741,0.997603
2026-07-28T07:54:56+00:00,bid,Q RTX 5000,1,2,0.054074,0.054074,0.054074,0.054074,0.054074,,0.975577
2026-07-28T07:54:56+00:00,bid,Quadro GV100,1,1,0.134074,0.134074,0.134074,0.134074,0.134074,,0.968426
2026-07-28T07:54:56+00:00,bid,Quadro P4000,5,8,0.041111,0.042222,0.045667,0.053667,0.062222,0.053667,0.897225
2026-07-28T07:54:56+00:00,bid,RTX 2060,3,4,0.031111,0.036111,0.041111,0.188333,0.335556,0.041111,0.992997
2026-07-28T07:54:56+00:00,bid,RTX 2060S,2,3,0.046889,0.066093,0.085296,0.1045,0.123704,0.085296,0.844615
2026-07-28T07:54:56+00:00,bid,RTX 2070S,3,21,0.066831,0.066842,0.066852,0.066944,0.067037,,0.987424
2026-07-28T07:54:56+00:00,bid,RTX 2080 Ti,5,8,0.037778,0.042222,0.043111,0.067802,0.108148,0.055457,0.992354
2026-07-28T07:54:56+00:00,bid,RTX 2080S,1,1,0.037778,0.037778,0.037778,0.037778,0.037778,0.037778,0.972804
2026-07-28T07:54:56+00:00,bid,RTX 3060,20,59,0.024741,0.042037,0.054167,0.102815,0.202222,0.091213,0.991962
2026-07-28T07:54:56+00:00,bid,RTX 3060 Ti,1,1,0.268889,0.268889,0.268889,0.268889,0.268889,0.268889,0.993309
2026-07-28T07:54:56+00:00,bid,RTX 3060 laptop,6,16,0.014148,0.015477,0.028731,0.056722,0.06563,0.064222,0.987015
2026-07-28T07:54:56+00:00,bid,RTX 3070,10,25,0.026944,0.067685,0.075741,0.094306,0.495556,0.093889,0.975694
2026-07-28T07:54:56+00:00,bid,RTX 3070 laptop,1,1,0.442222,0.442222,0.442222,0.442222,0.442222,,0.962848
2026-07-28T07:54:56+00:00,bid,RTX 3080,13,33,0.041111,0.061481,0.068074,0.135556,0.24083,0.068111,0.988028
2026-07-28T07:54:56+00:00,bid,RTX 3080 Ti,7,10,0.028889,0.069259,0.107407,0.141667,0.188889,0.107778,0.99499
2026-07-28T07:54:56+00:00,bid,RTX 3090,59,145,0.016889,0.107593,0.133704,0.155926,0.263704,0.148056,0.991319
2026-07-28T07:54:56+00:00,bid,RTX 4000Ada,2,3,0.054222,0.081222,0.108222,0.135222,0.162222,,0.989345
2026-07-28T07:54:56+00:00,bid,RTX 4060,6,9,0.053926,0.054463,0.055037,0.061,0.083704,0.055556,0.984347
2026-07-28T07:54:56+00:00,bid,RTX 4060 Ti,7,14,0.054444,0.065667,0.075778,0.089,0.107259,0.075556,0.994585
2026-07-28T07:54:56+00:00,bid,RTX 4070,6,9,0.054444,0.054722,0.071667,0.133611,0.148889,0.071667,0.999217
2026-07-28T07:54:56+00:00,bid,RTX 4070 Ti,1,1,0.108889,0.108889,0.108889,0.108889,0.108889,0.108889,0.986362
2026-07-28T07:54:56+00:00,bid,RTX 4070S,12,37,0.06787,0.069028,0.071481,0.071481,0.244444,0.071481,0.97962
2026-07-28T07:54:56+00:00,bid,RTX 4070S Ti,16,37,0.095741,0.102778,0.139028,0.167778,0.202222,0.167778,0.997323
2026-07-28T07:54:56+00:00,bid,RTX 4080,3,3,0.169778,0.212667,0.255556,0.255556,0.255556,0.255556,0.994297
2026-07-28T07:54:56+00:00,bid,RTX 4080S,13,26,0.108889,0.161778,0.188741,0.200556,0.202074,0.201556,0.997767
2026-07-28T07:54:56+00:00,bid,RTX 4090,75,205,0.134074,0.24063,0.334074,0.568519,1.005037,0.403704,0.995431
2026-07-28T07:54:56+00:00,bid,RTX 4090D,4,8,0.604556,0.604972,0.605667,0.606222,0.606222,,0.967226
2026-07-28T07:54:56+00:00,bid,RTX 5000Ada,2,3,0.321111,0.321389,0.321667,0.321944,0.322222,0.321667,0.996508
2026-07-28T07:54:56+00:00,bid,RTX 5060,5,7,0.054444,0.055556,0.055556,0.095556,0.148889,0.102222,0.994902
2026-07-28T07:54:56+00:00,bid,RTX 5060 Ti,19,46,0.042222,0.080679,0.107222,0.12733,0.140741,0.108148,0.996433
2026-07-28T07:54:56+00:00,bid,RTX 5070,5,6,0.054074,0.094444,0.095556,0.122222,0.162222,0.122222,0.99415
2026-07-28T07:54:56+00:00,bid,RTX 5070 Ti,17,31,0.093889,0.107407,0.107778,0.108889,0.268,0.108889,0.99694
2026-07-28T07:54:56+00:00,bid,RTX 5080,17,35,0.093376,0.13437,0.162222,0.200015,0.242222,0.174093,0.987336
2026-07-28T07:54:56+00:00,bid,RTX 5090,63,146,0.093611,0.225556,0.373519,0.48742,1.602222,0.318287,0.996917
2026-07-28T07:54:56+00:00,bid,RTX 5880Ada,5,7,0.33437,0.33437,0.335407,0.335407,0.335407,0.335407,0.997367
2026-07-28T07:54:56+00:00,bid,RTX 6000Ada,12,22,0.139259,0.388611,0.400926,0.467963,0.74963,0.434407,0.997781
2026-07-28T07:54:56+00:00,bid,RTX A2000,1,1,0.400148,0.400148,0.400148,0.400148,0.400148,,0.994237
2026-07-28T07:54:56+00:00,bid,RTX A4000,7,41,0.03437,0.075778,0.106801,0.133583,0.149748,0.092059,0.987559
2026-07-28T07:54:56+00:00,bid,RTX A5000,5,10,0.021556,0.022111,0.108519,0.11037,0.201481,0.065315,0.996435
2026-07-28T07:54:56+00:00,bid,RTX A6000,10,38,0.253611,0.266375,0.340694,0.373889,0.374444,0.37375,0.993395
2026-07-28T07:54:56+00:00,bid,RTX PRO 2000,1,2,0.134074,0.134074,0.134074,0.134074,0.134074,,0.964887
2026-07-28T07:54:56+00:00,bid,RTX PRO 4000,15,32,0.067222,0.068667,0.217037,0.241185,0.242222,0.240741,0.983636
2026-07-28T07:54:56+00:00,bid,RTX PRO 4500,1,1,0.068741,0.068741,0.068741,0.068741,0.068741,0.068741,0.997524
2026-07-28T07:54:56+00:00,bid,RTX PRO 5000,18,39,0.135111,0.254074,0.475,0.521028,0.666074,0.482222,0.990763
2026-07-28T07:54:56+00:00,bid,RTX PRO 6000 S,19,57,0.779951,0.900833,1.06963,1.200833,1.493611,1.06963,0.998078
2026-07-28T07:54:56+00:00,bid,RTX PRO 6000 WS,19,40,0.380889,0.667963,0.922963,1.123426,1.337037,0.976481,0.990304
2026-07-28T07:54:56+00:00,bid,Tesla P100,4,5,0.041481,0.111204,0.135,0.135556,0.135556,0.135556,0.987268
2026-07-28T07:54:56+00:00,bid,Tesla P4,1,1,0.011926,0.011926,0.011926,0.011926,0.011926,,0.990414
2026-07-28T07:54:56+00:00,bid,Tesla P40,3,8,0.065889,0.066167,0.066444,0.066444,0.066444,0.066444,0.992846
2026-07-28T07:54:56+00:00,bid,Tesla T4,3,4,3.400741,3.401111,3.401481,3.401481,3.401481,,0.972398
2026-07-28T07:54:56+00:00,bid,Tesla V100,14,28,0.095037,0.13412,0.161667,0.201806,0.242222,0.162222,0.998762
2026-07-28T07:54:56+00:00,bid,Titan RTX,3,4,0.094444,0.101667,0.108889,0.122222,0.135556,0.108889,0.998335
2026-07-28T07:54:56+00:00,bid,Titan V,1,1,0.068889,0.068889,0.068889,0.068889,0.068889,0.068889,0.996473
2026-07-28T07:54:56+00:00,bid,Titan Xp,1,1,0.055556,0.055556,0.055556,0.055556,0.055556,0.055556,0.996599
2026-07-28T07:59:56+00:00,on-demand,A100 PCIE,8,22,0.268148,0.334236,0.901741,1.000972,1.537739,0.935333,0.99529
2026-07-28T07:59:56+00:00,on-demand,A100 SXM4,25,66,0.40037,0.734815,1.067222,1.189333,1.264406,1.00088,0.993259
2026-07-28T07:59:56+00:00,on-demand,A10g,1,1,0.121185,0.121185,0.121185,0.121185,0.121185,,0.618804
2026-07-28T07:59:56+00:00,on-demand,A800 PCIE,3,7,0.667222,0.6675,0.667778,0.668333,0.668889,,0.994222
2026-07-28T07:59:56+00:00,on-demand,B200,6,18,5.625174,5.824219,5.873958,6.11263,7.752083,5.873958,0.995403
2026-07-28T07:59:56+00:00,on-demand,B300,4,21,6.25026,6.250456,6.876302,7.814236,8.750694,7.502083,0.992807
2026-07-28T07:59:56+00:00,on-demand,CMP 170HX,6,20,0.121111,0.156736,0.25375,0.254306,0.255556,,0.828833
2026-07-28T07:59:56+00:00,on-demand,GTX 1050 Ti,1,1,0.611111,0.611111,0.611111,0.611111,0.611111,,0.967997
2026-07-28T07:59:56+00:00,on-demand,GTX 1060,2,3,0.087778,0.088056,0.088333,0.088611,0.088889,0.088333,0.999301
2026-07-28T07:59:56+00:00,on-demand,GTX 1070,2,2,0.202222,0.284444,0.366667,0.448889,0.531111,0.531111,0.981996
2026-07-28T07:59:56+00:00,on-demand,GTX 1070 Ti,1,1,0.050222,0.050222,0.050222,0.050222,0.050222,0.050222,0.997213
2026-07-28T07:59:56+00:00,on-demand,GTX 1080,5,13,0.027778,0.04837,0.049111,0.05037,0.067037,0.049111,0.968775
2026-07-28T07:59:56+00:00,on-demand,GTX 1080 Ti,11,33,0.042667,0.060926,0.062222,0.074048,0.080741,0.074048,0.996523
2026-07-28T07:59:56+00:00,on-demand,GTX 1650 S,1,1,0.677778,0.677778,0.677778,0.677778,0.677778,,0.970527
2026-07-28T07:59:56+00:00,on-demand,GTX 1660,1,2,0.069259,0.069259,0.069259,0.069259,0.069259,0.069259,0.996875
2026-07-28T07:59:56+00:00,on-demand,GTX 1660 Ti,2,5,0.067778,0.203611,0.339444,0.475278,0.611111,0.339444,0.984982
2026-07-28T07:59:56+00:00,on-demand,H100 NVL,4,8,1.602222,2.201556,2.461778,2.725139,3.333889,2.522222,0.971222
2026-07-28T07:59:56+00:00,on-demand,H100 PCIE,2,6,2.000556,2.000694,2.000833,2.000972,2.001111,,0.96746
2026-07-28T07:59:56+00:00,on-demand,H100 SXM,9,21,1.491111,1.922222,2.201481,3.002667,4.218889,2.416963,0.992947
2026-07-28T07:59:56+00:00,on-demand,H200,7,26,3.935673,4.080592,4.605811,6.020559,11.842654,4.605811,0.999347
2026-07-28T07:59:56+00:00,on-demand,H200 NVL,5,9,2.802222,3.334444,3.961667,5.055556,5.842222,5.055556,0.986336
2026-07-28T07:59:56+00:00,on-demand,L4,3,8,0.333778,0.334111,0.334444,0.33463,0.334815,0.334444,0.999109
2026-07-28T07:59:56+00:00,on-demand,L40,2,4,0.454074,0.485,0.515926,0.546852,0.577778,0.515926,0.991889
2026-07-28T07:59:56+00:00,on-demand,L40S,12,38,0.40037,0.466991,0.800648,1.067824,2.442222,0.934537,0.996476
2026-07-28T07:59:56+00:00,on-demand,Q RTX 5000,1,2,0.080741,0.080741,0.080741,0.080741,0.080741,,0.975577
2026-07-28T07:59:56+00:00,on-demand,Q RTX 8000,2,3,0.254074,0.254259,0.254444,0.25463,0.254815,0.254444,0.998673
2026-07-28T07:59:56+00:00,on-demand,Quadro GV100,1,1,0.467407,0.467407,0.467407,0.467407,0.467407,,0.968426
2026-07-28T07:59:56+00:00,on-demand,Quadro P4000,4,6,0.047704,0.052759,0.060722,0.067083,0.067333,0.067167,0.993948
2026-07-28T07:59:56+00:00,on-demand,RTX 2060,1,1,0.411111,0.411111,0.411111,0.411111,0.411111,0.411111,0.979488
2026-07-28T07:59:56+00:00,on-demand,RTX 2070S,2,12,0.073519,0.073565,0.073611,0.073657,0.073704,,0.992172
2026-07-28T07:59:56+00:00,on-demand,RTX 2080 Ti,10,31,0.067778,0.071672,0.080044,0.113617,0.811111,0.080044,0.995455
2026-07-28T07:59:56+00:00,on-demand,RTX 2080S,1,1,0.744444,0.744444,0.744444,0.744444,0.744444,0.744444,0.972804
2026-07-28T07:59:56+00:00,on-demand,RTX 3060,13,38,0.027778,0.050852,0.067778,0.402222,1.335556,0.207546,0.992635
2026-07-28T07:59:56+00:00,on-demand,RTX 3060 Ti,3,3,0.040889,0.220222,0.399556,0.679556,0.959556,0.679556,0.993309
2026-07-28T07:59:56+00:00,on-demand,RTX 3060 laptop,5,14,0.026685,0.041111,0.042222,0.06563,0.066815,0.066222,0.997514
2026-07-28T07:59:56+00:00,on-demand,RTX 3070,15,49,0.041111,0.103781,0.107222,0.179556,0.667407,0.107778,0.979167
2026-07-28T07:59:56+00:00,on-demand,RTX 3080,12,40,0.060222,0.113387,0.116917,0.144056,0.251496,0.113556,0.993892
2026-07-28T07:59:56+00:00,on-demand,RTX 3080 Ti,7,10,0.068889,0.101111,0.135556,0.157741,0.295556,0.157741,0.99499
2026-07-28T07:59:56+00:00,on-demand,RTX 3090,47,139,0.093889,0.136481,0.187222,0.335,1.187407,0.217037,0.991237
2026-07-28T07:59:56+00:00,on-demand,RTX 3090 Ti,1,1,0.175556,0.175556,0.175556,0.175556,0.175556,,0.993142
2026-07-28T07:59:56+00:00,on-demand,RTX 4000Ada,1,1,0.202222,0.202222,0.202222,0.202222,0.202222,,0.994096
2026-07-28T07:59:56+00:00,on-demand,RTX 4060,6,17,0.060556,0.061389,0.063333,0.066333,2.677778,0.061667,0.996261
2026-07-28T07:59:56+00:00,on-demand,RTX 4060 Ti,6,11,0.058148,0.071111,0.081481,0.08213,0.107778,0.081852,0.991169
2026-07-28T07:59:56+00:00,on-demand,RTX 4070,4,9,0.080556,0.080972,0.081667,0.088611,0.107778,0.107778,0.995687
2026-07-28T07:59:56+00:00,on-demand,RTX 4070 Ti,6,21,0.088556,0.091056,0.093361,0.093819,0.095556,0.09375,0.987175
2026-07-28T07:59:56+00:00,on-demand,RTX 4070S,12,54,0.081111,0.082106,0.086296,0.090694,0.098148,0.086296,0.979014
2026-07-28T07:59:56+00:00,on-demand,RTX 4070S Ti,12,29,0.067778,0.119861,0.123611,0.181944,0.266944,0.148333,0.99467
2026-07-28T07:59:56+00:00,on-demand,RTX 4080,4,5,0.121481,0.122593,0.155704,0.215222,0.295556,0.295556,0.970895
2026-07-28T07:59:56+00:00,on-demand,RTX 4080S,15,49,0.124444,0.156111,0.200556,0.207843,0.228741,0.151111,0.98933
2026-07-28T07:59:56+00:00,on-demand,RTX 4090,53,178,0.133889,0.333889,0.402222,0.668889,1.337037,0.562778,0.994561
2026-07-28T07:59:56+00:00,on-demand,RTX 4090D,3,7,0.667222,0.6675,0.667778,0.668333,0.668889,,0.967226
2026-07-28T07:59:56+00:00,on-demand,RTX 5000Ada,3,4,0.427778,0.428333,0.428889,0.442222,0.455556,0.428333,0.996508
2026-07-28T07:59:56+00:00,on-demand,RTX 5060,5,6,0.05363,0.077037,0.095556,0.135556,0.182222,0.095556,0.994902
2026-07-28T07:59:56+00:00,on-demand,RTX 5060 Ti,13,36,0.071852,0.094444,0.127593,0.134074,0.227407,0.13317,0.992234
2026-07-28T07:59:56+00:00,on-demand,RTX 5060 laptop,1,1,0.135556,0.135556,0.135556,0.135556,0.135556,,0.970596
2026-07-28T07:59:56+00:00,on-demand,RTX 5070,12,22,0.081852,0.093426,0.103704,0.135889,1.015556,0.09037,0.99331
2026-07-28T07:59:56+00:00,on-demand,RTX 5070 Ti,11,19,0.111407,0.135,0.135556,0.200926,0.401333,0.181481,0.996536
2026-07-28T07:59:56+00:00,on-demand,RTX 5080,19,61,0.133611,0.156847,0.175556,0.219593,0.802963,0.211259,0.978694
2026-07-28T07:59:56+00:00,on-demand,RTX 5090,45,125,0.267037,0.426852,0.533611,0.669259,3.613889,0.666984,0.994122
2026-07-28T07:59:56+00:00,on-demand,RTX 5880Ada,3,7,0.453852,0.454111,0.45437,0.454889,0.455407,0.45437,0.997517
2026-07-28T07:59:56+00:00,on-demand,RTX 6000Ada,8,16,0.440556,0.511944,0.640648,0.664259,0.735556,0.642222,0.988531
2026-07-28T07:59:56+00:00,on-demand,RTX A2000,4,5,0.034074,0.03563,0.036148,0.150481,0.493481,,0.995172
2026-07-28T07:59:56+00:00,on-demand,RTX A4000,5,30,0.072889,0.107037,0.133468,0.149611,0.160277,0.133657,0.995452
2026-07-28T07:59:56+00:00,on-demand,RTX A5000,3,5,0.232889,0.250333,0.267778,0.296815,0.325852,0.27937,0.985672
2026-07-28T07:59:56+00:00,on-demand,RTX A6000,9,42,0.266944,0.373889,0.374444,0.400556,0.401111,0.400417,0.990273
2026-07-28T07:59:56+00:00,on-demand,RTX PRO 2000,2,3,0.174074,0.174259,0.174444,0.17463,0.174815,,0.964887
2026-07-28T07:59:56+00:00,on-demand,RTX PRO 4000,8,17,0.201111,0.247556,0.307315,0.324907,0.337037,0.321481,0.996091
2026-07-28T07:59:56+00:00,on-demand,RTX PRO 5000,11,28,0.640185,0.667028,0.667778,0.788333,1.199007,0.6675,0.991588
2026-07-28T07:59:56+00:00,on-demand,RTX PRO 6000 S,11,34,1.267222,1.539259,1.600556,1.634028,1.736296,1.572037,0.995546
2026-07-28T07:59:56+00:00,on-demand,RTX PRO 6000 WS,14,31,0.828148,1.005694,1.114593,1.33787,13.335556,1.335926,0.990485
2026-07-28T07:59:56+00:00,on-demand,Tesla P100,4,9,0.054815,0.074815,0.084444,0.115833,0.201111,0.087407,0.986793
2026-07-28T07:59:56+00:00,on-demand,Tesla P4,1,1,0.023259,0.023259,0.023259,0.023259,0.023259,,0.990414
2026-07-28T07:59:56+00:00,on-demand,Tesla P40,2,6,0.132556,0.132694,0.132833,0.132972,0.133111,0.132833,0.992846
2026-07-28T07:59:56+00:00,on-demand,Tesla T4,2,3,12.000741,12.000926,12.001111,12.001296,12.001481,,0.972398
2026-07-28T07:59:56+00:00,on-demand,Tesla V100,7,21,0.106944,0.114722,0.167407,0.240333,0.333889,0.267778,0.964685
2026-07-28T07:59:56+00:00,on-demand,Titan RTX,3,4,0.137037,0.142407,0.147778,0.155,0.162222,0.155,0.991824
2026-07-28T07:59:56+00:00,on-demand,Titan Xp,1,1,0.055556,0.055556,0.055556,0.055556,0.055556,0.055556,0.998054
2026-07-28T07:59:56+00:00,bid,A100 PCIE,13,18,0.133889,0.135556,0.135556,0.462222,0.46963,0.462444,0.99529
2026-07-28T07:59:56+00:00,bid,A100 SXM4,27,57,0.135556,0.636574,0.802222,0.934333,0.987222,0.668426,0.991352
2026-07-28T07:59:56+00:00,bid,A800 PCIE,7,12,0.129889,0.130444,0.131556,0.131556,0.294815,,0.994222
2026-07-28T07:59:56+00:00,bid,B200,12,43,3.750174,5.625304,5.628906,6.252083,7.377083,5.628906,0.976058
2026-07-28T07:59:56+00:00,bid,B300,4,21,3.752083,4.688542,5.312977,5.625326,5.625521,3.752083,0.992807
2026-07-28T07:59:56+00:00,bid,CMP 170HX,9,35,0.103556,0.105778,0.200278,0.200556,0.202222,,0.828833
2026-07-28T07:59:56+00:00,bid,GTX 1050 Ti,1,1,0.024444,0.024444,0.024444,0.024444,0.024444,,0.967997
2026-07-28T07:59:56+00:00,bid,GTX 1060,2,2,0.031111,0.04037,0.04963,0.058889,0.068148,0.068148,0.989024
2026-07-28T07:59:56+00:00,bid,GTX 1070,2,2,0.015556,0.017778,0.02,0.022222,0.024444,0.024444,0.981996
2026-07-28T07:59:56+00:00,bid,GTX 1070 Ti,2,5,0.040556,0.040972,0.041389,0.041806,0.042222,0.041389,0.997274
2026-07-28T07:59:56+00:00,bid,GTX 1080,5,15,0.014815,0.04037,0.040556,0.041111,0.053704,0.040833,0.995383
2026-07-28T07:59:56+00:00,bid,GTX 1080 Ti,13,41,0.029333,0.040556,0.041111,0.053651,0.055556,0.053651,0.996599
2026-07-28T07:59:56+00:00,bid,GTX 1650 S,1,1,0.04,0.04,0.04,0.04,0.04,,0.970527
2026-07-28T07:59:56+00:00,bid,GTX 1660 Ti,2,5,0.037778,0.041944,0.046111,0.050278,0.054444,0.046111,0.984982
2026-07-28T07:59:56+00:00,bid,H100 NVL,6,10,0.934667,0.936,1.122815,1.429074,2.000556,0.936,0.95336
2026-07-28T07:59:56+00:00,bid,H100 PCIE,3,8,1.333889,1.334167,1.334445,1.334445,1.334445,,0.96746
2026-07-28T07:59:56+00:00,bid,H100 SXM,10,22,0.602222,1.067593,1.565667,2.004667,4.002222,2.002667,0.991612
2026-07-28T07:59:56+00:00,bid,H200,9,29,1.934759,1.935307,3.817251,3.817982,11.579496,3.817251,0.999347
2026-07-28T07:59:56+00:00,bid,H200 NVL,13,21,0.403778,1.001667,1.006667,1.867407,2.002222,1.006667,0.986336
2026-07-28T07:59:56+00:00,bid,L4,4,9,0.268148,0.30737,0.320778,0.321389,0.322222,0.320778,0.999109
2026-07-28T07:59:56+00:00,bid,L40,4,7,0.267407,0.418519,0.47,0.471111,0.471111,0.47,0.985869
2026-07-28T07:59:56+00:00,bid,L40S,16,46,0.200185,0.435,0.536111,0.559444,0.801852,0.538889,0.998928
2026-07-28T07:59:56+00:00,bid,Q RTX 5000,2,3,0.054074,0.054259,0.054444,0.05463,0.054815,,0.975577
2026-07-28T07:59:56+00:00,bid,Quadro GV100,1,1,0.134074,0.134074,0.134074,0.134074,0.134074,,0.968426
2026-07-28T07:59:56+00:00,bid,Quadro P4000,4,6,0.041111,0.041944,0.047944,0.055806,0.062222,0.057944,0.945587
2026-07-28T07:59:56+00:00,bid,RTX 2060,3,4,0.031111,0.036111,0.041111,0.188333,0.335556,0.041111,0.992997
2026-07-28T07:59:56+00:00,bid,RTX 2060S,2,3,0.046889,0.066093,0.085296,0.1045,0.123704,0.085296,0.844615
2026-07-28T07:59:56+00:00,bid,RTX 2070S,2,12,0.066852,0.066898,0.066944,0.066991,0.067037,,0.987424
2026-07-28T07:59:56+00:00,bid,RTX 2080 Ti,5,8,0.037778,0.043111,0.044222,0.067802,0.108889,0.056012,0.992354
2026-07-28T07:59:56+00:00,bid,RTX 2080S,1,1,0.037778,0.037778,0.037778,0.037778,0.037778,0.037778,0.972804
2026-07-28T07:59:56+00:00,bid,RTX 3060,13,40,0.037778,0.048185,0.054444,0.102815,0.134815,0.091213,0.992805
2026-07-28T07:59:56+00:00,bid,RTX 3060 Ti,2,2,0.268889,0.335556,0.402222,0.468889,0.535556,0.402222,0.992394
2026-07-28T07:59:56+00:00,bid,RTX 3060 laptop,4,13,0.014148,0.017801,0.028731,0.045241,0.06563,0.06563,0.987015
2026-07-28T07:59:56+00:00,bid,RTX 3070,13,33,0.026944,0.066963,0.07037,0.093889,0.495556,0.07037,0.979639
2026-07-28T07:59:56+00:00,bid,RTX 3070 Ti,1,2,0.054444,0.054444,0.054444,0.054444,0.054444,,0.996722
2026-07-28T07:59:56+00:00,bid,RTX 3080,9,23,0.055556,0.066944,0.108148,0.135556,0.24083,0.108148,0.99449
2026-07-28T07:59:56+00:00,bid,RTX 3080 Ti,7,9,0.028889,0.065556,0.088889,0.141481,0.188889,0.141481,0.99499
2026-07-28T07:59:56+00:00,bid,RTX 3090,53,127,0.016889,0.107778,0.134815,0.176296,0.295556,0.148056,0.992495
2026-07-28T07:59:56+00:00,bid,RTX 4000Ada,2,3,0.054222,0.081222,0.108222,0.135222,0.162222,,0.989445
2026-07-28T07:59:56+00:00,bid,RTX 4060,3,4,0.053926,0.054741,0.055556,0.06963,0.083704,0.083704,0.976981
2026-07-28T07:59:56+00:00,bid,RTX 4060 Ti,10,19,0.034444,0.059722,0.076333,0.099352,0.107259,0.097593,0.995054
2026-07-28T07:59:56+00:00,bid,RTX 4070,4,5,0.054444,0.071278,0.112889,0.148889,0.148889,0.112889,0.998118
2026-07-28T07:59:56+00:00,bid,RTX 4070 Ti,2,2,0.108148,0.108333,0.108519,0.108704,0.108889,0.108889,0.989563
2026-07-28T07:59:56+00:00,bid,RTX 4070S,13,39,0.06787,0.069074,0.071481,0.076296,0.244444,0.071481,0.979014
2026-07-28T07:59:56+00:00,bid,RTX 4070S Ti,14,36,0.095741,0.102963,0.139028,0.167639,0.202222,0.167222,0.996653
2026-07-28T07:59:56+00:00,bid,RTX 4080,3,3,0.169778,0.186,0.202222,0.228889,0.255556,0.228889,0.994297
2026-07-28T07:59:56+00:00,bid,RTX 4080S,12,28,0.092889,0.107778,0.187444,0.191625,0.201037,0.103704,0.995633
2026-07-28T07:59:56+00:00,bid,RTX 4090,69,221,0.108889,0.228988,0.307222,0.388889,1.005037,0.347889,0.994561
2026-07-28T07:59:56+00:00,bid,RTX 4090D,3,7,0.604556,0.604833,0.605111,0.605667,0.606222,,0.967226
2026-07-28T07:59:56+00:00,bid,RTX 5000Ada,3,4,0.321111,0.321667,0.322222,0.322222,0.322222,0.322222,0.996508
2026-07-28T07:59:56+00:00,bid,RTX 5060,5,6,0.040296,0.054444,0.063556,0.095556,0.148889,0.106222,0.99314
2026-07-28T07:59:56+00:00,bid,RTX 5060 Ti,18,41,0.041111,0.073833,0.107407,0.13463,0.158444,0.107037,0.99741
2026-07-28T07:59:56+00:00,bid,RTX 5070,5,6,0.080222,0.094444,0.095556,0.122222,0.162222,0.142222,0.987553
2026-07-28T07:59:56+00:00,bid,RTX 5070 Ti,13,21,0.082222,0.094444,0.108889,0.135556,0.268,0.116296,0.997506
2026-07-28T07:59:56+00:00,bid,RTX 5080,19,39,0.093376,0.111111,0.161111,0.175556,0.242222,0.174852,0.987336
2026-07-28T07:59:56+00:00,bid,RTX 5090,59,160,0.093611,0.268333,0.399778,0.5075,0.907222,0.374667,0.996027
2026-07-28T07:59:56+00:00,bid,RTX 5880Ada,4,6,0.33437,0.33437,0.334889,0.335407,0.335407,0.334889,0.997367
2026-07-28T07:59:56+00:00,bid,RTX 6000Ada,13,24,0.139259,0.387778,0.401111,0.468741,0.680889,0.467704,0.994773
2026-07-28T07:59:56+00:00,bid,RTX A2000,1,1,0.400148,0.400148,0.400148,0.400148,0.400148,,0.994237
2026-07-28T07:59:56+00:00,bid,RTX A4000,5,35,0.030237,0.057111,0.106801,0.106852,0.133556,0.030237,0.97131
2026-07-28T07:59:56+00:00,bid,RTX A5000,5,9,0.021556,0.108519,0.11037,0.11037,0.201481,0.109444,0.999424
2026-07-28T07:59:56+00:00,bid,RTX A6000,7,32,0.253611,0.2875,0.373611,0.373889,0.374444,0.37375,0.993395
2026-07-28T07:59:56+00:00,bid,RTX PRO 2000,1,2,0.134074,0.134074,0.134074,0.134074,0.134074,,0.964887
2026-07-28T07:59:56+00:00,bid,RTX PRO 4000,12,26,0.067222,0.068278,0.134722,0.236889,0.244741,0.235556,0.983636
2026-07-28T07:59:56+00:00,bid,RTX PRO 5000,17,39,0.165185,0.400741,0.483556,0.534815,0.720415,0.483556,0.988839
2026-07-28T07:59:56+00:00,bid,RTX PRO 6000 S,16,50,0.779951,0.996806,1.06963,1.218889,1.493611,1.06963,0.998279
2026-07-28T07:59:56+00:00,bid,RTX PRO 6000 WS,22,44,0.467407,0.694852,0.938889,1.030296,1.602222,1.002611,0.991365
2026-07-28T07:59:56+00:00,bid,Tesla P100,4,5,0.041481,0.111204,0.135,0.135556,0.135556,0.135556,0.987268
2026-07-28T07:59:56+00:00,bid,Tesla P4,1,1,0.011926,0.011926,0.011926,0.011926,0.011926,,0.990414
2026-07-28T07:59:56+00:00,bid,Tesla P40,3,8,0.065889,0.066167,0.066444,0.066444,0.066444,0.066444,0.992846
2026-07-28T07:59:56+00:00,bid,Tesla T4,2,3,3.400741,3.400926,3.401111,3.401296,3.401481,,0.972398
2026-07-28T07:59:56+00:00,bid,Tesla V100,11,25,0.095037,0.114556,0.162222,0.220556,0.242222,0.181389,0.999458
2026-07-28T07:59:56+00:00,bid,Titan RTX,3,4,0.094444,0.101667,0.108889,0.122222,0.135556,0.108889,0.998335
2026-07-28T07:59:56+00:00,bid,Titan Xp,1,1,0.042222,0.042222,0.042222,0.042222,0.042222,0.042222,0.997705
