scraped_at,rental_type,gpu_name,num_offers,total_gpus,dph_per_gpu_min,dph_per_gpu_p25,dph_per_gpu_median,dph_per_gpu_p75,dph_per_gpu_max,verified_median,median_reliability
2026-07-26T00:03:45+00:00,on-demand,A100 PCIE,14,32,0.267407,0.334028,0.931291,1.000268,1.537739,0.995536,0.994676
2026-07-26T00:03:45+00:00,on-demand,A100 SXM4,25,63,0.40037,0.802222,1.042667,1.227407,1.734259,1.042667,0.995394
2026-07-26T00:03:45+00:00,on-demand,A40,2,3,0.601111,0.601389,0.601667,0.601944,0.602222,0.601667,0.959548
2026-07-26T00:03:45+00:00,on-demand,A800 PCIE,3,7,0.667222,0.6675,0.667778,0.668333,0.668889,,0.994204
2026-07-26T00:03:45+00:00,on-demand,B200,12,52,5.937674,6.231771,6.251563,7.020747,10.627431,6.251563,0.996855
2026-07-26T00:03:45+00:00,on-demand,B300,4,15,5.625521,7.266536,7.814062,8.048611,8.750694,8.750694,0.97364
2026-07-26T00:03:45+00:00,on-demand,CMP 170HX,2,9,0.120185,0.120509,0.120833,0.121157,0.121481,,0.936235
2026-07-26T00:03:45+00:00,on-demand,GTX 1050 Ti,1,1,0.611111,0.611111,0.611111,0.611111,0.611111,,0.923499
2026-07-26T00:03:45+00:00,on-demand,GTX 1060,3,4,0.087778,0.088333,0.088889,0.216667,0.344444,0.088333,0.999298
2026-07-26T00:03:45+00:00,on-demand,GTX 1070,1,1,0.531111,0.531111,0.531111,0.531111,0.531111,0.531111,0.932649
2026-07-26T00:03:45+00:00,on-demand,GTX 1070 Ti,3,7,0.051222,0.0515,0.051778,0.052333,0.052889,0.051778,0.994318
2026-07-26T00:03:45+00:00,on-demand,GTX 1080,3,9,0.027778,0.031296,0.034815,0.042926,0.051037,0.051037,0.989196
2026-07-26T00:03:45+00:00,on-demand,GTX 1080 Ti,6,17,0.042667,0.062389,0.069937,0.073829,0.081111,0.073651,0.99731
2026-07-26T00:03:45+00:00,on-demand,GTX 1650 S,1,1,0.677778,0.677778,0.677778,0.677778,0.677778,,0.931711
2026-07-26T00:03:45+00:00,on-demand,GTX 1660 S,1,1,0.451111,0.451111,0.451111,0.451111,0.451111,,0.939172
2026-07-26T00:03:45+00:00,on-demand,GTX 1660 Ti,1,1,0.611111,0.611111,0.611111,0.611111,0.611111,0.611111,0.933615
2026-07-26T00:03:45+00:00,on-demand,GTX TITAN X,1,1,0.048889,0.048889,0.048889,0.048889,0.048889,0.048889,0.987329
2026-07-26T00:03:45+00:00,on-demand,H100 NVL,5,7,1.868889,2.121481,2.136,2.401333,2.535556,2.121481,0.962266
2026-07-26T00:03:45+00:00,on-demand,H100 PCIE,2,9,1.362222,1.455037,1.547852,1.640667,1.733481,1.733481,0.969331
2026-07-26T00:03:45+00:00,on-demand,H100 SXM,12,35,1.733889,2.255778,2.901444,3.253722,5.348889,3.000667,0.994509
2026-07-26T00:03:45+00:00,on-demand,H200,7,22,3.934942,4.008406,4.211075,4.527136,4.843192,4.211075,0.997946
2026-07-26T00:03:45+00:00,on-demand,H200 NVL,7,18,2.800741,3.205694,3.334444,3.570889,3.854444,3.806222,0.978212
2026-07-26T00:03:45+00:00,on-demand,L4,4,11,0.202222,0.300972,0.334167,1.084306,3.333889,0.334167,0.983541
2026-07-26T00:03:45+00:00,on-demand,L40,5,11,0.297037,0.454074,0.574444,0.575556,0.577778,0.575,0.984607
2026-07-26T00:03:45+00:00,on-demand,L40S,14,47,0.40037,0.482685,0.666944,1.001157,2.442222,0.801852,0.992282
2026-07-26T00:03:45+00:00,on-demand,Q RTX 5000,2,3,0.080741,0.080926,0.081111,0.081296,0.081481,,0.934978
2026-07-26T00:03:45+00:00,on-demand,Q RTX 8000,4,8,0.253704,0.253981,0.262593,0.273556,0.280889,0.262593,0.998637
2026-07-26T00:03:45+00:00,on-demand,Quadro GV100,1,1,0.467407,0.467407,0.467407,0.467407,0.467407,,0.967927
2026-07-26T00:03:45+00:00,on-demand,Quadro P4000,3,4,0.054444,0.055,0.055556,0.056296,0.057037,0.057037,0.963258
2026-07-26T00:03:45+00:00,on-demand,RTX 2060,1,1,0.415556,0.415556,0.415556,0.415556,0.415556,0.415556,0.994945
2026-07-26T00:03:45+00:00,on-demand,RTX 2070S,2,17,0.073498,0.073503,0.073508,0.073513,0.073519,,0.987345
2026-07-26T00:03:45+00:00,on-demand,RTX 2080 Ti,9,28,0.053889,0.073111,0.080056,0.135407,0.811111,0.083929,0.994707
2026-07-26T00:03:45+00:00,on-demand,RTX 2080S,1,1,0.744444,0.744444,0.744444,0.744444,0.744444,0.744444,0.9734
2026-07-26T00:03:45+00:00,on-demand,RTX 3060,9,34,0.050815,0.068889,0.080463,0.677778,1.335556,0.184948,0.995896
2026-07-26T00:03:45+00:00,on-demand,RTX 3060 Ti,1,1,1.335556,1.335556,1.335556,1.335556,1.335556,,0.951277
2026-07-26T00:03:45+00:00,on-demand,RTX 3060 laptop,5,13,0.026685,0.041111,0.042222,0.055556,0.066963,0.061259,0.996678
2026-07-26T00:03:45+00:00,on-demand,RTX 3070,5,14,0.047778,0.048889,0.107037,0.107222,0.562222,0.334722,0.994099
2026-07-26T00:03:45+00:00,on-demand,RTX 3080,13,36,0.060222,0.076296,0.113556,0.250999,0.562222,0.199277,0.994252
2026-07-26T00:03:45+00:00,on-demand,RTX 3080 Ti,5,6,0.068889,0.081037,0.134444,0.142222,0.295556,0.138333,0.99492
2026-07-26T00:03:45+00:00,on-demand,RTX 3090,42,133,0.106944,0.147222,0.240529,0.484722,1.336296,0.247778,0.991209
2026-07-26T00:03:45+00:00,on-demand,RTX 3090 Ti,1,1,0.175556,0.175556,0.175556,0.175556,0.175556,,0.993078
2026-07-26T00:03:45+00:00,on-demand,RTX 4000Ada,1,1,0.202222,0.202222,0.202222,0.202222,0.202222,,0.992492
2026-07-26T00:03:45+00:00,on-demand,RTX 4060,6,10,0.060296,0.062778,0.067037,0.079074,2.677778,0.063333,0.995278
2026-07-26T00:03:45+00:00,on-demand,RTX 4060 Ti,2,6,0.083778,0.086306,0.088833,0.091361,0.093889,0.088833,0.996047
2026-07-26T00:03:45+00:00,on-demand,RTX 4070,3,4,0.082222,0.088333,0.094444,0.096111,0.097778,0.096111,0.995895
2026-07-26T00:03:45+00:00,on-demand,RTX 4070 Ti,7,21,0.09037,0.104568,0.107222,0.135,0.241111,0.1075,0.985828
2026-07-26T00:03:45+00:00,on-demand,RTX 4070S,6,11,0.084815,0.091574,0.096111,0.524815,0.667778,0.087593,0.981681
2026-07-26T00:03:45+00:00,on-demand,RTX 4070S Ti,10,26,0.087556,0.119722,0.225,0.267153,0.268889,0.266944,0.998756
2026-07-26T00:03:45+00:00,on-demand,RTX 4080,7,13,0.121481,0.142037,0.162222,0.223296,0.293926,0.268889,0.980012
2026-07-26T00:03:45+00:00,on-demand,RTX 4080S,11,33,0.147593,0.175463,0.202074,0.220537,0.228741,0.227185,0.99224
2026-07-26T00:03:45+00:00,on-demand,RTX 4090,63,210,0.133889,0.308519,0.402222,0.602778,1.337037,0.601852,0.994571
2026-07-26T00:03:45+00:00,on-demand,RTX 4090D,4,8,0.322815,0.58112,0.6675,0.668056,0.668889,0.322815,0.967226
2026-07-26T00:03:45+00:00,on-demand,RTX 5000Ada,2,3,0.428889,0.431944,0.435,0.438056,0.441111,0.435,0.997125
2026-07-26T00:03:45+00:00,on-demand,RTX 5060,6,8,0.045704,0.075926,0.079074,0.131944,0.182222,0.12963,0.978268
2026-07-26T00:03:45+00:00,on-demand,RTX 5060 Ti,23,82,0.070963,0.094167,0.132585,0.173917,0.933348,0.16975,0.992925
2026-07-26T00:03:45+00:00,on-demand,RTX 5060 laptop,1,1,0.135556,0.135556,0.135556,0.135556,0.135556,,0.970476
2026-07-26T00:03:45+00:00,on-demand,RTX 5070,7,11,0.080926,0.08963,0.104444,0.176296,14.668889,0.15037,0.97732
2026-07-26T00:03:45+00:00,on-demand,RTX 5070 Ti,6,9,0.126444,0.134722,0.142222,0.158889,0.201481,0.148333,0.979608
2026-07-26T00:03:45+00:00,on-demand,RTX 5080,18,59,0.133611,0.168778,0.194037,0.257361,0.802963,0.267685,0.988205
2026-07-26T00:03:45+00:00,on-demand,RTX 5090,46,152,0.212889,0.458571,0.566852,0.733681,3.615556,0.67037,0.993963
2026-07-26T00:03:45+00:00,on-demand,RTX 5880Ada,3,7,0.453852,0.454111,0.45437,0.51237,0.57037,0.45437,0.997823
2026-07-26T00:03:45+00:00,on-demand,RTX 6000Ada,10,25,0.203556,0.464722,0.609444,0.720903,0.735556,0.682222,0.993173
2026-07-26T00:03:45+00:00,on-demand,RTX A2000,3,4,0.034074,0.035111,0.036148,0.264815,0.493481,,0.995152
2026-07-26T00:03:45+00:00,on-demand,RTX A4000,9,57,0.071778,0.080185,0.080556,0.133519,0.133827,0.133611,0.984526
2026-07-26T00:03:45+00:00,on-demand,RTX A5000,2,3,0.319185,0.319648,0.320111,0.320574,0.321037,0.320111,0.999419
2026-07-26T00:03:45+00:00,on-demand,RTX A6000,7,20,0.28963,0.374167,0.388889,0.40125,0.454444,0.40125,0.993411
2026-07-26T00:03:45+00:00,on-demand,RTX PRO 4000,12,24,0.201111,0.258056,0.300926,0.335648,0.535556,0.314444,0.982462
2026-07-26T00:03:45+00:00,on-demand,RTX PRO 4500,1,1,0.282222,0.282222,0.282222,0.282222,0.282222,,0.994933
2026-07-26T00:03:45+00:00,on-demand,RTX PRO 5000,10,17,0.37,0.640694,0.667407,0.668611,0.897037,0.654111,0.991856
2026-07-26T00:03:45+00:00,on-demand,RTX PRO 6000 S,11,33,1.266944,1.35037,1.501481,1.734222,1.736296,1.501481,0.998174
2026-07-26T00:03:45+00:00,on-demand,RTX PRO 6000 WS,19,39,0.933889,1.002593,1.07037,1.369778,13.335556,1.33463,0.991288
2026-07-26T00:03:45+00:00,on-demand,Tesla P100,5,10,0.054815,0.081111,0.082222,0.201111,0.202222,0.141667,0.985312
2026-07-26T00:03:45+00:00,on-demand,Tesla P4,1,1,0.023259,0.023259,0.023259,0.023259,0.023259,,0.989717
2026-07-26T00:03:45+00:00,on-demand,Tesla P40,2,6,0.132556,0.132694,0.132833,0.132972,0.133111,0.132833,0.992629
2026-07-26T00:03:45+00:00,on-demand,Tesla T4,2,3,12.000741,12.000926,12.001111,12.001296,12.001481,,0.972395
2026-07-26T00:03:45+00:00,on-demand,Tesla V100,9,28,0.106944,0.107778,0.133704,0.148148,0.335556,0.166944,0.962646
2026-07-26T00:03:45+00:00,on-demand,Titan RTX,2,3,0.135185,0.14213,0.149074,0.156019,0.162963,0.162963,0.978745
2026-07-26T00:03:45+00:00,on-demand,Titan Xp,3,11,0.053704,0.053796,0.053889,0.054722,0.055556,0.053889,0.99606
2026-07-26T00:03:45+00:00,bid,A100 PCIE,20,26,0.134444,0.135556,0.168148,0.202222,0.437739,0.222222,0.994166
2026-07-26T00:03:45+00:00,bid,A100 SXM4,27,55,0.135556,0.459259,0.719768,0.802074,1.042156,0.719217,0.991475
2026-07-26T00:03:45+00:00,bid,A40,1,2,0.234074,0.234074,0.234074,0.234074,0.234074,0.234074,0.984352
2026-07-26T00:03:45+00:00,bid,A800 PCIE,5,10,0.129889,0.130444,0.130444,0.131556,0.131556,,0.994204
2026-07-26T00:03:45+00:00,bid,B200,11,48,5.625174,5.62526,5.627083,6.555035,8.752431,5.627083,0.996855
2026-07-26T00:03:45+00:00,bid,B300,3,11,5.000694,5.000868,5.001042,5.001563,5.002083,5.000694,0.958881
2026-07-26T00:03:45+00:00,bid,CMP 170HX,5,19,0.101433,0.101618,0.101618,0.101989,0.102729,,0.936235
2026-07-26T00:03:45+00:00,bid,GTX 1050 Ti,1,1,0.024444,0.024444,0.024444,0.024444,0.024444,,0.923499
2026-07-26T00:03:45+00:00,bid,GTX 1060,1,1,0.031111,0.031111,0.031111,0.031111,0.031111,,0.935827
2026-07-26T00:03:45+00:00,bid,GTX 1070,1,1,0.024444,0.024444,0.024444,0.024444,0.024444,0.024444,0.932649
2026-07-26T00:03:45+00:00,bid,GTX 1070 Ti,2,8,0.040556,0.040556,0.040556,0.040556,0.040556,0.040556,0.992478
2026-07-26T00:03:45+00:00,bid,GTX 1080,6,20,0.037037,0.04037,0.040463,0.040972,0.042222,0.040556,0.996231
2026-07-26T00:03:45+00:00,bid,GTX 1080 Ti,9,30,0.029333,0.041111,0.053651,0.054074,0.054444,0.053651,0.995582
2026-07-26T00:03:45+00:00,bid,GTX 1650 S,1,1,0.037778,0.037778,0.037778,0.037778,0.037778,,0.931711
2026-07-26T00:03:45+00:00,bid,GTX 1660,1,1,0.037778,0.037778,0.037778,0.037778,0.037778,,0.942438
2026-07-26T00:03:45+00:00,bid,GTX 1660 S,1,1,0.031111,0.031111,0.031111,0.031111,0.031111,,0.939172
2026-07-26T00:03:45+00:00,bid,GTX 1660 Ti,1,1,0.037778,0.037778,0.037778,0.037778,0.037778,0.037778,0.933615
2026-07-26T00:03:45+00:00,bid,GTX TITAN X,1,1,0.042222,0.042222,0.042222,0.042222,0.042222,0.042222,0.987329
2026-07-26T00:03:45+00:00,bid,H100 NVL,8,11,0.934667,0.935667,0.936,1.818889,1.934815,1.868519,0.961902
2026-07-26T00:03:45+00:00,bid,H100 PCIE,2,9,0.733481,0.817333,0.901185,0.985037,1.068889,0.733481,0.969331
2026-07-26T00:03:45+00:00,bid,H100 SXM,10,29,0.602222,1.527333,2.001444,2.004667,2.935217,2.002667,0.994509
2026-07-26T00:03:45+00:00,bid,H200,7,22,3.81652,3.817617,3.947917,4.032399,4.116876,3.947917,0.997946
2026-07-26T00:03:45+00:00,bid,H200 NVL,9,13,0.403778,0.404889,1.335556,1.867407,2.522222,1.930333,0.978212
2026-07-26T00:03:45+00:00,bid,L4,9,18,0.134074,0.134815,0.135556,0.202222,0.320444,0.135185,0.997808
2026-07-26T00:03:45+00:00,bid,L40,6,12,0.267407,0.468056,0.47,0.471111,0.471111,0.47,0.984607
2026-07-26T00:03:45+00:00,bid,L40S,28,85,0.201185,0.436667,0.535,0.540741,0.801852,0.538889,0.99835
2026-07-26T00:03:45+00:00,bid,Q RTX 5000,1,2,0.054074,0.054074,0.054074,0.054074,0.054074,,0.934978
2026-07-26T00:03:45+00:00,bid,Q RTX 6000,1,1,0.133704,0.133704,0.133704,0.133704,0.133704,,0.969193
2026-07-26T00:03:45+00:00,bid,Q RTX 8000,4,5,0.025222,0.080722,0.0995,0.099778,0.099778,0.0995,0.999493
2026-07-26T00:03:45+00:00,bid,Quadro GV100,1,1,0.134074,0.134074,0.134074,0.134074,0.134074,,0.967927
2026-07-26T00:03:45+00:00,bid,Quadro P4000,3,4,0.041111,0.041667,0.042222,0.044778,0.047333,0.047333,0.963258
2026-07-26T00:03:45+00:00,bid,RTX 2060,2,2,0.031111,0.107222,0.183333,0.259444,0.335556,0.183333,0.966303
2026-07-26T00:03:45+00:00,bid,RTX 2060S,1,1,0.123704,0.123704,0.123704,0.123704,0.123704,0.123704,0.933882
2026-07-26T00:03:45+00:00,bid,RTX 2070S,2,17,0.066831,0.066836,0.066842,0.066847,0.066852,,0.987345
2026-07-26T00:03:45+00:00,bid,RTX 2080 Ti,7,11,0.037778,0.06779,0.070074,0.107778,0.108148,0.088741,0.998444
2026-07-26T00:03:45+00:00,bid,RTX 2080S,1,1,0.046556,0.046556,0.046556,0.046556,0.046556,0.046556,0.9734
2026-07-26T00:03:45+00:00,bid,RTX 3060,14,50,0.025111,0.043821,0.051037,0.055278,0.139081,0.048185,0.991312
2026-07-26T00:03:45+00:00,bid,RTX 3060 Ti,1,1,0.132889,0.132889,0.132889,0.132889,0.132889,,0.951277
2026-07-26T00:03:45+00:00,bid,RTX 3060 laptop,6,17,0.013352,0.019722,0.051963,0.066593,0.101111,0.066963,0.996181
2026-07-26T00:03:45+00:00,bid,RTX 3070,10,23,0.040444,0.048343,0.069444,0.094306,0.495556,0.094167,0.994336
2026-07-26T00:03:45+00:00,bid,RTX 3080,14,37,0.061481,0.067778,0.115881,0.240394,0.495556,0.189777,0.989561
2026-07-26T00:03:45+00:00,bid,RTX 3080 Ti,5,5,0.015556,0.055556,0.095556,0.108889,0.188889,0.108889,0.99492
2026-07-26T00:03:45+00:00,bid,RTX 3090,54,129,0.066981,0.108148,0.134444,0.160833,0.268889,0.146944,0.989973
2026-07-26T00:03:45+00:00,bid,RTX 4000Ada,1,1,0.162222,0.162222,0.162222,0.162222,0.162222,,0.992492
2026-07-26T00:03:45+00:00,bid,RTX 4060,3,7,0.05363,0.053778,0.053926,0.054222,0.054519,,0.964908
2026-07-26T00:03:45+00:00,bid,RTX 4060 Ti,9,23,0.034444,0.041111,0.055778,0.075778,0.107111,0.0755,0.996483
2026-07-26T00:03:45+00:00,bid,RTX 4070,6,17,0.053889,0.054028,0.055,0.070306,0.075778,0.055,0.9992
2026-07-26T00:03:45+00:00,bid,RTX 4070 Ti,9,15,0.093889,0.094444,0.108148,0.108889,0.215556,0.108889,0.985959
2026-07-26T00:03:45+00:00,bid,RTX 4070S,3,5,0.054444,0.055,0.055556,0.063519,0.071481,0.055556,0.994535
2026-07-26T00:03:45+00:00,bid,RTX 4070S Ti,13,36,0.054815,0.166944,0.167778,0.167778,0.202222,0.167778,0.999556
2026-07-26T00:03:45+00:00,bid,RTX 4080,7,13,0.081111,0.108074,0.147037,0.224333,0.255556,0.255,0.980012
2026-07-26T00:03:45+00:00,bid,RTX 4080S,14,35,0.067407,0.168278,0.200398,0.201815,0.240741,0.202074,0.996663
2026-07-26T00:03:45+00:00,bid,RTX 4090,100,246,0.133889,0.228148,0.300667,0.402407,1.005037,0.362222,0.994571
2026-07-26T00:03:45+00:00,bid,RTX 4090D,4,8,0.604556,0.604972,0.605667,0.606222,0.606222,,0.967226
2026-07-26T00:03:45+00:00,bid,RTX 5000Ada,5,7,0.267778,0.268889,0.268889,0.321111,0.322222,0.268889,0.997868
2026-07-26T00:03:45+00:00,bid,RTX 5060,5,6,0.040296,0.054444,0.095556,0.148889,0.148889,0.148889,0.992181
2026-07-26T00:03:45+00:00,bid,RTX 5060 Ti,39,137,0.053519,0.074537,0.107407,0.142444,0.160556,0.134815,0.994728
2026-07-26T00:03:45+00:00,bid,RTX 5070,8,10,0.054074,0.079537,0.128333,0.162222,0.268222,0.135556,0.981942
2026-07-26T00:03:45+00:00,bid,RTX 5070 Ti,19,43,0.082222,0.093889,0.107778,0.134222,0.268,0.107778,0.99268
2026-07-26T00:03:45+00:00,bid,RTX 5080,19,35,0.07737,0.120907,0.136296,0.193796,0.338519,0.187037,0.987248
2026-07-26T00:03:45+00:00,bid,RTX 5090,76,171,0.102222,0.271667,0.366883,0.447569,0.845926,0.401481,0.995308
2026-07-26T00:03:45+00:00,bid,RTX 5880Ada,7,9,0.295185,0.297037,0.297037,0.297037,0.33437,0.297037,0.995784
2026-07-26T00:03:45+00:00,bid,RTX 6000Ada,20,39,0.137778,0.288472,0.388889,0.468889,0.680889,0.467704,0.992909
2026-07-26T00:03:45+00:00,bid,RTX A2000,2,2,0.202222,0.251704,0.301185,0.350667,0.400148,,0.996255
2026-07-26T00:03:45+00:00,bid,RTX A4000,12,67,0.013519,0.046306,0.080435,0.106898,0.10716,0.093611,0.986896
2026-07-26T00:03:45+00:00,bid,RTX A5000,3,7,0.021556,0.065037,0.108519,0.109444,0.11037,0.108519,0.999419
2026-07-26T00:03:45+00:00,bid,RTX A6000,9,20,0.134815,0.136296,0.307778,0.373611,0.375556,0.373611,0.991304
2026-07-26T00:03:45+00:00,bid,RTX PRO 2000,2,3,0.134074,0.134259,0.134444,0.13463,0.134815,,0.962962
2026-07-26T00:03:45+00:00,bid,RTX PRO 4000,20,42,0.055556,0.068778,0.19463,0.234722,0.241481,0.234444,0.989875
2026-07-26T00:03:45+00:00,bid,RTX PRO 5000,13,20,0.135111,0.296296,0.482222,0.534444,0.803704,0.475556,0.992185
2026-07-26T00:03:45+00:00,bid,RTX PRO 6000 S,22,52,0.335556,0.696667,0.901759,1.069259,1.317778,0.901759,0.997794
2026-07-26T00:03:45+00:00,bid,RTX PRO 6000 WS,26,37,0.228889,0.538519,0.80137,1.019881,1.337037,1.065778,0.993047
2026-07-26T00:03:45+00:00,bid,Tesla P100,4,5,0.041481,0.111204,0.135,0.135556,0.135556,0.135556,0.985312
2026-07-26T00:03:45+00:00,bid,Tesla P4,1,1,0.011926,0.011926,0.011926,0.011926,0.011926,,0.989717
2026-07-26T00:03:45+00:00,bid,Tesla P40,3,8,0.065889,0.066167,0.066444,0.066444,0.066444,0.066444,0.992629
2026-07-26T00:03:45+00:00,bid,Tesla T4,3,4,3.400741,3.401111,3.401481,3.401481,3.401481,,0.972395
2026-07-26T00:03:45+00:00,bid,Tesla V100,11,23,0.08037,0.095222,0.162222,0.162222,0.242222,0.162222,0.999455
2026-07-26T00:03:45+00:00,bid,Titan RTX,2,3,0.108889,0.113796,0.118704,0.123611,0.128519,0.108889,0.994837
2026-07-26T00:03:45+00:00,bid,Titan V,1,2,0.067778,0.067778,0.067778,0.067778,0.067778,0.067778,0.996341
2026-07-26T00:03:45+00:00,bid,Titan Xp,4,15,0.04037,0.040509,0.040556,0.040972,0.042222,0.040556,0.995532
2026-07-26T00:08:47+00:00,on-demand,A100 PCIE,13,32,0.268148,0.334444,0.994435,1.001111,1.537739,0.997739,0.988669
2026-07-26T00:08:47+00:00,on-demand,A100 SXM4,24,67,0.40037,0.801944,1.015778,1.197713,1.593739,1.002667,0.992042
2026-07-26T00:08:47+00:00,on-demand,A40,2,3,0.601111,0.601389,0.601667,0.601944,0.602222,0.601667,0.959548
2026-07-26T00:08:47+00:00,on-demand,A800 PCIE,4,8,0.468148,0.617454,0.6675,0.668056,0.668889,,0.994204
2026-07-26T00:08:47+00:00,on-demand,B200,10,33,6.127604,6.250456,6.372396,8.608507,10.634722,6.372396,0.997317
2026-07-26T00:08:47+00:00,on-demand,B300,4,15,5.625521,7.266536,7.814062,8.048611,8.750694,8.750694,0.97364
2026-07-26T00:08:47+00:00,on-demand,CMP 170HX,3,13,0.120185,0.120278,0.12037,0.120926,0.121481,,0.936235
2026-07-26T00:08:47+00:00,on-demand,GTX 1050 Ti,1,1,0.611111,0.611111,0.611111,0.611111,0.611111,,0.923499
2026-07-26T00:08:47+00:00,on-demand,GTX 1060,3,4,0.087778,0.088333,0.088889,0.216667,0.344444,0.088333,0.999298
2026-07-26T00:08:47+00:00,on-demand,GTX 1070,1,1,0.531111,0.531111,0.531111,0.531111,0.531111,0.531111,0.932649
2026-07-26T00:08:47+00:00,on-demand,GTX 1080,5,12,0.027778,0.034815,0.051037,0.051778,0.052889,0.051778,0.996231
2026-07-26T00:08:47+00:00,on-demand,GTX 1080 Ti,7,21,0.042667,0.062722,0.065111,0.07377,0.074444,0.069381,0.997501
2026-07-26T00:08:47+00:00,on-demand,GTX 1650 S,1,1,0.677778,0.677778,0.677778,0.677778,0.677778,,0.931711
2026-07-26T00:08:47+00:00,on-demand,GTX 1660 Ti,1,1,0.611111,0.611111,0.611111,0.611111,0.611111,0.611111,0.933615
2026-07-26T00:08:47+00:00,on-demand,GTX TITAN X,1,1,0.048889,0.048889,0.048889,0.048889,0.048889,0.048889,0.987329
2026-07-26T00:08:47+00:00,on-demand,H100 NVL,5,7,1.868889,2.121481,2.401333,2.402667,2.535556,2.121481,0.961538
2026-07-26T00:08:47+00:00,on-demand,H100 PCIE,2,9,1.362222,1.455037,1.547852,1.640667,1.733481,1.733481,0.969331
2026-07-26T00:08:47+00:00,on-demand,H100 SXM,11,34,1.733889,1.969111,2.802222,3.523053,4.218889,2.602,0.99761
2026-07-26T00:08:47+00:00,on-demand,H200,7,22,3.934942,4.008406,4.211075,4.527136,4.843192,4.211075,0.997946
2026-07-26T00:08:47+00:00,on-demand,H200 NVL,6,16,2.800741,3.135069,3.549917,3.832389,3.855556,3.854444,0.979932
2026-07-26T00:08:47+00:00,on-demand,L4,5,13,0.032296,0.202222,0.333778,0.334074,3.333889,0.333926,0.981839
2026-07-26T00:08:47+00:00,on-demand,L40,4,9,0.297037,0.414815,0.514259,0.575278,0.577778,0.574444,0.990656
2026-07-26T00:08:47+00:00,on-demand,L40S,14,47,0.40037,0.482685,0.800648,1.068287,2.442222,0.934537,0.995395
2026-07-26T00:08:47+00:00,on-demand,Q RTX 5000,1,2,0.080741,0.080741,0.080741,0.080741,0.080741,,0.934978
2026-07-26T00:08:47+00:00,on-demand,Q RTX 8000,4,8,0.252556,0.252972,0.253407,0.258167,0.271556,0.253407,0.999065
2026-07-26T00:08:47+00:00,on-demand,Quadro GV100,1,1,0.467407,0.467407,0.467407,0.467407,0.467407,,0.967927
2026-07-26T00:08:47+00:00,on-demand,Quadro P4000,3,4,0.054444,0.055,0.055556,0.055556,0.055556,0.055556,0.963258
2026-07-26T00:08:47+00:00,on-demand,RTX 2060,1,1,0.411111,0.411111,0.411111,0.411111,0.411111,0.411111,0.937661
2026-07-26T00:08:47+00:00,on-demand,RTX 2070S,2,17,0.073498,0.073503,0.073508,0.073513,0.073519,,0.987345
2026-07-26T00:08:47+00:00,on-demand,RTX 2080 Ti,7,29,0.068889,0.080025,0.080056,0.111605,0.811111,0.080056,0.994707
2026-07-26T00:08:47+00:00,on-demand,RTX 2080S,1,1,0.744444,0.744444,0.744444,0.744444,0.744444,0.744444,0.9734
2026-07-26T00:08:47+00:00,on-demand,RTX 3060,11,44,0.034444,0.052167,0.068889,0.115372,1.334815,0.080463,0.991669
2026-07-26T00:08:47+00:00,on-demand,RTX 3060 laptop,5,13,0.026685,0.041111,0.042222,0.055556,0.068296,0.061926,0.994308
2026-07-26T00:08:47+00:00,on-demand,RTX 3070,9,26,0.047778,0.081852,0.100617,0.107037,0.562222,0.100926,0.992142
2026-07-26T00:08:47+00:00,on-demand,RTX 3080,14,37,0.060278,0.075185,0.113472,0.2252,0.562222,0.199319,0.993864
2026-07-26T00:08:47+00:00,on-demand,RTX 3080 Ti,3,3,0.102222,0.122222,0.142222,0.218889,0.295556,0.218889,0.99492
2026-07-26T00:08:47+00:00,on-demand,RTX 3090,39,123,0.106944,0.138796,0.200315,0.314778,1.187407,0.245,0.991209
2026-07-26T00:08:47+00:00,on-demand,RTX 3090 Ti,1,1,0.175556,0.175556,0.175556,0.175556,0.175556,,0.993078
2026-07-26T00:08:47+00:00,on-demand,RTX 4000Ada,1,1,0.202222,0.202222,0.202222,0.202222,0.202222,,0.992492
2026-07-26T00:08:47+00:00,on-demand,RTX 4060,7,14,0.060296,0.061667,0.064444,0.075926,2.677778,0.062222,0.996048
2026-07-26T00:08:47+00:00,on-demand,RTX 4060 Ti,3,8,0.083222,0.0835,0.083778,0.114444,0.145111,0.083778,0.993231
2026-07-26T00:08:47+00:00,on-demand,RTX 4070,2,3,0.082222,0.083889,0.085556,0.087222,0.088889,0.088889,0.994924
2026-07-26T00:08:47+00:00,on-demand,RTX 4070 Ti,7,21,0.09037,0.104568,0.107222,0.174444,0.242222,0.1075,0.985828
2026-07-26T00:08:47+00:00,on-demand,RTX 4070S,10,21,0.082407,0.09,0.096111,0.667685,0.668889,0.084815,0.967508
2026-07-26T00:08:47+00:00,on-demand,RTX 4070S Ti,7,20,0.087556,0.115,0.201111,0.267083,0.267778,0.267083,0.998055
2026-07-26T00:08:47+00:00,on-demand,RTX 4080,4,9,0.161037,0.173537,0.222741,0.274315,0.293926,0.267778,0.9884
2026-07-26T00:08:47+00:00,on-demand,RTX 4080S,12,31,0.098222,0.148287,0.202148,0.213681,0.28037,0.202222,0.99224
2026-07-26T00:08:47+00:00,on-demand,RTX 4090,54,167,0.133889,0.336704,0.401481,0.587963,1.337037,0.471852,0.993415
2026-07-26T00:08:47+00:00,on-demand,RTX 4090D,4,8,0.325481,0.581787,0.6675,0.668056,0.668889,0.325481,0.967226
2026-07-26T00:08:47+00:00,on-demand,RTX 5000Ada,2,3,0.427778,0.431389,0.435,0.438611,0.442222,0.435,0.997125
2026-07-26T00:08:47+00:00,on-demand,RTX 5060,5,6,0.045704,0.066963,0.075556,0.148889,0.182222,0.124593,0.974911
2026-07-26T00:08:47+00:00,on-demand,RTX 5060 Ti,19,74,0.067556,0.088426,0.134074,0.176694,0.933348,0.16975,0.993104
2026-07-26T00:08:47+00:00,on-demand,RTX 5070,7,12,0.083704,0.095,0.102222,0.144074,14.668889,0.11037,0.992925
2026-07-26T00:08:47+00:00,on-demand,RTX 5070 Ti,5,12,0.105889,0.147778,0.148889,0.160556,0.162222,0.160556,0.990601
2026-07-26T00:08:47+00:00,on-demand,RTX 5080,18,62,0.133611,0.171746,0.187852,0.224259,0.802963,0.241111,0.988205
2026-07-26T00:08:47+00:00,on-demand,RTX 5090,47,139,0.212889,0.426991,0.534444,0.734074,3.615556,0.73375,0.99519
2026-07-26T00:08:47+00:00,on-demand,RTX 5880Ada,3,7,0.453852,0.511185,0.568519,0.569444,0.57037,0.568519,0.995784
2026-07-26T00:08:47+00:00,on-demand,RTX 6000Ada,9,24,0.440556,0.442222,0.681037,0.733796,0.735556,0.716528,0.990375
2026-07-26T00:08:47+00:00,on-demand,RTX A2000,3,4,0.034074,0.035111,0.036148,0.264815,0.493481,,0.995152
2026-07-26T00:08:47+00:00,on-demand,RTX A4000,8,49,0.071778,0.078361,0.106873,0.133565,0.133827,,0.981604
2026-07-26T00:08:47+00:00,on-demand,RTX A5000,1,1,0.31837,0.31837,0.31837,0.31837,0.31837,0.31837,0.999419
2026-07-26T00:08:47+00:00,on-demand,RTX A6000,7,19,0.288148,0.331759,0.374444,0.394583,0.404444,0.402361,0.993411
2026-07-26T00:08:47+00:00,on-demand,RTX PRO 2000,1,2,0.174074,0.174074,0.174074,0.174074,0.174074,,0.962962
2026-07-26T00:08:47+00:00,on-demand,RTX PRO 4000,11,24,0.200556,0.221389,0.279556,0.314815,0.535556,0.279556,0.982462
2026-07-26T00:08:47+00:00,on-demand,RTX PRO 4500,1,1,0.282222,0.282222,0.282222,0.282222,0.282222,,0.994933
2026-07-26T00:08:47+00:00,on-demand,RTX PRO 5000,9,15,0.37,0.640556,0.667111,0.668889,0.897037,0.641111,0.992185
2026-07-26T00:08:47+00:00,on-demand,RTX PRO 6000 S,9,24,1.068889,1.268889,1.601111,1.734074,1.736296,1.601667,0.996944
2026-07-26T00:08:47+00:00,on-demand,RTX PRO 6000 WS,18,34,0.933889,1.001389,1.334426,1.466852,13.335556,1.335278,0.987706
2026-07-26T00:08:47+00:00,on-demand,Tesla P100,5,10,0.054815,0.081111,0.081481,0.201111,0.202222,0.141296,0.985312
2026-07-26T00:08:47+00:00,on-demand,Tesla P4,1,1,0.023259,0.023259,0.023259,0.023259,0.023259,,0.989717
2026-07-26T00:08:47+00:00,on-demand,Tesla P40,2,6,0.132556,0.132694,0.132833,0.132972,0.133111,0.132833,0.992629
2026-07-26T00:08:47+00:00,on-demand,Tesla T4,2,3,12.000741,12.000926,12.001111,12.001296,12.001481,,0.972395
2026-07-26T00:08:47+00:00,on-demand,Tesla V100,10,30,0.106944,0.108056,0.133889,0.201403,0.335556,0.240333,0.962646
2026-07-26T00:08:47+00:00,on-demand,Titan RTX,2,2,0.135556,0.142407,0.149259,0.156111,0.162963,0.149259,0.98222
2026-07-26T00:08:47+00:00,on-demand,Titan Xp,2,7,0.053704,0.054167,0.05463,0.055093,0.055556,0.05463,0.995532
2026-07-26T00:08:47+00:00,bid,A100 PCIE,21,29,0.133889,0.135556,0.135556,0.202222,0.437739,0.222222,0.994166
2026-07-26T00:08:47+00:00,bid,A100 SXM4,27,53,0.135556,0.551435,0.72087,0.802667,1.042156,0.668889,0.991475
2026-07-26T00:08:47+00:00,bid,A40,1,2,0.234074,0.234074,0.234074,0.234074,0.234074,0.234074,0.984352
2026-07-26T00:08:47+00:00,bid,A800 PCIE,7,12,0.129889,0.130444,0.131556,0.131556,0.131556,,0.994204
2026-07-26T00:08:47+00:00,bid,B200,11,48,5.625174,5.62526,5.626042,6.253906,6.859722,5.626042,0.996855
2026-07-26T00:08:47+00:00,bid,B300,3,11,5.000694,5.000868,5.001042,5.001563,5.002083,5.000694,0.958881
2026-07-26T00:08:47+00:00,bid,CMP 170HX,4,15,0.101433,0.101572,0.101804,0.102174,0.102729,,0.936235
2026-07-26T00:08:47+00:00,bid,GTX 1050 Ti,1,1,0.024444,0.024444,0.024444,0.024444,0.024444,,0.923499
2026-07-26T00:08:47+00:00,bid,GTX 1060,1,1,0.031111,0.031111,0.031111,0.031111,0.031111,,0.935827
2026-07-26T00:08:47+00:00,bid,GTX 1070,1,1,0.024444,0.024444,0.024444,0.024444,0.024444,0.024444,0.932649
2026-07-26T00:08:47+00:00,bid,GTX 1080,4,10,0.014815,0.033981,0.040741,0.041389,0.042222,0.041111,0.996231
2026-07-26T00:08:47+00:00,bid,GTX 1080 Ti,10,34,0.029333,0.040694,0.053651,0.054074,0.055556,0.053651,0.995582
2026-07-26T00:08:47+00:00,bid,GTX 1650 S,1,1,0.037778,0.037778,0.037778,0.037778,0.037778,,0.931711
2026-07-26T00:08:47+00:00,bid,GTX 1660 S,1,1,0.031111,0.031111,0.031111,0.031111,0.031111,,0.939172
2026-07-26T00:08:47+00:00,bid,GTX 1660 Ti,1,1,0.037778,0.037778,0.037778,0.037778,0.037778,0.037778,0.933615
2026-07-26T00:08:47+00:00,bid,GTX TITAN X,1,1,0.042222,0.042222,0.042222,0.042222,0.042222,0.042222,0.987329
2026-07-26T00:08:47+00:00,bid,H100 NVL,7,10,0.934667,0.935333,0.936,1.369111,1.934815,1.868519,0.962266
2026-07-26T00:08:47+00:00,bid,H100 PCIE,2,9,0.733481,0.817333,0.901185,0.985037,1.068889,0.733481,0.969331
2026-07-26T00:08:47+00:00,bid,H100 SXM,8,27,0.602222,1.751796,2.004,2.567731,2.935217,2.005333,0.992629
2026-07-26T00:08:47+00:00,bid,H200,7,22,3.81652,3.817617,3.947917,4.032399,4.116876,3.947917,0.997946
2026-07-26T00:08:47+00:00,bid,H200 NVL,6,10,0.403778,1.471519,1.934815,2.391389,2.522222,2.521111,0.979932
2026-07-26T00:08:47+00:00,bid,L4,9,22,0.134074,0.134815,0.267407,0.271852,0.320556,0.267778,0.997862
2026-07-26T00:08:47+00:00,bid,L40,6,12,0.267407,0.468056,0.47,0.471111,0.471111,0.47,0.984607
2026-07-26T00:08:47+00:00,bid,L40S,24,71,0.20037,0.436667,0.536111,0.540741,0.774074,0.537037,0.998459
2026-07-26T00:08:47+00:00,bid,Q RTX 5000,1,2,0.054074,0.054074,0.054074,0.054074,0.054074,,0.934978
2026-07-26T00:08:47+00:00,bid,Q RTX 6000,1,1,0.133704,0.133704,0.133704,0.133704,0.133704,,0.969193
2026-07-26T00:08:47+00:00,bid,Q RTX 8000,6,7,0.025222,0.045639,0.0995,0.099778,0.150222,0.0995,0.999224
2026-07-26T00:08:47+00:00,bid,Quadro GV100,1,1,0.134074,0.134074,0.134074,0.134074,0.134074,,0.967927
2026-07-26T00:08:47+00:00,bid,Quadro P4000,3,4,0.041111,0.041667,0.042222,0.044778,0.047333,0.047333,0.963258
2026-07-26T00:08:47+00:00,bid,RTX 2060,2,2,0.031111,0.107222,0.183333,0.259444,0.335556,0.183333,0.966303
2026-07-26T00:08:47+00:00,bid,RTX 2060S,1,1,0.123704,0.123704,0.123704,0.123704,0.123704,0.123704,0.933882
2026-07-26T00:08:47+00:00,bid,RTX 2070S,2,17,0.066831,0.066836,0.066842,0.066847,0.066852,,0.987345
2026-07-26T00:08:47+00:00,bid,RTX 2080 Ti,6,10,0.037778,0.067784,0.068938,0.098074,0.108148,0.070074,0.997887
2026-07-26T00:08:47+00:00,bid,RTX 2080S,1,1,0.046556,0.046556,0.046556,0.046556,0.046556,0.046556,0.9734
2026-07-26T00:08:47+00:00,bid,RTX 3060,13,47,0.028889,0.047896,0.053889,0.102815,0.133926,0.080633,0.990956
2026-07-26T00:08:47+00:00,bid,RTX 3060 Ti,2,2,0.057037,0.076,0.094963,0.113926,0.132889,0.057037,0.973518
2026-07-26T00:08:47+00:00,bid,RTX 3060 laptop,5,15,0.013352,0.013481,0.038444,0.065481,0.066963,0.066222,0.996181
2026-07-26T00:08:47+00:00,bid,RTX 3070,10,23,0.040444,0.068519,0.089389,0.145278,0.495556,0.094167,0.994336
2026-07-26T00:08:47+00:00,bid,RTX 3080,14,37,0.060741,0.067153,0.1395,0.240394,0.495556,0.140889,0.988796
2026-07-26T00:08:47+00:00,bid,RTX 3080 Ti,5,6,0.028889,0.07037,0.135556,0.166444,0.188889,0.151,0.99382
2026-07-26T00:08:47+00:00,bid,RTX 3090,56,133,0.066981,0.10813,0.134259,0.156759,0.268889,0.14088,0.992525
2026-07-26T00:08:47+00:00,bid,RTX 4000Ada,1,1,0.162222,0.162222,0.162222,0.162222,0.162222,,0.992492
2026-07-26T00:08:47+00:00,bid,RTX 4060,3,7,0.05363,0.053778,0.053926,0.054222,0.054519,,0.964908
2026-07-26T00:08:47+00:00,bid,RTX 4060 Ti,8,21,0.041111,0.049167,0.0755,0.102611,0.107556,0.088444,0.993231
2026-07-26T00:08:47+00:00,bid,RTX 4070,3,5,0.054444,0.065667,0.076889,0.112333,0.147778,0.076889,0.998058
2026-07-26T00:08:47+00:00,bid,RTX 4070 Ti,7,20,0.09358,0.094167,0.095556,0.161667,0.215556,0.101667,0.985959
2026-07-26T00:08:47+00:00,bid,RTX 4070S,2,6,0.069074,0.069676,0.070278,0.07088,0.071481,0.070278,0.967508
2026-07-26T00:08:47+00:00,bid,RTX 4070S Ti,9,25,0.095556,0.167222,0.167778,0.201111,0.202222,0.167778,0.999457
2026-07-26T00:08:47+00:00,bid,RTX 4080,5,10,0.081111,0.082222,0.133926,0.147037,0.255556,0.255556,0.980012
2026-07-26T00:08:47+00:00,bid,RTX 4080S,11,29,0.092889,0.14163,0.200278,0.200796,0.24037,0.201037,0.995206
2026-07-26T00:08:47+00:00,bid,RTX 4090,90,222,0.134074,0.231852,0.314741,0.403519,1.005037,0.401778,0.994144
2026-07-26T00:08:47+00:00,bid,RTX 4090D,4,8,0.604556,0.604972,0.605667,0.606222,0.606222,,0.967226
2026-07-26T00:08:47+00:00,bid,RTX 5000Ada,5,7,0.267778,0.268889,0.268889,0.321111,0.322222,0.268889,0.997868
2026-07-26T00:08:47+00:00,bid,RTX 5060,5,6,0.040296,0.054444,0.063556,0.095556,0.148889,0.106222,0.981723
2026-07-26T00:08:47+00:00,bid,RTX 5060 Ti,35,128,0.053519,0.069111,0.134,0.147222,0.160556,0.141889,0.990385
2026-07-26T00:08:47+00:00,bid,RTX 5070,7,9,0.054074,0.057185,0.083704,0.154296,0.268222,0.115037,0.973706
2026-07-26T00:08:47+00:00,bid,RTX 5070 Ti,14,25,0.093889,0.1075,0.112963,0.13437,0.268,0.112963,0.990601
2026-07-26T00:08:47+00:00,bid,RTX 5080,16,26,0.07737,0.130852,0.149444,0.20015,0.338519,0.137778,0.989899
2026-07-26T00:08:47+00:00,bid,RTX 5090,75,164,0.102222,0.272593,0.373519,0.467843,0.908889,0.387361,0.99519
2026-07-26T00:08:47+00:00,bid,RTX 5880Ada,7,10,0.295185,0.297037,0.297037,0.315704,0.33437,0.297037,0.995784
2026-07-26T00:08:47+00:00,bid,RTX 6000Ada,19,42,0.137778,0.268056,0.387778,0.468296,0.680889,0.40037,0.995972
2026-07-26T00:08:47+00:00,bid,RTX A2000,2,2,0.202222,0.251704,0.301185,0.350667,0.400148,,0.996255
2026-07-26T00:08:47+00:00,bid,RTX A4000,12,69,0.013519,0.013889,0.075917,0.106898,0.10716,0.093611,0.988211
2026-07-26T00:08:47+00:00,bid,RTX A5000,3,7,0.108519,0.109444,0.11037,0.170726,0.231081,0.11037,0.999419
2026-07-26T00:08:47+00:00,bid,RTX A6000,8,18,0.134815,0.136296,0.311639,0.335069,0.375556,0.373611,0.994629
2026-07-26T00:08:47+00:00,bid,RTX PRO 2000,2,3,0.134074,0.134259,0.134444,0.13463,0.134815,,0.962962
2026-07-26T00:08:47+00:00,bid,RTX PRO 4000,16,37,0.055556,0.068611,0.19463,0.240741,0.276741,0.240494,0.984153
2026-07-26T00:08:47+00:00,bid,RTX PRO 5000,12,19,0.135111,0.374852,0.491667,0.534444,0.803704,0.482222,0.992185
2026-07-26T00:08:47+00:00,bid,RTX PRO 6000 S,22,51,0.335556,0.787407,1.067778,1.159352,1.466944,1.067407,0.996896
2026-07-26T00:08:47+00:00,bid,RTX PRO 6000 WS,22,33,0.334444,0.538519,0.697296,0.909444,1.204444,0.834704,0.99054
2026-07-26T00:08:47+00:00,bid,Tesla P100,4,5,0.041481,0.111204,0.135,0.135556,0.135556,0.135556,0.985312
2026-07-26T00:08:47+00:00,bid,Tesla P4,1,1,0.011926,0.011926,0.011926,0.011926,0.011926,,0.989717
2026-07-26T00:08:47+00:00,bid,Tesla P40,3,8,0.065889,0.066167,0.066444,0.066444,0.066444,0.066444,0.992629
2026-07-26T00:08:47+00:00,bid,Tesla T4,3,4,3.400741,3.401111,3.401481,3.401481,3.401481,,0.972395
2026-07-26T00:08:47+00:00,bid,Tesla V100,9,23,0.08037,0.095407,0.160556,0.162222,0.202222,0.162222,0.998737
2026-07-26T00:08:47+00:00,bid,Titan RTX,3,4,0.095556,0.102222,0.108889,0.118704,0.128519,0.102222,0.991362
2026-07-26T00:08:47+00:00,bid,Titan Xp,3,11,0.04037,0.040463,0.040556,0.041389,0.042222,0.040556,0.995532
2026-07-26T00:13:44+00:00,on-demand,A100 PCIE,15,35,0.268148,0.335,0.994435,1.001667,1.537739,0.997739,0.992233
2026-07-26T00:13:44+00:00,on-demand,A100 SXM4,25,67,0.40037,0.802222,1.000556,1.226852,1.593739,1.029333,0.995399
2026-07-26T00:13:44+00:00,on-demand,A40,2,3,0.601111,0.601389,0.601667,0.601944,0.602222,0.601667,0.981581
2026-07-26T00:13:44+00:00,on-demand,A800 PCIE,2,6,0.667222,0.667361,0.6675,0.667639,0.667778,,0.994204
2026-07-26T00:13:44+00:00,on-demand,B200,19,73,5.838542,5.93776,6.176302,6.251042,8.604861,6.176302,0.981597
2026-07-26T00:13:44+00:00,on-demand,B300,4,15,5.625521,7.266536,7.814062,8.048611,8.750694,8.750694,0.973658
2026-07-26T00:13:44+00:00,on-demand,CMP 170HX,4,15,0.120185,0.120324,0.120556,0.120926,0.121481,,0.936235
2026-07-26T00:13:44+00:00,on-demand,GTX 1050 Ti,1,1,0.611111,0.611111,0.611111,0.611111,0.611111,,0.924974
2026-07-26T00:13:44+00:00,on-demand,GTX 1060,3,4,0.087778,0.088333,0.088889,0.216667,0.344444,0.088333,0.999298
2026-07-26T00:13:44+00:00,on-demand,GTX 1070,1,1,0.531111,0.531111,0.531111,0.531111,0.531111,0.531111,0.933652
2026-07-26T00:13:44+00:00,on-demand,GTX 1070 Ti,2,5,0.051222,0.051639,0.052056,0.052472,0.052889,0.052056,0.997218
2026-07-26T00:13:44+00:00,on-demand,GTX 1080,4,11,0.027778,0.033056,0.042926,0.051222,0.051778,0.051407,0.994
2026-07-26T00:13:44+00:00,on-demand,GTX 1080 Ti,6,17,0.042667,0.060694,0.063,0.07146,0.081111,0.064889,0.996
2026-07-26T00:13:44+00:00,on-demand,GTX 1660 Ti,1,1,0.611111,0.611111,0.611111,0.611111,0.611111,0.611111,0.934875
2026-07-26T00:13:44+00:00,on-demand,GTX TITAN X,1,1,0.048889,0.048889,0.048889,0.048889,0.048889,0.048889,0.987329
2026-07-26T00:13:44+00:00,on-demand,H100 NVL,4,6,1.868889,2.058333,2.128741,2.202333,2.401333,1.995185,0.962531
2026-07-26T00:13:44+00:00,on-demand,H100 PCIE,3,10,1.362222,1.547852,1.733481,1.833481,1.933481,1.833481,0.969518
2026-07-26T00:13:44+00:00,on-demand,H100 SXM,12,44,1.733889,2.312259,2.868056,3.036111,4.218889,2.967278,0.994512
2026-07-26T00:13:44+00:00,on-demand,H200,7,22,3.934942,4.008406,4.211075,4.527136,4.843192,4.211075,0.997946
2026-07-26T00:13:44+00:00,on-demand,H200 NVL,6,15,3.077778,3.333819,3.335,3.724722,5.073037,3.854444,0.973017
2026-07-26T00:13:44+00:00,on-demand,L4,5,13,0.202222,0.333778,0.334074,0.335556,3.333889,0.334074,0.997864
2026-07-26T00:13:44+00:00,on-demand,L40,4,8,0.297037,0.505093,0.575,0.576111,0.577778,0.575556,0.984634
2026-07-26T00:13:44+00:00,on-demand,L40S,16,52,0.40037,0.466991,0.733889,1.067824,2.442222,0.801204,0.996139
2026-07-26T00:13:44+00:00,on-demand,Q RTX 5000,1,2,0.080741,0.080741,0.080741,0.080741,0.080741,,0.936752
2026-07-26T00:13:44+00:00,on-demand,Q RTX 8000,4,8,0.252556,0.252972,0.253407,0.258167,0.271556,0.253407,0.999066
2026-07-26T00:13:44+00:00,on-demand,Quadro GV100,1,1,0.467407,0.467407,0.467407,0.467407,0.467407,,0.967937
2026-07-26T00:13:44+00:00,on-demand,Quadro P4000,3,4,0.054444,0.055,0.055556,0.056296,0.057037,0.057037,0.963258
2026-07-26T00:13:44+00:00,on-demand,RTX 2060,1,1,0.415556,0.415556,0.415556,0.415556,0.415556,0.415556,0.994949
2026-07-26T00:13:44+00:00,on-demand,RTX 2070S,1,9,0.073498,0.073498,0.073498,0.073498,0.073498,,0.987347
2026-07-26T00:13:44+00:00,on-demand,RTX 2080 Ti,9,31,0.068889,0.080022,0.080056,0.122222,0.811111,0.080056,0.994707
2026-07-26T00:13:44+00:00,on-demand,RTX 2080S,1,1,0.744444,0.744444,0.744444,0.744444,0.744444,0.744444,0.973688
2026-07-26T00:13:44+00:00,on-demand,RTX 3060,7,24,0.050815,0.055,0.080463,0.742548,1.335556,0.150281,0.99264
2026-07-26T00:13:44+00:00,on-demand,RTX 3060 Ti,1,1,0.07037,0.07037,0.07037,0.07037,0.07037,0.07037,0.995764
2026-07-26T00:13:44+00:00,on-demand,RTX 3060 laptop,6,15,0.026685,0.041389,0.048889,0.063,0.066963,0.065481,0.995402
2026-07-26T00:13:44+00:00,on-demand,RTX 3070,8,24,0.048889,0.098806,0.104444,0.12088,0.562222,0.107222,0.995742
2026-07-26T00:13:44+00:00,on-demand,RTX 3080,13,39,0.060278,0.095556,0.120278,0.250999,0.562222,0.250999,0.996807
2026-07-26T00:13:44+00:00,on-demand,RTX 3080 Ti,4,4,0.068889,0.078,0.12763,0.204556,0.295556,0.174222,0.990615
2026-07-26T00:13:44+00:00,on-demand,RTX 3090,37,111,0.082222,0.135556,0.175556,0.334444,1.187407,0.247222,0.991101
2026-07-26T00:13:44+00:00,on-demand,RTX 3090 Ti,1,1,0.175556,0.175556,0.175556,0.175556,0.175556,,0.993078
2026-07-26T00:13:44+00:00,on-demand,RTX 4000Ada,1,1,0.202222,0.202222,0.202222,0.202222,0.202222,,0.992533
2026-07-26T00:13:44+00:00,on-demand,RTX 4060,6,13,0.060296,0.061389,0.063333,0.068333,0.082222,0.062222,0.996052
2026-07-26T00:13:44+00:00,on-demand,RTX 4060 Ti,2,6,0.083222,0.083361,0.0835,0.083639,0.083778,0.0835,0.993231
2026-07-26T00:13:44+00:00,on-demand,RTX 4070,3,6,0.082222,0.088056,0.093889,0.101389,0.108889,0.101389,0.997944
2026-07-26T00:13:44+00:00,on-demand,RTX 4070 Ti,8,22,0.069111,0.101111,0.105679,0.140694,0.242222,0.107068,0.990942
2026-07-26T00:13:44+00:00,on-demand,RTX 4070S,7,19,0.084815,0.092083,0.095185,0.382222,0.667778,0.087222,0.967508
2026-07-26T00:13:44+00:00,on-demand,RTX 4070S Ti,6,21,0.082222,0.212639,0.257083,0.267153,0.267778,0.267083,0.999507
2026-07-26T00:13:44+00:00,on-demand,RTX 4080,6,11,0.122963,0.165204,0.222741,0.268611,0.293926,0.268333,0.9884
2026-07-26T00:13:44+00:00,on-demand,RTX 4080S,12,34,0.09363,0.148287,0.207843,0.227315,0.280741,0.227704,0.989707
2026-07-26T00:13:44+00:00,on-demand,RTX 4090,59,213,0.133889,0.314352,0.400556,0.571296,1.337037,0.502914,0.994319
2026-07-26T00:13:44+00:00,on-demand,RTX 4090D,2,6,0.667222,0.667361,0.6675,0.667639,0.667778,,0.967226
2026-07-26T00:13:44+00:00,on-demand,RTX 5000Ada,2,3,0.427778,0.428056,0.428333,0.428611,0.428889,0.428333,0.996383
2026-07-26T00:13:44+00:00,on-demand,RTX 5060,4,4,0.05363,0.071185,0.112963,0.157222,0.182222,0.12963,0.993431
2026-07-26T00:13:44+00:00,on-demand,RTX 5060 Ti,18,85,0.053778,0.089074,0.116963,0.171278,0.185556,0.170167,0.99157
2026-07-26T00:13:44+00:00,on-demand,RTX 5070,9,15,0.080926,0.083704,0.101852,0.148889,14.668889,0.148519,0.977505
2026-07-26T00:13:44+00:00,on-demand,RTX 5070 Ti,7,15,0.105889,0.127185,0.147778,0.174722,0.202222,0.147778,0.990278
2026-07-26T00:13:44+00:00,on-demand,RTX 5080,16,54,0.133611,0.173016,0.200463,0.267454,0.802963,0.267222,0.987325
2026-07-26T00:13:44+00:00,on-demand,RTX 5090,44,129,0.212889,0.450759,0.548333,0.733935,3.615556,0.733611,0.994431
2026-07-26T00:13:44+00:00,on-demand,RTX 5880Ada,3,7,0.453852,0.511185,0.568519,0.569444,0.57037,0.568519,0.995786
2026-07-26T00:13:44+00:00,on-demand,RTX 6000Ada,9,24,0.203556,0.440556,0.680519,0.682222,0.735556,0.68163,0.993958
2026-07-26T00:13:44+00:00,on-demand,RTX A2000,4,5,0.034074,0.03563,0.036148,0.150481,0.493481,,0.995152
2026-07-26T00:13:44+00:00,on-demand,RTX A4000,6,40,0.071778,0.080208,0.106873,0.133645,0.133827,,0.98161
2026-07-26T00:13:44+00:00,on-demand,RTX A5000,3,4,0.31837,20.159556,40.000741,40.001111,40.001481,0.31837,0.971747
2026-07-26T00:13:44+00:00,on-demand,RTX A6000,4,12,0.374444,0.375278,0.387917,0.401319,0.404444,0.402361,0.99158
2026-07-26T00:13:44+00:00,on-demand,RTX PRO 2000,1,2,0.174074,0.174074,0.174074,0.174074,0.174074,,0.962962
2026-07-26T00:13:44+00:00,on-demand,RTX PRO 4000,9,20,0.201111,0.240556,0.293889,0.307407,0.535556,0.295556,0.983721
2026-07-26T00:13:44+00:00,on-demand,RTX PRO 4500,1,1,0.282222,0.282222,0.282222,0.282222,0.282222,,0.994937
2026-07-26T00:13:44+00:00,on-demand,RTX PRO 5000,9,16,0.37,0.640556,0.667704,0.738519,0.897037,0.641111,0.991528
2026-07-26T00:13:44+00:00,on-demand,RTX PRO 6000 S,10,32,1.266944,1.285556,1.567917,1.700833,1.736296,1.600278,0.998028
2026-07-26T00:13:44+00:00,on-demand,RTX PRO 6000 WS,19,37,0.868889,1.001667,1.146963,1.383889,26.66963,1.329037,0.99213
2026-07-26T00:13:44+00:00,on-demand,Tesla P100,5,10,0.044296,0.081111,0.081481,0.201111,0.202222,0.141296,0.985379
2026-07-26T00:13:44+00:00,on-demand,Tesla P4,1,1,0.023259,0.023259,0.023259,0.023259,0.023259,,0.989717
2026-07-26T00:13:44+00:00,on-demand,Tesla P40,2,6,0.132556,0.132694,0.132833,0.132972,0.133111,0.132833,0.992631
2026-07-26T00:13:44+00:00,on-demand,Tesla T4,2,3,12.000741,12.000926,12.001111,12.001296,12.001481,,0.972395
2026-07-26T00:13:44+00:00,on-demand,Tesla V100,9,31,0.106944,0.107778,0.133704,0.166944,0.335556,0.267222,0.962646
2026-07-26T00:13:44+00:00,on-demand,Titan RTX,1,1,0.162963,0.162963,0.162963,0.162963,0.162963,0.162963,0.966128
2026-07-26T00:13:44+00:00,on-demand,Titan Xp,2,7,0.053704,0.055833,0.057963,0.060093,0.062222,0.057963,0.993363
2026-07-26T00:13:44+00:00,bid,A100 PCIE,19,26,0.131556,0.135556,0.200741,0.202222,0.437739,0.202222,0.991216
2026-07-26T00:13:44+00:00,bid,A100 SXM4,28,59,0.135556,0.576042,0.699979,0.801667,1.042156,0.674815,0.991478
2026-07-26T00:13:44+00:00,bid,A40,1,2,0.234074,0.234074,0.234074,0.234074,0.234074,0.234074,0.984355
2026-07-26T00:13:44+00:00,bid,A800 PCIE,7,12,0.129889,0.130444,0.131556,0.131556,0.131556,,0.994204
2026-07-26T00:13:44+00:00,bid,B200,15,64,5.625174,5.625304,5.627604,6.253906,7.375521,5.627604,0.992474
2026-07-26T00:13:44+00:00,bid,B300,3,11,5.000694,5.000868,5.001042,5.001563,5.002083,5.000694,0.958881
2026-07-26T00:13:44+00:00,bid,CMP 170HX,6,21,0.101433,0.101618,0.101804,0.101989,0.102729,,0.936235
2026-07-26T00:13:44+00:00,bid,GTX 1050 Ti,2,2,0.021562,0.022283,0.023003,0.023724,0.024444,,0.942067
2026-07-26T00:13:44+00:00,bid,GTX 1060,1,1,0.031111,0.031111,0.031111,0.031111,0.031111,,0.93727
2026-07-26T00:13:44+00:00,bid,GTX 1070,1,1,0.024444,0.024444,0.024444,0.024444,0.024444,0.024444,0.933652
2026-07-26T00:13:44+00:00,bid,GTX 1070 Ti,3,11,0.04037,0.040463,0.040556,0.041389,0.042222,0.040556,0.987696
2026-07-26T00:13:44+00:00,bid,GTX 1080,5,19,0.014815,0.04037,0.04037,0.040556,0.041111,0.040463,0.991766
2026-07-26T00:13:44+00:00,bid,GTX 1080 Ti,10,34,0.029333,0.044246,0.05377,0.054074,0.055556,0.053889,0.997123
2026-07-26T00:13:44+00:00,bid,GTX 1650 S,1,1,0.037778,0.037778,0.037778,0.037778,0.037778,,0.93293
2026-07-26T00:13:44+00:00,bid,GTX 1660 S,1,1,0.031111,0.031111,0.031111,0.031111,0.031111,,0.940587
2026-07-26T00:13:44+00:00,bid,GTX 1660 Ti,1,1,0.037778,0.037778,0.037778,0.037778,0.037778,0.037778,0.934875
2026-07-26T00:13:44+00:00,bid,GTX TITAN X,1,1,0.042222,0.042222,0.042222,0.042222,0.042222,0.042222,0.987329
2026-07-26T00:13:44+00:00,bid,H100 NVL,6,8,0.934667,0.936,1.369111,1.901667,1.936296,1.934815,0.962844
2026-07-26T00:13:44+00:00,bid,H100 PCIE,3,10,0.733481,0.901185,1.068889,1.367852,1.666815,1.200148,0.969579
2026-07-26T00:13:44+00:00,bid,H100 SXM,10,35,0.602222,1.254944,2.001,2.402167,4.002222,2.001333,0.99327
2026-07-26T00:13:44+00:00,bid,H200,7,22,3.81652,3.817617,3.947917,4.032399,4.116876,3.947917,0.997946
2026-07-26T00:13:44+00:00,bid,H200 NVL,10,13,0.476111,1.336556,1.603741,2.002222,2.522222,1.339703,0.98184
2026-07-26T00:13:44+00:00,bid,L4,8,18,0.134074,0.134722,0.169022,0.268056,0.320444,0.135556,0.99772
2026-07-26T00:13:44+00:00,bid,L40,5,11,0.267407,0.467778,0.468889,0.471111,0.471111,0.468889,0.984634
2026-07-26T00:13:44+00:00,bid,L40S,25,71,0.20037,0.36163,0.535185,0.540741,0.801852,0.537037,0.996973
2026-07-26T00:13:44+00:00,bid,Q RTX 5000,1,2,0.054074,0.054074,0.054074,0.054074,0.054074,,0.936752
2026-07-26T00:13:44+00:00,bid,Q RTX 6000,1,1,0.133704,0.133704,0.133704,0.133704,0.133704,,0.969193
2026-07-26T00:13:44+00:00,bid,Q RTX 8000,6,7,0.015556,0.045639,0.0995,0.099778,0.150222,0.0995,0.999225
2026-07-26T00:13:44+00:00,bid,Quadro GV100,1,1,0.134074,0.134074,0.134074,0.134074,0.134074,,0.967937
2026-07-26T00:13:44+00:00,bid,Quadro P4000,3,4,0.041111,0.041667,0.042222,0.049481,0.056741,0.056741,0.963258
2026-07-26T00:13:44+00:00,bid,RTX 2060,2,2,0.031111,0.107222,0.183333,0.259444,0.335556,0.183333,0.967014
2026-07-26T00:13:44+00:00,bid,RTX 2060S,1,1,0.123704,0.123704,0.123704,0.123704,0.123704,0.123704,0.933882
2026-07-26T00:13:44+00:00,bid,RTX 2070S,2,17,0.066831,0.066836,0.066842,0.066847,0.066852,,0.987347
2026-07-26T00:13:44+00:00,bid,RTX 2080 Ti,7,11,0.037778,0.068086,0.070074,0.107778,0.108148,0.088741,0.99733
2026-07-26T00:13:44+00:00,bid,RTX 2080S,1,1,0.037778,0.037778,0.037778,0.037778,0.037778,0.037778,0.973688
2026-07-26T00:13:44+00:00,bid,RTX 3060,14,36,0.026741,0.041389,0.050893,0.091,0.139081,0.088074,0.99396
2026-07-26T00:13:44+00:00,bid,RTX 3060 Ti,3,4,0.055185,0.056111,0.057037,0.094963,0.132889,0.056111,0.995764
2026-07-26T00:13:44+00:00,bid,RTX 3060 laptop,5,15,0.013352,0.038444,0.062815,0.065481,0.066963,0.065481,0.994309
2026-07-26T00:13:44+00:00,bid,RTX 3070,11,25,0.040444,0.054185,0.084889,0.128333,0.495556,0.094167,0.991287
2026-07-26T00:13:44+00:00,bid,RTX 3080,16,42,0.057407,0.067153,0.114815,0.240353,0.495556,0.139778,0.988801
2026-07-26T00:13:44+00:00,bid,RTX 3080 Ti,6,7,0.07037,0.086667,0.102889,0.129222,0.188889,0.110222,0.994738
2026-07-26T00:13:44+00:00,bid,RTX 3090,63,156,0.016889,0.107593,0.134074,0.148889,0.268444,0.134815,0.991152
2026-07-26T00:13:44+00:00,bid,RTX 4000Ada,1,1,0.162222,0.162222,0.162222,0.162222,0.162222,,0.992533
2026-07-26T00:13:44+00:00,bid,RTX 4060,3,7,0.05363,0.053778,0.053926,0.054222,0.054519,,0.964908
2026-07-26T00:13:44+00:00,bid,RTX 4060 Ti,6,14,0.034444,0.050472,0.0755,0.076611,0.101111,0.076333,0.994856
2026-07-26T00:13:44+00:00,bid,RTX 4070,4,7,0.054444,0.070444,0.076333,0.097944,0.161111,0.076333,0.998572
2026-07-26T00:13:44+00:00,bid,RTX 4070 Ti,11,35,0.081481,0.09375,0.094444,0.108519,0.215556,0.094167,0.985828
2026-07-26T00:13:44+00:00,bid,RTX 4070S,4,15,0.071481,0.075093,0.083748,0.091974,0.094296,0.076296,0.985187
2026-07-26T00:13:44+00:00,bid,RTX 4070S Ti,12,31,0.054815,0.148819,0.1675,0.201111,0.202222,0.168333,0.999457
2026-07-26T00:13:44+00:00,bid,RTX 4080,9,16,0.081111,0.133926,0.147407,0.254444,0.255556,0.255556,0.980012
2026-07-26T00:13:44+00:00,bid,RTX 4080S,15,35,0.067407,0.175259,0.200278,0.201556,0.240741,0.201556,0.997823
2026-07-26T00:13:44+00:00,bid,RTX 4090,93,271,0.108519,0.230123,0.294444,0.400889,1.005037,0.335556,0.994563
2026-07-26T00:13:44+00:00,bid,RTX 4090D,3,7,0.604556,0.604833,0.605111,0.605667,0.606222,,0.967226
2026-07-26T00:13:44+00:00,bid,RTX 5000Ada,3,4,0.267778,0.268333,0.268889,0.268889,0.268889,0.268889,0.997879
2026-07-26T00:13:44+00:00,bid,RTX 5060,6,7,0.040296,0.056722,0.079556,0.135556,0.148889,0.148889,0.994321
2026-07-26T00:13:44+00:00,bid,RTX 5060 Ti,39,134,0.053519,0.069537,0.108148,0.145389,0.160278,0.134815,0.992344
2026-07-26T00:13:44+00:00,bid,RTX 5070,8,10,0.054074,0.076481,0.121667,0.162222,0.268222,0.122222,0.984648
2026-07-26T00:13:44+00:00,bid,RTX 5070 Ti,13,23,0.068889,0.107222,0.107778,0.135556,0.268,0.107778,0.993742
2026-07-26T00:13:44+00:00,bid,RTX 5080,17,27,0.02963,0.114444,0.136296,0.201111,0.338519,0.161204,0.992556
2026-07-26T00:13:44+00:00,bid,RTX 5090,77,183,0.102222,0.271111,0.335556,0.427778,0.845926,0.357185,0.993954
2026-07-26T00:13:44+00:00,bid,RTX 5880Ada,6,8,0.295185,0.295648,0.297037,0.297037,0.297037,0.297037,0.994109
2026-07-26T00:13:44+00:00,bid,RTX 6000Ada,22,47,0.137778,0.387361,0.434037,0.468741,0.680889,0.467778,0.99625
2026-07-26T00:13:44+00:00,bid,RTX A2000,2,2,0.202222,0.251704,0.301185,0.350667,0.400148,,0.996255
2026-07-26T00:13:44+00:00,bid,RTX A4000,10,64,0.013519,0.024694,0.100206,0.106991,0.10716,0.093611,0.977918
2026-07-26T00:13:44+00:00,bid,RTX A5000,7,15,0.020556,0.109444,0.227222,0.334444,0.334815,0.109444,0.971747
2026-07-26T00:13:44+00:00,bid,RTX A6000,9,20,0.134815,0.136296,0.302167,0.322222,0.375556,0.373611,0.991304
2026-07-26T00:13:44+00:00,bid,RTX PRO 2000,1,2,0.134074,0.134074,0.134074,0.134074,0.134074,,0.962962
2026-07-26T00:13:44+00:00,bid,RTX PRO 4000,15,27,0.067222,0.068667,0.068889,0.235,0.277481,0.238148,0.983721
2026-07-26T00:13:44+00:00,bid,RTX PRO 5000,14,24,0.135111,0.322481,0.475556,0.534306,0.803704,0.468889,0.992187
2026-07-26T00:13:44+00:00,bid,RTX PRO 6000 S,18,40,0.334444,0.7,1.067778,1.159352,1.466944,1.067407,0.996715
2026-07-26T00:13:44+00:00,bid,RTX PRO 6000 WS,24,35,0.334444,0.622574,0.768222,0.95397,1.337037,0.940741,0.992887
2026-07-26T00:13:44+00:00,bid,Tesla P100,3,4,0.041481,0.087963,0.134444,0.135,0.135556,0.135,0.985379
2026-07-26T00:13:44+00:00,bid,Tesla P4,1,1,0.011926,0.011926,0.011926,0.011926,0.011926,,0.98973
2026-07-26T00:13:44+00:00,bid,Tesla P40,3,8,0.065889,0.066167,0.066444,0.066444,0.066444,0.066444,0.992631
2026-07-26T00:13:44+00:00,bid,Tesla T4,3,4,3.400741,3.401111,3.401481,3.401481,3.401481,,0.972395
2026-07-26T00:13:44+00:00,bid,Tesla V100,10,24,0.08037,0.104958,0.148889,0.190972,0.242222,0.162222,0.988398
2026-07-26T00:13:44+00:00,bid,Titan RTX,2,3,0.108889,0.113796,0.118704,0.123611,0.128519,0.108889,0.994855
2026-07-26T00:13:44+00:00,bid,Titan Xp,3,11,0.04037,0.040463,0.040556,0.041389,0.042222,0.040556,0.996061
2026-07-26T00:18:46+00:00,on-demand,A100 PCIE,13,33,0.267407,0.335556,0.995536,1.001111,1.537739,0.998046,0.995188
2026-07-26T00:18:46+00:00,on-demand,A100 SXM4,26,74,0.40037,0.801389,0.989296,1.184704,1.593739,0.989296,0.993909
2026-07-26T00:18:46+00:00,on-demand,A40,1,1,0.602222,0.602222,0.602222,0.602222,0.602222,0.602222,0.981581
2026-07-26T00:18:46+00:00,on-demand,A800 PCIE,2,6,0.667222,0.667361,0.6675,0.667639,0.667778,,0.994204
2026-07-26T00:18:46+00:00,on-demand,B200,12,53,5.865104,5.875456,5.937847,6.490755,7.750521,5.937847,0.989098
2026-07-26T00:18:46+00:00,on-demand,B300,4,15,5.625521,7.266536,7.814062,8.048611,8.750694,8.750694,0.973905
2026-07-26T00:18:46+00:00,on-demand,CMP 170HX,3,13,0.120185,0.120278,0.12037,0.120926,0.121481,,0.938004
2026-07-26T00:18:46+00:00,on-demand,GTX 1050 Ti,2,2,0.611111,1.458704,2.306296,3.153889,4.001481,,0.942067
2026-07-26T00:18:46+00:00,on-demand,GTX 1060,3,4,0.087778,0.088333,0.088889,0.216667,0.344444,0.088333,0.999298
2026-07-26T00:18:46+00:00,on-demand,GTX 1070,1,1,0.531111,0.531111,0.531111,0.531111,0.531111,0.531111,0.933652
2026-07-26T00:18:46+00:00,on-demand,GTX 1070 Ti,3,9,0.051037,0.051407,0.051778,0.052333,0.052889,0.051778,0.997165
2026-07-26T00:18:46+00:00,on-demand,GTX 1080,3,7,0.027778,0.031296,0.034815,0.043019,0.051222,0.051222,0.989227
2026-07-26T00:18:46+00:00,on-demand,GTX 1080 Ti,6,17,0.042667,0.060694,0.067381,0.074246,0.075556,0.073651,0.996547
2026-07-26T00:18:46+00:00,on-demand,GTX 1660 Ti,1,1,0.611111,0.611111,0.611111,0.611111,0.611111,0.611111,0.934875
2026-07-26T00:18:46+00:00,on-demand,GTX TITAN X,1,1,0.048889,0.048889,0.048889,0.048889,0.048889,0.048889,0.987463
2026-07-26T00:18:46+00:00,on-demand,H100 NVL,4,6,1.868889,2.058333,2.128741,2.202333,2.401333,1.995185,0.962844
2026-07-26T00:18:46+00:00,on-demand,H100 PCIE,3,10,1.362222,1.547852,1.733481,1.833481,1.933481,1.833481,0.969579
2026-07-26T00:18:46+00:00,on-demand,H100 SXM,12,39,1.734444,2.282259,2.802222,3.114138,5.348889,2.901444,0.994932
2026-07-26T00:18:46+00:00,on-demand,H200,7,22,3.934942,4.008406,4.211075,4.527136,4.843192,4.211075,0.997947
2026-07-26T00:18:46+00:00,on-demand,H200 NVL,5,13,3.068889,3.333611,3.684889,3.854444,3.855556,3.854444,0.978352
2026-07-26T00:18:46+00:00,on-demand,L4,5,13,0.202222,0.325185,0.333778,0.334444,3.333889,0.333778,0.994969
2026-07-26T00:18:46+00:00,on-demand,L40,4,8,0.297037,0.505093,0.575,0.576111,0.577778,0.575556,0.984634
2026-07-26T00:18:46+00:00,on-demand,L40S,13,46,0.400741,0.467037,0.800556,1.067593,2.442222,0.801481,0.995518
2026-07-26T00:18:46+00:00,on-demand,Q RTX 8000,4,8,0.253111,0.253556,0.261296,0.269556,0.271556,0.261296,0.998728
2026-07-26T00:18:46+00:00,on-demand,Quadro GV100,1,1,0.467407,0.467407,0.467407,0.467407,0.467407,,0.967937
2026-07-26T00:18:46+00:00,on-demand,Quadro P4000,3,4,0.054444,0.055,0.055556,0.061481,0.067407,0.067407,0.963299
2026-07-26T00:18:46+00:00,on-demand,RTX 2060,1,1,0.415556,0.415556,0.415556,0.415556,0.415556,0.415556,0.994949
2026-07-26T00:18:46+00:00,on-demand,RTX 2060S,1,1,0.283704,0.283704,0.283704,0.283704,0.283704,0.283704,0.934295
2026-07-26T00:18:46+00:00,on-demand,RTX 2070,1,2,0.081111,0.081111,0.081111,0.081111,0.081111,0.081111,0.980897
2026-07-26T00:18:46+00:00,on-demand,RTX 2070S,1,9,0.073498,0.073498,0.073498,0.073498,0.073498,,0.987347
2026-07-26T00:18:46+00:00,on-demand,RTX 2080 Ti,8,23,0.068889,0.078572,0.083929,0.125519,0.811111,0.083929,0.995277
2026-07-26T00:18:46+00:00,on-demand,RTX 2080S,1,1,0.744444,0.744444,0.744444,0.744444,0.744444,0.744444,0.973688
2026-07-26T00:18:46+00:00,on-demand,RTX 3060,10,36,0.050815,0.054444,0.055,0.125671,1.335556,0.080463,0.99264
2026-07-26T00:18:46+00:00,on-demand,RTX 3060 laptop,6,15,0.026685,0.041389,0.048889,0.066,0.070963,0.069481,0.994309
2026-07-26T00:18:46+00:00,on-demand,RTX 3070,8,24,0.048889,0.075,0.100772,0.120741,0.562222,0.131389,0.995953
2026-07-26T00:18:46+00:00,on-demand,RTX 3080,11,33,0.060278,0.094926,0.120556,0.251247,0.562222,0.250999,0.993485
2026-07-26T00:18:46+00:00,on-demand,RTX 3080 Ti,4,4,0.075556,0.086,0.131852,0.204556,0.295556,0.174222,0.973776
2026-07-26T00:18:46+00:00,on-demand,RTX 3090,34,103,0.106944,0.147014,0.207937,0.289222,1.187407,0.247222,0.991286
2026-07-26T00:18:46+00:00,on-demand,RTX 3090 Ti,1,1,0.175556,0.175556,0.175556,0.175556,0.175556,,0.993078
2026-07-26T00:18:46+00:00,on-demand,RTX 4000Ada,1,1,0.202222,0.202222,0.202222,0.202222,0.202222,,0.992533
2026-07-26T00:18:46+00:00,on-demand,RTX 4060,7,14,0.060296,0.061667,0.064444,0.075926,2.677778,0.062222,0.996052
2026-07-26T00:18:46+00:00,on-demand,RTX 4060 Ti,3,8,0.093889,0.101204,0.108519,0.126815,0.145111,0.108519,0.99882
2026-07-26T00:18:46+00:00,on-demand,RTX 4070,4,6,0.082222,0.088889,0.092778,0.113778,0.171778,0.094444,0.996921
2026-07-26T00:18:46+00:00,on-demand,RTX 4070 Ti,7,20,0.069111,0.096296,0.106944,0.174167,0.242222,0.107083,0.992675
2026-07-26T00:18:46+00:00,on-demand,RTX 4070S,7,18,0.082222,0.088796,0.122407,0.396111,0.667778,0.122407,0.970753
2026-07-26T00:18:46+00:00,on-demand,RTX 4070S Ti,7,18,0.115556,0.146111,0.201111,0.257361,1.335556,0.211111,0.998057
2026-07-26T00:18:46+00:00,on-demand,RTX 4080,4,9,0.161037,0.173537,0.222741,0.274315,0.293926,0.267778,0.98843
2026-07-26T00:18:46+00:00,on-demand,RTX 4080S,11,32,0.095556,0.149444,0.202074,0.220796,0.28037,0.227704,0.992252
2026-07-26T00:18:46+00:00,on-demand,RTX 4090,51,175,0.135556,0.306889,0.373926,0.501204,1.337037,0.489352,0.993619
2026-07-26T00:18:46+00:00,on-demand,RTX 4090D,2,6,0.667222,0.667361,0.6675,0.667639,0.667778,,0.967226
2026-07-26T00:18:46+00:00,on-demand,RTX 5000Ada,2,3,0.441111,0.441389,0.441667,0.441944,0.442222,0.441667,0.997879
2026-07-26T00:18:46+00:00,on-demand,RTX 5060,4,4,0.05363,0.071185,0.112963,0.157222,0.182222,0.12963,0.993431
2026-07-26T00:18:46+00:00,on-demand,RTX 5060 Ti,15,71,0.053778,0.088796,0.113704,0.173083,0.185556,0.16975,0.992933
2026-07-26T00:18:46+00:00,on-demand,RTX 5060 laptop,1,1,0.135556,0.135556,0.135556,0.135556,0.135556,,0.970478
2026-07-26T00:18:46+00:00,on-demand,RTX 5070,7,13,0.080926,0.082778,0.097778,0.138333,14.668889,0.102222,0.977505
2026-07-26T00:18:46+00:00,on-demand,RTX 5070 Ti,6,13,0.101481,0.106028,0.121,0.145556,0.160556,0.148889,0.990458
2026-07-26T00:18:46+00:00,on-demand,RTX 5080,16,51,0.135556,0.17346,0.194037,0.230556,0.802963,0.247407,0.990832
2026-07-26T00:18:46+00:00,on-demand,RTX 5090,45,151,0.175556,0.432593,0.468889,0.667222,3.615556,0.667185,0.993954
2026-07-26T00:18:46+00:00,on-demand,RTX 5880Ada,4,9,0.453852,0.454241,0.511444,0.568981,0.57037,0.511444,0.996805
2026-07-26T00:18:46+00:00,on-demand,RTX 6000Ada,11,26,0.203556,0.441667,0.564444,0.681556,0.735556,0.681037,0.995972
2026-07-26T00:18:46+00:00,on-demand,RTX A2000,4,5,0.034074,0.03563,0.036148,0.150481,0.493481,,0.995152
2026-07-26T00:18:46+00:00,on-demand,RTX A4000,6,46,0.080185,0.093575,0.13354,0.133681,0.133827,0.133611,0.977918
2026-07-26T00:18:46+00:00,on-demand,RTX A5000,3,4,0.315704,20.158222,40.000741,40.001111,40.001481,0.315704,0.971747
2026-07-26T00:18:46+00:00,on-demand,RTX A6000,6,17,0.28963,0.374028,0.381667,0.397431,0.404444,0.402361,0.991175
2026-07-26T00:18:46+00:00,on-demand,RTX PRO 2000,1,2,0.174074,0.174074,0.174074,0.174074,0.174074,,0.963004
2026-07-26T00:18:46+00:00,on-demand,RTX PRO 4000,9,17,0.201111,0.242222,0.243622,0.293889,0.535556,0.243622,0.983721
2026-07-26T00:18:46+00:00,on-demand,RTX PRO 4500,2,2,0.255556,0.262222,0.268889,0.275556,0.282222,0.255556,0.992312
2026-07-26T00:18:46+00:00,on-demand,RTX PRO 5000,9,16,0.37,0.64037,0.667704,0.711852,0.897037,0.640556,0.991528
2026-07-26T00:18:46+00:00,on-demand,RTX PRO 6000 S,7,22,1.202222,1.301111,1.335556,1.402037,1.600278,1.362593,0.995433
2026-07-26T00:18:46+00:00,on-demand,RTX PRO 6000 WS,16,32,0.920815,1.0025,1.314944,1.421296,26.66963,1.33463,0.987149
2026-07-26T00:18:46+00:00,on-demand,Tesla P100,5,10,0.054815,0.081111,0.082222,0.201111,0.202222,0.141667,0.985379
2026-07-26T00:18:46+00:00,on-demand,Tesla P4,1,1,0.023259,0.023259,0.023259,0.023259,0.023259,,0.98973
2026-07-26T00:18:46+00:00,on-demand,Tesla P40,2,6,0.132556,0.132694,0.132833,0.132972,0.133111,0.132833,0.992631
2026-07-26T00:18:46+00:00,on-demand,Tesla T4,2,3,12.000741,12.000926,12.001111,12.001296,12.001481,,0.972395
2026-07-26T00:18:46+00:00,on-demand,Tesla V100,9,29,0.079037,0.107222,0.108889,0.134074,0.335556,0.25125,0.962691
2026-07-26T00:18:46+00:00,on-demand,Titan RTX,2,2,0.135556,0.142407,0.149259,0.156111,0.162963,0.149259,0.982463
2026-07-26T00:18:46+00:00,on-demand,Titan Xp,3,11,0.053704,0.053796,0.053889,0.054722,0.055556,0.053889,0.996061
2026-07-26T00:18:46+00:00,bid,A100 PCIE,19,27,0.133889,0.135556,0.200741,0.202222,0.437739,0.202222,0.994204
2026-07-26T00:18:46+00:00,bid,A100 SXM4,28,56,0.135556,0.412593,0.668148,0.802667,1.042156,0.636389,0.990058
2026-07-26T00:18:46+00:00,bid,A40,1,2,0.234074,0.234074,0.234074,0.234074,0.234074,0.234074,0.984355
2026-07-26T00:18:46+00:00,bid,A800 PCIE,7,12,0.129889,0.130444,0.131556,0.131556,0.131556,,0.994204
2026-07-26T00:18:46+00:00,bid,B200,16,67,5.625174,5.625326,5.626823,5.972005,7.375521,5.626823,0.992474
2026-07-26T00:18:46+00:00,bid,B300,3,11,5.000694,5.000868,5.001042,5.001563,5.002083,5.000694,0.959374
2026-07-26T00:18:46+00:00,bid,CMP 170HX,5,19,0.101433,0.101618,0.101618,0.101989,0.102729,,0.938004
2026-07-26T00:18:46+00:00,bid,GTX 1050 Ti,2,2,0.021562,0.022283,0.023003,0.023724,0.024444,,0.942067
2026-07-26T00:18:46+00:00,bid,GTX 1060,1,1,0.031111,0.031111,0.031111,0.031111,0.031111,,0.93727
2026-07-26T00:18:46+00:00,bid,GTX 1070,1,1,0.024444,0.024444,0.024444,0.024444,0.024444,0.024444,0.933652
2026-07-26T00:18:46+00:00,bid,GTX 1070 Ti,1,2,0.041111,0.041111,0.041111,0.041111,0.041111,0.041111,0.997165
2026-07-26T00:18:46+00:00,bid,GTX 1080,4,14,0.037037,0.039537,0.04037,0.040833,0.042222,0.04037,0.99273
2026-07-26T00:18:46+00:00,bid,GTX 1080 Ti,7,25,0.029333,0.040833,0.042222,0.053651,0.054074,0.047937,0.995591
2026-07-26T00:18:46+00:00,bid,GTX 1650 S,1,1,0.037778,0.037778,0.037778,0.037778,0.037778,,0.93293
2026-07-26T00:18:46+00:00,bid,GTX 1660,1,1,0.037778,0.037778,0.037778,0.037778,0.037778,,0.943651
2026-07-26T00:18:46+00:00,bid,GTX 1660 S,1,1,0.031111,0.031111,0.031111,0.031111,0.031111,,0.940587
2026-07-26T00:18:46+00:00,bid,GTX 1660 Ti,1,1,0.037778,0.037778,0.037778,0.037778,0.037778,0.037778,0.934875
2026-07-26T00:18:46+00:00,bid,GTX TITAN X,1,1,0.042222,0.042222,0.042222,0.042222,0.042222,0.042222,0.987463
2026-07-26T00:18:46+00:00,bid,H100 NVL,7,10,0.934667,0.935333,1.46963,1.835556,1.934815,1.868519,0.962893
2026-07-26T00:18:46+00:00,bid,H100 PCIE,3,10,0.733481,0.901185,1.068889,1.367852,1.666815,1.200148,0.969579
2026-07-26T00:18:46+00:00,bid,H100 SXM,12,41,0.601111,0.951667,2.000444,2.137611,2.935217,2.001,0.994746
2026-07-26T00:18:46+00:00,bid,H200,7,22,3.81652,3.817617,3.947917,4.032399,4.116876,3.947917,0.997947
2026-07-26T00:18:46+00:00,bid,H200 NVL,8,9,0.477222,1.123972,1.670963,2.521389,2.522222,2.521111,0.978352
2026-07-26T00:18:46+00:00,bid,L4,12,27,0.134074,0.134815,0.201985,0.282056,0.321111,0.201481,0.997934
2026-07-26T00:18:46+00:00,bid,L40,6,12,0.267407,0.468056,0.47,0.471111,0.471111,0.47,0.984634
2026-07-26T00:18:46+00:00,bid,L40S,26,81,0.200185,0.333889,0.536111,0.540741,0.800926,0.537037,0.997114
2026-07-26T00:18:46+00:00,bid,Q RTX 5000,1,2,0.054074,0.054074,0.054074,0.054074,0.054074,,0.936752
2026-07-26T00:18:46+00:00,bid,Q RTX 6000,1,1,0.133704,0.133704,0.133704,0.133704,0.133704,,0.969259
2026-07-26T00:18:46+00:00,bid,Q RTX 8000,5,6,0.015556,0.099222,0.099778,0.099778,0.150222,0.099778,0.999493
2026-07-26T00:18:46+00:00,bid,Quadro GV100,1,1,0.134074,0.134074,0.134074,0.134074,0.134074,,0.967937
2026-07-26T00:18:46+00:00,bid,Quadro P4000,3,4,0.041111,0.041667,0.042222,0.044667,0.047111,0.047111,0.963299
2026-07-26T00:18:46+00:00,bid,RTX 2060,2,2,0.031111,0.107222,0.183333,0.259444,0.335556,0.183333,0.967014
2026-07-26T00:18:46+00:00,bid,RTX 2060S,1,1,0.123704,0.123704,0.123704,0.123704,0.123704,0.123704,0.934295
2026-07-26T00:18:46+00:00,bid,RTX 2070S,1,9,0.066831,0.066831,0.066831,0.066831,0.066831,,0.987347
2026-07-26T00:18:46+00:00,bid,RTX 2080 Ti,8,13,0.037778,0.067796,0.069222,0.107593,0.108889,0.070074,0.99733
2026-07-26T00:18:46+00:00,bid,RTX 2080S,1,1,0.037778,0.037778,0.037778,0.037778,0.037778,0.037778,0.973688
2026-07-26T00:18:46+00:00,bid,RTX 3060,13,50,0.024741,0.041111,0.045519,0.054444,0.139081,0.048185,0.99167
2026-07-26T00:18:46+00:00,bid,RTX 3060 Ti,1,1,0.132889,0.132889,0.132889,0.132889,0.132889,,0.951481
2026-07-26T00:18:46+00:00,bid,RTX 3060 laptop,4,14,0.013352,0.032171,0.05063,0.072389,0.101111,0.081963,0.98887
2026-07-26T00:18:46+00:00,bid,RTX 3070,11,24,0.040444,0.041667,0.068519,0.094167,0.495556,0.093889,0.991305
2026-07-26T00:18:46+00:00,bid,RTX 3080,15,34,0.057407,0.067778,0.139778,0.240622,0.495556,0.19061,0.989563
2026-07-26T00:18:46+00:00,bid,RTX 3080 Ti,6,6,0.074074,0.095556,0.102222,0.128889,0.188889,0.122222,0.994968
2026-07-26T00:18:46+00:00,bid,RTX 3090,62,134,0.016889,0.108074,0.134815,0.159444,0.268889,0.147222,0.991286
2026-07-26T00:18:46+00:00,bid,RTX 4000Ada,1,1,0.162222,0.162222,0.162222,0.162222,0.162222,,0.992533
2026-07-26T00:18:46+00:00,bid,RTX 4060,4,8,0.05363,0.053741,0.053852,0.054074,0.054519,0.053778,0.964938
2026-07-26T00:18:46+00:00,bid,RTX 4060 Ti,6,16,0.041111,0.049639,0.0755,0.099278,0.107778,0.091444,0.995266
2026-07-26T00:18:46+00:00,bid,RTX 4070,5,11,0.054444,0.075222,0.075778,0.076889,0.161111,0.075778,0.997944
2026-07-26T00:18:46+00:00,bid,RTX 4070 Ti,6,18,0.093611,0.094028,0.101667,0.188056,0.215556,0.101667,0.985849
2026-07-26T00:18:46+00:00,bid,RTX 4070S,6,25,0.054444,0.080856,0.094537,0.09544,0.098148,0.094537,0.988651
2026-07-26T00:18:46+00:00,bid,RTX 4070S Ti,12,29,0.067778,0.144653,0.1675,0.168056,0.202222,0.167778,0.999556
2026-07-26T00:18:46+00:00,bid,RTX 4080,8,14,0.081111,0.082222,0.140481,0.174722,0.255556,0.255,0.980161
2026-07-26T00:18:46+00:00,bid,RTX 4080S,15,38,0.067407,0.14163,0.200519,0.201037,0.24037,0.201037,0.997823
2026-07-26T00:18:46+00:00,bid,RTX 4090,97,244,0.131926,0.230123,0.294222,0.402222,1.005037,0.347222,0.994075
2026-07-26T00:18:46+00:00,bid,RTX 4090D,3,7,0.604556,0.604833,0.605111,0.605667,0.606222,,0.967226
2026-07-26T00:18:46+00:00,bid,RTX 5000Ada,6,8,0.267778,0.268889,0.295,0.321944,0.335556,0.295,0.997131
2026-07-26T00:18:46+00:00,bid,RTX 5060,4,5,0.054444,0.055278,0.075556,0.108889,0.148889,0.148889,0.989037
2026-07-26T00:18:46+00:00,bid,RTX 5060 Ti,35,112,0.053519,0.082037,0.108593,0.14525,0.160222,0.141889,0.9967
2026-07-26T00:18:46+00:00,bid,RTX 5070,5,6,0.054815,0.083704,0.121111,0.162222,0.255556,0.121111,0.979274
2026-07-26T00:18:46+00:00,bid,RTX 5070 Ti,14,23,0.094444,0.1075,0.108333,0.13437,0.158963,0.108889,0.991175
2026-07-26T00:18:46+00:00,bid,RTX 5080,16,26,0.02963,0.130852,0.161111,0.201667,0.338519,0.200015,0.994066
2026-07-26T00:18:46+00:00,bid,RTX 5090,81,185,0.102222,0.271111,0.335556,0.466944,0.845926,0.400278,0.995193
2026-07-26T00:18:46+00:00,bid,RTX 5880Ada,6,8,0.295185,0.295648,0.297037,0.297037,0.297037,0.297037,0.994109
2026-07-26T00:18:46+00:00,bid,RTX 6000Ada,17,37,0.137778,0.267222,0.388889,0.468741,0.680889,0.467444,0.996528
2026-07-26T00:18:46+00:00,bid,RTX A2000,3,4,0.028519,0.11537,0.202222,0.301185,0.400148,0.028519,0.998014
2026-07-26T00:18:46+00:00,bid,RTX A4000,10,58,0.013519,0.024694,0.081956,0.106991,0.10716,,0.98161
2026-07-26T00:18:46+00:00,bid,RTX A5000,7,13,0.020556,0.109444,0.201111,0.334444,0.334815,0.108519,0.971747
2026-07-26T00:18:46+00:00,bid,RTX A6000,6,16,0.134815,0.15287,0.261852,0.360486,0.375556,0.373611,0.992358
2026-07-26T00:18:46+00:00,bid,RTX PRO 2000,1,2,0.134074,0.134074,0.134074,0.134074,0.134074,,0.963004
2026-07-26T00:18:46+00:00,bid,RTX PRO 4000,18,38,0.067222,0.068889,0.202222,0.241296,0.268889,0.241481,0.984824
2026-07-26T00:18:46+00:00,bid,RTX PRO 5000,15,26,0.135111,0.348667,0.468889,0.533796,0.803704,0.468333,0.992187
2026-07-26T00:18:46+00:00,bid,RTX PRO 6000 S,18,46,0.335556,1.067593,1.06963,1.201944,1.467222,1.06963,0.997414
2026-07-26T00:18:46+00:00,bid,RTX PRO 6000 WS,28,46,0.268889,0.586852,0.834704,0.994355,1.337037,0.938889,0.989997
2026-07-26T00:18:46+00:00,bid,Tesla P100,4,5,0.041481,0.111204,0.135,0.135556,0.135556,0.135556,0.985379
2026-07-26T00:18:46+00:00,bid,Tesla P4,1,1,0.011926,0.011926,0.011926,0.011926,0.011926,,0.98973
2026-07-26T00:18:46+00:00,bid,Tesla P40,3,8,0.065889,0.066167,0.066444,0.066444,0.066444,0.066444,0.992631
2026-07-26T00:18:46+00:00,bid,Tesla T4,2,3,3.400741,3.400926,3.401111,3.401296,3.401481,,0.972395
2026-07-26T00:18:46+00:00,bid,Tesla V100,11,25,0.08037,0.095407,0.135556,0.162222,0.242222,0.162222,0.978094
2026-07-26T00:18:46+00:00,bid,Titan RTX,2,3,0.108889,0.113796,0.118704,0.123611,0.128519,0.108889,0.994855
2026-07-26T00:18:46+00:00,bid,Titan Xp,3,11,0.04037,0.040463,0.040556,0.048056,0.055556,0.040556,0.99554
2026-07-26T01:07:59+00:00,on-demand,A100 PCIE,10,25,0.268148,0.334028,0.857773,1.001101,1.537739,0.997739,0.984846
2026-07-26T01:07:59+00:00,on-demand,A100 SXM4,22,63,0.40037,0.827338,1.05537,1.226991,1.592,0.994778,0.989526
2026-07-26T01:07:59+00:00,on-demand,A800 PCIE,3,7,0.667222,0.6675,0.667778,0.668333,0.668889,,0.994204
2026-07-26T01:07:59+00:00,on-demand,B200,7,22,5.902604,6.215191,6.875521,6.876563,8.609722,6.875521,0.996692
2026-07-26T01:07:59+00:00,on-demand,B300,4,15,5.625521,7.266536,7.814062,8.048611,8.750694,8.750694,0.973905
2026-07-26T01:07:59+00:00,on-demand,CMP 170HX,3,11,0.120185,0.120463,0.120741,0.121111,0.121481,,0.938004
2026-07-26T01:07:59+00:00,on-demand,GTX 1050 Ti,2,2,0.611111,1.458704,2.306296,3.153889,4.001481,,0.942067
2026-07-26T01:07:59+00:00,on-demand,GTX 1060,3,4,0.087778,0.088333,0.088889,0.216667,0.344444,0.088333,0.999298
2026-07-26T01:07:59+00:00,on-demand,GTX 1070,1,1,0.531111,0.531111,0.531111,0.531111,0.531111,0.531111,0.933652
2026-07-26T01:07:59+00:00,on-demand,GTX 1070 Ti,1,4,0.051222,0.051222,0.051222,0.051222,0.051222,0.051222,0.9877
2026-07-26T01:07:59+00:00,on-demand,GTX 1080,5,12,0.027778,0.034815,0.051037,0.051778,0.052889,0.051778,0.991766
2026-07-26T01:07:59+00:00,on-demand,GTX 1080 Ti,7,21,0.042667,0.060833,0.062222,0.074048,0.080556,0.067937,0.995591
2026-07-26T01:07:59+00:00,on-demand,GTX 1650 S,1,1,0.677778,0.677778,0.677778,0.677778,0.677778,,0.93293
2026-07-26T01:07:59+00:00,on-demand,GTX 1660 S,1,1,0.451111,0.451111,0.451111,0.451111,0.451111,,0.940587
2026-07-26T01:07:59+00:00,on-demand,GTX 1660 Ti,1,1,0.611111,0.611111,0.611111,0.611111,0.611111,0.611111,0.934875
2026-07-26T01:07:59+00:00,on-demand,GTX TITAN X,1,1,0.048889,0.048889,0.048889,0.048889,0.048889,0.048889,0.987463
2026-07-26T01:07:59+00:00,on-demand,H100 NVL,5,8,2.121481,2.134667,2.268889,2.401333,2.642222,2.381852,0.962893
2026-07-26T01:07:59+00:00,on-demand,H100 PCIE,2,9,1.362222,1.455037,1.547852,1.640667,1.733481,1.733481,0.969364
2026-07-26T01:07:59+00:00,on-demand,H100 SXM,13,37,1.733889,2.201481,2.802222,3.001333,5.348889,2.945,0.995759
2026-07-26T01:07:59+00:00,on-demand,H200,5,10,3.934576,3.934942,3.935673,4.080044,4.08114,3.935673,0.997392
2026-07-26T01:07:59+00:00,on-demand,H200 NVL,7,17,2.801111,3.073333,3.333611,3.505741,3.854444,3.677037,0.980083
2026-07-26T01:07:59+00:00,on-demand,L4,5,13,0.202222,0.322593,0.333778,0.335556,3.333889,0.333778,0.994969
2026-07-26T01:07:59+00:00,on-demand,L40,5,11,0.297037,0.454074,0.574444,0.575556,0.577778,0.575,0.984634
2026-07-26T01:07:59+00:00,on-demand,L40S,16,49,0.40037,0.466991,0.666944,0.868565,2.442222,0.802222,0.996139
2026-07-26T01:07:59+00:00,on-demand,Q RTX 5000,1,2,0.080741,0.080741,0.080741,0.080741,0.080741,,0.936752
2026-07-26T01:07:59+00:00,on-demand,Q RTX 8000,4,8,0.253704,0.253981,0.262593,0.273556,0.280889,0.262593,0.998638
2026-07-26T01:07:59+00:00,on-demand,Quadro GV100,1,1,0.467407,0.467407,0.467407,0.467407,0.467407,,0.967937
2026-07-26T01:07:59+00:00,on-demand,Quadro P4000,3,4,0.054444,0.055,0.055556,0.056296,0.057037,0.057037,0.963299
2026-07-26T01:07:59+00:00,on-demand,RTX 2060,1,1,0.415556,0.415556,0.415556,0.415556,0.415556,0.415556,0.994949
2026-07-26T01:07:59+00:00,on-demand,RTX 2070,1,2,0.081111,0.081111,0.081111,0.081111,0.081111,0.081111,0.980897
2026-07-26T01:07:59+00:00,on-demand,RTX 2070S,2,17,0.073498,0.073503,0.073508,0.073513,0.073519,,0.987347
2026-07-26T01:07:59+00:00,on-demand,RTX 2080 Ti,8,22,0.068889,0.080049,0.104457,0.125519,0.811111,0.104457,0.995277
2026-07-26T01:07:59+00:00,on-demand,RTX 2080S,1,1,0.744444,0.744444,0.744444,0.744444,0.744444,0.744444,0.973688
2026-07-26T01:07:59+00:00,on-demand,RTX 3060,10,42,0.050815,0.058611,0.07698,0.552852,1.335556,0.129269,0.992412
2026-07-26T01:07:59+00:00,on-demand,RTX 3060 Ti,1,1,1.335556,1.335556,1.335556,1.335556,1.335556,,0.951481
2026-07-26T01:07:59+00:00,on-demand,RTX 3060 laptop,3,11,0.026685,0.033898,0.041111,0.041667,0.042222,,0.998768
2026-07-26T01:07:59+00:00,on-demand,RTX 3070,6,16,0.047778,0.05913,0.094444,0.107176,0.562222,0.334722,0.993124
2026-07-26T01:07:59+00:00,on-demand,RTX 3080,12,33,0.060278,0.07463,0.111139,0.127097,0.252326,0.113556,0.991524
2026-07-26T01:07:59+00:00,on-demand,RTX 3080 Ti,4,5,0.108889,0.128611,0.138704,0.180556,0.295556,0.138704,0.996817
2026-07-26T01:07:59+00:00,on-demand,RTX 3090,47,145,0.106944,0.147222,0.240556,0.335,1.336296,0.247778,0.990009
2026-07-26T01:07:59+00:00,on-demand,RTX 3090 Ti,1,1,0.175556,0.175556,0.175556,0.175556,0.175556,,0.993079
2026-07-26T01:07:59+00:00,on-demand,RTX 4000Ada,1,1,0.202222,0.202222,0.202222,0.202222,0.202222,,0.992533
2026-07-26T01:07:59+00:00,on-demand,RTX 4060,4,5,0.068148,0.069259,0.075926,0.731111,2.677778,,0.996195
2026-07-26T01:07:59+00:00,on-demand,RTX 4060 Ti,3,7,0.067778,0.068333,0.068889,0.101333,0.133778,0.133778,0.996481
2026-07-26T01:07:59+00:00,on-demand,RTX 4070,1,1,0.082222,0.082222,0.082222,0.082222,0.082222,,0.995898
2026-07-26T01:07:59+00:00,on-demand,RTX 4070 Ti,6,10,0.069111,0.091574,0.098704,0.206389,0.242222,0.168148,0.991007
2026-07-26T01:07:59+00:00,on-demand,RTX 4070S,6,16,0.081204,0.08287,0.087593,0.093981,0.668889,0.084815,0.969344
2026-07-26T01:07:59+00:00,on-demand,RTX 4070S Ti,9,26,0.093889,0.117778,0.201111,0.266944,0.268889,0.257361,0.998057
2026-07-26T01:07:59+00:00,on-demand,RTX 4080,6,12,0.121481,0.165204,0.222741,0.268611,0.293926,0.268333,0.98843
2026-07-26T01:07:59+00:00,on-demand,RTX 4080S,10,28,0.118148,0.148981,0.207843,0.223861,0.228741,0.227704,0.996615
2026-07-26T01:07:59+00:00,on-demand,RTX 4090,66,225,0.133611,0.307148,0.396574,0.539352,1.337037,0.535185,0.994483
2026-07-26T01:07:59+00:00,on-demand,RTX 4090D,3,7,0.667222,0.6675,0.667778,0.668333,0.668889,,0.967226
2026-07-26T01:07:59+00:00,on-demand,RTX 5000Ada,2,3,0.428889,0.431944,0.435,0.438056,0.441111,0.435,0.997131
2026-07-26T01:07:59+00:00,on-demand,RTX 5060,3,3,0.075556,0.112222,0.148889,0.165556,0.182222,0.128889,0.990892
2026-07-26T01:07:59+00:00,on-demand,RTX 5060 Ti,24,83,0.075556,0.095139,0.124352,0.172736,0.933348,0.169611,0.991276
2026-07-26T01:07:59+00:00,on-demand,RTX 5060 laptop,1,1,0.135556,0.135556,0.135556,0.135556,0.135556,,0.970478
2026-07-26T01:07:59+00:00,on-demand,RTX 5070,8,15,0.080926,0.092037,0.105074,0.12,0.174444,0.12963,0.991389
2026-07-26T01:07:59+00:00,on-demand,RTX 5070 Ti,7,14,0.105889,0.114333,0.122222,0.152056,0.164444,0.160556,0.990608
2026-07-26T01:07:59+00:00,on-demand,RTX 5080,19,60,0.133611,0.1675,0.188889,0.220741,0.802963,0.23463,0.987249
2026-07-26T01:07:59+00:00,on-demand,RTX 5090,53,179,0.175556,0.412556,0.468519,0.668519,3.614444,0.666944,0.991186
2026-07-26T01:07:59+00:00,on-demand,RTX 5880Ada,3,7,0.453852,0.454111,0.45437,0.51237,0.57037,0.45437,0.997824
2026-07-26T01:07:59+00:00,on-demand,RTX 6000Ada,8,23,0.203556,0.440972,0.680778,0.695005,0.735556,0.681556,0.997027
2026-07-26T01:07:59+00:00,on-demand,RTX A2000,5,6,0.034074,0.036148,0.036148,0.052148,0.493481,0.052148,0.995152
2026-07-26T01:07:59+00:00,on-demand,RTX A4000,6,43,0.072889,0.093506,0.133493,0.133588,0.133827,0.133611,0.977918
2026-07-26T01:07:59+00:00,on-demand,RTX A6000,7,21,0.288148,0.374167,0.388889,0.40125,0.454444,0.40125,0.988939
2026-07-26T01:07:59+00:00,on-demand,RTX PRO 4000,13,28,0.200556,0.241111,0.253778,0.308148,0.535556,0.263704,0.983721
2026-07-26T01:07:59+00:00,on-demand,RTX PRO 4500,2,2,0.282222,0.297593,0.312963,0.328333,0.343704,0.343704,0.995289
2026-07-26T01:07:59+00:00,on-demand,RTX PRO 5000,10,20,0.37,0.647639,0.668296,0.711204,0.897037,0.668056,0.993568
2026-07-26T01:07:59+00:00,on-demand,RTX PRO 6000 S,12,31,1.202222,1.268611,1.534722,1.734148,1.736296,1.600556,0.996498
2026-07-26T01:07:59+00:00,on-demand,RTX PRO 6000 WS,16,30,0.868889,1.000926,1.115111,1.330481,5.335556,1.265259,0.992869
2026-07-26T01:07:59+00:00,on-demand,Tesla P100,5,10,0.044296,0.081111,0.081481,0.201111,0.202222,0.141296,0.985379
2026-07-26T01:07:59+00:00,on-demand,Tesla P4,1,1,0.023259,0.023259,0.023259,0.023259,0.023259,,0.98973
2026-07-26T01:07:59+00:00,on-demand,Tesla P40,2,6,0.132556,0.132694,0.132833,0.132972,0.133111,0.132833,0.992631
2026-07-26T01:07:59+00:00,on-demand,Tesla T4,2,3,12.000741,12.000926,12.001111,12.001296,12.001481,,0.972395
2026-07-26T01:07:59+00:00,on-demand,Tesla V100,8,20,0.107222,0.108611,0.133889,0.158403,0.268889,0.166944,0.962691
2026-07-26T01:07:59+00:00,on-demand,Titan RTX,4,5,0.135185,0.135463,0.136296,0.143519,0.162963,0.149259,0.991398
2026-07-26T01:07:59+00:00,on-demand,Titan Xp,3,11,0.053704,0.053796,0.053889,0.054722,0.055556,0.053889,0.99554
2026-07-26T01:07:59+00:00,bid,A100 PCIE,17,24,0.133889,0.135556,0.200741,0.202222,0.437739,0.202222,0.994204
2026-07-26T01:07:59+00:00,bid,A100 SXM4,26,52,0.135556,0.462384,0.72087,0.790685,1.042156,0.719768,0.990735
2026-07-26T01:07:59+00:00,bid,A40,1,2,0.234074,0.234074,0.234074,0.234074,0.234074,0.234074,0.984355
2026-07-26T01:07:59+00:00,bid,A800 PCIE,7,12,0.129889,0.130444,0.131556,0.131556,0.131556,,0.994204
2026-07-26T01:07:59+00:00,bid,B200,10,46,5.625174,5.62526,5.625694,5.814974,6.859722,5.625694,0.983172
2026-07-26T01:07:59+00:00,bid,B300,3,11,5.000694,5.000868,5.001042,5.001563,5.002083,5.000694,0.959374
2026-07-26T01:07:59+00:00,bid,CMP 170HX,5,19,0.101433,0.101618,0.101618,0.101989,0.102729,,0.938004
2026-07-26T01:07:59+00:00,bid,GTX 1050 Ti,2,2,0.021562,0.022283,0.023003,0.023724,0.024444,,0.942067
2026-07-26T01:07:59+00:00,bid,GTX 1060,1,1,0.031111,0.031111,0.031111,0.031111,0.031111,,0.93727
2026-07-26T01:07:59+00:00,bid,GTX 1070,1,1,0.024444,0.024444,0.024444,0.024444,0.024444,0.024444,0.933652
2026-07-26T01:07:59+00:00,bid,GTX 1070 Ti,3,7,0.040556,0.040833,0.041111,0.041667,0.042222,0.041111,0.9877
2026-07-26T01:07:59+00:00,bid,GTX 1080,2,7,0.037037,0.03787,0.038704,0.039537,0.04037,0.04037,0.982525
2026-07-26T01:07:59+00:00,bid,GTX 1080 Ti,8,31,0.029333,0.041806,0.053651,0.053889,0.054074,0.053651,0.995803
2026-07-26T01:07:59+00:00,bid,GTX 1650 S,1,1,0.037778,0.037778,0.037778,0.037778,0.037778,,0.93293
2026-07-26T01:07:59+00:00,bid,GTX 1660 S,1,1,0.031111,0.031111,0.031111,0.031111,0.031111,,0.940587
2026-07-26T01:07:59+00:00,bid,GTX 1660 Ti,1,1,0.037778,0.037778,0.037778,0.037778,0.037778,0.037778,0.934875
2026-07-26T01:07:59+00:00,bid,GTX TITAN X,1,1,0.042222,0.042222,0.042222,0.042222,0.042222,0.042222,0.987463
2026-07-26T01:07:59+00:00,bid,H100 NVL,6,8,0.934667,0.936,0.936,1.685111,1.936296,1.935556,0.962844
2026-07-26T01:07:59+00:00,bid,H100 PCIE,2,9,0.733481,0.817333,0.901185,0.985037,1.068889,0.733481,0.969364
2026-07-26T01:07:59+00:00,bid,H100 SXM,11,30,1.006519,1.568148,2.000222,2.269611,2.935217,2.005333,0.99327
2026-07-26T01:07:59+00:00,bid,H200,5,10,3.816155,3.81652,3.816886,3.817251,3.817982,3.816886,0.997392
2026-07-26T01:07:59+00:00,bid,H200 NVL,10,15,0.476111,0.691806,1.339703,1.867685,2.522222,1.930407,0.980188
2026-07-26T01:07:59+00:00,bid,L4,8,21,0.134074,0.185278,0.235133,0.281778,0.320556,0.267778,0.997766
2026-07-26T01:07:59+00:00,bid,L40,4,8,0.467778,0.468611,0.47,0.471111,0.471111,0.47,0.984634
2026-07-26T01:07:59+00:00,bid,L40S,25,69,0.200185,0.335556,0.534815,0.540741,0.801852,0.537037,0.998337
2026-07-26T01:07:59+00:00,bid,Q RTX 5000,1,2,0.054074,0.054074,0.054074,0.054074,0.054074,,0.936752
2026-07-26T01:07:59+00:00,bid,Q RTX 6000,1,1,0.133704,0.133704,0.133704,0.133704,0.133704,,0.969259
2026-07-26T01:07:59+00:00,bid,Q RTX 8000,3,3,0.025222,0.0265,0.027778,0.063778,0.099778,0.027778,0.998956
2026-07-26T01:07:59+00:00,bid,Quadro GV100,1,1,0.134074,0.134074,0.134074,0.134074,0.134074,,0.967937
2026-07-26T01:07:59+00:00,bid,Quadro P4000,3,4,0.041111,0.041667,0.042222,0.048889,0.055556,0.055556,0.963299
2026-07-26T01:07:59+00:00,bid,RTX 2060,2,2,0.031111,0.107222,0.183333,0.259444,0.335556,0.183333,0.967014
2026-07-26T01:07:59+00:00,bid,RTX 2060S,1,1,0.123704,0.123704,0.123704,0.123704,0.123704,0.123704,0.934295
2026-07-26T01:07:59+00:00,bid,RTX 2070S,1,9,0.066831,0.066831,0.066831,0.066831,0.066831,,0.987347
2026-07-26T01:07:59+00:00,bid,RTX 2080 Ti,7,12,0.037778,0.068086,0.070074,0.107593,0.108148,0.088741,0.99733
2026-07-26T01:07:59+00:00,bid,RTX 2080S,1,1,0.037778,0.037778,0.037778,0.037778,0.037778,0.037778,0.973688
2026-07-26T01:07:59+00:00,bid,RTX 3060,13,48,0.025111,0.041111,0.045519,0.102815,0.138681,0.093433,0.99167
2026-07-26T01:07:59+00:00,bid,RTX 3060 Ti,1,1,0.132889,0.132889,0.132889,0.132889,0.132889,,0.951481
2026-07-26T01:07:59+00:00,bid,RTX 3060 laptop,3,12,0.018019,0.028231,0.038444,0.055963,0.073481,0.073481,0.99619
2026-07-26T01:07:59+00:00,bid,RTX 3070,14,30,0.040444,0.048343,0.068519,0.091639,0.495556,0.084889,0.991305
2026-07-26T01:07:59+00:00,bid,RTX 3070 laptop,1,1,0.042222,0.042222,0.042222,0.042222,0.042222,,0.960417
2026-07-26T01:07:59+00:00,bid,RTX 3080,10,26,0.066944,0.068056,0.121852,0.139639,0.241659,0.139222,0.988795
2026-07-26T01:07:59+00:00,bid,RTX 3080 Ti,5,6,0.054963,0.095556,0.097037,0.135556,0.188889,0.116296,0.994922
2026-07-26T01:07:59+00:00,bid,RTX 3090,65,160,0.054222,0.108148,0.134741,0.161111,0.255556,0.147222,0.989844
2026-07-26T01:07:59+00:00,bid,RTX 4000Ada,1,1,0.162222,0.162222,0.162222,0.162222,0.162222,,0.992533
2026-07-26T01:07:59+00:00,bid,RTX 4060,2,3,0.053926,0.054074,0.054222,0.05437,0.054519,,0.964938
2026-07-26T01:07:59+00:00,bid,RTX 4060 Ti,7,17,0.041111,0.046852,0.055778,0.0755,0.107111,0.075222,0.993295
2026-07-26T01:07:59+00:00,bid,RTX 4070,6,13,0.075222,0.075778,0.076333,0.130056,0.161111,0.076333,0.997944
2026-07-26T01:07:59+00:00,bid,RTX 4070 Ti,3,4,0.095556,0.155,0.214444,0.215,0.215556,0.215,0.992675
2026-07-26T01:07:59+00:00,bid,RTX 4070S,4,15,0.06787,0.068773,0.070278,0.072685,0.076296,0.070278,0.967935
2026-07-26T01:07:59+00:00,bid,RTX 4070S Ti,15,38,0.067778,0.164583,0.167778,0.184167,0.202222,0.167778,0.999457
2026-07-26T01:07:59+00:00,bid,RTX 4080,6,12,0.081111,0.095148,0.140481,0.227593,0.255556,0.255,0.987382
2026-07-26T01:07:59+00:00,bid,RTX 4080S,16,42,0.06716,0.151704,0.200398,0.201296,0.240741,0.202074,0.995407
2026-07-26T01:07:59+00:00,bid,RTX 4090,94,226,0.122037,0.240741,0.294815,0.402778,1.005037,0.394444,0.994404
2026-07-26T01:07:59+00:00,bid,RTX 4090D,3,7,0.604556,0.604833,0.605111,0.605667,0.606222,,0.967226
2026-07-26T01:07:59+00:00,bid,RTX 5000Ada,6,8,0.267778,0.268889,0.295,0.321944,0.335556,0.295,0.997131
2026-07-26T01:07:59+00:00,bid,RTX 5060,5,6,0.040296,0.054444,0.095556,0.148889,0.148889,0.148889,0.992201
2026-07-26T01:07:59+00:00,bid,RTX 5060 Ti,36,126,0.053519,0.067194,0.107315,0.143569,0.160278,0.141611,0.993537
2026-07-26T01:07:59+00:00,bid,RTX 5070,8,11,0.080222,0.081667,0.111667,0.151667,0.162222,0.141852,0.989177
2026-07-26T01:07:59+00:00,bid,RTX 5070 Ti,13,25,0.093889,0.107778,0.133926,0.137185,0.268,0.133926,0.992695
2026-07-26T01:07:59+00:00,bid,RTX 5080,18,29,0.02963,0.141389,0.162222,0.200972,0.338519,0.188426,0.98906
2026-07-26T01:07:59+00:00,bid,RTX 5090,83,177,0.102222,0.271111,0.37437,0.454028,0.845926,0.400278,0.995261
2026-07-26T01:07:59+00:00,bid,RTX 5880Ada,6,8,0.295185,0.297037,0.297037,0.297037,0.33437,0.297037,0.994109
2026-07-26T01:07:59+00:00,bid,RTX 6000Ada,22,40,0.137778,0.318472,0.428037,0.468852,0.74963,0.467778,0.996573
2026-07-26T01:07:59+00:00,bid,RTX A2000,2,2,0.202222,0.251704,0.301185,0.350667,0.400148,,0.996255
2026-07-26T01:07:59+00:00,bid,RTX A4000,11,63,0.013519,0.057111,0.093611,0.106944,0.10716,0.093611,0.984526
2026-07-26T01:07:59+00:00,bid,RTX A5000,4,8,0.020556,0.086528,0.109444,0.11037,0.11037,0.109444,0.999419
2026-07-26T01:07:59+00:00,bid,RTX A6000,9,19,0.134815,0.136296,0.321111,0.373611,0.375556,0.373611,0.988939
2026-07-26T01:07:59+00:00,bid,RTX PRO 2000,2,3,0.134074,0.134259,0.134444,0.13463,0.134815,,0.963004
2026-07-26T01:07:59+00:00,bid,RTX PRO 4000,17,38,0.055556,0.068444,0.187407,0.240494,0.277481,0.238025,0.99501
2026-07-26T01:07:59+00:00,bid,RTX PRO 4500,1,1,0.27037,0.27037,0.27037,0.27037,0.27037,0.27037,0.99564
2026-07-26T01:07:59+00:00,bid,RTX PRO 5000,16,25,0.135111,0.256852,0.491389,0.761415,0.803704,0.389259,0.991528
2026-07-26T01:07:59+00:00,bid,RTX PRO 6000 S,20,47,0.334444,0.850972,1.068148,1.200347,1.332089,1.067778,0.998028
2026-07-26T01:07:59+00:00,bid,RTX PRO 6000 WS,24,35,0.268889,0.538519,0.83463,1.006022,1.335185,0.989378,0.98974
2026-07-26T01:07:59+00:00,bid,Tesla P100,3,4,0.041481,0.087963,0.134444,0.135,0.135556,0.135,0.985379
2026-07-26T01:07:59+00:00,bid,Tesla P4,1,1,0.011926,0.011926,0.011926,0.011926,0.011926,,0.98973
2026-07-26T01:07:59+00:00,bid,Tesla P40,3,8,0.065889,0.066167,0.066444,0.066444,0.066444,0.066444,0.992631
2026-07-26T01:07:59+00:00,bid,Tesla T4,2,3,3.400741,3.400926,3.401111,3.401296,3.401481,,0.972395
2026-07-26T01:07:59+00:00,bid,Tesla V100,12,28,0.08037,0.095037,0.133843,0.162222,0.242222,0.162222,0.984419
2026-07-26T01:07:59+00:00,bid,Titan RTX,3,4,0.095556,0.102222,0.108889,0.118704,0.128519,0.102222,0.991398
2026-07-26T01:07:59+00:00,bid,Titan Xp,3,11,0.04037,0.040463,0.040556,0.041389,0.042222,0.040556,0.99554
2026-07-26T01:12:59+00:00,on-demand,A100 PCIE,11,24,0.333611,0.581852,0.995536,1.001667,1.537739,0.996638,0.99519
2026-07-26T01:12:59+00:00,on-demand,A100 SXM4,26,72,0.401481,0.821134,1.056074,1.214028,1.734259,1.05537,0.99148
2026-07-26T01:12:59+00:00,on-demand,A40,2,3,0.601111,0.601389,0.601667,0.601944,0.602222,0.601667,0.994185
2026-07-26T01:12:59+00:00,on-demand,A800 PCIE,2,5,0.667222,0.667639,0.668056,0.668472,0.668889,,0.994204
2026-07-26T01:12:59+00:00,on-demand,B200,7,22,5.902604,6.250651,6.252083,6.684115,8.609722,6.252083,0.996753
2026-07-26T01:12:59+00:00,on-demand,B300,4,15,5.625521,7.266536,7.814062,8.048611,8.750694,8.750694,0.973905
2026-07-26T01:12:59+00:00,on-demand,CMP 170HX,2,9,0.120185,0.120509,0.120833,0.121157,0.121481,,0.938004
2026-07-26T01:12:59+00:00,on-demand,GTX 1050 Ti,2,2,0.611111,1.458704,2.306296,3.153889,4.001481,,0.942767
2026-07-26T01:12:59+00:00,on-demand,GTX 1060,3,4,0.087778,0.088333,0.088889,0.216667,0.344444,0.088333,0.999298
2026-07-26T01:12:59+00:00,on-demand,GTX 1070,1,1,0.531111,0.531111,0.531111,0.531111,0.531111,0.531111,0.935063
2026-07-26T01:12:59+00:00,on-demand,GTX 1080,6,16,0.027778,0.03887,0.05113,0.051639,0.052889,0.0515,0.990499
2026-07-26T01:12:59+00:00,on-demand,GTX 1080 Ti,6,17,0.042667,0.061389,0.067937,0.074246,0.080556,0.073651,0.995429
2026-07-26T01:12:59+00:00,on-demand,GTX 1650 S,1,1,0.677778,0.677778,0.677778,0.677778,0.677778,,0.934025
2026-07-26T01:12:59+00:00,on-demand,GTX 1660 Ti,1,1,0.611111,0.611111,0.611111,0.611111,0.611111,0.611111,0.93599
2026-07-26T01:12:59+00:00,on-demand,GTX TITAN X,1,1,0.048889,0.048889,0.048889,0.048889,0.048889,0.048889,0.987463
2026-07-26T01:12:59+00:00,on-demand,H100 NVL,6,8,2.121481,2.125889,2.135333,2.336,2.642222,2.122963,0.963044
2026-07-26T01:12:59+00:00,on-demand,H100 PCIE,2,9,1.362222,1.455037,1.547852,1.640667,1.733481,1.733481,0.969364
2026-07-26T01:12:59+00:00,on-demand,H100 SXM,13,36,1.733889,2.201481,2.802222,3.001333,5.348889,2.722481,0.995759
2026-07-26T01:12:59+00:00,on-demand,H200,5,10,3.934576,3.934942,3.935673,4.080044,4.08114,3.935673,0.997404
2026-07-26T01:12:59+00:00,on-demand,H200 NVL,7,18,2.800741,3.205694,3.334444,3.452963,3.854444,3.57037,0.978352
2026-07-26T01:12:59+00:00,on-demand,L4,5,13,0.202222,0.333778,0.334444,0.335556,3.333889,0.334444,0.997242
2026-07-26T01:12:59+00:00,on-demand,L40,4,9,0.297037,0.414815,0.514259,0.575278,0.577778,0.574444,0.990687
2026-07-26T01:12:59+00:00,on-demand,L40S,16,50,0.40037,0.513981,0.667222,1.067824,2.442222,0.769444,0.993049
2026-07-26T01:12:59+00:00,on-demand,Q RTX 5000,1,1,0.081481,0.081481,0.081481,0.081481,0.081481,,0.936752
2026-07-26T01:12:59+00:00,on-demand,Q RTX 8000,3,7,0.253704,0.261296,0.268889,0.274889,0.280889,0.268889,0.998639
2026-07-26T01:12:59+00:00,on-demand,Quadro GV100,1,1,0.467407,0.467407,0.467407,0.467407,0.467407,,0.967937
2026-07-26T01:12:59+00:00,on-demand,Quadro P4000,3,4,0.054444,0.055,0.055556,0.061444,0.067333,0.067333,0.963299
2026-07-26T01:12:59+00:00,on-demand,RTX 2060,1,1,0.411111,0.411111,0.411111,0.411111,0.411111,0.411111,0.940411
2026-07-26T01:12:59+00:00,on-demand,RTX 2060S,1,1,0.283704,0.283704,0.283704,0.283704,0.283704,0.283704,0.934295
2026-07-26T01:12:59+00:00,on-demand,RTX 2070S,2,17,0.073498,0.073503,0.073508,0.073513,0.073519,,0.987347
2026-07-26T01:12:59+00:00,on-demand,RTX 2080 Ti,8,29,0.068889,0.078294,0.080042,0.125519,0.811111,0.080042,0.994707
2026-07-26T01:12:59+00:00,on-demand,RTX 2080S,1,1,0.744444,0.744444,0.744444,0.744444,0.744444,0.744444,0.973958
2026-07-26T01:12:59+00:00,on-demand,RTX 3060,9,36,0.034444,0.053519,0.057778,0.073498,1.334815,0.056111,0.995898
2026-07-26T01:12:59+00:00,on-demand,RTX 3060 laptop,3,11,0.026685,0.033898,0.041111,0.041667,0.042222,,0.998768
2026-07-26T01:12:59+00:00,on-demand,RTX 3070,6,18,0.050444,0.082315,0.09216,0.105432,0.562222,0.33142,0.995762
2026-07-26T01:12:59+00:00,on-demand,RTX 3080,13,38,0.060222,0.095556,0.113556,0.147852,0.562222,0.130704,0.993493
2026-07-26T01:12:59+00:00,on-demand,RTX 3080 Ti,3,3,0.122222,0.132222,0.142222,0.218889,0.295556,0.142222,0.996866
2026-07-26T01:12:59+00:00,on-demand,RTX 3090,47,146,0.106944,0.143963,0.239407,0.334167,1.187407,0.242593,0.992176
2026-07-26T01:12:59+00:00,on-demand,RTX 3090 Ti,1,1,0.175556,0.175556,0.175556,0.175556,0.175556,,0.993079
2026-07-26T01:12:59+00:00,on-demand,RTX 4000Ada,1,1,0.202222,0.202222,0.202222,0.202222,0.202222,,0.99257
2026-07-26T01:12:59+00:00,on-demand,RTX 4060,5,7,0.060593,0.061185,0.062222,0.082222,2.677778,0.062222,0.985027
2026-07-26T01:12:59+00:00,on-demand,RTX 4060 Ti,4,9,0.068889,0.078611,0.08787,0.105694,0.141111,0.093889,0.997864
2026-07-26T01:12:59+00:00,on-demand,RTX 4070,3,11,0.082222,0.088333,0.094444,0.100833,0.107222,0.094444,0.9959
2026-07-26T01:12:59+00:00,on-demand,RTX 4070 Ti,5,8,0.069111,0.091111,0.102222,0.162222,0.241111,0.132222,0.989339
2026-07-26T01:12:59+00:00,on-demand,RTX 4070S,8,22,0.082222,0.088426,0.095,0.247755,0.667778,0.087222,0.969477
2026-07-26T01:12:59+00:00,on-demand,RTX 4070S Ti,6,19,0.129481,0.151944,0.234028,0.267153,0.267778,0.267083,0.998807
2026-07-26T01:12:59+00:00,on-demand,RTX 4080,5,10,0.122963,0.162222,0.177704,0.267778,0.293926,0.267778,0.980161
2026-07-26T01:12:59+00:00,on-demand,RTX 4080S,11,32,0.118148,0.149444,0.202074,0.21375,0.280741,0.214704,0.995407
2026-07-26T01:12:59+00:00,on-demand,RTX 4090,54,172,0.133611,0.312731,0.401481,0.536642,1.337037,0.535457,0.993145
2026-07-26T01:12:59+00:00,on-demand,RTX 4090D,3,7,0.667222,0.6675,0.667778,0.668333,0.668889,,0.967226
2026-07-26T01:12:59+00:00,on-demand,RTX 5000Ada,2,3,0.428889,0.431944,0.435,0.438056,0.441111,0.435,0.997137
2026-07-26T01:12:59+00:00,on-demand,RTX 5060,4,4,0.05363,0.071185,0.112963,0.157222,0.182222,0.12963,0.993432
2026-07-26T01:12:59+00:00,on-demand,RTX 5060 Ti,21,72,0.053778,0.095556,0.155556,0.176278,0.933348,0.170444,0.992154
2026-07-26T01:12:59+00:00,on-demand,RTX 5060 laptop,1,1,0.135556,0.135556,0.135556,0.135556,0.135556,,0.970478
2026-07-26T01:12:59+00:00,on-demand,RTX 5070,8,14,0.080741,0.091759,0.09963,0.155833,0.202222,0.148519,0.987197
2026-07-26T01:12:59+00:00,on-demand,RTX 5070 Ti,7,12,0.105889,0.10663,0.108889,0.155,0.162222,0.161111,0.990309
2026-07-26T01:12:59+00:00,on-demand,RTX 5080,16,56,0.133611,0.173829,0.19463,0.247639,0.802963,0.220926,0.9892
2026-07-26T01:12:59+00:00,on-demand,RTX 5090,46,148,0.212889,0.432485,0.507917,0.718171,33.333889,0.668796,0.989875
2026-07-26T01:12:59+00:00,on-demand,RTX 5880Ada,3,7,0.453852,0.454111,0.45437,0.51237,0.57037,0.45437,0.997826
2026-07-26T01:12:59+00:00,on-demand,RTX 6000Ada,12,28,0.203556,0.441944,0.601296,0.695005,0.735556,0.674741,0.9932
2026-07-26T01:12:59+00:00,on-demand,RTX A2000,4,5,0.034074,0.03563,0.036148,0.150481,0.493481,,0.995152
2026-07-26T01:12:59+00:00,on-demand,RTX A4000,9,59,0.072889,0.080278,0.133468,0.133611,0.133827,0.133611,0.97131
2026-07-26T01:12:59+00:00,on-demand,RTX A5000,5,16,0.146944,0.231222,0.289037,40.000741,40.001481,0.26013,0.971748
2026-07-26T01:12:59+00:00,on-demand,RTX A6000,9,23,0.28963,0.373889,0.388889,0.402222,0.454444,0.402222,0.99275
2026-07-26T01:12:59+00:00,on-demand,RTX PRO 2000,1,2,0.174074,0.174074,0.174074,0.174074,0.174074,,0.963004
2026-07-26T01:12:59+00:00,on-demand,RTX PRO 4000,13,28,0.200556,0.240556,0.293889,0.337037,0.535556,0.269589,0.983721
2026-07-26T01:12:59+00:00,on-demand,RTX PRO 4500,2,2,0.282222,0.297593,0.312963,0.328333,0.343704,0.343704,0.99529
2026-07-26T01:12:59+00:00,on-demand,RTX PRO 5000,7,13,0.64037,0.653833,0.667704,0.683889,0.895185,0.667111,0.995634
2026-07-26T01:12:59+00:00,on-demand,RTX PRO 6000 S,12,37,1.266944,1.327778,1.541019,1.635185,1.736296,1.600556,0.9965
2026-07-26T01:12:59+00:00,on-demand,RTX PRO 6000 WS,17,31,0.894015,0.935556,1.145481,1.403704,13.335556,1.160889,0.988679
2026-07-26T01:12:59+00:00,on-demand,Tesla P100,5,10,0.044296,0.081111,0.081481,0.201111,0.202222,0.141296,0.985444
2026-07-26T01:12:59+00:00,on-demand,Tesla P4,1,1,0.023259,0.023259,0.023259,0.023259,0.023259,,0.98973
2026-07-26T01:12:59+00:00,on-demand,Tesla P40,2,6,0.132556,0.132694,0.132833,0.132972,0.133111,0.132833,0.992634
2026-07-26T01:12:59+00:00,on-demand,Tesla T4,2,3,12.000741,12.000926,12.001111,12.001296,12.001481,,0.972396
2026-07-26T01:12:59+00:00,on-demand,Tesla V100,10,32,0.106944,0.108056,0.133611,0.14463,0.335556,0.166944,0.962691
2026-07-26T01:12:59+00:00,on-demand,Titan RTX,2,2,0.135556,0.138889,0.142222,0.145556,0.148889,0.142222,0.839966
2026-07-26T01:12:59+00:00,on-demand,Titan Xp,3,11,0.053704,0.053796,0.053889,0.054722,0.055556,0.053889,0.996062
2026-07-26T01:12:59+00:00,bid,A100 PCIE,20,30,0.133889,0.135556,0.168148,0.202222,0.46963,0.202222,0.988694
2026-07-26T01:12:59+00:00,bid,A100 SXM4,30,59,0.135556,0.437778,0.699979,0.802667,1.042156,0.667778,0.99148
2026-07-26T01:12:59+00:00,bid,A40,1,2,0.234074,0.234074,0.234074,0.234074,0.234074,0.234074,0.984357
2026-07-26T01:12:59+00:00,bid,A800 PCIE,7,12,0.129889,0.130444,0.131556,0.131556,0.294815,,0.994204
2026-07-26T01:12:59+00:00,bid,B200,15,62,5.625174,5.625304,5.625694,5.752344,7.375521,5.625694,0.969652
2026-07-26T01:12:59+00:00,bid,B300,3,11,5.000694,5.000868,5.001042,5.001563,5.002083,5.000694,0.959374
2026-07-26T01:12:59+00:00,bid,CMP 170HX,4,15,0.101433,0.101572,0.101804,0.102174,0.102729,,0.938004
2026-07-26T01:12:59+00:00,bid,GTX 1050 Ti,2,2,0.021562,0.022283,0.023003,0.023724,0.024444,,0.942767
2026-07-26T01:12:59+00:00,bid,GTX 1060,1,1,0.031111,0.031111,0.031111,0.031111,0.031111,,0.938642
2026-07-26T01:12:59+00:00,bid,GTX 1070,1,1,0.024444,0.024444,0.024444,0.024444,0.024444,0.024444,0.935063
2026-07-26T01:12:59+00:00,bid,GTX 1070 Ti,2,3,0.041111,0.041389,0.041667,0.041944,0.042222,0.041667,0.994326
2026-07-26T01:12:59+00:00,bid,GTX 1080,4,17,0.037037,0.039537,0.04037,0.040417,0.040556,0.04037,0.992967
2026-07-26T01:12:59+00:00,bid,GTX 1080 Ti,10,35,0.029333,0.040694,0.053651,0.054028,0.055556,0.053651,0.9956
2026-07-26T01:12:59+00:00,bid,GTX 1650 S,1,1,0.04,0.04,0.04,0.04,0.04,,0.934025
2026-07-26T01:12:59+00:00,bid,GTX 1660 S,1,1,0.031111,0.031111,0.031111,0.031111,0.031111,,0.941915
2026-07-26T01:12:59+00:00,bid,GTX 1660 Ti,2,3,0.037778,0.042222,0.046667,0.051111,0.055556,0.046667,0.966692
2026-07-26T01:12:59+00:00,bid,GTX TITAN X,1,1,0.042222,0.042222,0.042222,0.042222,0.042222,0.042222,0.987463
2026-07-26T01:12:59+00:00,bid,H100 NVL,6,8,0.934667,0.936,1.402444,1.918333,1.936296,1.935556,0.963044
2026-07-26T01:12:59+00:00,bid,H100 PCIE,2,9,0.733481,0.817333,0.901185,0.985037,1.068889,0.733481,0.969364
2026-07-26T01:12:59+00:00,bid,H100 SXM,14,49,0.602222,1.068148,2.001,2.40075,4.002222,2.001333,0.993275
2026-07-26T01:12:59+00:00,bid,H200,7,12,3.816155,3.816703,3.817251,3.817617,3.817982,3.817251,0.997404
2026-07-26T01:12:59+00:00,bid,H200 NVL,10,14,0.403778,1.088889,1.339703,1.868519,2.522222,1.339703,0.982128
2026-07-26T01:12:59+00:00,bid,L4,10,23,0.134074,0.152289,0.267778,0.308296,0.322222,0.268148,0.997867
2026-07-26T01:12:59+00:00,bid,L40,7,14,0.267407,0.468333,0.468889,0.471111,0.471111,0.468889,0.98466
2026-07-26T01:12:59+00:00,bid,L40S,27,72,0.20037,0.368889,0.534815,0.540741,0.803704,0.537037,0.998553
2026-07-26T01:12:59+00:00,bid,Q RTX 5000,1,2,0.054074,0.054074,0.054074,0.054074,0.054074,,0.938174
2026-07-26T01:12:59+00:00,bid,Q RTX 6000,1,1,0.133704,0.133704,0.133704,0.133704,0.133704,,0.969259
2026-07-26T01:12:59+00:00,bid,Q RTX 8000,3,3,0.015556,0.021667,0.027778,0.063778,0.099778,0.027778,0.998957
2026-07-26T01:12:59+00:00,bid,Quadro GV100,1,1,0.134074,0.134074,0.134074,0.134074,0.134074,,0.967946
2026-07-26T01:12:59+00:00,bid,Quadro P4000,3,4,0.041111,0.041667,0.042222,0.049481,0.056741,0.056741,0.963299
2026-07-26T01:12:59+00:00,bid,RTX 2060,2,2,0.031111,0.107222,0.183333,0.259444,0.335556,0.183333,0.967681
2026-07-26T01:12:59+00:00,bid,RTX 2060S,1,1,0.123704,0.123704,0.123704,0.123704,0.123704,0.123704,0.934295
2026-07-26T01:12:59+00:00,bid,RTX 2070S,2,17,0.066831,0.066836,0.066842,0.066847,0.066852,,0.987348
2026-07-26T01:12:59+00:00,bid,RTX 2080 Ti,8,13,0.037778,0.068228,0.088741,0.10787,0.108889,0.107407,0.997332
2026-07-26T01:12:59+00:00,bid,RTX 2080S,1,1,0.037778,0.037778,0.037778,0.037778,0.037778,0.037778,0.973958
2026-07-26T01:12:59+00:00,bid,RTX 3060,18,59,0.024741,0.042481,0.0475,0.054306,0.121081,0.045778,0.993463
2026-07-26T01:12:59+00:00,bid,RTX 3060 Ti,1,1,0.132889,0.132889,0.132889,0.132889,0.132889,,0.951481
2026-07-26T01:12:59+00:00,bid,RTX 3060 laptop,3,12,0.013481,0.01575,0.018019,0.028231,0.038444,,0.98316
2026-07-26T01:12:59+00:00,bid,RTX 3070,10,23,0.040444,0.047648,0.069444,0.145139,0.495556,0.093889,0.991305
2026-07-26T01:12:59+00:00,bid,RTX 3070 laptop,1,1,0.042222,0.042222,0.042222,0.042222,0.042222,,0.960417
2026-07-26T01:12:59+00:00,bid,RTX 3080,14,31,0.061481,0.067361,0.088519,0.140472,0.495556,0.131419,0.988802
2026-07-26T01:12:59+00:00,bid,RTX 3080 Ti,5,6,0.095556,0.097037,0.135556,0.135556,0.188889,0.135556,0.994922
2026-07-26T01:12:59+00:00,bid,RTX 3090,62,153,0.066981,0.108333,0.134815,0.148889,0.268889,0.134815,0.991358
2026-07-26T01:12:59+00:00,bid,RTX 4000Ada,1,1,0.162222,0.162222,0.162222,0.162222,0.162222,,0.99257
2026-07-26T01:12:59+00:00,bid,RTX 4060,2,3,0.053926,0.054074,0.054222,0.05437,0.054519,,0.964938
2026-07-26T01:12:59+00:00,bid,RTX 4060 Ti,6,15,0.041111,0.041389,0.049,0.070361,0.107111,0.075222,0.997163
2026-07-26T01:12:59+00:00,bid,RTX 4070,5,11,0.055556,0.075222,0.075778,0.075778,0.161111,0.075778,0.997945
2026-07-26T01:12:59+00:00,bid,RTX 4070 Ti,6,7,0.081481,0.108333,0.108889,0.188056,0.215556,0.108889,0.992493
2026-07-26T01:12:59+00:00,bid,RTX 4070S,6,19,0.063572,0.068171,0.070278,0.071481,0.076296,0.070278,0.967935
2026-07-26T01:12:59+00:00,bid,RTX 4070S Ti,18,42,0.056296,0.120722,0.167778,0.183056,0.202222,0.167778,0.999457
2026-07-26T01:12:59+00:00,bid,RTX 4080,7,13,0.081111,0.108074,0.147037,0.255,0.255556,0.255556,0.994602
2026-07-26T01:12:59+00:00,bid,RTX 4080S,17,44,0.06716,0.121481,0.188741,0.200556,0.240741,0.200519,0.997409
2026-07-26T01:12:59+00:00,bid,RTX 4090,97,250,0.122037,0.230123,0.282222,0.387778,1.005037,0.334444,0.994225
2026-07-26T01:12:59+00:00,bid,RTX 4090D,3,7,0.604556,0.604833,0.605111,0.605667,0.606222,,0.967226
2026-07-26T01:12:59+00:00,bid,RTX 5000Ada,6,8,0.267778,0.268889,0.295,0.321944,0.335556,0.295,0.997137
2026-07-26T01:12:59+00:00,bid,RTX 5060,6,7,0.040296,0.056722,0.079556,0.135556,0.148889,0.148889,0.987021
2026-07-26T01:12:59+00:00,bid,RTX 5060 Ti,41,135,0.053519,0.068519,0.107778,0.142444,0.160889,0.134815,0.992346
2026-07-26T01:12:59+00:00,bid,RTX 5070,6,8,0.054074,0.061574,0.082037,0.083333,0.162222,0.083704,0.98815
2026-07-26T01:12:59+00:00,bid,RTX 5070 Ti,15,27,0.005741,0.107593,0.108889,0.128444,0.158963,0.108889,0.992695
2026-07-26T01:12:59+00:00,bid,RTX 5080,19,31,0.02963,0.12737,0.148889,0.200833,0.338519,0.166722,0.991019
2026-07-26T01:12:59+00:00,bid,RTX 5090,88,230,0.102222,0.270741,0.373549,0.438125,0.845926,0.401481,0.994107
2026-07-26T01:12:59+00:00,bid,RTX 5880Ada,5,7,0.295185,0.297037,0.297037,0.297037,0.33437,0.297037,0.992447
2026-07-26T01:12:59+00:00,bid,RTX 6000Ada,23,44,0.137778,0.281389,0.388889,0.468259,0.680889,0.467704,0.996665
2026-07-26T01:12:59+00:00,bid,RTX A2000,2,2,0.202222,0.251704,0.301185,0.350667,0.400148,,0.996256
2026-07-26T01:12:59+00:00,bid,RTX A4000,11,63,0.013519,0.057111,0.093611,0.106944,0.10716,0.093611,0.984526
2026-07-26T01:12:59+00:00,bid,RTX A5000,6,11,0.020556,0.108981,0.222222,0.33463,0.334815,0.108519,0.971748
2026-07-26T01:12:59+00:00,bid,RTX A6000,10,23,0.134815,0.15287,0.302167,0.317778,0.373611,0.373611,0.992358
2026-07-26T01:12:59+00:00,bid,RTX PRO 2000,1,2,0.134074,0.134074,0.134074,0.134074,0.134074,,0.963004
2026-07-26T01:12:59+00:00,bid,RTX PRO 4000,19,41,0.055556,0.068889,0.187407,0.241111,0.277481,0.240741,0.984408
2026-07-26T01:12:59+00:00,bid,RTX PRO 4500,1,1,0.27037,0.27037,0.27037,0.27037,0.27037,0.27037,0.995647
2026-07-26T01:12:59+00:00,bid,RTX PRO 5000,15,21,0.135111,0.217407,0.482222,0.763215,0.803704,0.468889,0.991529
2026-07-26T01:12:59+00:00,bid,RTX PRO 6000 S,21,45,0.334444,0.672593,1.000556,1.201111,1.467222,0.802963,0.996718
2026-07-26T01:12:59+00:00,bid,RTX PRO 6000 WS,37,53,0.334444,0.46963,0.668148,0.868889,1.337037,0.53437,0.988679
2026-07-26T01:12:59+00:00,bid,Tesla P100,4,5,0.041481,0.111204,0.135,0.135556,0.135556,0.135556,0.985444
2026-07-26T01:12:59+00:00,bid,Tesla P4,1,1,0.011926,0.011926,0.011926,0.011926,0.011926,,0.98973
2026-07-26T01:12:59+00:00,bid,Tesla P40,3,8,0.065889,0.066167,0.066444,0.066444,0.066444,0.066444,0.992634
2026-07-26T01:12:59+00:00,bid,Tesla T4,3,4,3.400741,3.401111,3.401481,3.401481,3.401481,,0.972396
2026-07-26T01:12:59+00:00,bid,Tesla V100,14,34,0.08037,0.095407,0.147685,0.162222,0.242222,0.162222,0.994758
2026-07-26T01:12:59+00:00,bid,Titan RTX,2,3,0.108889,0.113796,0.118704,0.123611,0.128519,0.108889,0.994872
2026-07-26T01:12:59+00:00,bid,Titan Xp,3,11,0.04037,0.040463,0.040556,0.041389,0.042222,0.040556,0.99554
2026-07-26T01:17:57+00:00,on-demand,A100 PCIE,10,22,0.333611,0.458704,0.996087,1.001944,1.537739,0.997739,0.99519
2026-07-26T01:17:57+00:00,on-demand,A100 SXM4,24,67,0.40037,0.800972,1.05537,1.17418,1.592,1.054741,0.993443
2026-07-26T01:17:57+00:00,on-demand,A40,2,3,0.601111,0.601389,0.601667,0.601944,0.602222,0.601667,0.994185
2026-07-26T01:17:57+00:00,on-demand,A800 PCIE,3,6,0.468148,0.567685,0.667222,0.668056,0.668889,,0.994204
2026-07-26T01:17:57+00:00,on-demand,B200,7,22,5.880208,5.920139,6.251042,6.563802,8.609722,6.251042,0.996861
2026-07-26T01:17:57+00:00,on-demand,B300,4,15,5.625521,7.266536,7.814062,8.048611,8.750694,8.750694,0.974152
2026-07-26T01:17:57+00:00,on-demand,GTX 1050 Ti,2,2,0.611111,1.458704,2.306296,3.153889,4.001481,,0.942805
2026-07-26T01:17:57+00:00,on-demand,GTX 1060,3,4,0.087778,0.088333,0.088889,0.216667,0.344444,0.088333,0.999298
2026-07-26T01:17:57+00:00,on-demand,GTX 1070,1,1,0.531111,0.531111,0.531111,0.531111,0.531111,0.531111,0.935063
2026-07-26T01:17:57+00:00,on-demand,GTX 1070 Ti,2,5,0.051222,0.051639,0.052056,0.052472,0.052889,0.052056,0.991013
2026-07-26T01:17:57+00:00,on-demand,GTX 1080,4,11,0.027778,0.033056,0.042926,0.051222,0.051778,0.051407,0.994004
2026-07-26T01:17:57+00:00,on-demand,GTX 1080 Ti,6,17,0.042667,0.061361,0.068714,0.074246,0.082222,0.073651,0.996005
2026-07-26T01:17:57+00:00,on-demand,GTX 1650 S,1,1,0.677778,0.677778,0.677778,0.677778,0.677778,,0.934025
2026-07-26T01:17:57+00:00,on-demand,GTX 1660 S,1,1,0.451111,0.451111,0.451111,0.451111,0.451111,,0.941915
2026-07-26T01:17:57+00:00,on-demand,GTX 1660 Ti,1,1,0.611111,0.611111,0.611111,0.611111,0.611111,0.611111,0.93599
2026-07-26T01:17:57+00:00,on-demand,GTX TITAN X,1,1,0.048889,0.048889,0.048889,0.048889,0.048889,0.048889,0.987518
2026-07-26T01:17:57+00:00,on-demand,H100 NVL,4,6,2.121481,2.13137,2.201778,2.335556,2.535556,2.328519,0.965975
2026-07-26T01:17:57+00:00,on-demand,H100 PCIE,2,9,1.362222,1.455037,1.547852,1.640667,1.733481,1.733481,0.969396
2026-07-26T01:17:57+00:00,on-demand,H100 SXM,12,36,1.733889,2.201296,2.801667,3.218471,4.218889,2.470519,0.997662
2026-07-26T01:17:57+00:00,on-demand,H200,5,10,3.934576,3.934942,3.935673,4.080044,4.08114,3.935673,0.997394
2026-07-26T01:17:57+00:00,on-demand,H200 NVL,6,16,2.800741,3.135069,3.398657,3.756759,3.855556,3.854444,0.979291
2026-07-26T01:17:57+00:00,on-demand,L4,6,17,0.202222,0.333806,0.334167,0.335278,3.333889,0.334167,0.997484
2026-07-26T01:17:57+00:00,on-demand,L40,5,11,0.297037,0.454074,0.574444,0.575556,0.577778,0.575,0.98466
2026-07-26T01:17:57+00:00,on-demand,L40S,16,50,0.400185,0.513935,0.667222,1.067824,2.442222,0.801111,0.996088
2026-07-26T01:17:57+00:00,on-demand,Q RTX 5000,2,3,0.080741,0.080926,0.081111,0.081296,0.081481,,0.938174
2026-07-26T01:17:57+00:00,on-demand,Q RTX 6000,1,1,0.134815,0.134815,0.134815,0.134815,0.134815,0.134815,0.999561
2026-07-26T01:17:57+00:00,on-demand,Q RTX 8000,4,8,0.253704,0.253981,0.254444,0.261333,0.280889,0.254444,0.998639
2026-07-26T01:17:57+00:00,on-demand,Quadro GV100,1,1,0.467407,0.467407,0.467407,0.467407,0.467407,,0.967946
2026-07-26T01:17:57+00:00,on-demand,Quadro P4000,4,6,0.054444,0.054444,0.055,0.055926,0.057037,0.055741,0.975362
2026-07-26T01:17:57+00:00,on-demand,RTX 2060,1,1,0.415556,0.415556,0.415556,0.415556,0.415556,0.415556,0.994952
2026-07-26T01:17:57+00:00,on-demand,RTX 2070,1,2,0.081111,0.081111,0.081111,0.081111,0.081111,0.081111,0.981302
2026-07-26T01:17:57+00:00,on-demand,RTX 2070S,1,9,0.073498,0.073498,0.073498,0.073498,0.073498,,0.987348
2026-07-26T01:17:57+00:00,on-demand,RTX 2080 Ti,9,24,0.068889,0.080056,0.087802,0.122222,0.811111,0.087802,0.994707
2026-07-26T01:17:57+00:00,on-demand,RTX 2080S,1,1,0.744444,0.744444,0.744444,0.744444,0.744444,0.744444,0.973958
2026-07-26T01:17:57+00:00,on-demand,RTX 3060,9,34,0.038074,0.073498,0.080463,0.178074,1.334815,0.129269,0.994625
2026-07-26T01:17:57+00:00,on-demand,RTX 3060 laptop,4,13,0.026685,0.037505,0.041667,0.050037,0.073481,0.073481,0.996538
2026-07-26T01:17:57+00:00,on-demand,RTX 3070,6,16,0.047778,0.05913,0.094444,0.107176,0.562222,0.334722,0.993129
2026-07-26T01:17:57+00:00,on-demand,RTX 3080,15,40,0.060278,0.085185,0.113444,0.199319,0.562222,0.130556,0.993493
2026-07-26T01:17:57+00:00,on-demand,RTX 3080 Ti,4,4,0.095556,0.110556,0.128889,0.180556,0.295556,0.142222,0.994186
2026-07-26T01:17:57+00:00,on-demand,RTX 3090,43,140,0.108,0.144778,0.240556,0.302778,1.187407,0.241296,0.993264
2026-07-26T01:17:57+00:00,on-demand,RTX 3090 Ti,1,1,0.175556,0.175556,0.175556,0.175556,0.175556,,0.993079
2026-07-26T01:17:57+00:00,on-demand,RTX 4060,6,8,0.060593,0.061444,0.065926,0.079074,2.677778,0.065926,0.989768
2026-07-26T01:17:57+00:00,on-demand,RTX 4060 Ti,2,4,0.058148,0.064074,0.07,0.075926,0.081852,0.07,0.986281
2026-07-26T01:17:57+00:00,on-demand,RTX 4070,4,14,0.082222,0.090972,0.094722,0.098472,0.107222,0.094722,0.996923
2026-07-26T01:17:57+00:00,on-demand,RTX 4070 Ti,5,8,0.088889,0.09037,0.102222,0.162222,0.241111,0.126296,0.987405
2026-07-26T01:17:57+00:00,on-demand,RTX 4070S,7,21,0.081204,0.083519,0.091111,0.381296,0.667778,0.087963,0.971019
2026-07-26T01:17:57+00:00,on-demand,RTX 4070S Ti,6,20,0.094444,0.136944,0.234028,0.267153,0.267778,0.267083,0.998807
2026-07-26T01:17:57+00:00,on-demand,RTX 4080,6,11,0.122963,0.166093,0.222741,0.268611,0.293926,0.268333,0.987451
2026-07-26T01:17:57+00:00,on-demand,RTX 4080S,13,32,0.124444,0.151111,0.202074,0.213889,0.401111,0.214963,0.995317
2026-07-26T01:17:57+00:00,on-demand,RTX 4090,54,174,0.133611,0.306852,0.353915,0.495278,1.335185,0.568654,0.994565
2026-07-26T01:17:57+00:00,on-demand,RTX 4090D,3,7,0.667222,0.6675,0.667778,0.668333,0.668889,,0.967226
2026-07-26T01:17:57+00:00,on-demand,RTX 5000Ada,2,3,0.441111,0.444722,0.448333,0.451944,0.455556,0.448333,0.993244
2026-07-26T01:17:57+00:00,on-demand,RTX 5060,4,4,0.075556,0.076667,0.112963,0.157222,0.182222,0.12963,0.985057
2026-07-26T01:17:57+00:00,on-demand,RTX 5060 Ti,22,75,0.053778,0.094722,0.127086,0.175097,0.933348,0.16975,0.991588
2026-07-26T01:17:57+00:00,on-demand,RTX 5060 laptop,1,1,0.135556,0.135556,0.135556,0.135556,0.135556,,0.97048
2026-07-26T01:17:57+00:00,on-demand,RTX 5070,7,13,0.081481,0.088148,0.102222,0.142593,0.175556,0.142593,0.992219
2026-07-26T01:17:57+00:00,on-demand,RTX 5070 Ti,5,9,0.135556,0.160556,0.161111,0.162222,0.188889,0.161111,0.99564
2026-07-26T01:17:57+00:00,on-demand,RTX 5080,17,54,0.133611,0.172889,0.187185,0.213704,0.802963,0.213704,0.992478
2026-07-26T01:17:57+00:00,on-demand,RTX 5090,46,139,0.212889,0.450476,0.522361,0.668611,33.333889,0.667083,0.990542
2026-07-26T01:17:57+00:00,on-demand,RTX 5880Ada,3,7,0.453852,0.511185,0.568519,0.569444,0.57037,0.568519,0.995788
2026-07-26T01:17:57+00:00,on-demand,RTX 6000Ada,10,25,0.203556,0.464722,0.645926,0.680963,0.735556,0.680519,0.996298
2026-07-26T01:17:57+00:00,on-demand,RTX A2000,4,5,0.034074,0.03563,0.036148,0.150481,0.493481,,0.995152
2026-07-26T01:17:57+00:00,on-demand,RTX A4000,7,51,0.080185,0.08088,0.133468,0.133565,0.133827,0.133611,0.984526
2026-07-26T01:17:57+00:00,on-demand,RTX A5000,2,3,40.000741,40.000926,40.001111,40.001296,40.001481,,0.971748
2026-07-26T01:17:57+00:00,on-demand,RTX A6000,5,18,0.373889,0.374444,0.400278,0.402222,0.454444,0.40125,0.988927
2026-07-26T01:17:57+00:00,on-demand,RTX PRO 4000,13,29,0.200556,0.241111,0.259662,0.321481,0.535556,0.290572,0.984408
2026-07-26T01:17:57+00:00,on-demand,RTX PRO 4500,2,2,0.255556,0.262222,0.268889,0.275556,0.282222,0.255556,0.992316
2026-07-26T01:17:57+00:00,on-demand,RTX PRO 5000,8,17,0.640556,0.652222,0.66287,0.668,0.895185,0.657222,0.994956
2026-07-26T01:17:57+00:00,on-demand,RTX PRO 6000 S,9,22,1.200556,1.268889,1.348889,1.602222,1.736296,1.600278,0.996286
2026-07-26T01:17:57+00:00,on-demand,RTX PRO 6000 WS,17,31,0.893889,1.002963,1.070222,1.403704,13.335556,1.294296,0.993553
2026-07-26T01:17:57+00:00,on-demand,Tesla P100,5,10,0.044296,0.081111,0.081481,0.201111,0.202222,0.141296,0.985444
2026-07-26T01:17:57+00:00,on-demand,Tesla P4,1,1,0.023259,0.023259,0.023259,0.023259,0.023259,,0.989737
2026-07-26T01:17:57+00:00,on-demand,Tesla P40,2,6,0.132556,0.132694,0.132833,0.132972,0.133111,0.132833,0.992634
2026-07-26T01:17:57+00:00,on-demand,Tesla T4,2,3,12.000741,12.000926,12.001111,12.001296,12.001481,,0.972396
2026-07-26T01:17:57+00:00,on-demand,Tesla V100,10,30,0.106944,0.108056,0.133889,0.147963,0.268889,0.157546,0.962735
2026-07-26T01:17:57+00:00,on-demand,Titan RTX,3,4,0.135185,0.13537,0.135556,0.149259,0.162963,0.149259,0.99143
2026-07-26T01:17:57+00:00,on-demand,Titan Xp,3,11,0.053704,0.053796,0.053889,0.054722,0.055556,0.053889,0.996062
2026-07-26T01:17:57+00:00,bid,A100 PCIE,18,25,0.133889,0.135556,0.168148,0.202222,0.437739,0.202222,0.991475
2026-07-26T01:17:57+00:00,bid,A100 SXM4,25,54,0.135556,0.401481,0.605185,0.723073,1.042156,0.605185,0.99148
2026-07-26T01:17:57+00:00,bid,A40,1,2,0.234074,0.234074,0.234074,0.234074,0.234074,0.234074,0.984357
2026-07-26T01:17:57+00:00,bid,A800 PCIE,7,12,0.129889,0.130444,0.131556,0.131556,0.131556,,0.994204
2026-07-26T01:17:57+00:00,bid,B200,10,46,5.625174,5.62526,5.625781,5.814974,6.859722,5.625781,0.981073
2026-07-26T01:17:57+00:00,bid,B300,4,12,5.000694,5.000955,5.001563,5.002083,5.002083,5.000694,0.959834
2026-07-26T01:17:57+00:00,bid,GTX 1050 Ti,2,2,0.021562,0.022283,0.023003,0.023724,0.024444,,0.942805
2026-07-26T01:17:57+00:00,bid,GTX 1060,1,1,0.031111,0.031111,0.031111,0.031111,0.031111,,0.938642
2026-07-26T01:17:57+00:00,bid,GTX 1070,1,1,0.024444,0.024444,0.024444,0.024444,0.024444,0.024444,0.935063
2026-07-26T01:17:57+00:00,bid,GTX 1070 Ti,1,2,0.041111,0.041111,0.041111,0.041111,0.041111,0.041111,0.994326
2026-07-26T01:17:57+00:00,bid,GTX 1080,3,8,0.014815,0.027593,0.04037,0.041296,0.042222,0.041296,0.996237
2026-07-26T01:17:57+00:00,bid,GTX 1080 Ti,9,31,0.029333,0.040556,0.053651,0.054074,0.054444,0.053651,0.9956
2026-07-26T01:17:57+00:00,bid,GTX 1650 S,1,1,0.04,0.04,0.04,0.04,0.04,,0.934025
2026-07-26T01:17:57+00:00,bid,GTX 1660 S,1,1,0.031111,0.031111,0.031111,0.031111,0.031111,,0.941915
2026-07-26T01:17:57+00:00,bid,GTX 1660 Ti,1,1,0.037778,0.037778,0.037778,0.037778,0.037778,0.037778,0.93599
2026-07-26T01:17:57+00:00,bid,GTX TITAN X,1,1,0.042222,0.042222,0.042222,0.042222,0.042222,0.042222,0.987518
2026-07-26T01:17:57+00:00,bid,H100 NVL,7,10,0.934667,0.935333,0.936,1.901852,1.936296,1.935556,0.963196
2026-07-26T01:17:57+00:00,bid,H100 PCIE,2,9,0.733481,0.817333,0.901185,0.985037,1.068889,0.733481,0.969396
2026-07-26T01:17:57+00:00,bid,H100 SXM,10,29,0.602222,1.067592,1.667889,2.001167,2.534444,1.335556,0.993275
2026-07-26T01:17:57+00:00,bid,H200,5,10,3.816155,3.81652,3.816886,3.817251,3.817982,3.816886,0.997439
2026-07-26T01:17:57+00:00,bid,H200 NVL,10,13,0.403778,0.637556,1.339703,1.868611,2.522222,1.930407,0.980311
2026-07-26T01:17:57+00:00,bid,L4,8,20,0.134074,0.135278,0.169022,0.281222,0.320556,0.135556,0.997555
2026-07-26T01:17:57+00:00,bid,L40,6,12,0.267407,0.468056,0.47,0.471111,0.471111,0.47,0.98466
2026-07-26T01:17:57+00:00,bid,L40S,26,81,0.200185,0.335556,0.535926,0.596852,0.801852,0.540741,0.998553
2026-07-26T01:17:57+00:00,bid,Q RTX 5000,2,3,0.054074,0.054259,0.054444,0.05463,0.054815,,0.938174
2026-07-26T01:17:57+00:00,bid,Q RTX 6000,1,1,0.133704,0.133704,0.133704,0.133704,0.133704,,0.969403
2026-07-26T01:17:57+00:00,bid,Q RTX 8000,3,3,0.025222,0.0265,0.027778,0.063778,0.099778,0.027778,0.998957
2026-07-26T01:17:57+00:00,bid,Quadro GV100,1,1,0.134074,0.134074,0.134074,0.134074,0.134074,,0.967946
2026-07-26T01:17:57+00:00,bid,Quadro P4000,3,4,0.041111,0.041667,0.042222,0.044667,0.047111,0.047111,0.963337
2026-07-26T01:17:57+00:00,bid,RTX 2060,1,1,0.335556,0.335556,0.335556,0.335556,0.335556,0.335556,0.994952
2026-07-26T01:17:57+00:00,bid,RTX 2060S,1,1,0.123704,0.123704,0.123704,0.123704,0.123704,0.123704,0.934673
2026-07-26T01:17:57+00:00,bid,RTX 2070S,1,9,0.066831,0.066831,0.066831,0.066831,0.066831,,0.987348
2026-07-26T01:17:57+00:00,bid,RTX 2080 Ti,7,12,0.037778,0.061679,0.06837,0.107593,0.108889,0.087889,0.99586
2026-07-26T01:17:57+00:00,bid,RTX 2080S,1,1,0.037778,0.037778,0.037778,0.037778,0.037778,0.037778,0.973958
2026-07-26T01:17:57+00:00,bid,RTX 3060,12,46,0.037778,0.044296,0.0465,0.048361,0.102815,0.043259,0.991331
2026-07-26T01:17:57+00:00,bid,RTX 3060 Ti,1,1,0.132889,0.132889,0.132889,0.132889,0.132889,,0.951669
2026-07-26T01:17:57+00:00,bid,RTX 3060 laptop,3,12,0.013352,0.025898,0.038444,0.055963,0.073481,0.073481,0.996191
2026-07-26T01:17:57+00:00,bid,RTX 3070,9,19,0.040444,0.068519,0.084889,0.162222,0.495556,0.089389,0.99134
2026-07-26T01:17:57+00:00,bid,RTX 3070 Ti,1,2,0.067778,0.067778,0.067778,0.067778,0.067778,,0.996609
2026-07-26T01:17:57+00:00,bid,RTX 3070 laptop,1,1,0.042222,0.042222,0.042222,0.042222,0.042222,,0.960483
2026-07-26T01:17:57+00:00,bid,RTX 3080,13,36,0.061481,0.067222,0.139778,0.240415,0.495556,0.19061,0.988049
2026-07-26T01:17:57+00:00,bid,RTX 3080 Ti,3,3,0.067704,0.10163,0.135556,0.162222,0.188889,0.135556,0.994923
2026-07-26T01:17:57+00:00,bid,RTX 3090,63,159,0.066981,0.107926,0.133889,0.148333,0.268889,0.134815,0.991287
2026-07-26T01:17:57+00:00,bid,RTX 4060,2,3,0.053926,0.054074,0.054222,0.05437,0.054519,,0.964967
2026-07-26T01:17:57+00:00,bid,RTX 4060 Ti,7,17,0.035556,0.046296,0.075222,0.091444,0.107778,0.075778,0.993346
2026-07-26T01:17:57+00:00,bid,RTX 4070,4,7,0.054444,0.054444,0.065667,0.097944,0.161111,0.065667,0.999201
2026-07-26T01:17:57+00:00,bid,RTX 4070 Ti,5,6,0.081481,0.108148,0.108889,0.214444,0.215556,0.161667,0.992679
2026-07-26T01:17:57+00:00,bid,RTX 4070S,3,13,0.06787,0.068472,0.069074,0.072685,0.076296,0.069074,0.968332
2026-07-26T01:17:57+00:00,bid,RTX 4070S Ti,10,24,0.135556,0.167361,0.185,0.201111,0.202222,0.185,0.999457
2026-07-26T01:17:57+00:00,bid,RTX 4080,7,13,0.081111,0.108074,0.147037,0.255,0.255556,0.255556,0.994604
2026-07-26T01:17:57+00:00,bid,RTX 4080S,17,38,0.06716,0.121111,0.188741,0.201037,0.240741,0.201037,0.996866
2026-07-26T01:17:57+00:00,bid,RTX 4090,82,213,0.134074,0.228642,0.294222,0.402037,1.005037,0.401296,0.994485
2026-07-26T01:17:57+00:00,bid,RTX 4090D,3,7,0.604556,0.604833,0.605111,0.605667,0.606222,,0.967226
2026-07-26T01:17:57+00:00,bid,RTX 5000Ada,4,6,0.267778,0.268611,0.268889,0.281944,0.321111,0.268889,0.997889
2026-07-26T01:17:57+00:00,bid,RTX 5060,5,6,0.040296,0.054444,0.063556,0.095556,0.148889,0.106222,0.981915
2026-07-26T01:17:57+00:00,bid,RTX 5060 Ti,37,130,0.053519,0.069926,0.107778,0.142444,0.160222,0.141889,0.992359
2026-07-26T01:17:57+00:00,bid,RTX 5070,7,11,0.054074,0.067963,0.081852,0.122407,0.162222,0.122407,0.995978
2026-07-26T01:17:57+00:00,bid,RTX 5070 Ti,8,15,0.107222,0.107778,0.108333,0.115148,0.134519,0.107778,0.99125
2026-07-26T01:17:57+00:00,bid,RTX 5080,18,29,0.02963,0.114722,0.161111,0.20042,0.338519,0.200285,0.989903
2026-07-26T01:17:57+00:00,bid,RTX 5090,74,175,0.102222,0.268889,0.334444,0.402963,0.868889,0.400278,0.993965
2026-07-26T01:17:57+00:00,bid,RTX 5880Ada,5,6,0.295185,0.297037,0.297037,0.297037,0.297037,0.297037,0.992447
2026-07-26T01:17:57+00:00,bid,RTX 6000Ada,15,35,0.137778,0.341389,0.388889,0.467741,0.680889,0.467185,0.996687
2026-07-26T01:17:57+00:00,bid,RTX A2000,2,2,0.202222,0.251704,0.301185,0.350667,0.400148,,0.996256
2026-07-26T01:17:57+00:00,bid,RTX A4000,10,61,0.013519,0.057389,0.100206,0.106991,0.10716,0.093611,0.977918
2026-07-26T01:17:57+00:00,bid,RTX A5000,4,6,0.108519,0.109907,0.222222,0.334259,0.334815,0.109444,0.985584
2026-07-26T01:17:57+00:00,bid,RTX A6000,6,15,0.134815,0.16963,0.29537,0.360486,0.375556,0.373611,0.991273
2026-07-26T01:17:57+00:00,bid,RTX PRO 2000,1,2,0.134074,0.134074,0.134074,0.134074,0.134074,,0.963045
2026-07-26T01:17:57+00:00,bid,RTX PRO 4000,15,35,0.067222,0.068667,0.187407,0.238025,0.244741,0.238025,0.984408
2026-07-26T01:17:57+00:00,bid,RTX PRO 5000,15,24,0.135111,0.378111,0.468889,0.533796,0.803704,0.468889,0.992189
2026-07-26T01:17:57+00:00,bid,RTX PRO 6000 S,21,50,0.335556,0.782222,1.068148,1.200556,1.332089,1.067778,0.99695
2026-07-26T01:17:57+00:00,bid,RTX PRO 6000 WS,27,40,0.268889,0.536185,0.668889,0.936667,1.337037,0.936,0.99322
2026-07-26T01:17:57+00:00,bid,Tesla P100,4,5,0.041481,0.111204,0.135,0.135556,0.135556,0.135556,0.985444
2026-07-26T01:17:57+00:00,bid,Tesla P4,1,1,0.011926,0.011926,0.011926,0.011926,0.011926,,0.989737
2026-07-26T01:17:57+00:00,bid,Tesla P40,2,6,0.065889,0.066028,0.066167,0.066306,0.066444,0.066167,0.992634
2026-07-26T01:17:57+00:00,bid,Tesla T4,2,3,3.400741,3.400926,3.401111,3.401296,3.401481,,0.972396
2026-07-26T01:17:57+00:00,bid,Tesla V100,10,24,0.08037,0.09513,0.134213,0.162222,0.242222,0.162222,0.984453
2026-07-26T01:17:57+00:00,bid,Titan RTX,3,4,0.095556,0.102222,0.108889,0.118704,0.128519,0.102222,0.99143
2026-07-26T01:17:57+00:00,bid,Titan Xp,3,11,0.04037,0.040463,0.040556,0.041389,0.042222,0.040556,0.996062
2026-07-26T01:22:59+00:00,on-demand,A100 PCIE,10,23,0.268148,0.499442,0.996638,1.001944,1.537739,0.997739,0.99519
2026-07-26T01:22:59+00:00,on-demand,A100 SXM4,25,70,0.401481,0.802222,1.056148,1.226852,1.734259,1.056,0.993543
2026-07-26T01:22:59+00:00,on-demand,A40,2,3,0.601111,0.601389,0.601667,0.601944,0.602222,0.601667,0.994185
2026-07-26T01:22:59+00:00,on-demand,A800 PCIE,2,5,0.667222,0.667639,0.668056,0.668472,0.668889,,0.994204
2026-07-26T01:22:59+00:00,on-demand,B200,8,24,5.902604,6.172157,6.372396,7.308247,8.609722,6.372396,0.99705
2026-07-26T01:22:59+00:00,on-demand,B300,4,15,5.625521,7.266536,7.814062,8.048611,8.750694,8.750694,0.974152
2026-07-26T01:22:59+00:00,on-demand,GTX 1050 Ti,1,1,4.001481,4.001481,4.001481,4.001481,4.001481,,0.959235
2026-07-26T01:22:59+00:00,on-demand,GTX 1060,3,4,0.087778,0.088333,0.088889,0.216667,0.344444,0.088333,0.999298
2026-07-26T01:22:59+00:00,on-demand,GTX 1070,1,1,0.531111,0.531111,0.531111,0.531111,0.531111,0.531111,0.935063
2026-07-26T01:22:59+00:00,on-demand,GTX 1070 Ti,1,4,0.051222,0.051222,0.051222,0.051222,0.051222,0.051222,0.9877
2026-07-26T01:22:59+00:00,on-demand,GTX 1080,5,12,0.027778,0.05037,0.051037,0.051778,0.052889,0.051778,0.989232
2026-07-26T01:22:59+00:00,on-demand,GTX 1080 Ti,7,21,0.042667,0.060833,0.062222,0.077103,0.081111,0.068056,0.99449
2026-07-26T01:22:59+00:00,on-demand,GTX 1650 S,1,1,0.677778,0.677778,0.677778,0.677778,0.677778,,0.934025
2026-07-26T01:22:59+00:00,on-demand,GTX 1660 S,1,1,0.451111,0.451111,0.451111,0.451111,0.451111,,0.941915
2026-07-26T01:22:59+00:00,on-demand,GTX TITAN X,1,1,0.048889,0.048889,0.048889,0.048889,0.048889,0.048889,0.987518
2026-07-26T01:22:59+00:00,on-demand,H100 NVL,6,8,2.121481,2.125889,2.201778,2.369222,2.642222,2.122963,0.96333
2026-07-26T01:22:59+00:00,on-demand,H100 PCIE,2,9,1.362222,1.455037,1.547852,1.640667,1.733481,1.733481,0.969396
2026-07-26T01:22:59+00:00,on-demand,H100 SXM,12,36,1.733889,2.201296,2.801667,3.487802,4.218889,2.429185,0.996687
2026-07-26T01:22:59+00:00,on-demand,H200,5,10,3.934576,3.934942,3.935673,4.080044,4.08114,3.935673,0.997439
2026-07-26T01:22:59+00:00,on-demand,H200 NVL,7,18,2.800741,3.073333,3.333611,3.345741,3.854444,3.357037,0.978495
2026-07-26T01:22:59+00:00,on-demand,L4,5,13,0.202222,0.333778,0.334444,0.334815,3.333889,0.334444,0.997242
2026-07-26T01:22:59+00:00,on-demand,L40,4,9,0.297037,0.414815,0.514259,0.575278,0.577778,0.574444,0.990687
2026-07-26T01:22:59+00:00,on-demand,L40S,17,54,0.400185,0.467037,0.667407,1.067593,2.442222,0.800926,0.99737
2026-07-26T01:22:59+00:00,on-demand,Q RTX 5000,2,3,0.080741,0.080926,0.081111,0.081296,0.081481,,0.938174
2026-07-26T01:22:59+00:00,on-demand,Q RTX 8000,4,8,0.253704,0.254537,0.261852,0.271889,0.280889,0.261852,0.998639
2026-07-26T01:22:59+00:00,on-demand,Quadro GV100,1,1,0.467407,0.467407,0.467407,0.467407,0.467407,,0.967946
2026-07-26T01:22:59+00:00,on-demand,Quadro P4000,4,6,0.054444,0.054444,0.055,0.058519,0.067407,0.060926,0.97872
2026-07-26T01:22:59+00:00,on-demand,RTX 2060,1,1,0.415556,0.415556,0.415556,0.415556,0.415556,0.415556,0.994952
2026-07-26T01:22:59+00:00,on-demand,RTX 2070,1,2,0.081111,0.081111,0.081111,0.081111,0.081111,0.081111,0.981302
2026-07-26T01:22:59+00:00,on-demand,RTX 2070S,1,9,0.073498,0.073498,0.073498,0.073498,0.073498,,0.987348
2026-07-26T01:22:59+00:00,on-demand,RTX 2080 Ti,9,26,0.053889,0.080028,0.087802,0.135407,0.811111,0.104457,0.994707
2026-07-26T01:22:59+00:00,on-demand,RTX 2080S,1,1,0.744444,0.744444,0.744444,0.744444,0.744444,0.744444,0.973958
2026-07-26T01:22:59+00:00,on-demand,RTX 3060,11,38,0.050852,0.0675,0.079778,0.120919,1.334815,0.080463,0.995281
2026-07-26T01:22:59+00:00,on-demand,RTX 3060 laptop,3,11,0.026685,0.033898,0.041111,0.041667,0.042222,,0.998768
2026-07-26T01:22:59+00:00,on-demand,RTX 3070,7,18,0.050444,0.071407,0.09337,0.10713,0.562222,0.107222,0.978123
2026-07-26T01:22:59+00:00,on-demand,RTX 3080,15,41,0.048889,0.091296,0.113556,0.207319,0.562222,0.155,0.993493
2026-07-26T01:22:59+00:00,on-demand,RTX 3080 Ti,5,7,0.095556,0.114444,0.137037,0.175556,0.295556,0.137037,0.994553
2026-07-26T01:22:59+00:00,on-demand,RTX 3090,45,139,0.111481,0.147222,0.241111,0.335556,1.187407,0.247778,0.988889
2026-07-26T01:22:59+00:00,on-demand,RTX 3090 Ti,1,1,0.175556,0.175556,0.175556,0.175556,0.175556,,0.993079
2026-07-26T01:22:59+00:00,on-demand,RTX 4060,5,7,0.060593,0.062222,0.064444,0.082222,2.677778,0.063333,0.99451
2026-07-26T01:22:59+00:00,on-demand,RTX 4060 Ti,5,13,0.083222,0.083778,0.09037,0.133778,0.134222,0.09037,0.993346
2026-07-26T01:22:59+00:00,on-demand,RTX 4070,3,4,0.082222,0.085556,0.088889,0.130889,0.172889,0.130889,0.9959
2026-07-26T01:22:59+00:00,on-demand,RTX 4070 Ti,5,8,0.088889,0.102222,0.108148,0.241111,0.242222,0.17463,0.992679
2026-07-26T01:22:59+00:00,on-demand,RTX 4070S,8,25,0.081204,0.084213,0.092407,0.23963,0.667778,0.083611,0.979419
2026-07-26T01:22:59+00:00,on-demand,RTX 4070S Ti,7,23,0.094444,0.115,0.266944,0.2675,0.268889,0.267083,0.999557
2026-07-26T01:22:59+00:00,on-demand,RTX 4080,6,12,0.161111,0.166093,0.222741,0.268611,0.293926,0.268333,0.987451
2026-07-26T01:22:59+00:00,on-demand,RTX 4080S,10,28,0.147593,0.163296,0.202222,0.213819,0.28037,0.227704,0.991453
2026-07-26T01:22:59+00:00,on-demand,RTX 4090,57,176,0.133611,0.307963,0.401111,0.535185,1.335185,0.535185,0.994563
2026-07-26T01:22:59+00:00,on-demand,RTX 4090D,2,5,0.667222,0.667639,0.668056,0.668472,0.668889,,0.967226
2026-07-26T01:22:59+00:00,on-demand,RTX 5000Ada,3,5,0.427778,0.434444,0.441111,0.441667,0.442222,0.441111,0.997889
2026-07-26T01:22:59+00:00,on-demand,RTX 5060,2,2,0.05363,0.085778,0.117926,0.150074,0.182222,0.182222,0.994693
2026-07-26T01:22:59+00:00,on-demand,RTX 5060 Ti,23,75,0.075556,0.090741,0.134815,0.176417,0.933348,0.171556,0.99294
2026-07-26T01:22:59+00:00,on-demand,RTX 5060 laptop,1,1,0.135556,0.135556,0.135556,0.135556,0.135556,,0.97048
2026-07-26T01:22:59+00:00,on-demand,RTX 5070,8,15,0.081852,0.088704,0.098148,0.118352,0.191111,0.125185,0.988318
2026-07-26T01:22:59+00:00,on-demand,RTX 5070 Ti,6,11,0.123407,0.134722,0.148056,0.181806,0.202222,0.160556,0.99543
2026-07-26T01:22:59+00:00,on-demand,RTX 5080,18,56,0.133611,0.171111,0.189074,0.260694,0.802963,0.267222,0.985918
2026-07-26T01:22:59+00:00,on-demand,RTX 5090,47,138,0.212889,0.412833,0.533611,0.701991,33.333889,0.654315,0.993635
2026-07-26T01:22:59+00:00,on-demand,RTX 5880Ada,4,15,0.453593,0.453787,0.454111,0.48337,0.57037,0.454111,0.997826
2026-07-26T01:22:59+00:00,on-demand,RTX 6000Ada,9,17,0.203556,0.441111,0.564444,0.682074,0.735556,0.681556,0.995973
2026-07-26T01:22:59+00:00,on-demand,RTX A2000,4,5,0.034074,0.03563,0.036148,0.150481,0.493481,,0.995152
2026-07-26T01:22:59+00:00,on-demand,RTX A4000,5,31,0.080185,0.080556,0.081481,0.133468,0.133827,,0.97131
2026-07-26T01:22:59+00:00,on-demand,RTX A5000,3,4,0.285037,20.142889,40.000741,40.001111,40.001481,0.285037,0.971748
2026-07-26T01:22:59+00:00,on-demand,RTX A6000,5,18,0.307778,0.373889,0.400278,0.402222,0.454444,0.40125,0.993412
2026-07-26T01:22:59+00:00,on-demand,RTX PRO 4000,13,32,0.200556,0.242985,0.295556,0.335185,0.535556,0.308148,0.984793
2026-07-26T01:22:59+00:00,on-demand,RTX PRO 4500,2,2,0.255556,0.262222,0.268889,0.275556,0.282222,0.255556,0.992316
2026-07-26T01:22:59+00:00,on-demand,RTX PRO 5000,10,16,0.37,0.640694,0.668296,0.838611,1.031852,0.655,0.991859
2026-07-26T01:22:59+00:00,on-demand,RTX PRO 6000 S,10,29,1.267778,1.390956,1.600417,1.700694,1.736296,1.600556,0.996305
2026-07-26T01:22:59+00:00,on-demand,RTX PRO 6000 WS,16,29,0.868889,1.002315,1.134593,1.42037,13.335556,1.202963,0.99373
2026-07-26T01:22:59+00:00,on-demand,Tesla P100,5,10,0.044296,0.081111,0.082222,0.201111,0.202222,0.141667,0.964165
2026-07-26T01:22:59+00:00,on-demand,Tesla P4,1,1,0.023259,0.023259,0.023259,0.023259,0.023259,,0.989737
2026-07-26T01:22:59+00:00,on-demand,Tesla P40,2,6,0.132556,0.132694,0.132833,0.132972,0.133111,0.132833,0.992634
2026-07-26T01:22:59+00:00,on-demand,Tesla T4,2,3,12.000741,12.000926,12.001111,12.001296,12.001481,,0.972396
2026-07-26T01:22:59+00:00,on-demand,Tesla V100,7,19,0.106944,0.1075,0.108889,0.133889,0.268889,0.268889,0.962735
2026-07-26T01:22:59+00:00,on-demand,Titan RTX,4,5,0.135185,0.135463,0.136296,0.143519,0.162963,0.149259,0.99143
2026-07-26T01:22:59+00:00,on-demand,Titan Xp,2,7,0.053704,0.054167,0.05463,0.055093,0.055556,0.05463,0.995547
2026-07-26T01:22:59+00:00,bid,A100 PCIE,19,27,0.133889,0.135556,0.201111,0.202222,0.46963,0.202222,0.988709
2026-07-26T01:22:59+00:00,bid,A100 SXM4,24,52,0.135556,0.401481,0.636389,0.800833,1.042156,0.602593,0.990742
2026-07-26T01:22:59+00:00,bid,A40,1,2,0.234074,0.234074,0.234074,0.234074,0.234074,0.234074,0.984357
2026-07-26T01:22:59+00:00,bid,A800 PCIE,7,12,0.129889,0.130444,0.131556,0.131556,0.131556,,0.994204
2026-07-26T01:22:59+00:00,bid,B200,10,33,5.625174,5.625521,5.627083,6.160807,6.859722,5.627083,0.996725
2026-07-26T01:22:59+00:00,bid,B300,3,11,5.000694,5.000868,5.001042,5.001563,5.002083,5.000694,0.959834
2026-07-26T01:22:59+00:00,bid,GTX 1050 Ti,2,2,0.021562,0.022283,0.023003,0.023724,0.024444,,0.942805
2026-07-26T01:22:59+00:00,bid,GTX 1060,1,1,0.031111,0.031111,0.031111,0.031111,0.031111,,0.938642
2026-07-26T01:22:59+00:00,bid,GTX 1070,1,1,0.024444,0.024444,0.024444,0.024444,0.024444,0.024444,0.935063
2026-07-26T01:22:59+00:00,bid,GTX 1070 Ti,2,5,0.040556,0.040972,0.041389,0.041806,0.042222,0.041389,0.991013
2026-07-26T01:22:59+00:00,bid,GTX 1080,3,9,0.014815,0.027593,0.04037,0.040741,0.041111,0.040741,0.992774
2026-07-26T01:22:59+00:00,bid,GTX 1080 Ti,9,31,0.029333,0.040556,0.042222,0.053651,0.054444,0.047937,0.996411
2026-07-26T01:22:59+00:00,bid,GTX 1650 S,1,1,0.04,0.04,0.04,0.04,0.04,,0.934025
2026-07-26T01:22:59+00:00,bid,GTX 1660 S,1,1,0.031111,0.031111,0.031111,0.031111,0.031111,,0.941915
2026-07-26T01:22:59+00:00,bid,GTX 1660 Ti,1,1,0.037778,0.037778,0.037778,0.037778,0.037778,0.037778,0.93599
2026-07-26T01:22:59+00:00,bid,GTX TITAN X,1,1,0.042222,0.042222,0.042222,0.042222,0.042222,0.042222,0.987518
2026-07-26T01:22:59+00:00,bid,H100 NVL,6,9,0.934667,0.935,1.402444,1.918333,1.936296,1.935556,0.96333
2026-07-26T01:22:59+00:00,bid,H100 PCIE,2,9,0.733481,0.817333,0.901185,0.985037,1.068889,0.733481,0.969396
2026-07-26T01:22:59+00:00,bid,H100 SXM,11,31,0.602222,1.067778,2.000222,2.269611,2.534444,1.668111,0.993275
2026-07-26T01:22:59+00:00,bid,H200,5,10,3.816155,3.81652,3.816886,3.817251,3.817982,3.816886,0.997404
2026-07-26T01:22:59+00:00,bid,H200 NVL,9,13,0.403778,1.335556,1.339703,1.974444,2.002222,1.657074,0.98166
2026-07-26T01:22:59+00:00,bid,L4,7,18,0.134074,0.135185,0.202488,0.296148,0.320556,0.203704,0.998072
2026-07-26T01:22:59+00:00,bid,L40,7,13,0.267407,0.435741,0.468889,0.471111,0.471111,0.468889,0.98466
2026-07-26T01:22:59+00:00,bid,L40S,25,86,0.200185,0.335556,0.537037,0.540741,0.801852,0.538889,0.998553
2026-07-26T01:22:59+00:00,bid,Q RTX 5000,2,3,0.054074,0.054259,0.054444,0.05463,0.054815,,0.938174
2026-07-26T01:22:59+00:00,bid,Q RTX 6000,1,1,0.133704,0.133704,0.133704,0.133704,0.133704,,0.969403
2026-07-26T01:22:59+00:00,bid,Q RTX 8000,3,3,0.025222,0.0265,0.027778,0.063778,0.099778,0.027778,0.998957
2026-07-26T01:22:59+00:00,bid,Quadro GV100,1,1,0.134074,0.134074,0.134074,0.134074,0.134074,,0.967946
2026-07-26T01:22:59+00:00,bid,Quadro P4000,3,4,0.041111,0.041667,0.042222,0.049481,0.056741,0.056741,0.963337
2026-07-26T01:22:59+00:00,bid,RTX 2060,2,2,0.031111,0.107222,0.183333,0.259444,0.335556,0.183333,0.967681
2026-07-26T01:22:59+00:00,bid,RTX 2060S,1,1,0.123704,0.123704,0.123704,0.123704,0.123704,0.123704,0.934673
2026-07-26T01:22:59+00:00,bid,RTX 2070S,1,9,0.066831,0.066831,0.066831,0.066831,0.066831,,0.987348
2026-07-26T01:22:59+00:00,bid,RTX 2080 Ti,8,13,0.037778,0.067796,0.088741,0.10787,0.108889,0.107407,0.997332
2026-07-26T01:22:59+00:00,bid,RTX 2080S,1,1,0.037778,0.037778,0.037778,0.037778,0.037778,0.037778,0.973958
2026-07-26T01:22:59+00:00,bid,RTX 3060,12,40,0.037778,0.041852,0.04637,0.050278,0.102815,0.040741,0.992589
2026-07-26T01:22:59+00:00,bid,RTX 3060 Ti,1,1,0.132889,0.132889,0.132889,0.132889,0.132889,,0.951669
2026-07-26T01:22:59+00:00,bid,RTX 3060 laptop,3,12,0.013352,0.013417,0.013481,0.025963,0.038444,,0.983161
2026-07-26T01:22:59+00:00,bid,RTX 3070,8,17,0.040444,0.068519,0.089389,0.192222,0.495556,0.093889,0.994363
2026-07-26T01:22:59+00:00,bid,RTX 3070 laptop,1,1,0.042222,0.042222,0.042222,0.042222,0.042222,,0.960483
2026-07-26T01:22:59+00:00,bid,RTX 3080,14,38,0.055556,0.067014,0.1395,0.240394,0.495556,0.140889,0.988807
2026-07-26T01:22:59+00:00,bid,RTX 3080 Ti,4,5,0.054963,0.086519,0.116296,0.148889,0.188889,0.116296,0.994189
2026-07-26T01:22:59+00:00,bid,RTX 3090,57,147,0.054222,0.107778,0.133704,0.147222,0.255556,0.134074,0.991104
2026-07-26T01:22:59+00:00,bid,RTX 4060,2,3,0.053926,0.054074,0.054222,0.05437,0.054519,,0.964967
2026-07-26T01:22:59+00:00,bid,RTX 4060 Ti,7,17,0.034444,0.058722,0.075778,0.107333,0.107778,0.107111,0.993346
2026-07-26T01:22:59+00:00,bid,RTX 4070,5,10,0.054444,0.054444,0.075222,0.076889,0.162222,0.075222,0.999201
2026-07-26T01:22:59+00:00,bid,RTX 4070 Ti,4,5,0.108148,0.108704,0.161667,0.214722,0.215556,0.214444,0.992493
2026-07-26T01:22:59+00:00,bid,RTX 4070S,4,13,0.063572,0.066796,0.069676,0.072685,0.076296,0.069676,0.990506
2026-07-26T01:22:59+00:00,bid,RTX 4070S Ti,12,27,0.077778,0.164949,0.167778,0.168056,0.202222,0.167778,0.999557
2026-07-26T01:22:59+00:00,bid,RTX 4080,8,15,0.081111,0.082222,0.140481,0.174167,0.255556,0.255,0.980298
2026-07-26T01:22:59+00:00,bid,RTX 4080S,17,41,0.06716,0.121481,0.187778,0.200519,0.24037,0.188889,0.997409
2026-07-26T01:22:59+00:00,bid,RTX 4090,89,230,0.134074,0.240593,0.293889,0.402222,1.005037,0.335556,0.994563
2026-07-26T01:22:59+00:00,bid,RTX 4090D,3,7,0.604556,0.604833,0.605111,0.605667,0.606222,,0.967226
2026-07-26T01:22:59+00:00,bid,RTX 5000Ada,4,6,0.267778,0.268611,0.268889,0.281944,0.321111,0.268889,0.997889
2026-07-26T01:22:59+00:00,bid,RTX 5060,4,5,0.040296,0.050907,0.075,0.108889,0.148889,0.148889,0.98693
2026-07-26T01:22:59+00:00,bid,RTX 5060 Ti,38,135,0.053519,0.064472,0.107222,0.145819,0.160889,0.138213,0.996378
2026-07-26T01:22:59+00:00,bid,RTX 5070,7,10,0.054074,0.068333,0.083704,0.161667,0.162222,0.161111,0.995978
2026-07-26T01:22:59+00:00,bid,RTX 5070 Ti,9,15,0.094815,0.107778,0.108889,0.134519,0.157481,0.108889,0.990613
2026-07-26T01:22:59+00:00,bid,RTX 5080,18,34,0.02963,0.116296,0.141852,0.190972,0.338519,0.200833,0.989903
2026-07-26T01:22:59+00:00,bid,RTX 5090,66,151,0.102222,0.272593,0.338333,0.447963,0.845926,0.401481,0.994731
2026-07-26T01:22:59+00:00,bid,RTX 5880Ada,4,6,0.295185,0.296574,0.297037,0.30637,0.33437,0.297037,0.992447
2026-07-26T01:22:59+00:00,bid,RTX 6000Ada,20,41,0.137778,0.256481,0.388889,0.467722,0.680889,0.467185,0.996676
2026-07-26T01:22:59+00:00,bid,RTX A2000,2,2,0.202222,0.251704,0.301185,0.350667,0.400148,,0.996256
2026-07-26T01:22:59+00:00,bid,RTX A4000,8,56,0.013519,0.046236,0.100206,0.106898,0.10716,0.093611,0.977918
2026-07-26T01:22:59+00:00,bid,RTX A5000,6,11,0.020556,0.108981,0.222222,0.33463,0.334815,0.108519,0.971748
2026-07-26T01:22:59+00:00,bid,RTX A6000,8,17,0.134815,0.136296,0.312333,0.335069,0.375556,0.373611,0.991273
2026-07-26T01:22:59+00:00,bid,RTX PRO 2000,1,2,0.134074,0.134074,0.134074,0.134074,0.134074,,0.963045
2026-07-26T01:22:59+00:00,bid,RTX PRO 4000,17,38,0.055556,0.068889,0.187407,0.240741,0.245481,0.240617,0.984408
2026-07-26T01:22:59+00:00,bid,RTX PRO 5000,14,20,0.135111,0.322481,0.491667,0.703183,0.803704,0.482222,0.991529
2026-07-26T01:22:59+00:00,bid,RTX PRO 6000 S,21,50,0.335556,0.668148,1.067407,1.200556,1.466944,1.067407,0.997083
2026-07-26T01:22:59+00:00,bid,RTX PRO 6000 WS,25,37,0.268889,0.602963,0.868889,1.065778,1.403704,1.06763,0.993221
2026-07-26T01:22:59+00:00,bid,Tesla P100,4,5,0.041481,0.111204,0.135,0.135556,0.135556,0.135556,0.985444
2026-07-26T01:22:59+00:00,bid,Tesla P4,1,1,0.011926,0.011926,0.011926,0.011926,0.011926,,0.989737
2026-07-26T01:22:59+00:00,bid,Tesla P40,3,8,0.065889,0.066167,0.066444,0.066444,0.066444,0.066444,0.992634
2026-07-26T01:22:59+00:00,bid,Tesla T4,3,4,3.400741,3.401111,3.401481,3.401481,3.401481,,0.972396
2026-07-26T01:22:59+00:00,bid,Tesla V100,11,33,0.08037,0.095222,0.160556,0.165667,0.202222,0.162222,0.998738
2026-07-26T01:22:59+00:00,bid,Titan RTX,3,4,0.095556,0.102222,0.108889,0.118704,0.128519,0.102222,0.99143
2026-07-26T01:22:59+00:00,bid,Titan Xp,3,11,0.04037,0.040463,0.040556,0.041389,0.042222,0.040556,0.996062
2026-07-26T01:27:57+00:00,on-demand,A100 PCIE,12,26,0.267407,0.335278,0.994986,1.001389,1.537739,0.996638,0.99519
2026-07-26T01:27:57+00:00,on-demand,A100 SXM4,26,75,0.40037,0.801389,0.995407,1.214583,1.734259,0.934815,0.992631
2026-07-26T01:27:57+00:00,on-demand,A40,2,3,0.601111,0.601389,0.601667,0.601944,0.602222,0.601667,0.994185
2026-07-26T01:27:57+00:00,on-demand,A800 PCIE,3,7,0.667222,0.6675,0.667778,0.668333,0.668889,,0.994204
2026-07-26T01:27:57+00:00,on-demand,B200,8,24,5.880208,6.250846,6.563802,7.964106,8.609722,6.563802,0.997102
2026-07-26T01:27:57+00:00,on-demand,B300,4,15,5.625521,7.266536,7.814062,8.048611,8.750694,8.750694,0.974152
2026-07-26T01:27:57+00:00,on-demand,GTX 1050 Ti,2,2,0.611111,1.458704,2.306296,3.153889,4.001481,,0.942805
2026-07-26T01:27:57+00:00,on-demand,GTX 1060,3,4,0.087778,0.088333,0.088889,0.216667,0.344444,0.088333,0.999298
2026-07-26T01:27:57+00:00,on-demand,GTX 1070,1,1,0.531111,0.531111,0.531111,0.531111,0.531111,0.531111,0.935063
2026-07-26T01:27:57+00:00,on-demand,GTX 1070 Ti,3,9,0.051037,0.051407,0.051778,0.052333,0.052889,0.051778,0.994326
2026-07-26T01:27:57+00:00,on-demand,GTX 1080,2,3,0.027778,0.033426,0.039074,0.044722,0.05037,,0.958171
2026-07-26T01:27:57+00:00,on-demand,GTX 1080 Ti,5,15,0.042667,0.060556,0.073651,0.075556,0.081111,0.074603,0.997126
2026-07-26T01:27:57+00:00,on-demand,GTX 1650 S,1,1,0.677778,0.677778,0.677778,0.677778,0.677778,,0.934025
2026-07-26T01:27:57+00:00,on-demand,GTX 1660 Ti,1,1,0.611111,0.611111,0.611111,0.611111,0.611111,0.611111,0.93599
2026-07-26T01:27:57+00:00,on-demand,H100 NVL,5,6,2.068148,2.134667,2.136,2.402667,2.535556,2.301852,0.963463
2026-07-26T01:27:57+00:00,on-demand,H100 PCIE,2,9,1.362222,1.455037,1.547852,1.640667,1.733481,1.733481,0.969396
2026-07-26T01:27:57+00:00,on-demand,H100 SXM,12,35,1.733889,2.085,2.595148,2.851833,4.218889,2.385926,0.993697
2026-07-26T01:27:57+00:00,on-demand,H200,5,10,3.934576,3.934942,3.935673,4.080044,4.08114,3.935673,0.997404
2026-07-26T01:27:57+00:00,on-demand,H200 NVL,9,22,2.800741,2.802222,3.333611,3.854444,5.296444,3.855,0.982128
2026-07-26T01:27:57+00:00,on-demand,L4,4,12,0.202222,0.300889,0.334111,1.084306,3.333889,0.334111,0.983786
2026-07-26T01:27:57+00:00,on-demand,L40,4,9,0.297037,0.414815,0.514259,0.575278,0.577778,0.574444,0.990687
2026-07-26T01:27:57+00:00,on-demand,L40S,17,54,0.400185,0.467037,0.667407,1.067593,2.442222,0.800741,0.99554
2026-07-26T01:27:57+00:00,on-demand,Q RTX 5000,2,3,0.080741,0.080926,0.081111,0.081296,0.081481,,0.938174
2026-07-26T01:27:57+00:00,on-demand,Q RTX 6000,1,1,0.141481,0.141481,0.141481,0.141481,0.141481,,0.99795
2026-07-26T01:27:57+00:00,on-demand,Q RTX 8000,4,8,0.253704,0.254537,0.261852,0.271889,0.280889,0.261852,0.998639
2026-07-26T01:27:57+00:00,on-demand,Quadro GV100,1,1,0.467407,0.467407,0.467407,0.467407,0.467407,,0.967946
2026-07-26T01:27:57+00:00,on-demand,Quadro P4000,4,6,0.054444,0.054444,0.055,0.057222,0.062222,0.058333,0.979842
2026-07-26T01:27:57+00:00,on-demand,RTX 2060,1,1,0.411111,0.411111,0.411111,0.411111,0.411111,0.411111,0.940411
2026-07-26T01:27:57+00:00,on-demand,RTX 2060S,1,1,0.283704,0.283704,0.283704,0.283704,0.283704,0.283704,0.934673
2026-07-26T01:27:57+00:00,on-demand,RTX 2070,1,2,0.081111,0.081111,0.081111,0.081111,0.081111,0.081111,0.981302
2026-07-26T01:27:57+00:00,on-demand,RTX 2070S,1,9,0.073498,0.073498,0.073498,0.073498,0.073498,,0.987348
2026-07-26T01:27:57+00:00,on-demand,RTX 2080 Ti,9,33,0.053889,0.080022,0.080056,0.135407,0.811111,0.080083,0.994707
2026-07-26T01:27:57+00:00,on-demand,RTX 2080S,1,1,0.744444,0.744444,0.744444,0.744444,0.744444,0.744444,0.973958
2026-07-26T01:27:57+00:00,on-demand,RTX 3060,10,39,0.038074,0.059944,0.08012,0.140933,1.334815,0.080463,0.993466
2026-07-26T01:27:57+00:00,on-demand,RTX 3060 laptop,4,13,0.026685,0.037505,0.041667,0.051037,0.077481,0.077481,0.99748
2026-07-26T01:27:57+00:00,on-demand,RTX 3070,6,21,0.051556,0.061296,0.091235,0.105432,0.107222,0.10392,0.994771
2026-07-26T01:27:57+00:00,on-demand,RTX 3080,14,43,0.060222,0.083333,0.1135,0.14625,0.252326,0.113556,0.993493
2026-07-26T01:27:57+00:00,on-demand,RTX 3080 Ti,5,6,0.102222,0.134444,0.137037,0.155615,0.295556,0.146326,0.996304
2026-07-26T01:27:57+00:00,on-demand,RTX 3090,45,141,0.082222,0.154944,0.240741,0.335556,1.336296,0.248148,0.991104
2026-07-26T01:27:57+00:00,on-demand,RTX 3090 Ti,1,1,0.175556,0.175556,0.175556,0.175556,0.175556,,0.993079
2026-07-26T01:27:57+00:00,on-demand,RTX 4060,5,10,0.060593,0.061111,0.062222,0.082222,2.677778,0.061667,0.99451
2026-07-26T01:27:57+00:00,on-demand,RTX 4060 Ti,5,10,0.068889,0.09037,0.093889,0.094444,0.145111,0.094167,0.998822
2026-07-26T01:27:57+00:00,on-demand,RTX 4070,2,3,0.082222,0.085278,0.088333,0.091389,0.094444,0.094444,0.996923
2026-07-26T01:27:57+00:00,on-demand,RTX 4070 Ti,6,9,0.091111,0.102222,0.103333,0.147778,0.241111,0.132222,0.986696
2026-07-26T01:27:57+00:00,on-demand,RTX 4070S,10,24,0.082222,0.086019,0.108796,0.667685,0.668889,0.087222,0.969675
2026-07-26T01:27:57+00:00,on-demand,RTX 4070S Ti,8,25,0.094815,0.149037,0.194,0.267014,0.267778,0.226917,0.998595
2026-07-26T01:27:57+00:00,on-demand,RTX 4080,6,12,0.122963,0.161389,0.169963,0.245259,0.293926,0.267778,0.980298
2026-07-26T01:27:57+00:00,on-demand,RTX 4080S,11,29,0.147593,0.175741,0.202222,0.21375,0.401111,0.241296,0.994757
2026-07-26T01:27:57+00:00,on-demand,RTX 4090,58,179,0.133611,0.306852,0.397176,0.529491,1.337037,0.488611,0.994684
2026-07-26T01:27:57+00:00,on-demand,RTX 4090D,4,8,0.321481,0.580787,0.6675,0.668056,0.668889,0.321481,0.967226
2026-07-26T01:27:57+00:00,on-demand,RTX 5000Ada,1,2,0.427778,0.427778,0.427778,0.427778,0.427778,0.427778,0.996385
2026-07-26T01:27:57+00:00,on-demand,RTX 5060,1,1,0.077037,0.077037,0.077037,0.077037,0.077037,0.077037,0.994664
2026-07-26T01:27:57+00:00,on-demand,RTX 5060 Ti,20,79,0.053778,0.092361,0.117361,0.171903,0.933348,0.169889,0.99294
2026-07-26T01:27:57+00:00,on-demand,RTX 5060 laptop,1,1,0.135556,0.135556,0.135556,0.135556,0.135556,,0.97048
2026-07-26T01:27:57+00:00,on-demand,RTX 5070,7,13,0.075556,0.087593,0.103704,0.141667,0.177778,0.141667,0.987618
2026-07-26T01:27:57+00:00,on-demand,RTX 5070 Ti,4,5,0.101481,0.120204,0.143667,0.171407,0.202963,0.160889,0.97291
2026-07-26T01:27:57+00:00,on-demand,RTX 5080,16,57,0.133611,0.170278,0.195,0.237639,0.802963,0.233796,0.988242
2026-07-26T01:27:57+00:00,on-demand,RTX 5090,45,141,0.212889,0.459099,0.627037,0.734815,33.333889,0.668519,0.993923
2026-07-26T01:27:57+00:00,on-demand,RTX 5880Ada,5,17,0.453593,0.453852,0.45437,0.568519,0.57037,0.45437,0.997826
2026-07-26T01:27:57+00:00,on-demand,RTX 6000Ada,10,25,0.440556,0.465556,0.643241,0.681833,0.735556,0.681111,0.9932
2026-07-26T01:27:57+00:00,on-demand,RTX A2000,3,4,0.034074,0.035111,0.036148,0.264815,0.493481,,0.995152
2026-07-26T01:27:57+00:00,on-demand,RTX A4000,9,53,0.071778,0.080185,0.080556,0.133519,0.133827,,0.97131
2026-07-26T01:27:57+00:00,on-demand,RTX A5000,3,4,0.283704,20.142222,40.000741,40.001111,40.001481,0.283704,0.971748
2026-07-26T01:27:57+00:00,on-demand,RTX A6000,6,18,0.28963,0.374028,0.387361,0.401736,0.404444,0.402222,0.995087
2026-07-26T01:27:57+00:00,on-demand,RTX PRO 2000,1,2,0.174074,0.174074,0.174074,0.174074,0.174074,,0.963045
2026-07-26T01:27:57+00:00,on-demand,RTX PRO 4000,10,19,0.201111,0.243264,0.276734,0.325278,0.535556,0.277567,0.984408
2026-07-26T01:27:57+00:00,on-demand,RTX PRO 4500,1,1,0.282222,0.282222,0.282222,0.282222,0.282222,,0.99494
2026-07-26T01:27:57+00:00,on-demand,RTX PRO 5000,10,17,0.37,0.647759,0.668333,0.838611,1.005185,0.668333,0.992189
2026-07-26T01:27:57+00:00,on-demand,RTX PRO 6000 S,12,37,1.266944,1.328611,1.534722,1.734148,1.736296,1.534722,0.996502
2026-07-26T01:27:57+00:00,on-demand,RTX PRO 6000 WS,18,32,0.801111,0.938472,1.134333,1.466852,26.66963,1.202963,0.992892
2026-07-26T01:27:57+00:00,on-demand,Tesla P100,5,10,0.044296,0.081111,0.082222,0.201111,0.202222,0.141667,0.964165
2026-07-26T01:27:57+00:00,on-demand,Tesla P4,1,1,0.023259,0.023259,0.023259,0.023259,0.023259,,0.989737
2026-07-26T01:27:57+00:00,on-demand,Tesla P40,2,6,0.132556,0.132694,0.132833,0.132972,0.133111,0.132833,0.992634
2026-07-26T01:27:57+00:00,on-demand,Tesla T4,2,3,12.000741,12.000926,12.001111,12.001296,12.001481,,0.972396
2026-07-26T01:27:57+00:00,on-demand,Tesla V100,9,31,0.106944,0.107778,0.133519,0.134074,0.335556,0.25125,0.962735
2026-07-26T01:27:57+00:00,on-demand,Titan RTX,3,3,0.135556,0.136296,0.137037,0.15,0.162963,0.149259,0.99143
2026-07-26T01:27:57+00:00,on-demand,Titan Xp,3,11,0.053704,0.053796,0.053889,0.054722,0.055556,0.053889,0.995547
2026-07-26T01:27:57+00:00,bid,A100 PCIE,18,22,0.134444,0.135556,0.201481,0.202222,0.534519,0.202222,0.991475
2026-07-26T01:27:57+00:00,bid,A100 SXM4,28,58,0.135556,0.401481,0.668148,0.742471,1.042156,0.667593,0.989853
2026-07-26T01:27:57+00:00,bid,A40,1,2,0.234074,0.234074,0.234074,0.234074,0.234074,0.234074,0.984357
2026-07-26T01:27:57+00:00,bid,A800 PCIE,7,12,0.129889,0.130444,0.131556,0.131556,0.131556,,0.994204
2026-07-26T01:27:57+00:00,bid,B200,11,48,5.625174,5.62526,5.626042,6.066406,6.859722,5.626042,0.992491
2026-07-26T01:27:57+00:00,bid,B300,3,11,5.000694,5.000868,5.001042,5.001563,5.002083,5.000694,0.959834
2026-07-26T01:27:57+00:00,bid,GTX 1050 Ti,2,2,0.021562,0.022283,0.023003,0.023724,0.024444,,0.942805
2026-07-26T01:27:57+00:00,bid,GTX 1060,1,1,0.031111,0.031111,0.031111,0.031111,0.031111,,0.938642
2026-07-26T01:27:57+00:00,bid,GTX 1070,1,1,0.024444,0.024444,0.024444,0.024444,0.024444,0.024444,0.935063
2026-07-26T01:27:57+00:00,bid,GTX 1070 Ti,1,4,0.040556,0.040556,0.040556,0.040556,0.040556,0.040556,0.997273
2026-07-26T01:27:57+00:00,bid,GTX 1080,4,10,0.014815,0.033981,0.040741,0.041389,0.042222,0.041111,0.995747
2026-07-26T01:27:57+00:00,bid,GTX 1080 Ti,11,38,0.029333,0.047937,0.053889,0.054074,0.054444,0.053889,0.997504
2026-07-26T01:27:57+00:00,bid,GTX 1650 S,1,1,0.04,0.04,0.04,0.04,0.04,,0.934025
2026-07-26T01:27:57+00:00,bid,GTX 1660 S,1,1,0.031111,0.031111,0.031111,0.031111,0.031111,,0.941915
2026-07-26T01:27:57+00:00,bid,GTX 1660 Ti,1,1,0.037778,0.037778,0.037778,0.037778,0.037778,0.037778,0.93599
2026-07-26T01:27:57+00:00,bid,H100 NVL,6,8,0.934667,0.935,0.936,0.936,1.321481,1.321481,0.963463
2026-07-26T01:27:57+00:00,bid,H100 PCIE,2,9,0.733481,0.817333,0.901185,0.985037,1.068889,0.733481,0.969396
2026-07-26T01:27:57+00:00,bid,H100 SXM,11,30,0.602222,1.037333,2.000222,2.601019,4.002222,1.536741,0.99576
2026-07-26T01:27:57+00:00,bid,H200,5,10,3.816155,3.81652,3.816886,3.817251,3.817982,3.816886,0.997404
2026-07-26T01:27:57+00:00,bid,H200 NVL,11,15,0.403778,1.339629,1.868889,1.975,2.002222,1.963778,0.978495
2026-07-26T01:27:57+00:00,bid,L4,7,16,0.134074,0.135,0.201481,0.201985,0.320444,0.168519,0.997799
2026-07-26T01:27:57+00:00,bid,L40,6,12,0.267407,0.468056,0.47,0.471111,0.471111,0.47,0.98466
2026-07-26T01:27:57+00:00,bid,L40S,25,74,0.200185,0.335556,0.534815,0.540741,0.801852,0.537037,0.998337
2026-07-26T01:27:57+00:00,bid,Q RTX 5000,2,3,0.054074,0.054259,0.054444,0.05463,0.054815,,0.938174
2026-07-26T01:27:57+00:00,bid,Q RTX 6000,1,1,0.133704,0.133704,0.133704,0.133704,0.133704,,0.969403
2026-07-26T01:27:57+00:00,bid,Q RTX 8000,2,2,0.025222,0.043861,0.0625,0.081139,0.099778,0.0625,0.998662
2026-07-26T01:27:57+00:00,bid,Quadro GV100,1,1,0.134074,0.134074,0.134074,0.134074,0.134074,,0.967946
2026-07-26T01:27:57+00:00,bid,Quadro P4000,3,4,0.041111,0.041667,0.042222,0.049481,0.056741,0.056741,0.963337
2026-07-26T01:27:57+00:00,bid,RTX 2060,2,2,0.031111,0.107222,0.183333,0.259444,0.335556,0.183333,0.967681
2026-07-26T01:27:57+00:00,bid,RTX 2060S,1,1,0.123704,0.123704,0.123704,0.123704,0.123704,0.123704,0.934673
2026-07-26T01:27:57+00:00,bid,RTX 2070S,1,9,0.066831,0.066831,0.066831,0.066831,0.066831,,0.987348
2026-07-26T01:27:57+00:00,bid,RTX 2080 Ti,8,13,0.037778,0.067796,0.069222,0.107593,0.108889,0.070074,0.997332
2026-07-26T01:27:57+00:00,bid,RTX 2080S,1,1,0.037778,0.037778,0.037778,0.037778,0.037778,0.037778,0.973958
2026-07-26T01:27:57+00:00,bid,RTX 3060,14,46,0.025111,0.045556,0.047981,0.064583,0.138681,0.046981,0.995257
2026-07-26T01:27:57+00:00,bid,RTX 3060 Ti,1,1,0.132889,0.132889,0.132889,0.132889,0.132889,,0.951669
2026-07-26T01:27:57+00:00,bid,RTX 3060 laptop,3,11,0.013352,0.025898,0.038444,0.058037,0.07763,0.07763,0.997987
2026-07-26T01:27:57+00:00,bid,RTX 3070,8,22,0.040444,0.060167,0.067889,0.068981,0.093889,0.068519,0.994363
2026-07-26T01:27:57+00:00,bid,RTX 3080,15,41,0.055556,0.066509,0.067778,0.190055,0.241659,0.139222,0.988049
2026-07-26T01:27:57+00:00,bid,RTX 3080 Ti,6,7,0.054963,0.08487,0.102963,0.128889,0.188889,0.108889,0.994189
2026-07-26T01:27:57+00:00,bid,RTX 3090,53,138,0.015778,0.108889,0.133611,0.148889,0.268889,0.134815,0.989877
2026-07-26T01:27:57+00:00,bid,RTX 4060,2,3,0.053926,0.054074,0.054222,0.05437,0.054519,,0.964967
2026-07-26T01:27:57+00:00,bid,RTX 4060 Ti,6,15,0.034444,0.045611,0.0655,0.075639,0.107111,0.0755,0.994915
2026-07-26T01:27:57+00:00,bid,RTX 4070,4,6,0.054444,0.070444,0.076333,0.098222,0.162222,0.076333,0.998573
2026-07-26T01:27:57+00:00,bid,RTX 4070 Ti,4,5,0.095556,0.105556,0.161667,0.214722,0.215556,0.214444,0.989879
2026-07-26T01:27:57+00:00,bid,RTX 4070S,5,17,0.063572,0.076296,0.094537,0.095741,0.098148,0.094537,0.988961
2026-07-26T01:27:57+00:00,bid,RTX 4070S Ti,12,33,0.054815,0.107056,0.167222,0.168056,0.202222,0.1675,0.999507
2026-07-26T01:27:57+00:00,bid,RTX 4080,9,15,0.081111,0.082222,0.147037,0.254444,0.255556,0.255556,0.980298
2026-07-26T01:27:57+00:00,bid,RTX 4080S,17,40,0.06716,0.121111,0.188741,0.200556,0.240741,0.200519,0.995414
2026-07-26T01:27:57+00:00,bid,RTX 4090,83,212,0.134074,0.240444,0.293111,0.402593,1.005037,0.355,0.994406
2026-07-26T01:27:57+00:00,bid,RTX 4090D,3,7,0.604556,0.604833,0.605111,0.605667,0.606222,,0.967226
2026-07-26T01:27:57+00:00,bid,RTX 5000Ada,3,4,0.268889,0.268889,0.268889,0.295,0.321111,0.268889,0.997889
2026-07-26T01:27:57+00:00,bid,RTX 5060,4,5,0.040296,0.050907,0.059,0.071556,0.095556,0.063556,0.987067
2026-07-26T01:27:57+00:00,bid,RTX 5060 Ti,31,108,0.044444,0.080611,0.107778,0.147083,0.160556,0.141889,0.996707
2026-07-26T01:27:57+00:00,bid,RTX 5070,9,13,0.054074,0.081852,0.083704,0.148148,0.162222,0.141852,0.988148
2026-07-26T01:27:57+00:00,bid,RTX 5070 Ti,11,18,0.107222,0.108889,0.117037,0.134481,0.158963,0.134185,0.99271
2026-07-26T01:27:57+00:00,bid,RTX 5080,16,27,0.02963,0.12,0.14163,0.161389,0.202963,0.154815,0.991467
2026-07-26T01:27:57+00:00,bid,RTX 5090,76,186,0.102222,0.271111,0.356944,0.436574,0.908889,0.378519,0.994081
2026-07-26T01:27:57+00:00,bid,RTX 5880Ada,5,7,0.295185,0.297037,0.297037,0.297037,0.33437,0.297037,0.992447
2026-07-26T01:27:57+00:00,bid,RTX 6000Ada,18,38,0.137778,0.274306,0.395556,0.468852,0.680889,0.467704,0.994966
2026-07-26T01:27:57+00:00,bid,RTX A2000,3,4,0.028519,0.11537,0.202222,0.301185,0.400148,0.028519,0.998016
2026-07-26T01:27:57+00:00,bid,RTX A4000,9,60,0.013519,0.057111,0.106801,0.107037,0.10716,0.093611,0.97131
2026-07-26T01:27:57+00:00,bid,RTX A5000,8,14,0.021556,0.109907,0.170933,0.334259,0.334815,0.11037,0.985584
2026-07-26T01:27:57+00:00,bid,RTX A6000,8,18,0.134815,0.136296,0.285898,0.321389,0.373611,0.373611,0.994631
2026-07-26T01:27:57+00:00,bid,RTX PRO 2000,2,3,0.134074,0.134259,0.134444,0.13463,0.134815,,0.963045
2026-07-26T01:27:57+00:00,bid,RTX PRO 4000,14,27,0.055556,0.067944,0.128148,0.234815,0.241481,0.240741,0.984408
2026-07-26T01:27:57+00:00,bid,RTX PRO 5000,11,16,0.135111,0.348667,0.533889,0.740548,0.803704,0.508056,0.991529
2026-07-26T01:27:57+00:00,bid,RTX PRO 6000 S,17,43,0.334444,0.668148,1.068148,1.06963,1.332089,1.067407,0.996718
2026-07-26T01:27:57+00:00,bid,RTX PRO 6000 WS,21,33,0.334444,0.725704,0.922963,0.991852,1.337037,0.937037,0.993878
2026-07-26T01:27:57+00:00,bid,Tesla P100,3,4,0.041481,0.087963,0.134444,0.135,0.135556,0.135,0.985444
2026-07-26T01:27:57+00:00,bid,Tesla P4,1,1,0.011926,0.011926,0.011926,0.011926,0.011926,,0.989737
2026-07-26T01:27:57+00:00,bid,Tesla P40,3,8,0.065889,0.066167,0.066444,0.066444,0.066444,0.066444,0.992634
2026-07-26T01:27:57+00:00,bid,Tesla T4,3,4,3.400741,3.401111,3.401481,3.401481,3.401481,,0.972396
2026-07-26T01:27:57+00:00,bid,Tesla V100,13,34,0.08037,0.095407,0.133889,0.201111,0.242222,0.181667,0.978128
2026-07-26T01:27:57+00:00,bid,Titan RTX,2,3,0.108889,0.113796,0.118704,0.123611,0.128519,0.108889,0.994872
2026-07-26T01:27:57+00:00,bid,Titan Xp,3,11,0.04037,0.040463,0.040556,0.041389,0.042222,0.040556,0.995547
2026-07-26T01:32:57+00:00,on-demand,A100 PCIE,12,28,0.333611,0.335278,0.994986,1.001389,1.537739,0.996638,0.99519
2026-07-26T01:32:57+00:00,on-demand,A100 SXM4,27,81,0.40037,0.800833,1.001111,1.200833,1.734259,1.056,0.993543
2026-07-26T01:32:57+00:00,on-demand,A40,2,3,0.601111,0.601389,0.601667,0.601944,0.602222,0.601667,0.994185
2026-07-26T01:32:57+00:00,on-demand,A800 PCIE,3,7,0.667222,0.6675,0.667778,0.668333,0.668889,,0.994204
2026-07-26T01:32:57+00:00,on-demand,B200,8,24,5.902604,6.172157,6.371875,7.309028,8.609722,6.371875,0.996725
2026-07-26T01:32:57+00:00,on-demand,B300,4,15,5.625521,7.266536,7.814062,8.048611,8.750694,8.750694,0.974152
2026-07-26T01:32:57+00:00,on-demand,GTX 1050 Ti,2,2,0.611111,1.458704,2.306296,3.153889,4.001481,,0.942805
2026-07-26T01:32:57+00:00,on-demand,GTX 1060,3,4,0.087778,0.088333,0.088889,0.216667,0.344444,0.088333,0.999298
2026-07-26T01:32:57+00:00,on-demand,GTX 1070,1,1,0.531111,0.531111,0.531111,0.531111,0.531111,0.531111,0.935063
2026-07-26T01:32:57+00:00,on-demand,GTX 1070 Ti,1,4,0.051222,0.051222,0.051222,0.051222,0.051222,0.051222,0.997273
2026-07-26T01:32:57+00:00,on-demand,GTX 1080,5,12,0.027778,0.034815,0.051037,0.051778,0.052889,0.051778,0.991771
2026-07-26T01:32:57+00:00,on-demand,GTX 1080 Ti,7,21,0.042667,0.060833,0.062222,0.07377,0.074444,0.067937,0.9956
2026-07-26T01:32:57+00:00,on-demand,GTX 1650 S,1,1,0.677778,0.677778,0.677778,0.677778,0.677778,,0.934025
2026-07-26T01:32:57+00:00,on-demand,GTX 1660 S,1,1,0.451111,0.451111,0.451111,0.451111,0.451111,,0.941915
2026-07-26T01:32:57+00:00,on-demand,GTX 1660 Ti,1,1,0.611111,0.611111,0.611111,0.611111,0.611111,0.611111,0.93599
2026-07-26T01:32:57+00:00,on-demand,GTX TITAN X,1,1,0.034222,0.034222,0.034222,0.034222,0.034222,,0.980705
2026-07-26T01:32:57+00:00,on-demand,H100 NVL,5,6,1.496296,1.735556,2.401333,2.402667,2.535556,2.135556,0.936222
2026-07-26T01:32:57+00:00,on-demand,H100 PCIE,2,9,1.362222,1.455037,1.547852,1.640667,1.733481,1.733481,0.969396
2026-07-26T01:32:57+00:00,on-demand,H100 SXM,12,36,1.733889,1.735278,2.573519,3.003333,4.218889,2.201481,0.994518
2026-07-26T01:32:57+00:00,on-demand,H200,5,10,3.934576,3.934942,3.935673,4.080044,4.08114,3.935673,0.997394
2026-07-26T01:32:57+00:00,on-demand,H200 NVL,9,22,2.800741,2.802222,3.333611,3.854444,5.256444,3.855,0.982128
2026-07-26T01:32:57+00:00,on-demand,L4,6,17,0.202222,0.333806,0.333981,0.335185,3.333889,0.333981,0.997657
2026-07-26T01:32:57+00:00,on-demand,L40,5,11,0.297037,0.454074,0.574444,0.575556,0.577778,0.575,0.98466
2026-07-26T01:32:57+00:00,on-demand,L40S,17,54,0.400741,0.467037,0.667407,1.067593,2.442222,0.802222,0.996861
2026-07-26T01:32:57+00:00,on-demand,Q RTX 5000,1,1,0.081481,0.081481,0.081481,0.081481,0.081481,,0.938174
2026-07-26T01:32:57+00:00,on-demand,Q RTX 8000,4,8,0.253704,0.254537,0.261852,0.271889,0.280889,0.261852,0.998639
2026-07-26T01:32:57+00:00,on-demand,Quadro GV100,1,1,0.467407,0.467407,0.467407,0.467407,0.467407,,0.967946
2026-07-26T01:32:57+00:00,on-demand,Quadro P4000,4,6,0.054444,0.054444,0.055,0.055926,0.057037,0.055741,0.975362
2026-07-26T01:32:57+00:00,on-demand,RTX 2060,1,1,0.415556,0.415556,0.415556,0.415556,0.415556,0.415556,0.994952
2026-07-26T01:32:57+00:00,on-demand,RTX 2070,1,2,0.081111,0.081111,0.081111,0.081111,0.081111,0.081111,0.981302
2026-07-26T01:32:57+00:00,on-demand,RTX 2070S,2,17,0.073498,0.073503,0.073508,0.073513,0.073519,,0.987348
2026-07-26T01:32:57+00:00,on-demand,RTX 2080 Ti,9,28,0.053889,0.080022,0.087802,0.122222,0.811111,0.104457,0.994707
2026-07-26T01:32:57+00:00,on-demand,RTX 2080S,1,1,0.744444,0.744444,0.744444,0.744444,0.744444,0.744444,0.973958
2026-07-26T01:32:57+00:00,on-demand,RTX 3060,11,40,0.050815,0.0675,0.079778,0.120919,1.334815,0.080463,0.995281
2026-07-26T01:32:57+00:00,on-demand,RTX 3060 laptop,4,12,0.026685,0.037505,0.041667,0.045556,0.055556,0.055556,0.996449
2026-07-26T01:32:57+00:00,on-demand,RTX 3070,5,14,0.047778,0.048889,0.107037,0.107222,0.562222,0.334722,0.994102
2026-07-26T01:32:57+00:00,on-demand,RTX 3080,14,38,0.060278,0.084167,0.1135,0.225274,0.562222,0.130704,0.993493
2026-07-26T01:32:57+00:00,on-demand,RTX 3080 Ti,3,3,0.075556,0.122222,0.168889,0.232222,0.295556,0.168889,0.993825
2026-07-26T01:32:57+00:00,on-demand,RTX 3090,46,144,0.102407,0.140907,0.240556,0.334259,1.336296,0.247037,0.992745
2026-07-26T01:32:57+00:00,on-demand,RTX 3090 Ti,1,1,0.175556,0.175556,0.175556,0.175556,0.175556,,0.993079
2026-07-26T01:32:57+00:00,on-demand,RTX 4060,5,7,0.060593,0.062222,0.064444,0.082222,2.677778,0.063333,0.99451
2026-07-26T01:32:57+00:00,on-demand,RTX 4060 Ti,2,3,0.094444,0.098056,0.101667,0.105278,0.108889,0.101667,0.996705
2026-07-26T01:32:57+00:00,on-demand,RTX 4070,3,4,0.082222,0.088889,0.095556,0.101667,0.107778,0.101667,0.997945
2026-07-26T01:32:57+00:00,on-demand,RTX 4070 Ti,5,8,0.088889,0.102222,0.104444,0.162222,0.241111,0.133333,0.987405
2026-07-26T01:32:57+00:00,on-demand,RTX 4070S,8,31,0.081204,0.093796,0.10912,0.258657,0.667778,0.105417,0.988961
2026-07-26T01:32:57+00:00,on-demand,RTX 4070S Ti,10,25,0.094444,0.118889,0.174444,0.267153,0.268889,0.266944,0.997032
2026-07-26T01:32:57+00:00,on-demand,RTX 4080,7,13,0.121481,0.142593,0.177704,0.268333,0.293926,0.268333,0.980298
2026-07-26T01:32:57+00:00,on-demand,RTX 4080S,11,33,0.147593,0.175463,0.202074,0.21375,0.28037,0.202222,0.992263
2026-07-26T01:32:57+00:00,on-demand,RTX 4090,54,168,0.133611,0.308056,0.400833,0.504028,1.335185,0.506852,0.994316
2026-07-26T01:32:57+00:00,on-demand,RTX 4090D,3,7,0.667222,0.6675,0.667778,0.668333,0.668889,,0.967226
2026-07-26T01:32:57+00:00,on-demand,RTX 5000Ada,2,3,0.441111,0.441389,0.441667,0.441944,0.442222,0.441667,0.997889
2026-07-26T01:32:57+00:00,on-demand,RTX 5060,3,3,0.05363,0.101259,0.148889,0.165556,0.182222,0.182222,0.99222
2026-07-26T01:32:57+00:00,on-demand,RTX 5060 Ti,23,73,0.053778,0.091667,0.128519,0.173917,0.933348,0.16975,0.993119
2026-07-26T01:32:57+00:00,on-demand,RTX 5060 laptop,1,1,0.135556,0.135556,0.135556,0.135556,0.135556,,0.97048
2026-07-26T01:32:57+00:00,on-demand,RTX 5070,9,16,0.080741,0.094444,0.108296,0.174444,0.202222,0.174444,0.992219
2026-07-26T01:32:57+00:00,on-demand,RTX 5070 Ti,3,4,0.123407,0.126148,0.128889,0.13837,0.147852,0.147852,0.989089
2026-07-26T01:32:57+00:00,on-demand,RTX 5080,15,45,0.133611,0.159074,0.201111,0.241667,0.802963,0.261389,0.984585
2026-07-26T01:32:57+00:00,on-demand,RTX 5090,48,154,0.175556,0.448435,0.608981,0.85851,33.333889,0.733889,0.988978
2026-07-26T01:32:57+00:00,on-demand,RTX 5880Ada,5,17,0.453593,0.453852,0.45437,0.455407,0.568519,0.45437,0.997826
2026-07-26T01:32:57+00:00,on-demand,RTX 6000Ada,9,27,0.203556,0.441111,0.680556,0.682074,0.735556,0.681037,0.995973
2026-07-26T01:32:57+00:00,on-demand,RTX A2000,3,4,0.034074,0.035111,0.036148,0.264815,0.493481,,0.995152
2026-07-26T01:32:57+00:00,on-demand,RTX A4000,4,34,0.080185,0.120147,0.13354,0.133665,0.133827,0.133611,0.977918
2026-07-26T01:32:57+00:00,on-demand,RTX A5000,3,5,0.335185,20.167963,40.000741,40.001111,40.001481,0.335185,0.971748
2026-07-26T01:32:57+00:00,on-demand,RTX A6000,7,20,0.288148,0.374167,0.400278,0.403333,0.415556,0.402222,0.993412
2026-07-26T01:32:57+00:00,on-demand,RTX PRO 4000,10,16,0.201111,0.243861,0.258741,0.324861,0.535556,0.263704,0.9846
2026-07-26T01:32:57+00:00,on-demand,RTX PRO 4500,1,1,0.282222,0.282222,0.282222,0.282222,0.282222,,0.99494
2026-07-26T01:32:57+00:00,on-demand,RTX PRO 5000,7,12,0.640556,0.654407,0.895185,0.937778,1.239081,0.809815,0.991529
2026-07-26T01:32:57+00:00,on-demand,RTX PRO 6000 S,11,30,1.006667,1.415556,1.600556,1.734222,1.736296,1.600556,0.996286
2026-07-26T01:32:57+00:00,on-demand,RTX PRO 6000 WS,18,31,0.896296,0.961157,1.069519,1.443707,13.335556,1.200074,0.994826
2026-07-26T01:32:57+00:00,on-demand,Tesla P100,5,10,0.054815,0.081111,0.081481,0.201111,0.202222,0.141296,0.985444
2026-07-26T01:32:57+00:00,on-demand,Tesla P4,1,1,0.023259,0.023259,0.023259,0.023259,0.023259,,0.989737
2026-07-26T01:32:57+00:00,on-demand,Tesla P40,2,6,0.132556,0.132694,0.132833,0.132972,0.133111,0.132833,0.992634
2026-07-26T01:32:57+00:00,on-demand,Tesla T4,2,3,12.000741,12.000926,12.001111,12.001296,12.001481,,0.972396
2026-07-26T01:32:57+00:00,on-demand,Tesla V100,11,34,0.106944,0.108333,0.133704,0.147778,0.268889,0.157546,0.962735
2026-07-26T01:32:57+00:00,on-demand,Titan RTX,4,5,0.135185,0.135463,0.136296,0.143519,0.162963,0.149259,0.99143
2026-07-26T01:32:57+00:00,on-demand,Titan Xp,3,11,0.053704,0.053796,0.053889,0.054722,0.055556,0.053889,0.995547
2026-07-26T01:32:57+00:00,bid,A100 PCIE,22,34,0.133889,0.135556,0.201111,0.202222,0.534519,0.202222,0.988709
2026-07-26T01:32:57+00:00,bid,A100 SXM4,30,61,0.135556,0.451273,0.700254,0.802333,1.042156,0.668889,0.99148
2026-07-26T01:32:57+00:00,bid,A40,1,2,0.234074,0.234074,0.234074,0.234074,0.234074,0.234074,0.984357
2026-07-26T01:32:57+00:00,bid,A800 PCIE,7,12,0.129889,0.130444,0.131556,0.131556,0.131556,,0.994204
2026-07-26T01:32:57+00:00,bid,B200,9,45,5.625174,5.62526,5.625521,5.627083,6.255208,5.625521,0.992491
2026-07-26T01:32:57+00:00,bid,B300,3,11,5.000694,5.000868,5.001042,5.001563,5.002083,5.000694,0.959834
2026-07-26T01:32:57+00:00,bid,GTX 1050 Ti,2,2,0.021562,0.022283,0.023003,0.023724,0.024444,,0.942805
2026-07-26T01:32:57+00:00,bid,GTX 1060,1,1,0.031111,0.031111,0.031111,0.031111,0.031111,,0.938642
2026-07-26T01:32:57+00:00,bid,GTX 1070,1,1,0.024444,0.024444,0.024444,0.024444,0.024444,0.024444,0.935063
2026-07-26T01:32:57+00:00,bid,GTX 1070 Ti,3,9,0.04037,0.040741,0.041111,0.041667,0.042222,0.041111,0.997166
2026-07-26T01:32:57+00:00,bid,GTX 1080,4,17,0.037037,0.039537,0.04037,0.040417,0.040556,0.04037,0.992967
2026-07-26T01:32:57+00:00,bid,GTX 1080 Ti,10,34,0.029333,0.041389,0.053651,0.054028,0.054444,0.053651,0.9956
2026-07-26T01:32:57+00:00,bid,GTX 1650 S,1,1,0.04,0.04,0.04,0.04,0.04,,0.934025
2026-07-26T01:32:57+00:00,bid,GTX 1660 S,1,1,0.031111,0.031111,0.031111,0.031111,0.031111,,0.941915
2026-07-26T01:32:57+00:00,bid,GTX 1660 Ti,1,1,0.037778,0.037778,0.037778,0.037778,0.037778,0.037778,0.93599
2026-07-26T01:32:57+00:00,bid,H100 NVL,7,9,0.934667,0.935333,1.321481,1.669259,1.936296,1.628889,0.963463
2026-07-26T01:32:57+00:00,bid,H100 PCIE,2,9,0.733481,0.817333,0.901185,0.985037,1.068889,0.733481,0.969396
2026-07-26T01:32:57+00:00,bid,H100 SXM,10,29,0.602222,1.006519,2.000778,2.004667,4.002222,2.001333,0.994518
2026-07-26T01:32:57+00:00,bid,H200,5,10,3.816155,3.81652,3.816886,3.817251,3.817982,3.816886,0.997439
2026-07-26T01:32:57+00:00,bid,H200 NVL,9,12,0.403778,1.335556,1.339555,1.339703,1.975556,1.339703,0.985983
2026-07-26T01:32:57+00:00,bid,L4,8,18,0.134074,0.134722,0.168519,0.231977,0.321111,0.135556,0.997959
2026-07-26T01:32:57+00:00,bid,L40,7,14,0.267407,0.468333,0.468889,0.471111,0.471111,0.468889,0.98466
2026-07-26T01:32:57+00:00,bid,L40S,32,89,0.200185,0.335556,0.535,0.540741,0.801852,0.538889,0.998185
2026-07-26T01:32:57+00:00,bid,Q RTX 5000,2,3,0.054074,0.054259,0.054444,0.05463,0.054815,,0.938174
2026-07-26T01:32:57+00:00,bid,Q RTX 6000,1,1,0.133704,0.133704,0.133704,0.133704,0.133704,,0.969403
2026-07-26T01:32:57+00:00,bid,Q RTX 8000,2,2,0.025222,0.043861,0.0625,0.081139,0.099778,0.0625,0.998662
2026-07-26T01:32:57+00:00,bid,Quadro GV100,1,1,0.134074,0.134074,0.134074,0.134074,0.134074,,0.967946
2026-07-26T01:32:57+00:00,bid,Quadro P4000,3,4,0.041111,0.041667,0.042222,0.049481,0.056741,0.056741,0.963337
2026-07-26T01:32:57+00:00,bid,RTX 2060,2,2,0.031111,0.107222,0.183333,0.259444,0.335556,0.183333,0.967681
2026-07-26T01:32:57+00:00,bid,RTX 2060S,1,1,0.123704,0.123704,0.123704,0.123704,0.123704,0.123704,0.934673
2026-07-26T01:32:57+00:00,bid,RTX 2070S,2,17,0.066831,0.066836,0.066842,0.066847,0.066852,,0.987348
2026-07-26T01:32:57+00:00,bid,RTX 2080 Ti,5,8,0.037778,0.067802,0.070074,0.107407,0.108148,0.088741,0.997332
2026-07-26T01:32:57+00:00,bid,RTX 2080S,1,1,0.037778,0.037778,0.037778,0.037778,0.037778,0.037778,0.973958
2026-07-26T01:32:57+00:00,bid,RTX 3060,12,40,0.034815,0.040671,0.04637,0.050278,0.102815,0.040602,0.990986
2026-07-26T01:32:57+00:00,bid,RTX 3060 Ti,1,1,0.132889,0.132889,0.132889,0.132889,0.132889,,0.951669
2026-07-26T01:32:57+00:00,bid,RTX 3060 laptop,4,14,0.013352,0.013449,0.025963,0.054111,0.101111,0.101111,0.990018
2026-07-26T01:32:57+00:00,bid,RTX 3070,11,25,0.040444,0.067815,0.068519,0.089389,0.495556,0.083778,0.99134
2026-07-26T01:32:57+00:00,bid,RTX 3080,12,33,0.060741,0.067153,0.1395,0.240456,0.495556,0.19061,0.988027
2026-07-26T01:32:57+00:00,bid,RTX 3080 Ti,6,11,0.087222,0.090926,0.099326,0.150237,0.188889,0.101615,0.994738
2026-07-26T01:32:57+00:00,bid,RTX 3090,68,168,0.015778,0.107685,0.133657,0.147639,0.268889,0.134815,0.991113
2026-07-26T01:32:57+00:00,bid,RTX 4060,1,2,0.053926,0.053926,0.053926,0.053926,0.053926,,0.964967
2026-07-26T01:32:57+00:00,bid,RTX 4060 Ti,7,16,0.034444,0.04963,0.075222,0.107333,0.107778,0.107111,0.995891
2026-07-26T01:32:57+00:00,bid,RTX 4070,4,8,0.054444,0.070028,0.076056,0.098222,0.162222,0.076056,0.998573
2026-07-26T01:32:57+00:00,bid,RTX 4070 Ti,4,5,0.095556,0.105556,0.161667,0.214722,0.215556,0.214444,0.989879
2026-07-26T01:32:57+00:00,bid,RTX 4070S,6,25,0.076296,0.084537,0.095139,0.097546,0.098148,0.095741,0.988961
2026-07-26T01:32:57+00:00,bid,RTX 4070S Ti,11,29,0.054815,0.167222,0.167778,0.168333,0.168889,0.167778,0.999557
2026-07-26T01:32:57+00:00,bid,RTX 4080,7,13,0.081111,0.108074,0.147037,0.224333,0.255556,0.255,0.980298
2026-07-26T01:32:57+00:00,bid,RTX 4080S,20,50,0.06716,0.130926,0.188815,0.200556,0.240741,0.188889,0.997409
2026-07-26T01:32:57+00:00,bid,RTX 4090,99,235,0.134074,0.235358,0.294222,0.401667,1.005037,0.335,0.994588
2026-07-26T01:32:57+00:00,bid,RTX 4090D,3,7,0.604556,0.604833,0.605111,0.605667,0.606222,,0.967226
2026-07-26T01:32:57+00:00,bid,RTX 5000Ada,4,5,0.267778,0.268611,0.268889,0.285556,0.335556,0.268889,0.997889
2026-07-26T01:32:57+00:00,bid,RTX 5060,5,6,0.040296,0.054444,0.063556,0.095556,0.148889,0.106222,0.981915
2026-07-26T01:32:57+00:00,bid,RTX 5060 Ti,43,142,0.053519,0.068519,0.107778,0.146954,0.161111,0.141889,0.995097
2026-07-26T01:32:57+00:00,bid,RTX 5070,10,15,0.054074,0.081296,0.115926,0.161944,0.162222,0.161111,0.992063
2026-07-26T01:32:57+00:00,bid,RTX 5070 Ti,11,20,0.011481,0.107593,0.108889,0.146,0.161481,0.133926,0.990613
2026-07-26T01:32:57+00:00,bid,RTX 5080,18,29,0.02963,0.122315,0.148333,0.200972,0.338519,0.123704,0.989906
2026-07-26T01:32:57+00:00,bid,RTX 5090,76,168,0.102222,0.268704,0.33375,0.401667,0.907222,0.335556,0.994197
2026-07-26T01:32:57+00:00,bid,RTX 5880Ada,4,5,0.295185,0.296574,0.297037,0.297037,0.297037,0.297037,0.992447
2026-07-26T01:32:57+00:00,bid,RTX 6000Ada,22,43,0.137778,0.17125,0.388333,0.467778,0.74963,0.333796,0.994966
2026-07-26T01:32:57+00:00,bid,RTX A2000,3,4,0.028519,0.11537,0.202222,0.301185,0.400148,0.028519,0.998016
2026-07-26T01:32:57+00:00,bid,RTX A4000,10,63,0.013519,0.024972,0.100206,0.106991,0.10716,0.093611,0.977918
2026-07-26T01:32:57+00:00,bid,RTX A5000,6,9,0.108519,0.11037,0.170933,0.30843,0.334815,0.11037,0.999419
2026-07-26T01:32:57+00:00,bid,RTX A6000,9,20,0.134815,0.136296,0.26963,0.321111,0.375556,0.373611,0.991304
2026-07-26T01:32:57+00:00,bid,RTX PRO 2000,1,2,0.134074,0.134074,0.134074,0.134074,0.134074,,0.963045
2026-07-26T01:32:57+00:00,bid,RTX PRO 4000,13,20,0.055556,0.067778,0.068889,0.201037,0.217037,0.201852,0.984408
2026-07-26T01:32:57+00:00,bid,RTX PRO 5000,13,19,0.135111,0.296296,0.533889,0.744015,0.803704,0.533704,0.991529
2026-07-26T01:32:57+00:00,bid,RTX PRO 6000 S,18,39,0.334444,0.696667,1.067778,1.06963,1.345156,1.067407,0.9969
2026-07-26T01:32:57+00:00,bid,RTX PRO 6000 WS,32,52,0.334444,0.667639,0.801111,0.999322,1.403704,0.801481,0.992177
2026-07-26T01:32:57+00:00,bid,Tesla P100,4,5,0.041481,0.111204,0.135,0.135556,0.135556,0.135556,0.985444
2026-07-26T01:32:57+00:00,bid,Tesla P4,1,1,0.011926,0.011926,0.011926,0.011926,0.011926,,0.989737
2026-07-26T01:32:57+00:00,bid,Tesla P40,3,8,0.065889,0.066167,0.066444,0.066444,0.066444,0.066444,0.992634
2026-07-26T01:32:57+00:00,bid,Tesla T4,3,4,3.400741,3.401111,3.401481,3.401481,3.401481,,0.972396
2026-07-26T01:32:57+00:00,bid,Tesla V100,12,33,0.08037,0.095037,0.133657,0.171806,0.242222,0.162222,0.984453
2026-07-26T01:32:57+00:00,bid,Titan RTX,3,4,0.095556,0.102222,0.108889,0.118704,0.128519,0.102222,0.99143
2026-07-26T01:32:57+00:00,bid,Titan Xp,4,15,0.04037,0.040509,0.040556,0.040972,0.042222,0.040556,0.995805
2026-07-26T01:37:58+00:00,on-demand,A100 PCIE,11,27,0.267407,0.581852,0.995536,1.001667,1.537739,0.995536,0.99519
2026-07-26T01:37:58+00:00,on-demand,A100 SXM4,24,69,0.40037,0.83544,1.05537,1.176111,1.735185,1.054741,0.989703
2026-07-26T01:37:58+00:00,on-demand,A40,2,3,0.601111,0.601389,0.601667,0.601944,0.602222,0.601667,0.994185
2026-07-26T01:37:58+00:00,on-demand,A800 PCIE,3,7,0.667222,0.6675,0.667778,0.668333,0.668889,,0.994204
2026-07-26T01:37:58+00:00,on-demand,B200,17,63,5.865104,5.880208,6.25026,6.492708,8.604861,6.25026,0.992491
2026-07-26T01:37:58+00:00,on-demand,B300,4,15,5.625521,7.266536,7.814062,8.048611,8.750694,8.750694,0.974152
2026-07-26T01:37:58+00:00,on-demand,CMP 170HX,2,9,0.120185,0.120509,0.120833,0.121157,0.121481,,0.939596
2026-07-26T01:37:58+00:00,on-demand,GTX 1050 Ti,2,2,0.611111,1.458704,2.306296,3.153889,4.001481,,0.942805
2026-07-26T01:37:58+00:00,on-demand,GTX 1060,3,4,0.087778,0.088333,0.088889,0.216667,0.344444,0.088333,0.999298
2026-07-26T01:37:58+00:00,on-demand,GTX 1070,1,1,0.531111,0.531111,0.531111,0.531111,0.531111,0.531111,0.935063
2026-07-26T01:37:58+00:00,on-demand,GTX 1070 Ti,2,3,0.051778,0.052056,0.052333,0.052611,0.052889,0.052333,0.992433
2026-07-26T01:37:58+00:00,on-demand,GTX 1080,4,13,0.027778,0.044722,0.050704,0.051083,0.051222,0.05113,0.982529
2026-07-26T01:37:58+00:00,on-demand,GTX 1080 Ti,5,13,0.042667,0.063778,0.066222,0.074444,0.080317,0.070333,0.996411
2026-07-26T01:37:58+00:00,on-demand,GTX 1660 Ti,1,1,0.611111,0.611111,0.611111,0.611111,0.611111,0.611111,0.93599
2026-07-26T01:37:58+00:00,on-demand,GTX TITAN X,1,1,0.048889,0.048889,0.048889,0.048889,0.048889,0.048889,0.987518
2026-07-26T01:37:58+00:00,on-demand,H100 NVL,3,4,1.735556,1.935111,2.134667,2.135333,2.136,1.735556,0.963463
2026-07-26T01:37:58+00:00,on-demand,H100 PCIE,2,9,1.362222,1.455037,1.547852,1.640667,1.733481,1.733481,0.969396
2026-07-26T01:37:58+00:00,on-demand,H100 SXM,12,42,1.733889,2.267037,2.901444,3.593611,4.218889,3.000667,0.995761
2026-07-26T01:37:58+00:00,on-demand,H200,4,6,3.934942,3.93549,4.007858,4.080318,4.08114,4.007858,0.998436
2026-07-26T01:37:58+00:00,on-demand,H200 NVL,7,16,2.802222,3.334583,3.60637,3.855,5.175111,3.855,0.978495
2026-07-26T01:37:58+00:00,on-demand,L4,5,16,0.202222,0.333778,0.333889,0.334074,3.333889,0.333889,0.997867
2026-07-26T01:37:58+00:00,on-demand,L40,4,9,0.297037,0.414815,0.514259,0.575278,0.577778,0.574444,0.990687
2026-07-26T01:37:58+00:00,on-demand,L40S,15,51,0.400185,0.466944,0.80037,1.068056,2.442222,0.934537,0.995314
2026-07-26T01:37:58+00:00,on-demand,Q RTX 5000,2,3,0.080741,0.080926,0.081111,0.081296,0.081481,,0.938174
2026-07-26T01:37:58+00:00,on-demand,Q RTX 8000,2,6,0.253704,0.2575,0.261296,0.265093,0.268889,0.261296,0.998728
2026-07-26T01:37:58+00:00,on-demand,Quadro GV100,1,1,0.467407,0.467407,0.467407,0.467407,0.467407,,0.967946
2026-07-26T01:37:58+00:00,on-demand,Quadro P4000,4,6,0.054444,0.054444,0.055,0.0585,0.067333,0.060889,0.980045
2026-07-26T01:37:58+00:00,on-demand,RTX 2060,1,1,0.415556,0.415556,0.415556,0.415556,0.415556,0.415556,0.994952
2026-07-26T01:37:58+00:00,on-demand,RTX 2070,1,2,0.081111,0.081111,0.081111,0.081111,0.081111,0.081111,0.981302
2026-07-26T01:37:58+00:00,on-demand,RTX 2070S,1,8,0.073519,0.073519,0.073519,0.073519,0.073519,,0.987348
2026-07-26T01:37:58+00:00,on-demand,RTX 2080 Ti,7,22,0.068889,0.080039,0.087802,0.128815,0.811111,0.087802,0.994707
2026-07-26T01:37:58+00:00,on-demand,RTX 2080S,1,1,0.744444,0.744444,0.744444,0.744444,0.744444,0.744444,0.973958
2026-07-26T01:37:58+00:00,on-demand,RTX 3060,10,37,0.050815,0.060139,0.08012,0.125778,1.335556,0.080463,0.995257
2026-07-26T01:37:58+00:00,on-demand,RTX 3060 laptop,4,12,0.026685,0.037505,0.041667,0.045556,0.055556,0.055556,0.996449
2026-07-26T01:37:58+00:00,on-demand,RTX 3070,6,20,0.048889,0.086543,0.100772,0.105509,0.562222,0.100926,0.996735
2026-07-26T01:37:58+00:00,on-demand,RTX 3070 Ti,1,2,0.074444,0.074444,0.074444,0.074444,0.074444,,0.996609
2026-07-26T01:37:58+00:00,on-demand,RTX 3080,14,44,0.060278,0.075185,0.116917,0.225138,0.252326,0.199277,0.993493
2026-07-26T01:37:58+00:00,on-demand,RTX 3080 Ti,3,3,0.108889,0.141556,0.174222,0.234889,0.295556,0.174222,0.994923
2026-07-26T01:37:58+00:00,on-demand,RTX 3090,43,129,0.108,0.144028,0.241111,0.334167,1.336296,0.244352,0.992226
2026-07-26T01:37:58+00:00,on-demand,RTX 3090 Ti,1,1,0.175556,0.175556,0.175556,0.175556,0.175556,,0.99308
2026-07-26T01:37:58+00:00,on-demand,RTX 4060,6,8,0.060593,0.061444,0.065926,0.079074,2.677778,0.065926,0.989768
2026-07-26T01:37:58+00:00,on-demand,RTX 4060 Ti,3,8,0.058148,0.069537,0.080926,0.113019,0.145111,0.080926,0.987258
2026-07-26T01:37:58+00:00,on-demand,RTX 4070,2,2,0.082222,0.085556,0.088889,0.092222,0.095556,0.095556,0.996923
2026-07-26T01:37:58+00:00,on-demand,RTX 4070 Ti,7,21,0.09037,0.104568,0.107222,0.135,0.241111,0.1075,0.98587
2026-07-26T01:37:58+00:00,on-demand,RTX 4070S,7,19,0.082222,0.092778,0.121204,0.396111,0.668889,0.121204,0.988961
2026-07-26T01:37:58+00:00,on-demand,RTX 4070S Ti,7,21,0.117778,0.161111,0.201111,0.267083,0.267778,0.234028,0.998058
2026-07-26T01:37:58+00:00,on-demand,RTX 4080,7,14,0.121481,0.161667,0.177704,0.268333,0.293926,0.268333,0.980298
2026-07-26T01:37:58+00:00,on-demand,RTX 4080S,11,31,0.09363,0.159259,0.202074,0.21375,0.401111,0.202222,0.992263
2026-07-26T01:37:58+00:00,on-demand,RTX 4090,57,188,0.133611,0.306815,0.373926,0.535185,1.337037,0.515148,0.994563
2026-07-26T01:37:58+00:00,on-demand,RTX 4090D,4,8,0.329481,0.582787,0.6675,0.668056,0.668889,0.329481,0.967226
2026-07-26T01:37:58+00:00,on-demand,RTX 5000Ada,1,2,0.427778,0.427778,0.427778,0.427778,0.427778,0.427778,0.996385
2026-07-26T01:37:58+00:00,on-demand,RTX 5060,2,2,0.05363,0.077444,0.101259,0.125074,0.148889,,0.983836
2026-07-26T01:37:58+00:00,on-demand,RTX 5060 Ti,20,74,0.053778,0.092167,0.144815,0.176764,0.933348,0.170444,0.99303
2026-07-26T01:37:58+00:00,on-demand,RTX 5060 laptop,1,1,0.135556,0.135556,0.135556,0.135556,0.135556,,0.97048
2026-07-26T01:37:58+00:00,on-demand,RTX 5070,7,13,0.081481,0.094444,0.101852,0.127037,0.174815,0.127037,0.98207
2026-07-26T01:37:58+00:00,on-demand,RTX 5070 Ti,5,8,0.101481,0.135556,0.160556,0.188889,0.202222,0.160556,0.995538
2026-07-26T01:37:58+00:00,on-demand,RTX 5080,15,50,0.133611,0.151296,0.171111,0.200463,0.802963,0.267222,0.983302
2026-07-26T01:37:58+00:00,on-demand,RTX 5090,43,152,0.175556,0.420537,0.533827,0.808335,33.333889,0.668111,0.99119
2026-07-26T01:37:58+00:00,on-demand,RTX 5880Ada,5,17,0.453593,0.453852,0.45437,0.568519,0.57037,0.45437,0.997826
2026-07-26T01:37:58+00:00,on-demand,RTX 6000Ada,10,25,0.203556,0.441389,0.608056,0.681833,0.735556,0.681593,0.9932
2026-07-26T01:37:58+00:00,on-demand,RTX A2000,3,4,0.034074,0.035111,0.036148,0.264815,0.493481,,0.995152
2026-07-26T01:37:58+00:00,on-demand,RTX A4000,6,36,0.072889,0.093519,0.133565,0.133681,0.133827,0.133611,0.977918
2026-07-26T01:37:58+00:00,on-demand,RTX A5000,4,8,0.200556,0.301917,20.168222,40.000926,40.001481,0.26813,0.971748
2026-07-26T01:37:58+00:00,on-demand,RTX A6000,6,11,0.28963,0.374028,0.381667,0.398889,0.404444,0.403333,0.992948
2026-07-26T01:37:58+00:00,on-demand,RTX PRO 2000,1,2,0.174074,0.174074,0.174074,0.174074,0.174074,,0.963045
2026-07-26T01:37:58+00:00,on-demand,RTX PRO 4000,7,12,0.201111,0.222922,0.279556,0.315463,0.535556,0.279556,0.984408
2026-07-26T01:37:58+00:00,on-demand,RTX PRO 4500,1,1,0.282222,0.282222,0.282222,0.282222,0.282222,,0.99494
2026-07-26T01:37:58+00:00,on-demand,RTX PRO 5000,10,16,0.37,0.640694,0.668296,0.896574,1.227481,0.655,0.991529
2026-07-26T01:37:58+00:00,on-demand,RTX PRO 6000 S,10,27,1.267778,1.361389,1.600417,1.7175,1.736296,1.634167,0.996502
2026-07-26T01:37:58+00:00,on-demand,RTX PRO 6000 WS,19,32,0.880815,1.009259,1.202963,1.696111,26.66963,1.329037,0.993221
2026-07-26T01:37:58+00:00,on-demand,Tesla P100,5,10,0.044296,0.081111,0.081481,0.201111,0.202222,0.141296,0.985444
2026-07-26T01:37:58+00:00,on-demand,Tesla P4,1,1,0.023259,0.023259,0.023259,0.023259,0.023259,,0.989737
2026-07-26T01:37:58+00:00,on-demand,Tesla P40,2,6,0.132556,0.132694,0.132833,0.132972,0.133111,0.132833,0.992634
2026-07-26T01:37:58+00:00,on-demand,Tesla T4,2,3,12.000741,12.000926,12.001111,12.001296,12.001481,,0.972396
2026-07-26T01:37:58+00:00,on-demand,Tesla V100,10,32,0.106944,0.108056,0.133611,0.158727,0.335556,0.268889,0.962735
2026-07-26T01:37:58+00:00,on-demand,Titan RTX,2,2,0.135556,0.138889,0.142222,0.145556,0.148889,0.142222,0.858989
2026-07-26T01:37:58+00:00,on-demand,Titan Xp,2,7,0.053704,0.054167,0.05463,0.055093,0.055556,0.05463,0.996769
2026-07-26T01:37:58+00:00,bid,A100 PCIE,18,25,0.131556,0.135556,0.168148,0.202222,0.534519,0.235,0.991949
2026-07-26T01:37:58+00:00,bid,A100 SXM4,28,65,0.135556,0.412593,0.719493,0.801667,1.042156,0.680741,0.99148
2026-07-26T01:37:58+00:00,bid,A40,1,2,0.234074,0.234074,0.234074,0.234074,0.234074,0.234074,0.984357
2026-07-26T01:37:58+00:00,bid,A800 PCIE,7,12,0.129889,0.130444,0.131556,0.131556,0.131556,,0.994204
2026-07-26T01:37:58+00:00,bid,B200,10,40,5.625174,5.625456,5.63151,6.160807,6.859722,5.63151,0.99705
2026-07-26T01:37:58+00:00,bid,B300,4,12,5.000694,5.000955,5.001563,5.002083,5.002083,5.000694,0.959834
2026-07-26T01:37:58+00:00,bid,CMP 170HX,4,17,0.101618,0.102452,0.104457,0.106231,0.10637,,0.939596
2026-07-26T01:37:58+00:00,bid,GTX 1050 Ti,2,2,0.021562,0.022283,0.023003,0.023724,0.024444,,0.942805
2026-07-26T01:37:58+00:00,bid,GTX 1060,1,1,0.031111,0.031111,0.031111,0.031111,0.031111,,0.938642
2026-07-26T01:37:58+00:00,bid,GTX 1070,1,1,0.024444,0.024444,0.024444,0.024444,0.024444,0.024444,0.935063
2026-07-26T01:37:58+00:00,bid,GTX 1070 Ti,2,7,0.04037,0.040833,0.041296,0.041759,0.042222,0.041296,0.992433
2026-07-26T01:37:58+00:00,bid,GTX 1080,3,7,0.014815,0.027685,0.040556,0.040833,0.041111,0.040833,0.995257
2026-07-26T01:37:58+00:00,bid,GTX 1080 Ti,7,25,0.029333,0.047937,0.053651,0.053981,0.054444,0.05377,0.997504
2026-07-26T01:37:58+00:00,bid,GTX 1650 S,1,1,0.04,0.04,0.04,0.04,0.04,,0.934025
2026-07-26T01:37:58+00:00,bid,GTX 1660,1,1,0.037778,0.037778,0.037778,0.037778,0.037778,,0.944719
2026-07-26T01:37:58+00:00,bid,GTX 1660 S,1,1,0.031111,0.031111,0.031111,0.031111,0.031111,,0.941915
2026-07-26T01:37:58+00:00,bid,GTX 1660 Ti,1,1,0.037778,0.037778,0.037778,0.037778,0.037778,0.037778,0.93599
2026-07-26T01:37:58+00:00,bid,GTX TITAN X,1,1,0.042222,0.042222,0.042222,0.042222,0.042222,0.042222,0.987518
2026-07-26T01:37:58+00:00,bid,H100 NVL,4,5,0.934667,0.935667,1.128741,1.458333,1.868889,1.321481,0.96663
2026-07-26T01:37:58+00:00,bid,H100 PCIE,2,9,0.733481,0.817333,0.901185,0.985037,1.068889,0.733481,0.969396
2026-07-26T01:37:58+00:00,bid,H100 SXM,11,30,1.003259,1.285185,2.000222,2.005333,2.935217,1.901407,0.995761
2026-07-26T01:37:58+00:00,bid,H200,4,6,3.81652,3.816795,3.817069,3.817434,3.817982,3.817069,0.998418
2026-07-26T01:37:58+00:00,bid,H200 NVL,13,18,0.403778,1.336445,1.339703,1.974444,2.002222,1.339703,0.98166
2026-07-26T01:37:58+00:00,bid,L4,8,19,0.134074,0.134722,0.235874,0.284,0.321111,0.269259,0.997657
2026-07-26T01:37:58+00:00,bid,L40,6,12,0.267407,0.468056,0.47,0.471111,0.471111,0.47,0.98466
2026-07-26T01:37:58+00:00,bid,L40S,21,62,0.20037,0.335556,0.537037,0.540741,0.800926,0.537037,0.99737
2026-07-26T01:37:58+00:00,bid,Q RTX 5000,2,3,0.054074,0.054259,0.054444,0.05463,0.054815,,0.938174
2026-07-26T01:37:58+00:00,bid,Q RTX 6000,1,1,0.133704,0.133704,0.133704,0.133704,0.133704,,0.969403
2026-07-26T01:37:58+00:00,bid,Q RTX 8000,1,1,0.099778,0.099778,0.099778,0.099778,0.099778,0.099778,0.999493
2026-07-26T01:37:58+00:00,bid,Quadro GV100,1,1,0.134074,0.134074,0.134074,0.134074,0.134074,,0.967946
2026-07-26T01:37:58+00:00,bid,Quadro P4000,3,4,0.041111,0.041667,0.042222,0.048111,0.054,0.054,0.963337
2026-07-26T01:37:58+00:00,bid,RTX 2060,2,2,0.031111,0.107222,0.183333,0.259444,0.335556,0.183333,0.967681
2026-07-26T01:37:58+00:00,bid,RTX 2060S,1,1,0.123704,0.123704,0.123704,0.123704,0.123704,0.123704,0.934673
2026-07-26T01:37:58+00:00,bid,RTX 2070S,2,17,0.066831,0.066836,0.066842,0.066847,0.066852,,0.987348
2026-07-26T01:37:58+00:00,bid,RTX 2080 Ti,7,11,0.037778,0.068938,0.107407,0.107963,0.108148,0.107593,0.997332
2026-07-26T01:37:58+00:00,bid,RTX 2080S,1,1,0.037778,0.037778,0.037778,0.037778,0.037778,0.037778,0.973958
2026-07-26T01:37:58+00:00,bid,RTX 3060,12,49,0.037778,0.044667,0.0475,0.050139,0.102815,0.042222,0.993466
2026-07-26T01:37:58+00:00,bid,RTX 3060 Ti,1,1,0.132889,0.132889,0.132889,0.132889,0.132889,,0.951669
2026-07-26T01:37:58+00:00,bid,RTX 3060 laptop,4,13,0.013352,0.013449,0.025963,0.045574,0.066963,,0.9895
2026-07-26T01:37:58+00:00,bid,RTX 3070,11,25,0.040444,0.068148,0.083778,0.094167,0.495556,0.084889,0.99134
2026-07-26T01:37:58+00:00,bid,RTX 3080,10,27,0.061481,0.068056,0.1395,0.215471,0.241659,0.140333,0.988796
2026-07-26T01:37:58+00:00,bid,RTX 3080 Ti,5,6,0.067704,0.080815,0.135556,0.166444,0.188889,0.151,0.993825
2026-07-26T01:37:58+00:00,bid,RTX 3090,62,158,0.066981,0.107852,0.134074,0.153056,0.255556,0.134815,0.990422
2026-07-26T01:37:58+00:00,bid,RTX 4060,3,4,0.053926,0.054222,0.054519,0.057852,0.061185,0.061185,0.964967
2026-07-26T01:37:58+00:00,bid,RTX 4060 Ti,3,10,0.041111,0.058167,0.075222,0.091167,0.107111,0.091167,0.993346
2026-07-26T01:37:58+00:00,bid,RTX 4070,3,5,0.054444,0.065111,0.075778,0.076333,0.076889,0.075778,0.997945
2026-07-26T01:37:58+00:00,bid,RTX 4070 Ti,8,24,0.093611,0.093889,0.094444,0.125278,0.215556,0.094444,0.98587
2026-07-26T01:37:58+00:00,bid,RTX 4070S,6,21,0.071481,0.080856,0.095139,0.095741,0.098148,0.095139,0.988961
2026-07-26T01:37:58+00:00,bid,RTX 4070S Ti,13,34,0.068148,0.166944,0.167778,0.168889,0.201111,0.167778,0.999557
2026-07-26T01:37:58+00:00,bid,RTX 4080,8,14,0.081111,0.082222,0.140481,0.209278,0.255556,0.255,0.980298
2026-07-26T01:37:58+00:00,bid,RTX 4080S,14,33,0.06716,0.0905,0.175259,0.200486,0.240741,0.194963,0.995414
2026-07-26T01:37:58+00:00,bid,RTX 4090,95,253,0.133222,0.227926,0.294222,0.401667,1.005037,0.361667,0.994588
2026-07-26T01:37:58+00:00,bid,RTX 4090D,3,7,0.604556,0.604833,0.605111,0.605667,0.606222,,0.967226
2026-07-26T01:37:58+00:00,bid,RTX 5000Ada,5,7,0.267778,0.268889,0.268889,0.321111,0.322222,0.268889,0.997889
2026-07-26T01:37:58+00:00,bid,RTX 5060,3,4,0.040296,0.04737,0.054444,0.075,0.095556,,0.981639
2026-07-26T01:37:58+00:00,bid,RTX 5060 Ti,37,132,0.053519,0.067111,0.107407,0.141889,0.160222,0.134815,0.992346
2026-07-26T01:37:58+00:00,bid,RTX 5070,8,11,0.054074,0.075093,0.115037,0.151667,0.162222,0.147259,0.987468
2026-07-26T01:37:58+00:00,bid,RTX 5070 Ti,13,23,0.011481,0.095556,0.107778,0.134519,0.268,0.120852,0.99564
2026-07-26T01:37:58+00:00,bid,RTX 5080,15,26,0.02963,0.101481,0.134815,0.188056,0.202963,0.148704,0.99256
2026-07-26T01:37:58+00:00,bid,RTX 5090,74,191,0.102222,0.271111,0.345185,0.424722,0.907222,0.376444,0.99502
2026-07-26T01:37:58+00:00,bid,RTX 5880Ada,4,5,0.295185,0.296574,0.297037,0.297037,0.297037,0.297037,0.992447
2026-07-26T01:37:58+00:00,bid,RTX 6000Ada,19,39,0.137778,0.139259,0.387222,0.433981,0.680889,0.267222,0.996531
2026-07-26T01:37:58+00:00,bid,RTX A2000,2,2,0.202222,0.251704,0.301185,0.350667,0.400148,,0.996256
2026-07-26T01:37:58+00:00,bid,RTX A4000,9,62,0.013519,0.013889,0.106801,0.107037,0.10716,0.093611,0.97131
2026-07-26T01:37:58+00:00,bid,RTX A5000,7,12,0.020556,0.109444,0.11037,0.334444,0.334815,0.109444,0.971748
2026-07-26T01:37:58+00:00,bid,RTX A6000,9,20,0.134815,0.202593,0.302167,0.321111,0.373611,0.373611,0.991304
2026-07-26T01:37:58+00:00,bid,RTX PRO 2000,1,2,0.134074,0.134074,0.134074,0.134074,0.134074,,0.963045
2026-07-26T01:37:58+00:00,bid,RTX PRO 4000,11,18,0.055556,0.067778,0.068889,0.128148,0.201852,0.201037,0.984408
2026-07-26T01:37:58+00:00,bid,RTX PRO 5000,12,17,0.135111,0.296296,0.518056,0.738815,0.803704,0.502222,0.991529
2026-07-26T01:37:58+00:00,bid,RTX PRO 6000 S,21,49,0.335556,0.746741,1.067407,1.200556,1.466944,1.067407,0.996718
2026-07-26T01:37:58+00:00,bid,RTX PRO 6000 WS,23,36,0.334444,0.60287,0.800741,1.006667,1.337037,0.974074,0.995456
2026-07-26T01:37:58+00:00,bid,Tesla P100,3,4,0.041481,0.087963,0.134444,0.135,0.135556,0.135,0.985444
2026-07-26T01:37:58+00:00,bid,Tesla P4,1,1,0.011926,0.011926,0.011926,0.011926,0.011926,,0.989737
2026-07-26T01:37:58+00:00,bid,Tesla P40,3,8,0.065889,0.066167,0.066444,0.066444,0.066444,0.066444,0.992634
2026-07-26T01:37:58+00:00,bid,Tesla T4,2,3,3.400741,3.400926,3.401111,3.401296,3.401481,,0.972396
2026-07-26T01:37:58+00:00,bid,Tesla V100,12,30,0.08037,0.095037,0.134213,0.162222,0.242222,0.162222,0.984453
2026-07-26T01:37:58+00:00,bid,Titan RTX,3,4,0.095556,0.102222,0.108889,0.118704,0.128519,0.102222,0.99143
2026-07-26T01:37:58+00:00,bid,Titan Xp,3,11,0.04037,0.040463,0.040556,0.041389,0.042222,0.040556,0.995547
2026-07-26T01:42:57+00:00,on-demand,A100 PCIE,12,29,0.267407,0.335278,0.931291,1.001389,1.537739,0.994435,0.991949
2026-07-26T01:42:57+00:00,on-demand,A100 SXM4,26,76,0.401481,0.827338,1.056074,1.214028,1.734259,1.05537,0.994474
2026-07-26T01:42:57+00:00,on-demand,A40,2,3,0.601111,0.601389,0.601667,0.601944,0.602222,0.601667,0.994185
2026-07-26T01:42:57+00:00,on-demand,A800 PCIE,3,7,0.667222,0.6675,0.667778,0.668333,0.668889,,0.994204
2026-07-26T01:42:57+00:00,on-demand,B200,11,48,5.867708,5.878255,5.937674,6.25026,8.609722,5.937674,0.996756
2026-07-26T01:42:57+00:00,on-demand,B300,4,15,5.625521,7.266536,7.814062,8.048611,8.750694,8.750694,0.974152
2026-07-26T01:42:57+00:00,on-demand,CMP 170HX,2,9,0.120185,0.120509,0.120833,0.121157,0.121481,,0.939596
2026-07-26T01:42:57+00:00,on-demand,GTX 1050 Ti,1,1,4.001481,4.001481,4.001481,4.001481,4.001481,,0.959235
2026-07-26T01:42:57+00:00,on-demand,GTX 1060,3,4,0.087778,0.088333,0.088889,0.216667,0.344444,0.088333,0.999298
2026-07-26T01:42:57+00:00,on-demand,GTX 1070,1,1,0.531111,0.531111,0.531111,0.531111,0.531111,0.531111,0.935063
2026-07-26T01:42:57+00:00,on-demand,GTX 1070 Ti,1,2,0.051778,0.051778,0.051778,0.051778,0.051778,0.051778,0.997273
2026-07-26T01:42:57+00:00,on-demand,GTX 1080,4,10,0.027778,0.033056,0.042926,0.0515,0.052889,0.051963,0.986797
2026-07-26T01:42:57+00:00,on-demand,GTX 1080 Ti,7,22,0.042667,0.062167,0.066222,0.073862,0.080556,0.069937,0.997126
2026-07-26T01:42:57+00:00,on-demand,GTX 1650 S,1,1,0.677778,0.677778,0.677778,0.677778,0.677778,,0.934025
2026-07-26T01:42:57+00:00,on-demand,GTX 1660 S,1,1,0.451111,0.451111,0.451111,0.451111,0.451111,,0.941915
2026-07-26T01:42:57+00:00,on-demand,GTX TITAN X,1,1,0.048889,0.048889,0.048889,0.048889,0.048889,0.048889,0.987518
2026-07-26T01:42:57+00:00,on-demand,H100 NVL,6,9,2.068148,2.124778,2.201778,2.368222,2.535556,2.121481,0.965975
2026-07-26T01:42:57+00:00,on-demand,H100 PCIE,2,9,1.362222,1.455037,1.547852,1.640667,1.733481,1.733481,0.969396
2026-07-26T01:42:57+00:00,on-demand,H100 SXM,12,35,1.733889,2.102333,2.801667,3.079804,5.348889,2.227852,0.993883
2026-07-26T01:42:57+00:00,on-demand,H200,4,6,3.934942,3.93549,4.007858,4.080318,4.08114,4.007858,0.998418
2026-07-26T01:42:57+00:00,on-demand,H200 NVL,9,21,2.800741,3.333611,3.499704,3.855556,5.136889,3.855556,0.982128
2026-07-26T01:42:57+00:00,on-demand,L4,3,10,0.333889,0.333981,0.334074,1.833981,3.333889,0.333981,0.998072
2026-07-26T01:42:57+00:00,on-demand,L40,4,8,0.297037,0.505093,0.575,0.576111,0.577778,0.575556,0.98466
2026-07-26T01:42:57+00:00,on-demand,L40S,15,51,0.40037,0.498333,0.667037,1.068056,2.442222,0.935648,0.988706
2026-07-26T01:42:57+00:00,on-demand,Q RTX 5000,2,3,0.080741,0.080926,0.081111,0.081296,0.081481,,0.938174
2026-07-26T01:42:57+00:00,on-demand,Q RTX 6000,1,1,0.20437,0.20437,0.20437,0.20437,0.20437,,0.969403
2026-07-26T01:42:57+00:00,on-demand,Q RTX 8000,5,9,0.253704,0.254074,0.254815,0.271111,0.280889,0.254815,0.998639
2026-07-26T01:42:57+00:00,on-demand,Quadro GV100,1,1,0.467407,0.467407,0.467407,0.467407,0.467407,,0.967946
2026-07-26T01:42:57+00:00,on-demand,Quadro P4000,4,6,0.054444,0.054444,0.055,0.057222,0.062222,0.058333,0.979842
2026-07-26T01:42:57+00:00,on-demand,RTX 2060,1,1,0.415556,0.415556,0.415556,0.415556,0.415556,0.415556,0.994952
2026-07-26T01:42:57+00:00,on-demand,RTX 2070,1,2,0.081111,0.081111,0.081111,0.081111,0.081111,0.081111,0.981302
2026-07-26T01:42:57+00:00,on-demand,RTX 2070S,1,9,0.073498,0.073498,0.073498,0.073498,0.073498,,0.987348
2026-07-26T01:42:57+00:00,on-demand,RTX 2080 Ti,8,24,0.040444,0.077239,0.080083,0.124685,0.811111,0.080111,0.994707
2026-07-26T01:42:57+00:00,on-demand,RTX 2080S,1,1,0.744444,0.744444,0.744444,0.744444,0.744444,0.744444,0.973958
2026-07-26T01:42:57+00:00,on-demand,RTX 3060,14,51,0.050815,0.057593,0.076638,0.125778,1.335556,0.06838,0.995257
2026-07-26T01:42:57+00:00,on-demand,RTX 3060 Ti,1,1,1.335556,1.335556,1.335556,1.335556,1.335556,,0.951669
2026-07-26T01:42:57+00:00,on-demand,RTX 3060 laptop,5,14,0.026685,0.041111,0.042222,0.055556,0.073481,0.064519,0.994309
2026-07-26T01:42:57+00:00,on-demand,RTX 3070,5,14,0.047778,0.048889,0.080889,0.107037,0.107222,0.094056,0.994102
2026-07-26T01:42:57+00:00,on-demand,RTX 3080,12,38,0.060222,0.10037,0.116917,0.173639,0.252326,0.147148,0.993493
2026-07-26T01:42:57+00:00,on-demand,RTX 3080 Ti,3,3,0.075556,0.122222,0.168889,0.232222,0.295556,0.168889,0.993825
2026-07-26T01:42:57+00:00,on-demand,RTX 3090,46,143,0.111481,0.14787,0.240556,0.334306,1.336296,0.247222,0.992276
2026-07-26T01:42:57+00:00,on-demand,RTX 3090 Ti,1,1,0.175556,0.175556,0.175556,0.175556,0.175556,,0.99308
2026-07-26T01:42:57+00:00,on-demand,RTX 4060,5,8,0.061111,0.061185,0.064444,0.082222,2.677778,0.062778,0.99451
2026-07-26T01:42:57+00:00,on-demand,RTX 4060 Ti,4,9,0.082222,0.082972,0.0835,0.099111,0.145111,0.0835,0.993346
2026-07-26T01:42:57+00:00,on-demand,RTX 4070,2,2,0.082222,0.084444,0.086667,0.088889,0.091111,0.091111,0.994941
2026-07-26T01:42:57+00:00,on-demand,RTX 4070 Ti,8,29,0.102222,0.103889,0.106929,0.120972,0.241111,0.106944,0.985929
2026-07-26T01:42:57+00:00,on-demand,RTX 4070S,10,33,0.081204,0.083935,0.092407,0.122106,0.668889,0.089074,0.97999
2026-07-26T01:42:57+00:00,on-demand,RTX 4070S Ti,6,19,0.094444,0.153403,0.267083,0.267639,0.268889,0.267222,0.999557
2026-07-26T01:42:57+00:00,on-demand,RTX 4080,7,13,0.122963,0.161667,0.177704,0.268333,0.293926,0.268333,0.980298
2026-07-26T01:42:57+00:00,on-demand,RTX 4080S,11,30,0.11716,0.174833,0.213611,0.228222,0.401111,0.254556,0.995414
2026-07-26T01:42:57+00:00,on-demand,RTX 4090,61,192,0.133611,0.308148,0.400556,0.601852,1.337037,0.602778,0.994563
2026-07-26T01:42:57+00:00,on-demand,RTX 4090D,4,8,0.322815,0.58112,0.6675,0.668056,0.668889,0.322815,0.967226
2026-07-26T01:42:57+00:00,on-demand,RTX 5000Ada,3,5,0.427778,0.428333,0.428889,0.435,0.441111,0.428889,0.996385
2026-07-26T01:42:57+00:00,on-demand,RTX 5060,5,7,0.045704,0.05363,0.077037,0.081111,0.148889,0.077037,0.981639
2026-07-26T01:42:57+00:00,on-demand,RTX 5060 Ti,23,82,0.067556,0.094167,0.134815,0.173917,0.933348,0.170167,0.995676
2026-07-26T01:42:57+00:00,on-demand,RTX 5060 laptop,1,1,0.135556,0.135556,0.135556,0.135556,0.135556,,0.97048
2026-07-26T01:42:57+00:00,on-demand,RTX 5070,7,13,0.075556,0.088148,0.101852,0.129444,0.202222,0.129444,0.986788
2026-07-26T01:42:57+00:00,on-demand,RTX 5070 Ti,3,7,0.134444,0.1475,0.160556,0.161389,0.162222,0.160556,0.990613
2026-07-26T01:42:57+00:00,on-demand,RTX 5080,18,59,0.133611,0.168056,0.17377,0.224944,0.802963,0.241111,0.985277
2026-07-26T01:42:57+00:00,on-demand,RTX 5090,52,177,0.212889,0.437593,0.533719,0.668611,33.333889,0.666944,0.990549
2026-07-26T01:42:57+00:00,on-demand,RTX 5880Ada,4,15,0.453593,0.453787,0.511185,0.568981,0.57037,0.511185,0.996807
2026-07-26T01:42:57+00:00,on-demand,RTX 6000Ada,10,25,0.203556,0.464722,0.643519,0.720903,0.735556,0.682222,0.9932
2026-07-26T01:42:57+00:00,on-demand,RTX A2000,3,4,0.034074,0.035111,0.036148,0.264815,0.493481,,0.995152
2026-07-26T01:42:57+00:00,on-demand,RTX A4000,6,37,0.071778,0.074713,0.080231,0.12017,0.133827,,0.991922
2026-07-26T01:42:57+00:00,on-demand,RTX A5000,4,6,0.332519,0.333907,20.167556,40.000926,40.001481,0.333444,0.985584
2026-07-26T01:42:57+00:00,on-demand,RTX A6000,8,21,0.28963,0.374306,0.394583,0.405556,0.454444,0.40125,0.989031
2026-07-26T01:42:57+00:00,on-demand,RTX PRO 4000,9,19,0.202222,0.257845,0.293889,0.337037,0.535556,0.267704,0.984408
2026-07-26T01:42:57+00:00,on-demand,RTX PRO 4500,2,2,0.282222,0.295556,0.308889,0.322222,0.335556,0.335556,0.964026
2026-07-26T01:42:57+00:00,on-demand,RTX PRO 5000,8,14,0.37,0.640972,0.667407,0.895352,0.897037,0.654111,0.993243
2026-07-26T01:42:57+00:00,on-demand,RTX PRO 6000 S,12,33,1.068889,1.268472,1.48125,1.635185,1.736296,1.600694,0.996286
2026-07-26T01:42:57+00:00,on-demand,RTX PRO 6000 WS,14,26,0.826889,0.961157,1.173481,1.34787,5.335556,1.24837,0.991863
2026-07-26T01:42:57+00:00,on-demand,Tesla P100,5,10,0.054815,0.081111,0.081481,0.201111,0.202222,0.141296,0.985444
2026-07-26T01:42:57+00:00,on-demand,Tesla P4,1,1,0.023259,0.023259,0.023259,0.023259,0.023259,,0.989737
2026-07-26T01:42:57+00:00,on-demand,Tesla P40,2,6,0.132556,0.132694,0.132833,0.132972,0.133111,0.132833,0.992634
2026-07-26T01:42:57+00:00,on-demand,Tesla T4,2,3,12.000741,12.000926,12.001111,12.001296,12.001481,,0.972396
2026-07-26T01:42:57+00:00,on-demand,Tesla V100,9,29,0.106944,0.107778,0.133704,0.166944,0.268889,0.211778,0.962735
2026-07-26T01:42:57+00:00,on-demand,Titan RTX,3,4,0.135185,0.13537,0.135556,0.142222,0.148889,0.142222,0.99143
2026-07-26T01:42:57+00:00,on-demand,Titan Xp,3,11,0.053704,0.053796,0.053889,0.054722,0.055556,0.053889,0.996062
2026-07-26T01:42:57+00:00,bid,A100 PCIE,18,25,0.133889,0.135556,0.201111,0.202222,0.534519,0.202222,0.994715
2026-07-26T01:42:57+00:00,bid,A100 SXM4,28,62,0.135556,0.412593,0.719493,0.801667,1.042156,0.642963,0.99148
2026-07-26T01:42:57+00:00,bid,A40,1,2,0.234074,0.234074,0.234074,0.234074,0.234074,0.234074,0.984357
2026-07-26T01:42:57+00:00,bid,A800 PCIE,7,12,0.129889,0.130444,0.131556,0.131556,0.131556,,0.994204
2026-07-26T01:42:57+00:00,bid,B200,11,48,5.625174,5.62526,5.627604,6.066406,6.859722,5.627604,0.996756
2026-07-26T01:42:57+00:00,bid,B300,3,11,5.000694,5.000868,5.001042,5.001563,5.002083,5.000694,0.959834
2026-07-26T01:42:57+00:00,bid,CMP 170HX,5,17,0.101989,0.102729,0.106185,0.10637,0.106741,,0.939596
2026-07-26T01:42:57+00:00,bid,GTX 1050 Ti,2,2,0.021562,0.022283,0.023003,0.023724,0.024444,,0.942805
2026-07-26T01:42:57+00:00,bid,GTX 1060,1,1,0.031111,0.031111,0.031111,0.031111,0.031111,,0.938642
2026-07-26T01:42:57+00:00,bid,GTX 1070,1,1,0.024444,0.024444,0.024444,0.024444,0.024444,0.024444,0.935063
2026-07-26T01:42:57+00:00,bid,GTX 1080,6,18,0.014815,0.040417,0.040556,0.040972,0.042222,0.040556,0.996469
2026-07-26T01:42:57+00:00,bid,GTX 1080 Ti,11,38,0.029333,0.040833,0.053651,0.053981,0.054444,0.053651,0.9956
2026-07-26T01:42:57+00:00,bid,GTX 1650 S,1,1,0.04,0.04,0.04,0.04,0.04,,0.934025
2026-07-26T01:42:57+00:00,bid,GTX 1660 S,1,1,0.031111,0.031111,0.031111,0.031111,0.031111,,0.941915
2026-07-26T01:42:57+00:00,bid,GTX 1660 Ti,1,1,0.037778,0.037778,0.037778,0.037778,0.037778,0.037778,0.93599
2026-07-26T01:42:57+00:00,bid,GTX TITAN X,1,1,0.042222,0.042222,0.042222,0.042222,0.042222,0.042222,0.987518
2026-07-26T01:42:57+00:00,bid,H100 NVL,7,10,0.934667,0.935333,0.936,1.595185,1.934815,1.628148,0.963463
2026-07-26T01:42:57+00:00,bid,H100 PCIE,2,9,0.733481,0.817333,0.901185,0.985037,1.068889,0.733481,0.969396
2026-07-26T01:42:57+00:00,bid,H100 SXM,10,30,1.003259,1.135,2.001444,2.501361,4.002222,2.002667,0.990425
2026-07-26T01:42:57+00:00,bid,H200,4,6,3.81652,3.816795,3.817069,3.817434,3.817982,3.817069,0.998418
2026-07-26T01:42:57+00:00,bid,H200 NVL,13,18,0.403778,1.335556,1.339555,1.867407,1.975556,1.339703,0.982128
2026-07-26T01:42:57+00:00,bid,L4,6,15,0.134074,0.152289,0.234948,0.307185,0.322222,0.267407,0.997969
2026-07-26T01:42:57+00:00,bid,L40,5,9,0.467778,0.468889,0.471111,0.471111,0.471111,0.471111,0.98466
2026-07-26T01:42:57+00:00,bid,L40S,23,72,0.200185,0.335,0.535185,0.540741,0.803704,0.537037,0.996861
2026-07-26T01:42:57+00:00,bid,Q RTX 5000,2,3,0.054074,0.054259,0.054444,0.05463,0.054815,,0.938174
2026-07-26T01:42:57+00:00,bid,Q RTX 6000,1,1,0.133704,0.133704,0.133704,0.133704,0.133704,,0.969403
2026-07-26T01:42:57+00:00,bid,Q RTX 8000,2,2,0.022222,0.041611,0.061,0.080389,0.099778,0.061,0.998662
2026-07-26T01:42:57+00:00,bid,Quadro GV100,1,1,0.134074,0.134074,0.134074,0.134074,0.134074,,0.967946
2026-07-26T01:42:57+00:00,bid,Quadro P4000,3,4,0.041111,0.041667,0.042222,0.048111,0.054,0.054,0.963337
2026-07-26T01:42:57+00:00,bid,RTX 2060,2,2,0.031111,0.107222,0.183333,0.259444,0.335556,0.183333,0.967681
2026-07-26T01:42:57+00:00,bid,RTX 2060S,1,1,0.123704,0.123704,0.123704,0.123704,0.123704,0.123704,0.934673
2026-07-26T01:42:57+00:00,bid,RTX 2070S,2,17,0.066831,0.066836,0.066842,0.066847,0.066852,,0.987348
2026-07-26T01:42:57+00:00,bid,RTX 2080 Ti,7,11,0.037778,0.06779,0.070074,0.107778,0.108889,0.088741,0.997332
2026-07-26T01:42:57+00:00,bid,RTX 2080S,1,1,0.037778,0.037778,0.037778,0.037778,0.037778,0.037778,0.973958
2026-07-26T01:42:57+00:00,bid,RTX 3060,12,40,0.025111,0.044227,0.0465,0.060519,0.102815,0.045778,0.993122
2026-07-26T01:42:57+00:00,bid,RTX 3060 Ti,1,1,0.132889,0.132889,0.132889,0.132889,0.132889,,0.951669
2026-07-26T01:42:57+00:00,bid,RTX 3060 laptop,3,11,0.013352,0.025898,0.038444,0.058037,0.07763,0.07763,0.997987
2026-07-26T01:42:57+00:00,bid,RTX 3070,7,20,0.040444,0.054537,0.083778,0.089389,0.094444,0.084889,0.99134
2026-07-26T01:42:57+00:00,bid,RTX 3080,11,29,0.061481,0.0675,0.068889,0.19061,0.241659,0.140333,0.989565
2026-07-26T01:42:57+00:00,bid,RTX 3080 Ti,4,4,0.076948,0.094793,0.118148,0.148889,0.188889,0.135556,0.994738
2026-07-26T01:42:57+00:00,bid,RTX 3090,57,158,0.066981,0.108593,0.134074,0.161111,0.268889,0.134481,0.989877
2026-07-26T01:42:57+00:00,bid,RTX 4060,1,1,0.054519,0.054519,0.054519,0.054519,0.054519,,0.964967
2026-07-26T01:42:57+00:00,bid,RTX 4060 Ti,7,17,0.035556,0.046296,0.055778,0.091167,0.107778,0.075222,0.996483
2026-07-26T01:42:57+00:00,bid,RTX 4070,5,11,0.054444,0.054444,0.055556,0.075222,0.161111,0.055556,0.999201
2026-07-26T01:42:57+00:00,bid,RTX 4070 Ti,8,24,0.093611,0.093889,0.094444,0.135278,0.215556,0.094444,0.98587
2026-07-26T01:42:57+00:00,bid,RTX 4070S,8,29,0.063572,0.07419,0.089676,0.096343,0.098148,0.095139,0.988961
2026-07-26T01:42:57+00:00,bid,RTX 4070S Ti,8,23,0.106889,0.159097,0.1675,0.176944,0.202222,0.1675,0.999507
2026-07-26T01:42:57+00:00,bid,RTX 4080,7,13,0.081111,0.108074,0.147037,0.224333,0.255556,0.255,0.980298
2026-07-26T01:42:57+00:00,bid,RTX 4080S,16,39,0.06716,0.121389,0.188259,0.200528,0.24037,0.188889,0.997409
2026-07-26T01:42:57+00:00,bid,RTX 4090,83,227,0.133222,0.226889,0.268889,0.507685,1.005037,0.368333,0.995561
2026-07-26T01:42:57+00:00,bid,RTX 4090D,3,7,0.604556,0.604833,0.605111,0.605667,0.606222,,0.967226
2026-07-26T01:42:57+00:00,bid,RTX 5000Ada,3,5,0.267778,0.268333,0.268889,0.295,0.321111,0.268889,0.997889
2026-07-26T01:42:57+00:00,bid,RTX 5060,3,4,0.040296,0.04737,0.054444,0.075,0.095556,,0.981639
2026-07-26T01:42:57+00:00,bid,RTX 5060 Ti,30,102,0.053519,0.067824,0.107222,0.142444,0.160889,0.14175,0.993634
2026-07-26T01:42:57+00:00,bid,RTX 5070,8,12,0.054074,0.075093,0.102407,0.1525,0.162222,0.13537,0.991873
2026-07-26T01:42:57+00:00,bid,RTX 5070 Ti,9,18,0.093889,0.107778,0.133926,0.135556,0.157481,0.121407,0.99271
2026-07-26T01:42:57+00:00,bid,RTX 5080,15,25,0.02963,0.128778,0.161111,0.181389,0.241111,0.16213,0.987251
2026-07-26T01:42:57+00:00,bid,RTX 5090,68,178,0.102222,0.276741,0.388296,0.4725,0.907222,0.421296,0.99502
2026-07-26T01:42:57+00:00,bid,RTX 5880Ada,6,8,0.295185,0.297037,0.297037,0.297037,0.33437,0.297037,0.995788
2026-07-26T01:42:57+00:00,bid,RTX 6000Ada,17,37,0.137778,0.295556,0.388889,0.468889,0.680889,0.467704,0.995973
2026-07-26T01:42:57+00:00,bid,RTX A2000,2,2,0.202222,0.251704,0.301185,0.350667,0.400148,,0.996256
2026-07-26T01:42:57+00:00,bid,RTX A4000,8,52,0.013519,0.046236,0.106827,0.107037,0.10716,,0.97131
2026-07-26T01:42:57+00:00,bid,RTX A5000,3,7,0.108519,0.109444,0.11037,0.170726,0.231081,0.11037,0.999419
2026-07-26T01:42:57+00:00,bid,RTX A6000,9,20,0.134815,0.136296,0.302167,0.322222,0.375556,0.373611,0.993412
2026-07-26T01:42:57+00:00,bid,RTX PRO 2000,1,2,0.134074,0.134074,0.134074,0.134074,0.134074,,0.963045
2026-07-26T01:42:57+00:00,bid,RTX PRO 4000,11,19,0.055556,0.067778,0.068889,0.19463,0.215185,0.202778,0.984408
2026-07-26T01:42:57+00:00,bid,RTX PRO 5000,14,20,0.135111,0.311019,0.508056,0.683222,0.803704,0.482222,0.991529
2026-07-26T01:42:57+00:00,bid,RTX PRO 6000 S,18,43,0.335556,1.000694,1.068148,1.167616,1.467222,1.068148,0.997446
2026-07-26T01:42:57+00:00,bid,RTX PRO 6000 WS,29,42,0.334444,0.538519,0.800741,1.002222,1.337037,0.937037,0.995456
2026-07-26T01:42:57+00:00,bid,Tesla P100,3,4,0.041481,0.087963,0.134444,0.135,0.135556,0.135,0.985444
2026-07-26T01:42:57+00:00,bid,Tesla P4,1,1,0.011926,0.011926,0.011926,0.011926,0.011926,,0.989737
2026-07-26T01:42:57+00:00,bid,Tesla P40,2,6,0.065889,0.066028,0.066167,0.066306,0.066444,0.066167,0.992634
2026-07-26T01:42:57+00:00,bid,Tesla T4,2,3,3.400741,3.400926,3.401111,3.401296,3.401481,,0.972396
2026-07-26T01:42:57+00:00,bid,Tesla V100,9,23,0.08037,0.095407,0.134815,0.162222,0.242222,0.161389,0.990778
2026-07-26T01:42:57+00:00,bid,Titan RTX,3,4,0.095556,0.102222,0.108889,0.118704,0.128519,0.102222,0.99143
2026-07-26T01:42:57+00:00,bid,Titan Xp,3,11,0.04037,0.040463,0.040556,0.041389,0.042222,0.040556,0.995547
2026-07-26T01:47:57+00:00,on-demand,A100 PCIE,11,25,0.267407,0.335,0.994435,1.001667,1.537739,0.997739,0.99519
2026-07-26T01:47:57+00:00,on-demand,A100 SXM4,25,80,0.40037,0.802222,1.056148,1.226852,1.734259,1.056074,0.990004
2026-07-26T01:47:57+00:00,on-demand,A40,2,3,0.601111,0.601389,0.601667,0.601944,0.602222,0.601667,0.994185
2026-07-26T01:47:57+00:00,on-demand,A800 PCIE,3,7,0.667222,0.6675,0.667778,0.668333,0.668889,,0.994204
2026-07-26T01:47:57+00:00,on-demand,B200,9,32,5.876302,6.25026,6.492708,6.877083,8.609722,6.492708,0.996756
2026-07-26T01:47:57+00:00,on-demand,B300,4,15,5.625521,7.266536,7.814062,8.048611,8.750694,8.750694,0.974152
2026-07-26T01:47:57+00:00,on-demand,CMP 170HX,3,11,0.120185,0.120463,0.120741,0.121111,0.121481,,0.939596
2026-07-26T01:47:57+00:00,on-demand,GTX 1050 Ti,1,1,4.001481,4.001481,4.001481,4.001481,4.001481,,0.959235
2026-07-26T01:47:57+00:00,on-demand,GTX 1060,3,4,0.087778,0.088333,0.088889,0.216667,0.344444,0.088333,0.999298
2026-07-26T01:47:57+00:00,on-demand,GTX 1070,1,1,0.531111,0.531111,0.531111,0.531111,0.531111,0.531111,0.935063
2026-07-26T01:47:57+00:00,on-demand,GTX 1070 Ti,2,5,0.051222,0.051639,0.052056,0.052472,0.052889,0.052056,0.992433
2026-07-26T01:47:57+00:00,on-demand,GTX 1080,4,11,0.027778,0.043611,0.049963,0.051222,0.051778,0.051407,0.968609
2026-07-26T01:47:57+00:00,on-demand,GTX 1080 Ti,6,18,0.042667,0.060694,0.063,0.07146,0.074074,0.064889,0.996769
2026-07-26T01:47:57+00:00,on-demand,GTX 1650 S,1,1,0.677778,0.677778,0.677778,0.677778,0.677778,,0.934025
2026-07-26T01:47:57+00:00,on-demand,GTX 1660 S,1,1,0.451111,0.451111,0.451111,0.451111,0.451111,,0.941915
2026-07-26T01:47:57+00:00,on-demand,GTX TITAN X,2,2,0.031556,0.035889,0.040222,0.044556,0.048889,0.048889,0.991164
2026-07-26T01:47:57+00:00,on-demand,H100 NVL,5,7,1.496296,2.121481,2.134667,2.268889,2.642222,2.381852,0.963463
2026-07-26T01:47:57+00:00,on-demand,H100 PCIE,2,9,1.362222,1.455037,1.547852,1.640667,1.733481,1.733481,0.969396
2026-07-26T01:47:57+00:00,on-demand,H100 SXM,13,37,1.733889,2.184593,2.802222,3.000667,5.348889,2.501852,0.993275
2026-07-26T01:47:57+00:00,on-demand,H200,4,6,3.934942,3.93549,4.007858,4.080318,4.08114,4.007858,0.998413
2026-07-26T01:47:57+00:00,on-demand,H200 NVL,8,20,2.800741,3.267431,3.594444,4.165111,5.096889,4.474667,0.979291
2026-07-26T01:47:57+00:00,on-demand,L4,4,11,0.202222,0.300972,0.334167,1.084306,3.333889,0.334167,0.984405
2026-07-26T01:47:57+00:00,on-demand,L40,5,11,0.297037,0.454074,0.574444,0.575556,0.577778,0.575,0.98466
2026-07-26T01:47:57+00:00,on-demand,L40S,14,46,0.40037,0.482685,0.733889,1.00125,2.442222,0.801852,0.996766
2026-07-26T01:47:57+00:00,on-demand,Q RTX 5000,2,3,0.080741,0.080926,0.081111,0.081296,0.081481,,0.938174
2026-07-26T01:47:57+00:00,on-demand,Q RTX 8000,5,9,0.253704,0.254074,0.254815,0.271111,0.280889,0.254815,0.998639
2026-07-26T01:47:57+00:00,on-demand,Quadro GV100,1,1,0.467407,0.467407,0.467407,0.467407,0.467407,,0.967946
2026-07-26T01:47:57+00:00,on-demand,Quadro P4000,4,6,0.054444,0.054444,0.055,0.055556,0.055556,0.055,0.980045
2026-07-26T01:47:57+00:00,on-demand,RTX 2060,1,1,0.415556,0.415556,0.415556,0.415556,0.415556,0.415556,0.994952
2026-07-26T01:47:57+00:00,on-demand,RTX 2070,1,2,0.081111,0.081111,0.081111,0.081111,0.081111,0.081111,0.981302
2026-07-26T01:47:57+00:00,on-demand,RTX 2070S,1,9,0.073498,0.073498,0.073498,0.073498,0.073498,,0.987348
2026-07-26T01:47:57+00:00,on-demand,RTX 2080 Ti,7,23,0.068889,0.080039,0.087802,0.128259,0.811111,0.087802,0.994707
2026-07-26T01:47:57+00:00,on-demand,RTX 2080S,1,1,0.744444,0.744444,0.744444,0.744444,0.744444,0.744444,0.973958
2026-07-26T01:47:57+00:00,on-demand,RTX 3060,11,39,0.038074,0.07636,0.080463,0.409259,1.335556,0.140741,0.995257
2026-07-26T01:47:57+00:00,on-demand,RTX 3060 Ti,1,1,1.335556,1.335556,1.335556,1.335556,1.335556,,0.951669
2026-07-26T01:47:57+00:00,on-demand,RTX 3060 laptop,4,12,0.026685,0.037505,0.041667,0.045556,0.055556,0.055556,0.996449
2026-07-26T01:47:57+00:00,on-demand,RTX 3070,7,18,0.047778,0.06537,0.101852,0.10713,0.562222,0.107222,0.994102
2026-07-26T01:47:57+00:00,on-demand,RTX 3080,14,38,0.060278,0.075185,0.116917,0.2252,0.562222,0.147556,0.993493
2026-07-26T01:47:57+00:00,on-demand,RTX 3080 Ti,5,6,0.102222,0.122222,0.135185,0.174222,0.295556,0.154704,0.996304
2026-07-26T01:47:57+00:00,on-demand,RTX 3090,44,139,0.111481,0.147153,0.240833,0.334722,1.336296,0.247593,0.992291
2026-07-26T01:47:57+00:00,on-demand,RTX 3090 Ti,1,1,0.175556,0.175556,0.175556,0.175556,0.175556,,0.99308
2026-07-26T01:47:57+00:00,on-demand,RTX 4060,5,6,0.060593,0.061185,0.064444,0.082222,2.677778,0.064444,0.985027
2026-07-26T01:47:57+00:00,on-demand,RTX 4060 Ti,5,11,0.058148,0.081852,0.093889,0.11037,0.145111,0.093889,0.998476
2026-07-26T01:47:57+00:00,on-demand,RTX 4070,2,2,0.082222,0.085556,0.088889,0.092222,0.095556,0.095556,0.996923
2026-07-26T01:47:57+00:00,on-demand,RTX 4070 Ti,8,29,0.09037,0.105741,0.107083,0.121389,0.241111,0.107222,0.98587
2026-07-26T01:47:57+00:00,on-demand,RTX 4070S,9,32,0.081204,0.09037,0.097037,0.122407,0.668889,0.09037,0.988961
2026-07-26T01:47:57+00:00,on-demand,RTX 4070S Ti,7,20,0.080296,0.134444,0.266944,0.2675,0.268889,0.267222,0.999557
2026-07-26T01:47:57+00:00,on-demand,RTX 4080,8,15,0.121481,0.161944,0.176259,0.268056,0.293926,0.267778,0.986305
2026-07-26T01:47:57+00:00,on-demand,RTX 4080S,12,33,0.118148,0.149907,0.207843,0.227315,0.401111,0.227704,0.997622
2026-07-26T01:47:57+00:00,on-demand,RTX 4090,56,175,0.133611,0.30963,0.393852,0.535667,0.894815,0.521154,0.994316
2026-07-26T01:47:57+00:00,on-demand,RTX 4090D,4,8,0.325481,0.581787,0.6675,0.668056,0.668889,0.325481,0.967226
2026-07-26T01:47:57+00:00,on-demand,RTX 5000Ada,2,3,0.441111,0.441389,0.441667,0.441944,0.442222,0.441667,0.997889
2026-07-26T01:47:57+00:00,on-demand,RTX 5060,4,4,0.05363,0.068574,0.111222,0.157222,0.182222,0.127889,0.987067
2026-07-26T01:47:57+00:00,on-demand,RTX 5060 Ti,24,84,0.080278,0.104306,0.131204,0.172736,0.933348,0.170167,0.994547
2026-07-26T01:47:57+00:00,on-demand,RTX 5070,7,13,0.081852,0.096111,0.102222,0.129444,0.15037,0.129444,0.99294
2026-07-26T01:47:57+00:00,on-demand,RTX 5070 Ti,3,3,0.134963,0.161926,0.188889,0.195556,0.202222,0.202222,0.995538
2026-07-26T01:47:57+00:00,on-demand,RTX 5080,18,59,0.133611,0.17371,0.200556,0.237778,0.802963,0.254167,0.990855
2026-07-26T01:47:57+00:00,on-demand,RTX 5090,52,174,0.212889,0.434111,0.533611,0.76438,33.333889,0.668519,0.991797
2026-07-26T01:47:57+00:00,on-demand,RTX 5880Ada,4,15,0.453593,0.453787,0.511185,0.568981,0.57037,0.511185,0.996807
2026-07-26T01:47:57+00:00,on-demand,RTX 6000Ada,9,24,0.203556,0.441111,0.667037,0.682074,0.735556,0.681556,0.995973
2026-07-26T01:47:57+00:00,on-demand,RTX A2000,4,5,0.034074,0.03563,0.036148,0.150481,0.493481,,0.995152
2026-07-26T01:47:57+00:00,on-demand,RTX A4000,7,45,0.071778,0.080231,0.081185,0.133493,0.133827,,0.989325
2026-07-26T01:47:57+00:00,on-demand,RTX A5000,2,3,0.329852,0.330315,0.330778,0.331241,0.331704,0.330778,0.99942
2026-07-26T01:47:57+00:00,on-demand,RTX A6000,8,22,0.288148,0.352824,0.387361,0.405556,0.454444,0.40125,0.99117
2026-07-26T01:47:57+00:00,on-demand,RTX PRO 4000,8,16,0.200556,0.246944,0.280796,0.335648,0.535556,0.301444,0.985206
2026-07-26T01:47:57+00:00,on-demand,RTX PRO 4500,2,2,0.282222,0.295556,0.308889,0.322222,0.335556,0.335556,0.964026
2026-07-26T01:47:57+00:00,on-demand,RTX PRO 5000,7,12,0.64037,0.65413,0.668889,0.896111,1.045185,0.654722,0.994956
2026-07-26T01:47:57+00:00,on-demand,RTX PRO 6000 S,12,37,1.266944,1.308056,1.601389,1.734148,1.736296,1.601389,0.997231
2026-07-26T01:47:57+00:00,on-demand,RTX PRO 6000 WS,16,30,0.933889,0.989028,1.122,1.335093,5.335556,1.159111,0.988712
2026-07-26T01:47:57+00:00,on-demand,Tesla P100,5,10,0.054815,0.081111,0.081481,0.201111,0.202222,0.141296,0.985444
2026-07-26T01:47:57+00:00,on-demand,Tesla P4,1,1,0.023259,0.023259,0.023259,0.023259,0.023259,,0.989737
2026-07-26T01:47:57+00:00,on-demand,Tesla P40,2,6,0.132556,0.132694,0.132833,0.132972,0.133111,0.132833,0.992634
2026-07-26T01:47:57+00:00,on-demand,Tesla T4,2,3,12.000741,12.000926,12.001111,12.001296,12.001481,,0.972396
2026-07-26T01:47:57+00:00,on-demand,Tesla V100,8,27,0.106944,0.107639,0.121296,0.142292,0.268889,0.217917,0.962735
2026-07-26T01:47:57+00:00,on-demand,Titan RTX,3,4,0.135185,0.13537,0.135556,0.149259,0.162963,0.149259,0.99143
2026-07-26T01:47:57+00:00,on-demand,Titan Xp,2,7,0.053704,0.054167,0.05463,0.055093,0.055556,0.05463,0.995547
2026-07-26T01:47:57+00:00,bid,A100 PCIE,19,24,0.131556,0.135556,0.201111,0.202222,0.534519,0.202222,0.988709
2026-07-26T01:47:57+00:00,bid,A100 SXM4,28,63,0.135556,0.401481,0.667685,0.801778,1.042156,0.605185,0.989703
2026-07-26T01:47:57+00:00,bid,A40,1,2,0.234074,0.234074,0.234074,0.234074,0.234074,0.234074,0.984357
2026-07-26T01:47:57+00:00,bid,A800 PCIE,7,12,0.129889,0.130444,0.131556,0.131556,0.131556,,0.994204
2026-07-26T01:47:57+00:00,bid,B200,15,63,5.625174,5.625304,5.625694,5.752344,7.375521,5.625694,0.969656
2026-07-26T01:47:57+00:00,bid,B300,3,11,5.000694,5.000868,5.001042,5.001563,5.002083,5.000694,0.959834
2026-07-26T01:47:57+00:00,bid,CMP 170HX,6,21,0.101618,0.102174,0.104457,0.106324,0.106741,,0.939596
2026-07-26T01:47:57+00:00,bid,GTX 1050 Ti,2,2,0.021562,0.022283,0.023003,0.023724,0.024444,,0.942805
2026-07-26T01:47:57+00:00,bid,GTX 1060,1,1,0.031111,0.031111,0.031111,0.031111,0.031111,,0.938642
2026-07-26T01:47:57+00:00,bid,GTX 1070,1,1,0.024444,0.024444,0.024444,0.024444,0.024444,0.024444,0.935063
2026-07-26T01:47:57+00:00,bid,GTX 1070 Ti,2,6,0.040556,0.040694,0.040833,0.040972,0.041111,0.040833,0.99722
2026-07-26T01:47:57+00:00,bid,GTX 1080,4,14,0.014815,0.033981,0.04037,0.040833,0.042222,0.04037,0.994004
2026-07-26T01:47:57+00:00,bid,GTX 1080 Ti,11,40,0.029333,0.041389,0.053651,0.053981,0.054444,0.05377,0.9956
2026-07-26T01:47:57+00:00,bid,GTX 1650 S,1,1,0.04,0.04,0.04,0.04,0.04,,0.934025
2026-07-26T01:47:57+00:00,bid,GTX 1660,1,1,0.037778,0.037778,0.037778,0.037778,0.037778,,0.944719
2026-07-26T01:47:57+00:00,bid,GTX 1660 S,1,1,0.031111,0.031111,0.031111,0.031111,0.031111,,0.941915
2026-07-26T01:47:57+00:00,bid,GTX 1660 Ti,1,1,0.037778,0.037778,0.037778,0.037778,0.037778,0.037778,0.93599
2026-07-26T01:47:57+00:00,bid,GTX TITAN X,1,1,0.042222,0.042222,0.042222,0.042222,0.042222,0.042222,0.987518
2026-07-26T01:47:57+00:00,bid,H100 NVL,6,9,0.934667,0.935,0.936,1.685111,1.936296,1.935556,0.96333
2026-07-26T01:47:57+00:00,bid,H100 PCIE,2,9,0.733481,0.817333,0.901185,0.985037,1.068889,0.733481,0.969396
2026-07-26T01:47:57+00:00,bid,H100 SXM,14,49,1.003259,1.377222,2.001,2.004333,2.935217,2.001333,0.993275
2026-07-26T01:47:57+00:00,bid,H200,4,6,3.81652,3.816795,3.817069,3.817434,3.817982,3.817069,0.998413
2026-07-26T01:47:57+00:00,bid,H200 NVL,11,15,0.403778,1.338,1.339703,1.975,2.002222,1.339703,0.98166
2026-07-26T01:47:57+00:00,bid,L4,6,14,0.134444,0.152037,0.201852,0.202422,0.320444,0.201481,0.997521
2026-07-26T01:47:57+00:00,bid,L40,3,8,0.267407,0.367593,0.467778,0.469444,0.471111,0.467778,0.98466
2026-07-26T01:47:57+00:00,bid,L40S,22,70,0.20037,0.335556,0.537037,0.596852,0.801852,0.540741,0.998515
2026-07-26T01:47:57+00:00,bid,Q RTX 5000,2,3,0.054074,0.054259,0.054444,0.05463,0.054815,,0.938174
2026-07-26T01:47:57+00:00,bid,Q RTX 6000,1,1,0.133704,0.133704,0.133704,0.133704,0.133704,,0.969403
2026-07-26T01:47:57+00:00,bid,Q RTX 8000,2,2,0.022222,0.041611,0.061,0.080389,0.099778,0.061,0.998662
2026-07-26T01:47:57+00:00,bid,Quadro GV100,1,1,0.134074,0.134074,0.134074,0.134074,0.134074,,0.967946
2026-07-26T01:47:57+00:00,bid,Quadro P4000,3,4,0.041111,0.041667,0.042222,0.044778,0.047333,0.047333,0.963337
2026-07-26T01:47:57+00:00,bid,RTX 2060,2,2,0.031111,0.107222,0.183333,0.259444,0.335556,0.183333,0.967681
2026-07-26T01:47:57+00:00,bid,RTX 2070S,2,17,0.066831,0.066836,0.066842,0.066847,0.066852,,0.987348
2026-07-26T01:47:57+00:00,bid,RTX 2080 Ti,8,13,0.037778,0.068228,0.088741,0.10787,0.108148,0.107407,0.997332
2026-07-26T01:47:57+00:00,bid,RTX 2080S,1,1,0.037778,0.037778,0.037778,0.037778,0.037778,0.037778,0.973958
2026-07-26T01:47:57+00:00,bid,RTX 3060,15,45,0.026222,0.041157,0.047222,0.075852,0.138681,0.041852,0.995257
2026-07-26T01:47:57+00:00,bid,RTX 3060 Ti,1,1,0.132889,0.132889,0.132889,0.132889,0.132889,,0.951669
2026-07-26T01:47:57+00:00,bid,RTX 3060 laptop,4,13,0.013352,0.032171,0.058037,0.0835,0.101111,0.08937,0.995138
2026-07-26T01:47:57+00:00,bid,RTX 3070,10,21,0.040444,0.066843,0.081204,0.145278,0.495556,0.094444,0.99134
2026-07-26T01:47:57+00:00,bid,RTX 3080,15,40,0.061481,0.0675,0.139222,0.240373,0.495556,0.140333,0.989565
2026-07-26T01:47:57+00:00,bid,RTX 3080 Ti,3,3,0.076415,0.085985,0.095556,0.142222,0.188889,0.132652,0.994923
2026-07-26T01:47:57+00:00,bid,RTX 3090,56,136,0.066981,0.108889,0.133907,0.148889,0.255556,0.134815,0.991358
2026-07-26T01:47:57+00:00,bid,RTX 4060,2,3,0.053926,0.054074,0.054222,0.05437,0.054519,,0.964967
2026-07-26T01:47:57+00:00,bid,RTX 4060 Ti,8,19,0.041111,0.049167,0.0655,0.107222,0.107556,0.091167,0.991246
2026-07-26T01:47:57+00:00,bid,RTX 4070,5,8,0.054444,0.054444,0.055556,0.161111,0.162222,0.055556,0.999201
2026-07-26T01:47:57+00:00,bid,RTX 4070 Ti,9,24,0.093611,0.093889,0.108148,0.214444,0.215556,0.101667,0.985988
2026-07-26T01:47:57+00:00,bid,RTX 4070S,9,27,0.069074,0.071481,0.094537,0.098148,0.098148,0.095139,0.988961
2026-07-26T01:47:57+00:00,bid,RTX 4070S Ti,9,26,0.068148,0.167222,0.167778,0.201111,0.202222,0.167778,0.999557
2026-07-26T01:47:57+00:00,bid,RTX 4080,8,14,0.081111,0.082222,0.140481,0.209278,0.255556,0.255,0.980298
2026-07-26T01:47:57+00:00,bid,RTX 4080S,14,33,0.06716,0.121204,0.188259,0.200458,0.202074,0.194704,0.997409
2026-07-26T01:47:57+00:00,bid,RTX 4090,84,213,0.134074,0.212519,0.268148,0.402222,0.802222,0.348056,0.994485
2026-07-26T01:47:57+00:00,bid,RTX 4090D,3,7,0.604556,0.604833,0.605111,0.605667,0.606222,,0.967226
2026-07-26T01:47:57+00:00,bid,RTX 5000Ada,4,5,0.267778,0.268611,0.268889,0.285556,0.335556,0.268889,0.997889
2026-07-26T01:47:57+00:00,bid,RTX 5060,5,6,0.040296,0.054444,0.095556,0.148889,0.148889,0.148889,0.99222
2026-07-26T01:47:57+00:00,bid,RTX 5060 Ti,36,119,0.053519,0.07838,0.1075,0.144403,0.160222,0.141889,0.993482
2026-07-26T01:47:57+00:00,bid,RTX 5070,9,14,0.054074,0.081111,0.083704,0.14637,0.162222,0.133741,0.986788
2026-07-26T01:47:57+00:00,bid,RTX 5070 Ti,10,18,0.093889,0.108056,0.121704,0.135556,0.158963,0.121704,0.99303
2026-07-26T01:47:57+00:00,bid,RTX 5080,20,31,0.02963,0.128278,0.142593,0.165741,0.338519,0.162593,0.992882
2026-07-26T01:47:57+00:00,bid,RTX 5090,64,161,0.102222,0.270741,0.335556,0.401111,0.907222,0.334213,0.994114
2026-07-26T01:47:57+00:00,bid,RTX 5880Ada,4,6,0.295185,0.296574,0.297037,0.30637,0.33437,0.297037,0.995788
2026-07-26T01:47:57+00:00,bid,RTX 6000Ada,15,37,0.137778,0.327222,0.40037,0.468333,0.680889,0.467222,0.99693
2026-07-26T01:47:57+00:00,bid,RTX A2000,2,2,0.202222,0.251704,0.301185,0.350667,0.400148,,0.996256
2026-07-26T01:47:57+00:00,bid,RTX A4000,8,52,0.013519,0.046236,0.106827,0.107037,0.10716,,0.97131
2026-07-26T01:47:57+00:00,bid,RTX A5000,6,11,0.023556,0.108981,0.11037,0.193215,0.221659,0.11037,0.999412
2026-07-26T01:47:57+00:00,bid,RTX A6000,5,15,0.134815,0.136296,0.202593,0.321111,0.373611,0.373611,0.993412
2026-07-26T01:47:57+00:00,bid,RTX PRO 2000,3,4,0.134074,0.134444,0.134815,0.134815,0.134815,,0.963045
2026-07-26T01:47:57+00:00,bid,RTX PRO 4000,13,21,0.055556,0.067778,0.068889,0.187407,0.217037,0.208519,0.984408
2026-07-26T01:47:57+00:00,bid,RTX PRO 5000,12,17,0.135111,0.273519,0.46737,0.727715,0.803704,0.296296,0.991529
2026-07-26T01:47:57+00:00,bid,RTX PRO 6000 S,17,42,0.335556,0.672593,1.068148,1.06963,1.466944,1.067778,0.996286
2026-07-26T01:47:57+00:00,bid,RTX PRO 6000 WS,26,40,0.334444,0.667639,0.862296,1.035904,1.403704,1.028148,0.994272
2026-07-26T01:47:57+00:00,bid,Tesla P100,4,5,0.041481,0.111204,0.135,0.135556,0.135556,0.135556,0.985444
2026-07-26T01:47:57+00:00,bid,Tesla P4,1,1,0.011926,0.011926,0.011926,0.011926,0.011926,,0.989737
2026-07-26T01:47:57+00:00,bid,Tesla P40,3,8,0.065889,0.066167,0.066444,0.066444,0.066444,0.066444,0.992634
2026-07-26T01:47:57+00:00,bid,Tesla T4,2,3,3.400741,3.400926,3.401111,3.401296,3.401481,,0.972396
2026-07-26T01:47:57+00:00,bid,Tesla V100,13,37,0.08037,0.095037,0.133704,0.162222,0.202222,0.161389,0.978128
2026-07-26T01:47:57+00:00,bid,Titan RTX,3,4,0.095556,0.102222,0.108889,0.118704,0.128519,0.102222,0.99143
2026-07-26T01:47:57+00:00,bid,Titan Xp,3,11,0.04037,0.040463,0.040556,0.041389,0.042222,0.040556,0.996062
2026-07-26T01:52:57+00:00,on-demand,A100 PCIE,11,24,0.333611,0.581852,0.995536,1.001667,1.537739,0.996638,0.99519
2026-07-26T01:52:57+00:00,on-demand,A100 SXM4,25,81,0.40037,0.813981,1.067333,1.228148,1.734259,1.056,0.99148
2026-07-26T01:52:57+00:00,on-demand,A40,2,3,0.601111,0.601389,0.601667,0.601944,0.602222,0.601667,0.994185
2026-07-26T01:52:57+00:00,on-demand,A800 PCIE,3,7,0.667222,0.6675,0.667778,0.668333,0.668889,,0.994204
2026-07-26T01:52:57+00:00,on-demand,B200,9,32,5.876302,5.937674,6.492708,6.877083,8.609722,6.492708,0.996695
2026-07-26T01:52:57+00:00,on-demand,B300,4,15,5.625521,7.266536,7.814062,8.048611,8.750694,8.750694,0.974152
2026-07-26T01:52:57+00:00,on-demand,CMP 170HX,2,9,0.120185,0.120509,0.120833,0.121157,0.121481,,0.939596
2026-07-26T01:52:57+00:00,on-demand,GTX 1050 Ti,2,2,0.611111,1.458704,2.306296,3.153889,4.001481,,0.942805
2026-07-26T01:52:57+00:00,on-demand,GTX 1060,3,4,0.087778,0.088333,0.088889,0.216667,0.344444,0.088333,0.999298
2026-07-26T01:52:57+00:00,on-demand,GTX 1070,1,1,0.531111,0.531111,0.531111,0.531111,0.531111,0.531111,0.935063
2026-07-26T01:52:57+00:00,on-demand,GTX 1070 Ti,2,5,0.051222,0.051639,0.052056,0.052472,0.052889,0.052056,0.9958
2026-07-26T01:52:57+00:00,on-demand,GTX 1080,4,11,0.027778,0.033056,0.042926,0.051222,0.051778,0.051407,0.994004
2026-07-26T01:52:57+00:00,on-demand,GTX 1080 Ti,6,18,0.042667,0.061389,0.067937,0.073829,0.080741,0.073651,0.995045
2026-07-26T01:52:57+00:00,on-demand,GTX 1650 S,1,1,0.677778,0.677778,0.677778,0.677778,0.677778,,0.934025
2026-07-26T01:52:57+00:00,on-demand,GTX 1660 S,1,1,0.451111,0.451111,0.451111,0.451111,0.451111,,0.941915
2026-07-26T01:52:57+00:00,on-demand,GTX 1660 Ti,1,1,0.611111,0.611111,0.611111,0.611111,0.611111,0.611111,0.93599
2026-07-26T01:52:57+00:00,on-demand,GTX TITAN X,1,1,0.048889,0.048889,0.048889,0.048889,0.048889,0.048889,0.987518
2026-07-26T01:52:57+00:00,on-demand,H100 NVL,4,6,2.121481,2.13137,2.201778,2.335556,2.535556,2.328519,0.965975
2026-07-26T01:52:57+00:00,on-demand,H100 PCIE,2,9,1.362222,1.455037,1.547852,1.640667,1.733481,1.733481,0.969396
2026-07-26T01:52:57+00:00,on-demand,H100 SXM,12,36,1.733889,2.089,2.801667,3.487802,4.218889,2.147852,0.995993
2026-07-26T01:52:57+00:00,on-demand,H200,5,7,3.934942,3.935673,4.080044,4.08114,7.900439,4.080044,0.997394
2026-07-26T01:52:57+00:00,on-demand,H200 NVL,9,22,2.800741,2.802222,3.28637,3.334444,3.855556,3.570407,0.982128
2026-07-26T01:52:57+00:00,on-demand,L4,4,12,0.202222,0.300889,0.334111,1.084306,3.333889,0.334111,0.983545
2026-07-26T01:52:57+00:00,on-demand,L40,4,9,0.297037,0.414815,0.514259,0.575278,0.577778,0.574444,0.990687
2026-07-26T01:52:57+00:00,on-demand,L40S,16,50,0.400185,0.513935,0.734074,1.067824,2.442222,0.801852,0.996088
2026-07-26T01:52:57+00:00,on-demand,Q RTX 5000,2,3,0.080741,0.080926,0.081111,0.081296,0.081481,,0.938174
2026-07-26T01:52:57+00:00,on-demand,Q RTX 6000,1,1,0.134815,0.134815,0.134815,0.134815,0.134815,0.134815,0.999561
2026-07-26T01:52:57+00:00,on-demand,Q RTX 8000,3,7,0.253704,0.253889,0.254074,0.262593,0.271111,0.254074,0.998639
2026-07-26T01:52:57+00:00,on-demand,Quadro GV100,1,1,0.467407,0.467407,0.467407,0.467407,0.467407,,0.967946
2026-07-26T01:52:57+00:00,on-demand,Quadro P4000,4,6,0.054444,0.054444,0.055,0.055556,0.055556,0.055,0.980045
2026-07-26T01:52:57+00:00,on-demand,RTX 2060,1,1,0.415556,0.415556,0.415556,0.415556,0.415556,0.415556,0.994952
2026-07-26T01:52:57+00:00,on-demand,RTX 2070,1,2,0.081111,0.081111,0.081111,0.081111,0.081111,0.081111,0.981302
2026-07-26T01:52:57+00:00,on-demand,RTX 2070S,1,9,0.073498,0.073498,0.073498,0.073498,0.073498,,0.987348
2026-07-26T01:52:57+00:00,on-demand,RTX 2080 Ti,9,33,0.068889,0.080022,0.080056,0.121111,0.811111,0.080056,0.994707
2026-07-26T01:52:57+00:00,on-demand,RTX 2080S,1,1,0.744444,0.744444,0.744444,0.744444,0.744444,0.744444,0.973958
2026-07-26T01:52:57+00:00,on-demand,RTX 3060,7,25,0.038074,0.062175,0.079778,0.379333,1.334815,,0.990986
2026-07-26T01:52:57+00:00,on-demand,RTX 3060 Ti,1,1,0.051111,0.051111,0.051111,0.051111,0.051111,0.051111,0.995826
2026-07-26T01:52:57+00:00,on-demand,RTX 3060 laptop,4,12,0.026685,0.037505,0.041667,0.045556,0.055556,0.055556,0.996449
2026-07-26T01:52:57+00:00,on-demand,RTX 3070,6,12,0.050444,0.05913,0.091852,0.10588,0.562222,0.107222,0.994771
2026-07-26T01:52:57+00:00,on-demand,RTX 3070 Ti,1,2,0.074444,0.074444,0.074444,0.074444,0.074444,,0.996609
2026-07-26T01:52:57+00:00,on-demand,RTX 3080,11,36,0.060222,0.094102,0.120278,0.251247,0.562222,0.250999,0.996807
2026-07-26T01:52:57+00:00,on-demand,RTX 3080 Ti,6,7,0.082222,0.125463,0.136933,0.160559,0.295556,0.151519,0.995621
2026-07-26T01:52:57+00:00,on-demand,RTX 3090,46,135,0.081111,0.147361,0.240833,0.334259,1.187407,0.247222,0.992446
2026-07-26T01:52:57+00:00,on-demand,RTX 3090 Ti,1,1,0.175556,0.175556,0.175556,0.175556,0.175556,,0.99308
2026-07-26T01:52:57+00:00,on-demand,RTX 4060,8,16,0.060296,0.060981,0.061704,0.072778,2.677778,0.062222,0.989768
2026-07-26T01:52:57+00:00,on-demand,RTX 4060 Ti,3,7,0.083222,0.096796,0.11037,0.122296,0.134222,0.11037,0.993346
2026-07-26T01:52:57+00:00,on-demand,RTX 4070,3,6,0.082222,0.088056,0.093889,0.094722,0.095556,0.094722,0.997945
2026-07-26T01:52:57+00:00,on-demand,RTX 4070 Ti,8,29,0.091111,0.105741,0.107083,0.141111,0.242222,0.107222,0.98587
2026-07-26T01:52:57+00:00,on-demand,RTX 4070S,8,23,0.084815,0.093796,0.10912,0.6675,0.668889,0.08963,0.978646
2026-07-26T01:52:57+00:00,on-demand,RTX 4070S Ti,8,24,0.080296,0.094306,0.220694,0.267361,0.268889,0.267222,0.99911
2026-07-26T01:52:57+00:00,on-demand,RTX 4080,6,12,0.121481,0.166093,0.222741,0.268611,0.293926,0.268333,0.987451
2026-07-26T01:52:57+00:00,on-demand,RTX 4080S,10,28,0.135556,0.148981,0.202148,0.213819,0.227704,0.214704,0.996479
2026-07-26T01:52:57+00:00,on-demand,RTX 4090,53,155,0.133611,0.320556,0.402222,0.540741,1.337037,0.601852,0.995202
2026-07-26T01:52:57+00:00,on-demand,RTX 4090D,4,8,0.326815,0.58212,0.6675,0.668056,0.668889,0.326815,0.967226
2026-07-26T01:52:57+00:00,on-demand,RTX 5000Ada,2,3,0.427778,0.431389,0.435,0.438611,0.442222,0.435,0.997137
2026-07-26T01:52:57+00:00,on-demand,RTX 5060,3,3,0.05363,0.101259,0.148889,0.165556,0.182222,0.182222,0.99222
2026-07-26T01:52:57+00:00,on-demand,RTX 5060 Ti,21,77,0.053778,0.088519,0.107333,0.169889,0.933348,0.151098,0.99294
2026-07-26T01:52:57+00:00,on-demand,RTX 5060 laptop,1,1,0.135556,0.135556,0.135556,0.135556,0.135556,,0.97048
2026-07-26T01:52:57+00:00,on-demand,RTX 5070,7,13,0.080926,0.082778,0.101852,0.10637,0.175556,0.104444,0.977822
2026-07-26T01:52:57+00:00,on-demand,RTX 5070 Ti,5,7,0.122222,0.126444,0.143556,0.162222,0.174815,0.168519,0.9925
2026-07-26T01:52:57+00:00,on-demand,RTX 5080,18,62,0.133611,0.171556,0.181074,0.221111,0.802963,0.267222,0.989561
2026-07-26T01:52:57+00:00,on-demand,RTX 5090,44,139,0.212889,0.428194,0.533719,0.733796,3.615556,0.669037,0.992208
2026-07-26T01:52:57+00:00,on-demand,RTX 5880Ada,4,15,0.453593,0.453787,0.511185,0.568981,0.57037,0.511185,0.996807
2026-07-26T01:52:57+00:00,on-demand,RTX 6000Ada,10,28,0.203556,0.441389,0.587222,0.681944,0.735556,0.681111,0.993918
2026-07-26T01:52:57+00:00,on-demand,RTX A2000,4,5,0.034074,0.03563,0.036148,0.150481,0.493481,,0.995152
2026-07-26T01:52:57+00:00,on-demand,RTX A4000,6,37,0.071778,0.074713,0.106827,0.133575,0.133827,0.133611,0.988224
2026-07-26T01:52:57+00:00,on-demand,RTX A5000,1,2,0.328519,0.328519,0.328519,0.328519,0.328519,0.328519,0.99942
2026-07-26T01:52:57+00:00,on-demand,RTX A6000,6,18,0.28963,0.374028,0.387361,0.401736,0.415556,0.40125,0.99117
2026-07-26T01:52:57+00:00,on-demand,RTX PRO 2000,1,1,0.174815,0.174815,0.174815,0.174815,0.174815,,0.963045
2026-07-26T01:52:57+00:00,on-demand,RTX PRO 4000,9,17,0.200556,0.253778,0.263704,0.335185,0.535556,0.299444,0.984408
2026-07-26T01:52:57+00:00,on-demand,RTX PRO 4500,2,2,0.255556,0.262222,0.268889,0.275556,0.282222,0.255556,0.992316
2026-07-26T01:52:57+00:00,on-demand,RTX PRO 5000,9,14,0.640556,0.667704,0.842519,0.897037,1.220415,0.755704,0.994956
2026-07-26T01:52:57+00:00,on-demand,RTX PRO 6000 S,11,30,1.268889,1.415556,1.600556,1.700648,1.736296,1.601111,0.996286
2026-07-26T01:52:57+00:00,on-demand,RTX PRO 6000 WS,18,32,0.934444,1.002074,1.24863,1.517963,26.66963,1.316407,0.989205
2026-07-26T01:52:57+00:00,on-demand,Tesla P100,4,8,0.054815,0.074537,0.081667,0.112222,0.202222,0.082222,0.974727
2026-07-26T01:52:57+00:00,on-demand,Tesla P4,1,1,0.023259,0.023259,0.023259,0.023259,0.023259,,0.989737
2026-07-26T01:52:57+00:00,on-demand,Tesla P40,2,6,0.132556,0.132694,0.132833,0.132972,0.133111,0.132833,0.992634
2026-07-26T01:52:57+00:00,on-demand,Tesla T4,2,3,12.000741,12.000926,12.001111,12.001296,12.001481,,0.972396
2026-07-26T01:52:57+00:00,on-demand,Tesla V100,11,36,0.106944,0.108333,0.133704,0.189917,0.268889,0.240056,0.962735
2026-07-26T01:52:57+00:00,on-demand,Titan RTX,3,4,0.135185,0.13537,0.135556,0.149259,0.162963,0.149259,0.99143
2026-07-26T01:52:57+00:00,on-demand,Titan Xp,3,11,0.053704,0.053796,0.053889,0.054722,0.055556,0.053889,0.996062
2026-07-26T01:52:57+00:00,bid,A100 PCIE,21,30,0.133889,0.135556,0.201111,0.202222,0.534519,0.202222,0.988709
2026-07-26T01:52:57+00:00,bid,A100 SXM4,27,60,0.135556,0.401481,0.667593,0.801407,1.042156,0.605185,0.989703
2026-07-26T01:52:57+00:00,bid,A40,1,2,0.234074,0.234074,0.234074,0.234074,0.234074,0.234074,0.984357
2026-07-26T01:52:57+00:00,bid,A800 PCIE,9,14,0.129889,0.130444,0.131556,0.131556,0.294815,,0.994204
2026-07-26T01:52:57+00:00,bid,B200,14,55,5.625174,5.625521,5.625868,5.814974,7.375521,5.625868,0.977721
2026-07-26T01:52:57+00:00,bid,B300,3,11,5.000694,5.000868,5.001042,5.001563,5.002083,5.000694,0.959834
2026-07-26T01:52:57+00:00,bid,CMP 170HX,5,19,0.101618,0.102729,0.106185,0.10637,0.106741,,0.939596
2026-07-26T01:52:57+00:00,bid,GTX 1050 Ti,2,2,0.021562,0.022283,0.023003,0.023724,0.024444,,0.942805
2026-07-26T01:52:57+00:00,bid,GTX 1060,1,1,0.031111,0.031111,0.031111,0.031111,0.031111,,0.938642
2026-07-26T01:52:57+00:00,bid,GTX 1070,1,1,0.024444,0.024444,0.024444,0.024444,0.024444,0.024444,0.935063
2026-07-26T01:52:57+00:00,bid,GTX 1070 Ti,2,7,0.04037,0.040833,0.041296,0.041759,0.042222,0.041296,0.992433
2026-07-26T01:52:57+00:00,bid,GTX 1080,4,13,0.04037,0.040509,0.040833,0.041389,0.042222,0.040556,0.99598
2026-07-26T01:52:57+00:00,bid,GTX 1080 Ti,11,38,0.029333,0.040833,0.053651,0.053981,0.054444,0.053651,0.9956
2026-07-26T01:52:57+00:00,bid,GTX 1650 S,1,1,0.04,0.04,0.04,0.04,0.04,,0.934025
2026-07-26T01:52:57+00:00,bid,GTX 1660 S,1,1,0.031111,0.031111,0.031111,0.031111,0.031111,,0.941915
2026-07-26T01:52:57+00:00,bid,GTX 1660 Ti,1,1,0.037778,0.037778,0.037778,0.037778,0.037778,0.037778,0.93599
2026-07-26T01:52:57+00:00,bid,GTX TITAN X,1,1,0.042222,0.042222,0.042222,0.042222,0.042222,0.042222,0.987518
2026-07-26T01:52:57+00:00,bid,H100 NVL,5,7,0.934667,0.936,1.46963,1.934815,1.936296,1.935556,0.936222
2026-07-26T01:52:57+00:00,bid,H100 PCIE,2,9,0.733481,0.817333,0.901185,0.985037,1.068889,0.733481,0.969396
2026-07-26T01:52:57+00:00,bid,H100 SXM,12,44,1.003259,1.685,2.001,2.137611,2.935217,2.001333,0.993275
2026-07-26T01:52:57+00:00,bid,H200,4,6,3.81652,3.816795,3.817069,3.817434,3.817982,3.817069,0.998436
2026-07-26T01:52:57+00:00,bid,H200 NVL,13,18,0.403778,1.336445,1.339703,1.974444,2.002222,1.339703,0.98166
2026-07-26T01:52:57+00:00,bid,L4,8,18,0.134444,0.185,0.202355,0.282056,0.321111,0.202222,0.997521
2026-07-26T01:52:57+00:00,bid,L40,6,11,0.267407,0.468611,0.471111,0.471111,0.471111,0.471111,0.98466
2026-07-26T01:52:57+00:00,bid,L40S,27,84,0.200185,0.335,0.537037,0.540741,0.801852,0.540741,0.996861
2026-07-26T01:52:57+00:00,bid,Q RTX 5000,2,3,0.054074,0.054259,0.054444,0.05463,0.054815,,0.938174
2026-07-26T01:52:57+00:00,bid,Q RTX 6000,1,1,0.133704,0.133704,0.133704,0.133704,0.133704,,0.969403
2026-07-26T01:52:57+00:00,bid,Q RTX 8000,1,1,0.099778,0.099778,0.099778,0.099778,0.099778,0.099778,0.999493
2026-07-26T01:52:57+00:00,bid,Quadro GV100,1,1,0.134074,0.134074,0.134074,0.134074,0.134074,,0.967946
2026-07-26T01:52:57+00:00,bid,Quadro P4000,3,4,0.041111,0.041667,0.042222,0.049481,0.056741,0.056741,0.963337
2026-07-26T01:52:57+00:00,bid,RTX 2060,2,2,0.031111,0.107222,0.183333,0.259444,0.335556,0.183333,0.967681
2026-07-26T01:52:57+00:00,bid,RTX 2070S,2,17,0.066831,0.066836,0.066842,0.066847,0.066852,,0.987348
2026-07-26T01:52:57+00:00,bid,RTX 2080 Ti,8,13,0.037778,0.068228,0.088741,0.10787,0.108889,0.107407,0.997332
2026-07-26T01:52:57+00:00,bid,RTX 2080S,1,1,0.037778,0.037778,0.037778,0.037778,0.037778,0.037778,0.973958
2026-07-26T01:52:57+00:00,bid,RTX 3060,13,43,0.025111,0.045481,0.047778,0.102815,0.137941,0.112681,0.990986
2026-07-26T01:52:57+00:00,bid,RTX 3060 Ti,1,1,0.132889,0.132889,0.132889,0.132889,0.132889,,0.951669
2026-07-26T01:52:57+00:00,bid,RTX 3060 laptop,5,14,0.013352,0.013481,0.038444,0.066963,0.07763,0.07763,0.995838
2026-07-26T01:52:57+00:00,bid,RTX 3070,7,17,0.040444,0.075,0.084889,0.094167,0.495556,0.093889,0.99134
2026-07-26T01:52:57+00:00,bid,RTX 3070 Ti,1,2,0.067778,0.067778,0.067778,0.067778,0.067778,,0.996609
2026-07-26T01:52:57+00:00,bid,RTX 3080,13,34,0.060741,0.067222,0.123615,0.240332,0.495556,0.139778,0.989565
2026-07-26T01:52:57+00:00,bid,RTX 3080 Ti,5,6,0.015556,0.076415,0.088889,0.097037,0.188889,0.086726,0.993448
2026-07-26T01:52:57+00:00,bid,RTX 3090,56,143,0.066981,0.108685,0.134074,0.156574,0.268889,0.146944,0.990332
2026-07-26T01:52:57+00:00,bid,RTX 4060,2,3,0.053926,0.054074,0.054222,0.05437,0.054519,,0.964967
2026-07-26T01:52:57+00:00,bid,RTX 4060 Ti,6,15,0.041111,0.050472,0.0755,0.099278,0.107778,0.091444,0.995292
2026-07-26T01:52:57+00:00,bid,RTX 4070,5,8,0.054444,0.075778,0.076889,0.082222,0.161111,0.076333,0.997945
2026-07-26T01:52:57+00:00,bid,RTX 4070 Ti,6,18,0.093611,0.094028,0.101296,0.18787,0.215556,0.094444,0.989089
2026-07-26T01:52:57+00:00,bid,RTX 4070S,4,22,0.06787,0.08787,0.095139,0.096343,0.098148,0.095139,0.988961
2026-07-26T01:52:57+00:00,bid,RTX 4070S Ti,9,26,0.106889,0.167222,0.167778,0.201111,0.202222,0.167778,0.999457
2026-07-26T01:52:57+00:00,bid,RTX 4080,7,13,0.082222,0.140481,0.147407,0.224333,0.255556,0.255,0.980298
2026-07-26T01:52:57+00:00,bid,RTX 4080S,16,37,0.06716,0.118056,0.187778,0.200338,0.202074,0.187778,0.997409
2026-07-26T01:52:57+00:00,bid,RTX 4090,87,233,0.134074,0.238911,0.294444,0.401296,1.005037,0.336296,0.995202
2026-07-26T01:52:57+00:00,bid,RTX 4090D,3,7,0.604556,0.604833,0.605111,0.605667,0.606222,,0.967226
2026-07-26T01:52:57+00:00,bid,RTX 5000Ada,4,6,0.267778,0.268611,0.268889,0.281944,0.321111,0.268889,0.997889
2026-07-26T01:52:57+00:00,bid,RTX 5060,4,5,0.054444,0.055278,0.075556,0.108889,0.148889,0.148889,0.981639
2026-07-26T01:52:57+00:00,bid,RTX 5060 Ti,36,127,0.053519,0.081528,0.134074,0.144403,0.160222,0.141889,0.996378
2026-07-26T01:52:57+00:00,bid,RTX 5070,9,14,0.054074,0.059556,0.083704,0.14963,0.162222,0.148148,0.988148
2026-07-26T01:52:57+00:00,bid,RTX 5070 Ti,11,20,0.082222,0.1075,0.108889,0.128741,0.157481,0.108333,0.99335
2026-07-26T01:52:57+00:00,bid,RTX 5080,17,32,0.02963,0.113778,0.134815,0.200556,0.338519,0.161204,0.992555
2026-07-26T01:52:57+00:00,bid,RTX 5090,72,180,0.102222,0.272593,0.37537,0.468574,0.907222,0.402963,0.995078
2026-07-26T01:52:57+00:00,bid,RTX 5880Ada,3,4,0.295185,0.296111,0.297037,0.297037,0.297037,0.297037,0.995788
2026-07-26T01:52:57+00:00,bid,RTX 6000Ada,19,39,0.137778,0.139259,0.387778,0.467778,0.680889,0.203241,0.995973
2026-07-26T01:52:57+00:00,bid,RTX A2000,2,2,0.202222,0.251704,0.301185,0.350667,0.400148,,0.996256
2026-07-26T01:52:57+00:00,bid,RTX A4000,9,62,0.013519,0.013889,0.106801,0.107037,0.10716,0.093611,0.97131
2026-07-26T01:52:57+00:00,bid,RTX A5000,6,12,0.023556,0.108981,0.11037,0.178426,0.227778,0.11037,0.998852
2026-07-26T01:52:57+00:00,bid,RTX A6000,10,20,0.134815,0.153519,0.271824,0.321944,0.373611,0.373611,0.994346
2026-07-26T01:52:57+00:00,bid,RTX PRO 2000,2,3,0.134074,0.134259,0.134444,0.13463,0.134815,,0.963045
2026-07-26T01:52:57+00:00,bid,RTX PRO 4000,15,27,0.055556,0.068333,0.108889,0.242963,0.280681,0.268889,0.984408
2026-07-26T01:52:57+00:00,bid,RTX PRO 5000,12,18,0.135111,0.273519,0.46737,0.582337,0.803704,0.296296,0.993243
2026-07-26T01:52:57+00:00,bid,RTX PRO 6000 S,16,41,0.335556,1.001944,1.06963,1.217759,1.467222,1.06963,0.996502
2026-07-26T01:52:57+00:00,bid,RTX PRO 6000 WS,27,41,0.228889,0.570741,0.726815,1.010904,1.337037,0.940741,0.992892
2026-07-26T01:52:57+00:00,bid,Tesla P100,4,5,0.041481,0.111204,0.135,0.135556,0.135556,0.135556,0.985444
2026-07-26T01:52:57+00:00,bid,Tesla P4,1,1,0.011926,0.011926,0.011926,0.011926,0.011926,,0.989737
2026-07-26T01:52:57+00:00,bid,Tesla P40,3,8,0.065889,0.066167,0.066444,0.066444,0.066444,0.066444,0.992634
2026-07-26T01:52:57+00:00,bid,Tesla T4,2,3,3.400741,3.400926,3.401111,3.401296,3.401481,,0.972396
2026-07-26T01:52:57+00:00,bid,Tesla V100,11,28,0.08037,0.114509,0.134815,0.162222,0.242222,0.161389,0.990778
2026-07-26T01:52:57+00:00,bid,Titan RTX,3,4,0.095556,0.102222,0.108889,0.118704,0.128519,0.102222,0.99143
2026-07-26T01:52:57+00:00,bid,Titan Xp,4,15,0.04037,0.040509,0.040556,0.040972,0.042222,0.040556,0.995805
2026-07-26T01:57:58+00:00,on-demand,A100 PCIE,11,27,0.268148,0.527778,0.997739,1.001667,1.537739,0.997739,0.99519
2026-07-26T01:57:58+00:00,on-demand,A100 SXM4,29,86,0.40037,0.801111,1.000556,1.227407,1.734259,1.056,0.995835
2026-07-26T01:57:58+00:00,on-demand,A40,2,3,0.601111,0.601389,0.601667,0.601944,0.602222,0.601667,0.994185
2026-07-26T01:57:58+00:00,on-demand,A800 PCIE,2,5,0.667222,0.667639,0.668056,0.668472,0.668889,,0.994204
2026-07-26T01:57:58+00:00,on-demand,B200,9,32,5.876302,6.25026,6.492708,6.876042,8.609722,6.492708,0.996756
2026-07-26T01:57:58+00:00,on-demand,B300,4,15,5.625521,7.266536,7.814062,8.048611,8.750694,8.750694,0.974152
2026-07-26T01:57:58+00:00,on-demand,CMP 170HX,3,11,0.120185,0.120463,0.120741,0.121111,0.121481,,0.939596
2026-07-26T01:57:58+00:00,on-demand,GTX 1050 Ti,2,2,0.611111,1.458704,2.306296,3.153889,4.001481,,0.942805
2026-07-26T01:57:58+00:00,on-demand,GTX 1060,3,4,0.087778,0.088333,0.088889,0.216667,0.344444,0.088333,0.999298
2026-07-26T01:57:58+00:00,on-demand,GTX 1070,1,1,0.531111,0.531111,0.531111,0.531111,0.531111,0.531111,0.935063
2026-07-26T01:57:58+00:00,on-demand,GTX 1070 Ti,1,2,0.051778,0.051778,0.051778,0.051778,0.051778,0.051778,0.997166
2026-07-26T01:57:58+00:00,on-demand,GTX 1080,5,14,0.027778,0.034815,0.051037,0.051222,0.052889,0.051222,0.996237
2026-07-26T01:57:58+00:00,on-demand,GTX 1080 Ti,4,12,0.042667,0.057333,0.067937,0.075423,0.080741,0.073651,0.991906
2026-07-26T01:57:58+00:00,on-demand,GTX 1650 S,1,1,0.677778,0.677778,0.677778,0.677778,0.677778,,0.934025
2026-07-26T01:57:58+00:00,on-demand,GTX 1660 S,1,1,0.451111,0.451111,0.451111,0.451111,0.451111,,0.941915
2026-07-26T01:57:58+00:00,on-demand,GTX 1660 Ti,1,1,0.611111,0.611111,0.611111,0.611111,0.611111,0.611111,0.93599
2026-07-26T01:57:58+00:00,on-demand,GTX TITAN X,1,1,0.048889,0.048889,0.048889,0.048889,0.048889,0.048889,0.987518
2026-07-26T01:57:58+00:00,on-demand,H100 NVL,6,8,1.496296,2.081481,2.128074,2.335667,2.642222,2.121481,0.96333
2026-07-26T01:57:58+00:00,on-demand,H100 PCIE,2,9,1.362222,1.455037,1.547852,1.640667,1.733481,1.733481,0.969396
2026-07-26T01:57:58+00:00,on-demand,H100 SXM,10,33,1.733889,2.200926,2.868056,2.984111,4.218889,2.567685,0.995445
2026-07-26T01:57:58+00:00,on-demand,H200,4,6,3.934942,3.93549,4.007858,4.311458,5.005702,4.007858,0.997356
2026-07-26T01:57:58+00:00,on-demand,H200 NVL,9,22,2.800741,3.068889,3.334444,3.855556,5.015556,4.434,0.980087
2026-07-26T01:57:58+00:00,on-demand,L4,3,7,0.202222,0.268148,0.334074,1.833981,3.333889,0.334074,0.969847
2026-07-26T01:57:58+00:00,on-demand,L40,5,11,0.297037,0.454074,0.574444,0.575556,0.577778,0.575,0.98466
2026-07-26T01:57:58+00:00,on-demand,L40S,16,50,0.400185,0.513935,0.800556,1.067824,2.442222,0.801852,0.996088
2026-07-26T01:57:58+00:00,on-demand,Q RTX 5000,2,3,0.080741,0.080926,0.081111,0.081296,0.081481,,0.938174
2026-07-26T01:57:58+00:00,on-demand,Q RTX 8000,4,8,0.253704,0.253981,0.262593,0.273556,0.280889,0.262593,0.998639
2026-07-26T01:57:58+00:00,on-demand,Quadro GV100,1,1,0.467407,0.467407,0.467407,0.467407,0.467407,,0.967946
2026-07-26T01:57:58+00:00,on-demand,Quadro P4000,4,6,0.054444,0.054444,0.055,0.0585,0.067333,0.060889,0.980045
2026-07-26T01:57:58+00:00,on-demand,RTX 2060,1,1,0.415556,0.415556,0.415556,0.415556,0.415556,0.415556,0.994952
2026-07-26T01:57:58+00:00,on-demand,RTX 2070,1,2,0.081111,0.081111,0.081111,0.081111,0.081111,0.081111,0.981302
2026-07-26T01:57:58+00:00,on-demand,RTX 2070S,1,9,0.073498,0.073498,0.073498,0.073498,0.073498,,0.987348
2026-07-26T01:57:58+00:00,on-demand,RTX 2080 Ti,7,20,0.068889,0.076569,0.080056,0.128259,0.811111,0.080056,0.994707
2026-07-26T01:57:58+00:00,on-demand,RTX 2080S,1,1,0.744444,0.744444,0.744444,0.744444,0.744444,0.744444,0.973958
2026-07-26T01:57:58+00:00,on-demand,RTX 3060,9,39,0.050852,0.061481,0.079778,0.080889,1.334815,0.080463,0.995257
2026-07-26T01:57:58+00:00,on-demand,RTX 3060 laptop,4,12,0.026685,0.037505,0.041667,0.045556,0.055556,0.055556,0.996449
2026-07-26T01:57:58+00:00,on-demand,RTX 3070,5,15,0.054444,0.081852,0.107037,0.107222,0.562222,0.334722,0.991843
2026-07-26T01:57:58+00:00,on-demand,RTX 3080,14,40,0.060222,0.085569,0.116917,0.228607,0.562222,0.153815,0.99515
2026-07-26T01:57:58+00:00,on-demand,RTX 3080 Ti,5,6,0.081037,0.102222,0.137037,0.142222,0.295556,0.13963,0.994923
2026-07-26T01:57:58+00:00,on-demand,RTX 3090,45,131,0.102963,0.147222,0.241111,0.335556,1.187407,0.247407,0.991142
2026-07-26T01:57:58+00:00,on-demand,RTX 3090 Ti,1,1,0.175556,0.175556,0.175556,0.175556,0.175556,,0.99308
2026-07-26T01:57:58+00:00,on-demand,RTX 4060,9,22,0.060198,0.060593,0.061185,0.06963,2.677778,0.062222,0.985027
2026-07-26T01:57:58+00:00,on-demand,RTX 4060 Ti,4,12,0.058148,0.08437,0.0935,0.097361,0.107778,0.0935,0.99707
2026-07-26T01:57:58+00:00,on-demand,RTX 4070,2,2,0.082222,0.088889,0.095556,0.102222,0.108889,0.108889,0.997551
2026-07-26T01:57:58+00:00,on-demand,RTX 4070 Ti,7,21,0.091111,0.104568,0.107222,0.174444,0.242222,0.1075,0.98587
2026-07-26T01:57:58+00:00,on-demand,RTX 4070S,7,17,0.084815,0.092778,0.097037,0.394907,0.667778,0.09037,0.990506
2026-07-26T01:57:58+00:00,on-demand,RTX 4070S Ti,9,24,0.082222,0.129481,0.201111,0.267222,0.268889,0.267083,0.998663
2026-07-26T01:57:58+00:00,on-demand,RTX 4080,6,11,0.122963,0.165204,0.222741,0.268611,0.293926,0.268333,0.988459
2026-07-26T01:57:58+00:00,on-demand,RTX 4080S,10,29,0.147593,0.176389,0.207843,0.22425,0.28037,0.228222,0.992991
2026-07-26T01:57:58+00:00,on-demand,RTX 4090,59,210,0.133611,0.309506,0.401111,0.571296,1.335185,0.506852,0.994588
2026-07-26T01:57:58+00:00,on-demand,RTX 4090D,4,8,0.321481,0.580787,0.6675,0.668056,0.668889,0.321481,0.967226
2026-07-26T01:57:58+00:00,on-demand,RTX 5000Ada,2,3,0.427778,0.428056,0.428333,0.428611,0.428889,0.428333,0.996385
2026-07-26T01:57:58+00:00,on-demand,RTX 5060,3,3,0.05363,0.101259,0.148889,0.165556,0.182222,0.182222,0.99222
2026-07-26T01:57:58+00:00,on-demand,RTX 5060 Ti,23,82,0.053778,0.094722,0.113704,0.172352,0.933348,0.169611,0.99294
2026-07-26T01:57:58+00:00,on-demand,RTX 5060 laptop,1,1,0.135556,0.135556,0.135556,0.135556,0.135556,,0.97048
2026-07-26T01:57:58+00:00,on-demand,RTX 5070,6,12,0.080741,0.081065,0.091667,0.103796,0.174444,0.104444,0.98207
2026-07-26T01:57:58+00:00,on-demand,RTX 5070 Ti,5,7,0.101481,0.134444,0.148889,0.148889,0.161481,0.141667,0.96903
2026-07-26T01:57:58+00:00,on-demand,RTX 5080,17,50,0.133611,0.171111,0.188889,0.227778,0.802963,0.267222,0.987251
2026-07-26T01:57:58+00:00,on-demand,RTX 5090,48,151,0.212889,0.455926,0.535432,0.767158,3.615556,0.733611,0.990861
2026-07-26T01:57:58+00:00,on-demand,RTX 5880Ada,4,15,0.453593,0.453787,0.511185,0.568981,0.57037,0.511185,0.996807
2026-07-26T01:57:58+00:00,on-demand,RTX 6000Ada,9,24,0.203556,0.441111,0.680556,0.682074,0.735556,0.681556,0.995973
2026-07-26T01:57:58+00:00,on-demand,RTX A2000,4,5,0.034074,0.03563,0.036148,0.150481,0.493481,,0.995152
2026-07-26T01:57:58+00:00,on-demand,RTX A4000,7,51,0.072889,0.080231,0.133468,0.133565,0.133827,0.133611,0.984526
2026-07-26T01:57:58+00:00,on-demand,RTX A5000,2,3,0.327185,0.327648,0.328111,0.328574,0.329037,0.328111,0.99942
2026-07-26T01:57:58+00:00,on-demand,RTX A6000,7,21,0.288148,0.331759,0.374444,0.40125,0.454444,0.40125,0.993412
2026-07-26T01:57:58+00:00,on-demand,RTX PRO 4000,11,21,0.201111,0.242683,0.279556,0.328333,0.535556,0.279556,0.984793
2026-07-26T01:57:58+00:00,on-demand,RTX PRO 4500,1,1,0.282222,0.282222,0.282222,0.282222,0.282222,,0.99494
2026-07-26T01:57:58+00:00,on-demand,RTX PRO 5000,8,13,0.640556,0.661056,0.74237,0.895648,0.990519,0.668889,0.994956
2026-07-26T01:57:58+00:00,on-demand,RTX PRO 6000 S,11,35,1.267222,1.415556,1.600278,1.667315,1.736296,1.600417,0.996286
2026-07-26T01:57:58+00:00,on-demand,RTX PRO 6000 WS,17,31,0.933889,1.002963,1.201481,1.46963,13.335556,1.202963,0.99504
2026-07-26T01:57:58+00:00,on-demand,Tesla P100,5,10,0.054815,0.081111,0.082222,0.201111,0.202222,0.141667,0.985444
2026-07-26T01:57:58+00:00,on-demand,Tesla P4,1,1,0.023259,0.023259,0.023259,0.023259,0.023259,,0.989737
2026-07-26T01:57:58+00:00,on-demand,Tesla P40,2,6,0.132556,0.132694,0.132833,0.132972,0.133111,0.132833,0.992634
2026-07-26T01:57:58+00:00,on-demand,Tesla T4,2,3,12.000741,12.000926,12.001111,12.001296,12.001481,,0.972396
2026-07-26T01:57:58+00:00,on-demand,Tesla V100,9,28,0.106944,0.107778,0.133704,0.148148,0.268889,0.166944,0.962735
2026-07-26T01:57:58+00:00,on-demand,Titan RTX,3,4,0.135185,0.13537,0.135556,0.149259,0.162963,0.149259,0.99143
2026-07-26T01:57:58+00:00,on-demand,Titan Xp,3,11,0.053704,0.053796,0.053889,0.054722,0.055556,0.053889,0.995547
2026-07-26T01:57:58+00:00,bid,A100 PCIE,19,26,0.131556,0.135556,0.135556,0.202222,0.534519,0.202222,0.99424
2026-07-26T01:57:58+00:00,bid,A100 SXM4,31,65,0.135556,0.408889,0.667593,0.76187,1.042156,0.605185,0.989703
2026-07-26T01:57:58+00:00,bid,A40,1,2,0.234074,0.234074,0.234074,0.234074,0.234074,0.234074,0.984357
2026-07-26T01:57:58+00:00,bid,A800 PCIE,7,12,0.129889,0.130444,0.131556,0.131556,0.131556,,0.994204
2026-07-26T01:57:58+00:00,bid,B200,10,40,5.625174,5.625326,5.626563,6.223307,6.859722,5.626563,0.992491
2026-07-26T01:57:58+00:00,bid,B300,4,12,5.000694,5.000955,5.001563,5.002083,5.002083,5.000694,0.959834
2026-07-26T01:57:58+00:00,bid,CMP 170HX,4,15,0.101618,0.101896,0.102359,0.103593,0.106185,,0.939596
2026-07-26T01:57:58+00:00,bid,GTX 1050 Ti,2,2,0.021562,0.022283,0.023003,0.023724,0.024444,,0.942805
2026-07-26T01:57:58+00:00,bid,GTX 1060,1,1,0.031111,0.031111,0.031111,0.031111,0.031111,,0.938642
2026-07-26T01:57:58+00:00,bid,GTX 1070,1,1,0.024444,0.024444,0.024444,0.024444,0.024444,0.024444,0.935063
2026-07-26T01:57:58+00:00,bid,GTX 1070 Ti,2,7,0.04037,0.040833,0.041296,0.041759,0.042222,0.041296,0.992433
2026-07-26T01:57:58+00:00,bid,GTX 1080,4,13,0.04037,0.040509,0.040833,0.041389,0.042222,0.040556,0.996702
2026-07-26T01:57:58+00:00,bid,GTX 1080 Ti,9,30,0.029333,0.041111,0.053651,0.054074,0.055556,0.053862,0.989322
2026-07-26T01:57:58+00:00,bid,GTX 1650 S,1,1,0.04,0.04,0.04,0.04,0.04,,0.934025
2026-07-26T01:57:58+00:00,bid,GTX 1660,1,1,0.037778,0.037778,0.037778,0.037778,0.037778,,0.944719
2026-07-26T01:57:58+00:00,bid,GTX 1660 S,1,1,0.031111,0.031111,0.031111,0.031111,0.031111,,0.941915
2026-07-26T01:57:58+00:00,bid,GTX 1660 Ti,1,1,0.037778,0.037778,0.037778,0.037778,0.037778,0.037778,0.93599
2026-07-26T01:57:58+00:00,bid,GTX TITAN X,1,1,0.042222,0.042222,0.042222,0.042222,0.042222,0.042222,0.987518
2026-07-26T01:57:58+00:00,bid,H100 NVL,6,8,0.934667,1.03237,1.595185,1.918333,1.936296,1.934815,0.963463
2026-07-26T01:57:58+00:00,bid,H100 PCIE,2,9,0.733481,0.817333,0.901185,0.985037,1.068889,0.733481,0.969396
2026-07-26T01:57:58+00:00,bid,H100 SXM,11,31,1.003259,1.037333,2.000222,2.267889,4.002222,1.751444,0.993275
2026-07-26T01:57:58+00:00,bid,H200,5,7,1.321491,3.81652,3.816886,3.817251,3.817982,3.816886,0.997394
2026-07-26T01:57:58+00:00,bid,H200 NVL,13,18,0.403778,1.336445,1.339556,1.974444,2.002222,1.339555,0.985983
2026-07-26T01:57:58+00:00,bid,L4,7,13,0.134074,0.13463,0.135556,0.235874,0.271852,0.135185,0.997242
2026-07-26T01:57:58+00:00,bid,L40,6,11,0.467778,0.468889,0.47,0.471111,0.471111,0.47,0.98466
2026-07-26T01:57:58+00:00,bid,L40S,26,74,0.200185,0.41787,0.535926,0.540741,0.801852,0.540741,0.997599
2026-07-26T01:57:58+00:00,bid,Q RTX 5000,2,3,0.054074,0.054259,0.054444,0.05463,0.054815,,0.938174
2026-07-26T01:57:58+00:00,bid,Q RTX 6000,1,1,0.133704,0.133704,0.133704,0.133704,0.133704,,0.969403
2026-07-26T01:57:58+00:00,bid,Q RTX 8000,2,2,0.025222,0.043861,0.0625,0.081139,0.099778,0.0625,0.998662
2026-07-26T01:57:58+00:00,bid,Quadro GV100,1,1,0.134074,0.134074,0.134074,0.134074,0.134074,,0.967946
2026-07-26T01:57:58+00:00,bid,Quadro P4000,3,4,0.041111,0.041667,0.042222,0.044667,0.047111,0.047111,0.963337
2026-07-26T01:57:58+00:00,bid,RTX 2060,2,2,0.031111,0.107222,0.183333,0.259444,0.335556,0.183333,0.967681
2026-07-26T01:57:58+00:00,bid,RTX 2070S,2,17,0.066831,0.066836,0.066842,0.066847,0.066852,,0.987348
2026-07-26T01:57:58+00:00,bid,RTX 2080 Ti,5,8,0.037778,0.067802,0.070074,0.107407,0.108889,0.088741,0.997332
2026-07-26T01:57:58+00:00,bid,RTX 2080S,1,1,0.037778,0.037778,0.037778,0.037778,0.037778,0.037778,0.973958
2026-07-26T01:57:58+00:00,bid,RTX 3060,14,51,0.024741,0.041926,0.046778,0.052639,0.102815,0.043259,0.991331
2026-07-26T01:57:58+00:00,bid,RTX 3060 Ti,1,1,0.132889,0.132889,0.132889,0.132889,0.132889,,0.951669
2026-07-26T01:57:58+00:00,bid,RTX 3060 laptop,7,18,0.013352,0.026037,0.073481,0.08937,0.101111,0.08937,0.996191
2026-07-26T01:57:58+00:00,bid,RTX 3070,7,19,0.040444,0.054537,0.068519,0.089389,0.495556,0.084889,0.99134
2026-07-26T01:57:58+00:00,bid,RTX 3080,11,28,0.061481,0.067083,0.068889,0.240581,0.495556,0.19061,0.989565
2026-07-26T01:57:58+00:00,bid,RTX 3080 Ti,3,3,0.015556,0.045985,0.076415,0.132652,0.188889,0.076415,0.99066
2026-07-26T01:57:58+00:00,bid,RTX 3090,61,149,0.018222,0.107778,0.134074,0.148889,0.268889,0.146944,0.990045
2026-07-26T01:57:58+00:00,bid,RTX 4060,4,13,0.053531,0.053605,0.053778,0.054074,0.054519,,0.964967
2026-07-26T01:57:58+00:00,bid,RTX 4060 Ti,5,13,0.041111,0.042222,0.075222,0.075778,0.107111,0.075778,0.993346
2026-07-26T01:57:58+00:00,bid,RTX 4070,4,8,0.054444,0.055278,0.065389,0.096972,0.162222,0.065389,0.999201
2026-07-26T01:57:58+00:00,bid,RTX 4070 Ti,7,22,0.093611,0.093889,0.094444,0.155,0.215556,0.094167,0.98587
2026-07-26T01:57:58+00:00,bid,RTX 4070S,6,25,0.06787,0.078426,0.089676,0.09544,0.098148,0.094537,0.988961
2026-07-26T01:57:58+00:00,bid,RTX 4070S Ti,10,26,0.166944,0.167361,0.167778,0.168889,0.202222,0.167778,0.999557
2026-07-26T01:57:58+00:00,bid,RTX 4080,6,12,0.081111,0.095148,0.140481,0.227593,0.255556,0.255,0.987451
2026-07-26T01:57:58+00:00,bid,RTX 4080S,16,40,0.108889,0.181278,0.200398,0.201037,0.240741,0.200778,0.997622
2026-07-26T01:57:58+00:00,bid,RTX 4090,103,274,0.134815,0.229691,0.293889,0.402074,1.005037,0.37537,0.995202
2026-07-26T01:57:58+00:00,bid,RTX 4090D,4,8,0.604556,0.604972,0.605667,0.606222,0.606222,,0.967226
2026-07-26T01:57:58+00:00,bid,RTX 5000Ada,4,5,0.267778,0.268611,0.268889,0.282222,0.322222,0.268889,0.997889
2026-07-26T01:57:58+00:00,bid,RTX 5060,5,6,0.054444,0.055556,0.063556,0.095556,0.148889,0.106222,0.981639
2026-07-26T01:57:58+00:00,bid,RTX 5060 Ti,36,127,0.053519,0.068194,0.107222,0.142722,0.161111,0.134074,0.995505
2026-07-26T01:57:58+00:00,bid,RTX 5070,7,10,0.054074,0.068333,0.083704,0.153741,0.162222,0.14637,0.995978
2026-07-26T01:57:58+00:00,bid,RTX 5070 Ti,13,27,0.093889,0.094815,0.107778,0.135556,0.268,0.120852,0.99335
2026-07-26T01:57:58+00:00,bid,RTX 5080,16,26,0.02963,0.119833,0.147741,0.201204,0.338519,0.123704,0.989906
2026-07-26T01:57:58+00:00,bid,RTX 5090,79,188,0.102222,0.269796,0.373704,0.467731,0.908889,0.400278,0.995196
2026-07-26T01:57:58+00:00,bid,RTX 5880Ada,6,8,0.295185,0.295648,0.297037,0.297037,0.297037,0.297037,0.994118
2026-07-26T01:57:58+00:00,bid,RTX 6000Ada,18,34,0.137778,0.178333,0.388333,0.468481,0.74963,0.467222,0.996252
2026-07-26T01:57:58+00:00,bid,RTX A2000,2,2,0.202222,0.251704,0.301185,0.350667,0.400148,,0.996256
2026-07-26T01:57:58+00:00,bid,RTX A4000,10,61,0.013519,0.059796,0.100206,0.106991,0.10716,0.093611,0.977918
2026-07-26T01:57:58+00:00,bid,RTX A5000,4,8,0.023556,0.087278,0.109444,0.11037,0.11037,0.109444,0.99942
2026-07-26T01:57:58+00:00,bid,RTX A6000,7,18,0.134815,0.169444,0.302167,0.321667,0.373611,0.373611,0.993412
2026-07-26T01:57:58+00:00,bid,RTX PRO 2000,1,2,0.134074,0.134074,0.134074,0.134074,0.134074,,0.963045
2026-07-26T01:57:58+00:00,bid,RTX PRO 4000,15,31,0.055556,0.068111,0.187407,0.234167,0.277481,0.234167,0.984408
2026-07-26T01:57:58+00:00,bid,RTX PRO 5000,12,17,0.135111,0.273519,0.46737,0.716881,0.803704,0.296296,0.991529
2026-07-26T01:57:58+00:00,bid,RTX PRO 6000 S,21,51,0.335556,0.800741,1.002222,1.06963,1.467222,1.001667,0.996718
2026-07-26T01:57:58+00:00,bid,RTX PRO 6000 WS,26,39,0.228889,0.619583,0.703259,1.000081,1.403704,0.984444,0.992502
2026-07-26T01:57:58+00:00,bid,Tesla P100,3,4,0.041481,0.087963,0.134444,0.135,0.135556,0.135,0.985444
2026-07-26T01:57:58+00:00,bid,Tesla P4,1,1,0.011926,0.011926,0.011926,0.011926,0.011926,,0.989737
2026-07-26T01:57:58+00:00,bid,Tesla P40,3,8,0.065889,0.066167,0.066444,0.066444,0.066444,0.066444,0.992634
2026-07-26T01:57:58+00:00,bid,Tesla T4,2,3,3.400741,3.400926,3.401111,3.401296,3.401481,,0.972396
2026-07-26T01:57:58+00:00,bid,Tesla V100,13,34,0.08037,0.095037,0.134815,0.162222,0.240556,0.162222,0.990778
2026-07-26T01:57:58+00:00,bid,Titan RTX,3,4,0.095556,0.102222,0.108889,0.118704,0.128519,0.102222,0.99143
2026-07-26T01:57:58+00:00,bid,Titan Xp,3,11,0.04037,0.040463,0.040556,0.041389,0.042222,0.040556,0.996062
2026-07-26T04:54:54+00:00,on-demand,A100 PCIE,13,30,0.333611,0.827407,0.995536,1.002222,1.537739,0.996638,0.995194
2026-07-26T04:54:54+00:00,on-demand,A100 SXM4,25,70,0.40037,0.802222,1.056,1.226852,1.668333,0.995407,0.991793
2026-07-26T04:54:54+00:00,on-demand,A40,2,3,0.601111,0.601389,0.601667,0.601944,0.602222,0.601667,0.994855
2026-07-26T04:54:54+00:00,on-demand,A800 PCIE,3,7,0.667222,0.6675,0.667778,0.668333,0.668889,,0.994204
2026-07-26T04:54:54+00:00,on-demand,B200,8,30,5.865104,5.871615,5.908941,6.189128,6.497917,5.908941,0.996527
2026-07-26T04:54:54+00:00,on-demand,B300,5,23,5.62526,5.625521,7.813542,7.814583,8.750694,8.750694,0.988578
2026-07-26T04:54:54+00:00,on-demand,CMP 170HX,4,15,0.120185,0.120324,0.120556,0.120926,0.121481,,0.916949
2026-07-26T04:54:54+00:00,on-demand,GTX 1050 Ti,1,1,4.001481,4.001481,4.001481,4.001481,4.001481,,0.95947
2026-07-26T04:54:54+00:00,on-demand,GTX 1060,3,4,0.087778,0.088333,0.088889,0.216667,0.344444,0.088333,0.999298
2026-07-26T04:54:54+00:00,on-demand,GTX 1070,2,2,0.202222,0.284444,0.366667,0.448889,0.531111,0.531111,0.965162
2026-07-26T04:54:54+00:00,on-demand,GTX 1080,6,16,0.027778,0.050537,0.05113,0.051361,0.051778,0.051315,0.992392
2026-07-26T04:54:54+00:00,on-demand,GTX 1080 Ti,6,17,0.042667,0.062611,0.068714,0.074246,0.080556,0.073651,0.996664
2026-07-26T04:54:54+00:00,on-demand,GTX 1650 S,1,1,0.677778,0.677778,0.677778,0.677778,0.677778,,0.937333
2026-07-26T04:54:54+00:00,on-demand,GTX 1660 S,1,1,0.451111,0.451111,0.451111,0.451111,0.451111,,0.945355
2026-07-26T04:54:54+00:00,on-demand,H100 NVL,6,8,1.46963,1.652593,2.122222,2.232407,2.401333,2.121481,0.951463
2026-07-26T04:54:54+00:00,on-demand,H100 PCIE,4,12,1.362222,1.640667,1.833444,1.933426,1.933481,1.933407,0.982517
2026-07-26T04:54:54+00:00,on-demand,H100 SXM,12,33,1.734444,2.39237,2.848889,3.538616,4.218889,2.895556,0.99056
2026-07-26T04:54:54+00:00,on-demand,H200,5,10,3.934942,3.935673,4.08114,4.211075,4.211623,4.08114,0.997618
2026-07-26T04:54:54+00:00,on-demand,H200 NVL,6,14,2.802222,3.360653,3.443333,3.752889,4.304444,3.650222,0.989908
2026-07-26T04:54:54+00:00,on-demand,L4,4,12,0.202222,0.300889,0.333926,1.084028,3.333889,0.333926,0.983864
2026-07-26T04:54:54+00:00,on-demand,L40,4,9,0.297037,0.414815,0.514259,0.575278,0.577778,0.574444,0.990731
2026-07-26T04:54:54+00:00,on-demand,L40S,15,51,0.40037,0.498333,0.800741,1.068056,2.442222,0.934537,0.995334
2026-07-26T04:54:54+00:00,on-demand,Q RTX 5000,2,3,0.080741,0.080926,0.081111,0.081296,0.081481,,0.941928
2026-07-26T04:54:54+00:00,on-demand,Q RTX 8000,3,7,0.253704,0.253889,0.254074,0.262593,0.271111,0.254074,0.998641
2026-07-26T04:54:54+00:00,on-demand,Quadro GV100,1,1,0.467407,0.467407,0.467407,0.467407,0.467407,,0.967976
2026-07-26T04:54:54+00:00,on-demand,Quadro P4000,2,3,0.054444,0.057667,0.060889,0.064111,0.067333,0.060889,0.996792
2026-07-26T04:54:54+00:00,on-demand,RTX 2060,1,1,0.415556,0.415556,0.415556,0.415556,0.415556,0.415556,0.994962
2026-07-26T04:54:54+00:00,on-demand,RTX 2070S,1,9,0.073498,0.073498,0.073498,0.073498,0.073498,,0.987353
2026-07-26T04:54:54+00:00,on-demand,RTX 2080 Ti,8,24,0.068889,0.080047,0.083957,0.121389,0.811111,0.083957,0.994707
2026-07-26T04:54:54+00:00,on-demand,RTX 2080S,1,1,0.744444,0.744444,0.744444,0.744444,0.744444,0.744444,0.974765
2026-07-26T04:54:54+00:00,on-demand,RTX 3060,11,31,0.040074,0.053296,0.056889,0.12869,1.335556,0.120089,0.996841
2026-07-26T04:54:54+00:00,on-demand,RTX 3060 Ti,1,1,1.335556,1.335556,1.335556,1.335556,1.335556,,0.952262
2026-07-26T04:54:54+00:00,on-demand,RTX 3060 laptop,5,15,0.026685,0.041111,0.042222,0.073481,0.134444,0.103963,0.996879
2026-07-26T04:54:54+00:00,on-demand,RTX 3070,5,14,0.048889,0.054444,0.107037,0.107222,0.562222,0.334722,0.991855
2026-07-26T04:54:54+00:00,on-demand,RTX 3080,13,34,0.048889,0.071481,0.113389,0.120278,0.252326,0.1135,0.993517
2026-07-26T04:54:54+00:00,on-demand,RTX 3080 Ti,4,6,0.102222,0.111389,0.124815,0.175278,0.295556,0.135185,0.99562
2026-07-26T04:54:54+00:00,on-demand,RTX 3090,46,134,0.111481,0.148056,0.241852,0.335278,1.336296,0.248148,0.9906
2026-07-26T04:54:54+00:00,on-demand,RTX 3090 Ti,1,1,0.175556,0.175556,0.175556,0.175556,0.175556,,0.993084
2026-07-26T04:54:54+00:00,on-demand,RTX 4060,7,17,0.060198,0.060444,0.061185,0.075185,2.677778,0.068148,0.965053
2026-07-26T04:54:54+00:00,on-demand,RTX 4060 Ti,1,1,0.068889,0.068889,0.068889,0.068889,0.068889,,0.997774
2026-07-26T04:54:54+00:00,on-demand,RTX 4070,2,3,0.082222,0.088611,0.095,0.101389,0.107778,0.107778,0.996304
2026-07-26T04:54:54+00:00,on-demand,RTX 4070 Ti,10,35,0.088889,0.103395,0.107083,0.151639,0.242222,0.106944,0.985949
2026-07-26T04:54:54+00:00,on-demand,RTX 4070S,9,33,0.081204,0.084815,0.095185,0.10763,0.668889,0.083611,0.969338
2026-07-26T04:54:54+00:00,on-demand,RTX 4070S Ti,6,18,0.094444,0.168403,0.267083,0.267639,0.348889,0.267222,0.996796
2026-07-26T04:54:54+00:00,on-demand,RTX 4080,7,12,0.122963,0.16937,0.227704,0.268333,0.293926,0.267778,0.994608
2026-07-26T04:54:54+00:00,on-demand,RTX 4080S,10,31,0.147593,0.162917,0.202148,0.213819,0.227704,0.214704,0.99486
2026-07-26T04:54:54+00:00,on-demand,RTX 4090,62,212,0.133611,0.30787,0.401667,0.603241,1.337037,0.554352,0.994613
2026-07-26T04:54:54+00:00,on-demand,RTX 4090D,4,8,0.326815,0.58212,0.6675,0.668056,0.668889,0.326815,0.967226
2026-07-26T04:54:54+00:00,on-demand,RTX 5000Ada,2,3,0.427778,0.428056,0.428333,0.428611,0.428889,0.428333,0.996391
2026-07-26T04:54:54+00:00,on-demand,RTX 5060,4,5,0.046074,0.072352,0.115,0.157222,0.182222,0.182222,0.978956
2026-07-26T04:54:54+00:00,on-demand,RTX 5060 Ti,20,71,0.071556,0.092361,0.110463,0.17237,0.227407,0.169889,0.992592
2026-07-26T04:54:54+00:00,on-demand,RTX 5060 laptop,1,1,0.135556,0.135556,0.135556,0.135556,0.135556,,0.970487
2026-07-26T04:54:54+00:00,on-demand,RTX 5070,7,13,0.081852,0.087037,0.094444,0.138333,0.175556,0.138333,0.989154
2026-07-26T04:54:54+00:00,on-demand,RTX 5070 Ti,9,18,0.122222,0.160556,0.161889,0.200741,0.202963,0.161111,0.990642
2026-07-26T04:54:54+00:00,on-demand,RTX 5080,20,73,0.133611,0.172183,0.175,0.217222,0.802963,0.201296,0.989337
2026-07-26T04:54:54+00:00,on-demand,RTX 5090,48,143,0.212889,0.413944,0.483155,0.649722,3.614444,0.668519,0.994628
2026-07-26T04:54:54+00:00,on-demand,RTX 5880Ada,4,15,0.453593,0.453787,0.511185,0.568981,0.57037,0.511185,0.995161
2026-07-26T04:54:54+00:00,on-demand,RTX 6000Ada,12,29,0.203556,0.440972,0.598519,0.694282,0.787407,0.680833,0.994969
2026-07-26T04:54:54+00:00,on-demand,RTX A2000,3,4,0.034074,0.035111,0.036148,0.264815,0.493481,,0.995152
2026-07-26T04:54:54+00:00,on-demand,RTX A4000,7,47,0.071778,0.08037,0.081111,0.133493,0.133611,0.133611,0.975285
2026-07-26T04:54:54+00:00,on-demand,RTX A4500,1,1,1.274815,1.274815,1.274815,1.274815,1.274815,,0.99799
2026-07-26T04:54:54+00:00,on-demand,RTX A5000,2,3,0.319185,0.319648,0.320111,0.320574,0.321037,0.320111,0.99942
2026-07-26T04:54:54+00:00,on-demand,RTX A6000,4,10,0.288148,0.352454,0.374167,0.394444,0.454444,,0.992535
2026-07-26T04:54:54+00:00,on-demand,RTX PRO 4000,13,26,0.200556,0.241111,0.269037,0.321481,0.535556,0.269037,0.991269
2026-07-26T04:54:54+00:00,on-demand,RTX PRO 4500,2,2,0.282222,0.292222,0.302222,0.312222,0.322222,0.322222,0.997061
2026-07-26T04:54:54+00:00,on-demand,RTX PRO 5000,9,13,0.395185,0.641111,0.668889,0.685185,0.897037,0.675741,0.991533
2026-07-26T04:54:54+00:00,on-demand,RTX PRO 6000 S,11,20,0.774756,1.349074,1.534444,1.734815,1.736296,1.634259,0.998719
2026-07-26T04:54:54+00:00,on-demand,RTX PRO 6000 WS,15,28,0.868889,0.973796,1.159111,1.379148,5.335556,1.227185,0.985228
2026-07-26T04:54:54+00:00,on-demand,Tesla P100,5,10,0.054815,0.081111,0.081481,0.201111,0.202222,0.141296,0.985637
2026-07-26T04:54:54+00:00,on-demand,Tesla P40,3,7,0.132556,0.132833,0.133111,0.167667,0.202222,0.132833,0.992642
2026-07-26T04:54:54+00:00,on-demand,Tesla T4,2,3,12.000741,12.000926,12.001111,12.001296,12.001481,,0.972396
2026-07-26T04:54:54+00:00,on-demand,Tesla V100,7,19,0.107222,0.133889,0.135259,0.217361,0.268889,0.217361,0.974248
2026-07-26T04:54:54+00:00,on-demand,Titan RTX,3,3,0.135556,0.136296,0.137037,0.15,0.162963,0.149259,0.991602
2026-07-26T04:54:54+00:00,on-demand,Titan Xp,3,11,0.053704,0.053796,0.053889,0.054722,0.055556,0.053889,0.995576
2026-07-26T04:54:54+00:00,bid,A100 PCIE,22,31,0.131556,0.135556,0.201111,0.202222,0.535556,0.202222,0.991559
2026-07-26T04:54:54+00:00,bid,A100 SXM4,30,60,0.135556,0.60081,0.668889,0.802333,1.042156,0.636481,0.990611
2026-07-26T04:54:54+00:00,bid,A40,1,2,0.234074,0.234074,0.234074,0.234074,0.234074,0.234074,0.984363
2026-07-26T04:54:54+00:00,bid,A800 PCIE,7,12,0.129889,0.130444,0.131556,0.131556,0.131556,,0.994204
2026-07-26T04:54:54+00:00,bid,B200,11,34,5.625174,5.632812,6.127604,6.257812,6.410417,6.127604,0.997384
2026-07-26T04:54:54+00:00,bid,B300,3,11,5.001042,5.001563,5.002083,6.403299,7.804514,7.804514,0.961189
2026-07-26T04:54:54+00:00,bid,CMP 170HX,6,21,0.101433,0.101618,0.101804,0.101989,0.102729,,0.916949
2026-07-26T04:54:54+00:00,bid,GTX 1050 Ti,2,2,0.021562,0.022283,0.023003,0.023724,0.024444,,0.944866
2026-07-26T04:54:54+00:00,bid,GTX 1060,1,1,0.031111,0.031111,0.031111,0.031111,0.031111,,0.942465
2026-07-26T04:54:54+00:00,bid,GTX 1070,2,2,0.015556,0.017778,0.02,0.022222,0.024444,0.024444,0.965162
2026-07-26T04:54:54+00:00,bid,GTX 1070 Ti,3,12,0.04037,0.040463,0.040556,0.040833,0.041111,0.040556,0.997169
2026-07-26T04:54:54+00:00,bid,GTX 1080,5,18,0.037037,0.04037,0.04037,0.040556,0.042222,0.040463,0.98925
2026-07-26T04:54:54+00:00,bid,GTX 1080 Ti,10,35,0.029333,0.040694,0.053651,0.054028,0.055556,0.053651,0.997024
2026-07-26T04:54:54+00:00,bid,GTX 1650 S,1,1,0.037778,0.037778,0.037778,0.037778,0.037778,,0.937333
2026-07-26T04:54:54+00:00,bid,GTX 1660,1,1,0.0405,0.0405,0.0405,0.0405,0.0405,,0.947921
2026-07-26T04:54:54+00:00,bid,GTX 1660 S,1,1,0.031111,0.031111,0.031111,0.031111,0.031111,,0.945355
2026-07-26T04:54:54+00:00,bid,GTX 1660 Ti,1,1,0.037778,0.037778,0.037778,0.037778,0.037778,0.037778,0.939333
2026-07-26T04:54:54+00:00,bid,H100 NVL,9,12,0.934667,0.936,1.336296,1.934815,2.312889,1.935556,0.965214
2026-07-26T04:54:54+00:00,bid,H100 PCIE,4,12,0.733481,0.985037,1.367815,1.666759,1.666815,1.666741,0.982517
2026-07-26T04:54:54+00:00,bid,H100 SXM,12,32,0.474074,1.006519,1.667889,2.101667,2.935217,1.669111,0.993293
2026-07-26T04:54:54+00:00,bid,H200,5,10,1.321491,3.81652,3.816886,3.817251,3.947917,3.816886,0.997324
2026-07-26T04:54:54+00:00,bid,H200 NVL,10,14,0.403778,1.335778,1.339333,1.735444,2.002222,1.339556,0.984266
2026-07-26T04:54:54+00:00,bid,L4,10,23,0.134074,0.134815,0.201481,0.251178,0.320556,0.201481,0.997973
2026-07-26T04:54:54+00:00,bid,L40,6,12,0.267407,0.468056,0.47,0.471111,0.471111,0.47,0.984738
2026-07-26T04:54:54+00:00,bid,L40S,25,63,0.20037,0.402222,0.534815,0.540741,0.773611,0.535185,0.998664
2026-07-26T04:54:54+00:00,bid,Q RTX 5000,2,3,0.054074,0.054259,0.054444,0.05463,0.054815,,0.941928
2026-07-26T04:54:54+00:00,bid,Q RTX 6000,1,1,0.133704,0.133704,0.133704,0.133704,0.133704,,0.969835
2026-07-26T04:54:54+00:00,bid,Quadro GV100,1,1,0.134074,0.134074,0.134074,0.134074,0.134074,,0.967976
2026-07-26T04:54:54+00:00,bid,Quadro P4000,1,1,0.056741,0.056741,0.056741,0.056741,0.056741,0.056741,0.994122
2026-07-26T04:54:54+00:00,bid,RTX 2060,2,2,0.031111,0.107222,0.183333,0.259444,0.335556,0.183333,0.969526
2026-07-26T04:54:54+00:00,bid,RTX 2060S,1,1,0.123704,0.123704,0.123704,0.123704,0.123704,0.123704,0.935811
2026-07-26T04:54:54+00:00,bid,RTX 2070S,1,9,0.066831,0.066831,0.066831,0.066831,0.066831,,0.987353
2026-07-26T04:54:54+00:00,bid,RTX 2080 Ti,6,10,0.037778,0.067944,0.069222,0.098352,0.108889,0.070074,0.99661
2026-07-26T04:54:54+00:00,bid,RTX 2080S,1,1,0.037778,0.037778,0.037778,0.037778,0.037778,0.037778,0.974765
2026-07-26T04:54:54+00:00,bid,RTX 3060,17,42,0.028889,0.045481,0.065704,0.111541,0.137541,0.089548,0.995901
2026-07-26T04:54:54+00:00,bid,RTX 3060 Ti,2,2,0.057037,0.076,0.094963,0.113926,0.132889,0.057037,0.974022
2026-07-26T04:54:54+00:00,bid,RTX 3060 laptop,4,14,0.013352,0.032171,0.055296,0.079389,0.101111,0.08663,0.996539
2026-07-26T04:54:54+00:00,bid,RTX 3070,13,27,0.040444,0.042222,0.068889,0.094444,0.495556,0.093889,0.991443
2026-07-26T04:54:54+00:00,bid,RTX 3080,9,23,0.061481,0.067778,0.139222,0.140889,0.241659,0.139778,0.988027
2026-07-26T04:54:54+00:00,bid,RTX 3080 Ti,4,4,0.095556,0.099444,0.118148,0.148889,0.188889,0.135556,0.99562
2026-07-26T04:54:54+00:00,bid,RTX 3090,63,146,0.066981,0.107926,0.134815,0.157963,0.268889,0.147222,0.992436
2026-07-26T04:54:54+00:00,bid,RTX 4060,4,13,0.053531,0.053605,0.053778,0.054074,0.054519,,0.965053
2026-07-26T04:54:54+00:00,bid,RTX 4060 Ti,6,14,0.041111,0.045889,0.079,0.101944,0.107111,0.101667,0.997075
2026-07-26T04:54:54+00:00,bid,RTX 4070,4,6,0.054444,0.054444,0.055,0.082222,0.162222,0.055,0.999202
2026-07-26T04:54:54+00:00,bid,RTX 4070 Ti,7,13,0.093889,0.094444,0.095556,0.215,0.215556,0.154444,0.98716
2026-07-26T04:54:54+00:00,bid,RTX 4070S,6,21,0.062111,0.068171,0.069074,0.07088,0.076296,0.069074,0.990558
2026-07-26T04:54:54+00:00,bid,RTX 4070S Ti,12,31,0.067778,0.149097,0.1675,0.176111,0.202222,0.1675,0.999507
2026-07-26T04:54:54+00:00,bid,RTX 4080,6,11,0.133926,0.14713,0.147778,0.182704,0.255556,0.255556,0.844583
2026-07-26T04:54:54+00:00,bid,RTX 4080S,15,37,0.104444,0.1745,0.188889,0.200556,0.202074,0.194704,0.997867
2026-07-26T04:54:54+00:00,bid,RTX 4090,109,303,0.134074,0.228148,0.282222,0.37358,1.005037,0.335556,0.99522
2026-07-26T04:54:54+00:00,bid,RTX 4090D,5,10,0.604556,0.605111,0.605111,0.606222,0.606222,,0.967226
2026-07-26T04:54:54+00:00,bid,RTX 5000Ada,4,5,0.321111,0.321944,0.322222,0.325556,0.335556,0.322222,0.996391
2026-07-26T04:54:54+00:00,bid,RTX 5060,4,5,0.054444,0.055278,0.075556,0.108889,0.148889,0.148889,0.981659
2026-07-26T04:54:54+00:00,bid,RTX 5060 Ti,34,113,0.053611,0.071806,0.10713,0.145833,0.161111,0.134074,0.996387
2026-07-26T04:54:54+00:00,bid,RTX 5070,6,8,0.054815,0.082778,0.117963,0.158704,0.162222,0.155185,0.989238
2026-07-26T04:54:54+00:00,bid,RTX 5070 Ti,15,26,0.005741,0.107315,0.107778,0.134222,0.268,0.108889,0.990642
2026-07-26T04:54:54+00:00,bid,RTX 5080,18,29,0.02963,0.12637,0.161667,0.20042,0.202963,0.175556,0.989123
2026-07-26T04:54:54+00:00,bid,RTX 5090,95,259,0.093611,0.21113,0.324741,0.401185,0.907222,0.272222,0.995454
2026-07-26T04:54:54+00:00,bid,RTX 5880Ada,3,4,0.295185,0.296111,0.297037,0.297037,0.297037,0.297037,0.992494
2026-07-26T04:54:54+00:00,bid,RTX 6000Ada,23,38,0.137778,0.139259,0.387778,0.468889,0.775556,0.267222,0.996634
2026-07-26T04:54:54+00:00,bid,RTX A2000,2,2,0.202222,0.251704,0.301185,0.350667,0.400148,,0.996257
2026-07-26T04:54:54+00:00,bid,RTX A4000,11,64,0.013519,0.013889,0.057111,0.100206,0.107037,0.093611,0.99196
2026-07-26T04:54:54+00:00,bid,RTX A5000,4,9,0.025556,0.087778,0.109444,0.133056,0.201111,0.108519,0.96209
2026-07-26T04:54:54+00:00,bid,RTX A6000,8,11,0.134815,0.136296,0.236111,0.321389,0.375556,,0.990453
2026-07-26T04:54:54+00:00,bid,RTX PRO 4000,13,27,0.067222,0.068444,0.201852,0.240494,0.268889,0.238025,0.984817
2026-07-26T04:54:54+00:00,bid,RTX PRO 4500,1,1,0.228889,0.228889,0.228889,0.228889,0.228889,0.228889,0.999172
2026-07-26T04:54:54+00:00,bid,RTX PRO 5000,12,15,0.138518,0.165185,0.348667,0.554015,0.803704,0.201778,0.993777
2026-07-26T04:54:54+00:00,bid,RTX PRO 6000 S,19,35,0.335556,1.001389,1.06963,1.190556,1.318889,1.068148,0.998709
2026-07-26T04:54:54+00:00,bid,RTX PRO 6000 WS,28,36,0.137778,0.538519,0.801481,0.995522,1.337037,0.940741,0.991911
2026-07-26T04:54:54+00:00,bid,Tesla P100,3,4,0.041481,0.087963,0.134444,0.135,0.135556,0.135,0.985637
2026-07-26T04:54:54+00:00,bid,Tesla P40,3,8,0.065889,0.066167,0.066444,0.066444,0.066444,0.066444,0.992642
2026-07-26T04:54:54+00:00,bid,Tesla T4,3,4,3.400741,3.401111,3.401481,3.401481,3.401481,,0.972396
2026-07-26T04:54:54+00:00,bid,Tesla V100,16,41,0.08037,0.095315,0.147315,0.162222,0.202222,0.162222,0.994808
2026-07-26T04:54:54+00:00,bid,Titan RTX,1,1,0.125222,0.125222,0.125222,0.125222,0.125222,0.125222,0.998315
2026-07-26T04:54:54+00:00,bid,Titan Xp,3,11,0.04037,0.040463,0.040556,0.041389,0.042222,0.040556,0.995576
2026-07-26T04:59:53+00:00,on-demand,A100 PCIE,12,26,0.333611,0.677193,0.996087,1.001389,1.537739,0.997739,0.995194
2026-07-26T04:59:53+00:00,on-demand,A100 SXM4,24,71,0.40037,0.801944,1.001889,1.227176,1.668333,1.002667,0.991487
2026-07-26T04:59:53+00:00,on-demand,A40,2,3,0.601111,0.601389,0.601667,0.601944,0.602222,0.601667,0.994855
2026-07-26T04:59:53+00:00,on-demand,A800 PCIE,2,5,0.667222,0.667639,0.668056,0.668472,0.668889,,0.994204
2026-07-26T04:59:53+00:00,on-demand,B200,11,34,5.867708,5.878906,6.188802,6.686719,7.060417,6.188802,0.996869
2026-07-26T04:59:53+00:00,on-demand,B300,5,23,5.62526,5.625521,7.813542,7.814583,8.750694,8.750694,0.988578
2026-07-26T04:59:53+00:00,on-demand,CMP 170HX,4,15,0.120185,0.120324,0.120556,0.120926,0.121481,,0.916949
2026-07-26T04:59:53+00:00,on-demand,GTX 1050 Ti,2,2,0.611111,1.458704,2.306296,3.153889,4.001481,,0.944866
2026-07-26T04:59:53+00:00,on-demand,GTX 1060,3,4,0.087778,0.088333,0.088889,0.216667,0.344444,0.088333,0.999298
2026-07-26T04:59:53+00:00,on-demand,GTX 1070,2,2,0.202222,0.284444,0.366667,0.448889,0.531111,0.531111,0.965162
2026-07-26T04:59:53+00:00,on-demand,GTX 1070 Ti,1,2,0.051778,0.051778,0.051778,0.051778,0.051778,0.051778,0.997278
2026-07-26T04:59:53+00:00,on-demand,GTX 1080,4,10,0.027778,0.043611,0.049963,0.0515,0.052889,0.051963,0.972115
2026-07-26T04:59:53+00:00,on-demand,GTX 1080 Ti,6,17,0.042667,0.060972,0.063,0.071183,0.081111,0.063778,0.996664
2026-07-26T04:59:53+00:00,on-demand,GTX 1650 S,1,1,0.677778,0.677778,0.677778,0.677778,0.677778,,0.937333
2026-07-26T04:59:53+00:00,on-demand,GTX 1660 S,1,1,0.451111,0.451111,0.451111,0.451111,0.451111,,0.945355
2026-07-26T04:59:53+00:00,on-demand,GTX 1660 Ti,1,1,0.611111,0.611111,0.611111,0.611111,0.611111,0.611111,0.939333
2026-07-26T04:59:53+00:00,on-demand,H100 NVL,4,5,2.134667,2.135667,2.231111,2.345333,2.402667,2.326222,0.965214
2026-07-26T04:59:53+00:00,on-demand,H100 PCIE,4,12,1.362222,1.640667,1.833444,1.933426,1.933481,1.933407,0.982517
2026-07-26T04:59:53+00:00,on-demand,H100 SXM,9,29,1.734444,2.498963,2.802222,3.001333,4.218889,2.894444,0.987826
2026-07-26T04:59:53+00:00,on-demand,H200,5,10,3.934942,3.935673,4.080044,4.08114,4.211075,4.080044,0.997618
2026-07-26T04:59:53+00:00,on-demand,H200 NVL,7,18,2.800741,3.20125,3.334444,3.403333,3.855556,3.404889,0.978891
2026-07-26T04:59:53+00:00,on-demand,L4,4,12,0.202222,0.300889,0.333926,1.084028,3.333889,0.333926,0.983966
2026-07-26T04:59:53+00:00,on-demand,L40,4,9,0.297037,0.414815,0.455556,0.486389,0.574444,0.457037,0.996665
2026-07-26T04:59:53+00:00,on-demand,L40S,14,47,0.40037,0.482685,0.800556,1.068287,2.442222,0.934537,0.996236
2026-07-26T04:59:53+00:00,on-demand,Q RTX 5000,2,3,0.080741,0.080926,0.081111,0.081296,0.081481,,0.941928
2026-07-26T04:59:53+00:00,on-demand,Q RTX 8000,2,6,0.253704,0.253796,0.253889,0.253981,0.254074,0.253889,0.998641
2026-07-26T04:59:53+00:00,on-demand,Quadro GV100,1,1,0.467407,0.467407,0.467407,0.467407,0.467407,,0.967976
2026-07-26T04:59:53+00:00,on-demand,Quadro P4000,2,3,0.054444,0.057667,0.060889,0.064111,0.067333,0.060889,0.996792
2026-07-26T04:59:53+00:00,on-demand,RTX 2060,1,1,0.411111,0.411111,0.411111,0.411111,0.411111,0.411111,0.94409
2026-07-26T04:59:53+00:00,on-demand,RTX 2060S,1,1,0.283704,0.283704,0.283704,0.283704,0.283704,0.283704,0.935811
2026-07-26T04:59:53+00:00,on-demand,RTX 2070S,2,17,0.073498,0.073503,0.073508,0.073513,0.073519,,0.987353
2026-07-26T04:59:53+00:00,on-demand,RTX 2080 Ti,7,19,0.068889,0.080042,0.080111,0.12863,0.811111,0.080111,0.994707
2026-07-26T04:59:53+00:00,on-demand,RTX 2080S,1,1,0.744444,0.744444,0.744444,0.744444,0.744444,0.744444,0.974765
2026-07-26T04:59:53+00:00,on-demand,RTX 3060,8,27,0.050815,0.05337,0.062333,0.095227,1.334815,0.053778,0.995875
2026-07-26T04:59:53+00:00,on-demand,RTX 3060 Ti,1,1,0.051111,0.051111,0.051111,0.051111,0.051111,0.051111,0.99587
2026-07-26T04:59:53+00:00,on-demand,RTX 3060 laptop,4,13,0.026685,0.037505,0.041667,0.050037,0.073481,0.073481,0.996539
2026-07-26T04:59:53+00:00,on-demand,RTX 3070,8,24,0.047778,0.082917,0.103827,0.12088,0.562222,0.134537,0.993145
2026-07-26T04:59:53+00:00,on-demand,RTX 3080,13,40,0.060222,0.074074,0.113444,0.146444,0.252326,0.146444,0.993517
2026-07-26T04:59:53+00:00,on-demand,RTX 3080 Ti,3,3,0.137037,0.15563,0.174222,0.234889,0.295556,0.174222,0.994927
2026-07-26T04:59:53+00:00,on-demand,RTX 3090,48,151,0.082222,0.140676,0.191269,0.333889,1.187407,0.244074,0.99041
2026-07-26T04:59:53+00:00,on-demand,RTX 3090 Ti,1,1,0.175556,0.175556,0.175556,0.175556,0.175556,,0.993084
2026-07-26T04:59:53+00:00,on-demand,RTX 4060,6,12,0.060198,0.060741,0.065407,0.079074,2.677778,0.06963,0.97504
2026-07-26T04:59:53+00:00,on-demand,RTX 4060 Ti,3,6,0.058148,0.062963,0.067778,0.106444,0.145111,0.10163,0.997241
2026-07-26T04:59:53+00:00,on-demand,RTX 4070,2,3,0.082222,0.085278,0.088333,0.091389,0.094444,0.094444,0.995679
2026-07-26T04:59:53+00:00,on-demand,RTX 4070 Ti,11,36,0.097037,0.105679,0.107222,0.1515,0.242222,0.107222,0.985949
2026-07-26T04:59:53+00:00,on-demand,RTX 4070S,9,22,0.080556,0.084815,0.095185,0.667407,0.668889,0.084815,0.990558
2026-07-26T04:59:53+00:00,on-demand,RTX 4070S Ti,11,28,0.094444,0.131926,0.201111,0.2675,0.348889,0.266944,0.998063
2026-07-26T04:59:53+00:00,on-demand,RTX 4080,5,10,0.161037,0.177704,0.227704,0.267778,0.293926,0.247741,0.994608
2026-07-26T04:59:53+00:00,on-demand,RTX 4080S,10,28,0.147593,0.162917,0.201593,0.210764,0.401111,0.201667,0.99486
2026-07-26T04:59:53+00:00,on-demand,RTX 4090,57,201,0.133611,0.308889,0.402222,0.601852,1.335185,0.508488,0.99522
2026-07-26T04:59:53+00:00,on-demand,RTX 4090D,4,8,0.328148,0.582454,0.6675,0.668056,0.668889,0.328148,0.967226
2026-07-26T04:59:53+00:00,on-demand,RTX 5000Ada,2,3,0.427778,0.434722,0.441667,0.448611,0.455556,0.441667,0.992498
2026-07-26T04:59:53+00:00,on-demand,RTX 5060,3,3,0.046074,0.097481,0.148889,0.165556,0.182222,0.182222,0.976254
2026-07-26T04:59:53+00:00,on-demand,RTX 5060 Ti,18,68,0.071556,0.088889,0.11713,0.175935,0.227407,0.173889,0.994964
2026-07-26T04:59:53+00:00,on-demand,RTX 5060 laptop,1,1,0.135556,0.135556,0.135556,0.135556,0.135556,,0.970487
2026-07-26T04:59:53+00:00,on-demand,RTX 5070,7,13,0.094444,0.095741,0.097778,0.12463,0.148889,0.12463,0.992962
2026-07-26T04:59:53+00:00,on-demand,RTX 5070 Ti,8,15,0.101481,0.154306,0.162056,0.166574,0.188889,0.161389,0.990642
2026-07-26T04:59:53+00:00,on-demand,RTX 5080,19,68,0.133611,0.173843,0.177778,0.214259,0.802963,0.267222,0.99252
2026-07-26T04:59:53+00:00,on-demand,RTX 5090,47,148,0.212889,0.440926,0.533827,0.773981,3.615556,0.67037,0.991528
2026-07-26T04:59:53+00:00,on-demand,RTX 5880Ada,4,15,0.453593,0.453787,0.511185,0.568981,0.57037,0.511185,0.995161
2026-07-26T04:59:53+00:00,on-demand,RTX 6000Ada,9,26,0.440556,0.535556,0.681111,0.733796,0.787407,0.682222,0.990505
2026-07-26T04:59:53+00:00,on-demand,RTX A2000,4,5,0.034074,0.03563,0.036148,0.150481,0.493481,,0.995152
2026-07-26T04:59:53+00:00,on-demand,RTX A4000,7,52,0.072889,0.080231,0.133468,0.133565,0.133704,0.133611,0.984526
2026-07-26T04:59:53+00:00,on-demand,RTX A4500,1,1,1.274815,1.274815,1.274815,1.274815,1.274815,,0.99799
2026-07-26T04:59:53+00:00,on-demand,RTX A5000,2,3,0.317852,0.318315,0.318778,0.319241,0.319704,0.318778,0.99942
2026-07-26T04:59:53+00:00,on-demand,RTX A6000,6,12,0.28963,0.374028,0.381111,0.400278,0.454444,0.404444,0.989411
2026-07-26T04:59:53+00:00,on-demand,RTX PRO 4000,11,26,0.200556,0.221667,0.293889,0.31537,0.535556,0.295556,0.984817
2026-07-26T04:59:53+00:00,on-demand,RTX PRO 4500,2,2,0.282222,0.292222,0.302222,0.312222,0.322222,0.322222,0.997061
2026-07-26T04:59:53+00:00,on-demand,RTX PRO 5000,8,11,0.397037,0.652222,0.662815,0.724574,0.897037,0.657222,0.993257
2026-07-26T04:59:53+00:00,on-demand,RTX PRO 6000 S,13,29,0.774756,1.362593,1.602222,1.734815,1.736296,1.634722,0.996298
2026-07-26T04:59:53+00:00,on-demand,RTX PRO 6000 WS,18,33,0.867778,0.960694,1.152296,1.453519,26.66963,1.159111,0.994585
2026-07-26T04:59:53+00:00,on-demand,Tesla P100,5,10,0.054815,0.081111,0.081481,0.201111,0.202222,0.141296,0.985637
2026-07-26T04:59:53+00:00,on-demand,Tesla P40,3,7,0.132556,0.132833,0.133111,0.167667,0.202222,0.132833,0.992642
2026-07-26T04:59:53+00:00,on-demand,Tesla T4,2,3,12.000741,12.000926,12.001111,12.001296,12.001481,,0.972396
2026-07-26T04:59:53+00:00,on-demand,Tesla V100,7,21,0.107222,0.133611,0.134074,0.157546,0.335556,0.166944,0.962869
2026-07-26T04:59:53+00:00,on-demand,Titan RTX,2,2,0.137037,0.143519,0.15,0.156481,0.162963,0.162963,0.980014
2026-07-26T04:59:53+00:00,on-demand,Titan Xp,3,11,0.053704,0.053796,0.053889,0.054722,0.055556,0.053889,0.995576
2026-07-26T04:59:53+00:00,bid,A100 PCIE,25,41,0.133889,0.135556,0.200741,0.202222,0.535556,0.202222,0.994361
2026-07-26T04:59:53+00:00,bid,A100 SXM4,22,53,0.135556,0.462384,0.700254,0.802667,1.042156,0.674259,0.991337
2026-07-26T04:59:53+00:00,bid,A40,1,2,0.234074,0.234074,0.234074,0.234074,0.234074,0.234074,0.984363
2026-07-26T04:59:53+00:00,bid,A800 PCIE,7,12,0.129889,0.130444,0.131556,0.131556,0.131556,,0.994204
2026-07-26T04:59:53+00:00,bid,B200,17,60,5.625174,5.625521,5.635417,6.255208,7.375521,5.635417,0.996186
2026-07-26T04:59:53+00:00,bid,B300,3,11,5.001042,5.001563,5.002083,6.403299,7.804514,7.804514,0.961189
2026-07-26T04:59:53+00:00,bid,CMP 170HX,6,21,0.101433,0.101618,0.101804,0.101989,0.102729,,0.916949
2026-07-26T04:59:53+00:00,bid,GTX 1050 Ti,2,2,0.021562,0.022283,0.023003,0.023724,0.024444,,0.944866
2026-07-26T04:59:53+00:00,bid,GTX 1060,1,1,0.031111,0.031111,0.031111,0.031111,0.031111,,0.942465
2026-07-26T04:59:53+00:00,bid,GTX 1070,2,2,0.015556,0.017778,0.02,0.022222,0.024444,0.024444,0.965162
2026-07-26T04:59:53+00:00,bid,GTX 1070 Ti,1,1,0.042222,0.042222,0.042222,0.042222,0.042222,0.042222,0.997169
2026-07-26T04:59:53+00:00,bid,GTX 1080,5,19,0.014815,0.04037,0.04037,0.040556,0.041111,0.040463,0.996707
2026-07-26T04:59:53+00:00,bid,GTX 1080 Ti,10,34,0.029333,0.041389,0.053651,0.054028,0.054444,0.053651,0.997509
2026-07-26T04:59:53+00:00,bid,GTX 1650 S,1,1,0.037778,0.037778,0.037778,0.037778,0.037778,,0.937333
2026-07-26T04:59:53+00:00,bid,GTX 1660,1,1,0.0405,0.0405,0.0405,0.0405,0.0405,,0.947921
2026-07-26T04:59:53+00:00,bid,GTX 1660 S,1,1,0.031111,0.031111,0.031111,0.031111,0.031111,,0.945355
2026-07-26T04:59:53+00:00,bid,GTX 1660 Ti,1,1,0.037778,0.037778,0.037778,0.037778,0.037778,0.037778,0.939333
2026-07-26T04:59:53+00:00,bid,H100 NVL,5,6,0.934667,0.936,1.336296,1.868889,2.312889,1.824593,0.965214
2026-07-26T04:59:53+00:00,bid,H100 PCIE,4,12,0.733481,0.985037,1.367815,1.666759,1.666815,1.666741,0.982517
2026-07-26T04:59:53+00:00,bid,H100 SXM,11,46,0.474074,1.667889,2.001333,2.667361,4.002222,2.002667,0.993293
2026-07-26T04:59:53+00:00,bid,H200,7,12,1.321491,3.651462,3.816886,3.817617,3.947917,3.816886,0.997618
2026-07-26T04:59:53+00:00,bid,H200 NVL,9,14,0.403778,1.339556,1.867407,1.995111,3.077778,1.697556,0.997376
2026-07-26T04:59:53+00:00,bid,L4,8,18,0.134074,0.184722,0.235318,0.268981,0.320444,0.268148,0.997767
2026-07-26T04:59:53+00:00,bid,L40,6,12,0.267407,0.402315,0.435741,0.470278,0.471111,0.435741,0.990672
2026-07-26T04:59:53+00:00,bid,L40S,21,68,0.200185,0.335556,0.535185,0.540741,0.801852,0.540741,0.998337
2026-07-26T04:59:53+00:00,bid,Q RTX 5000,2,3,0.054074,0.054259,0.054444,0.05463,0.054815,,0.941928
2026-07-26T04:59:53+00:00,bid,Q RTX 6000,1,1,0.133704,0.133704,0.133704,0.133704,0.133704,,0.969835
2026-07-26T04:59:53+00:00,bid,Quadro GV100,1,1,0.134074,0.134074,0.134074,0.134074,0.134074,,0.967976
2026-07-26T04:59:53+00:00,bid,Quadro P4000,1,1,0.056741,0.056741,0.056741,0.056741,0.056741,0.056741,0.994122
2026-07-26T04:59:53+00:00,bid,RTX 2060,2,2,0.031111,0.107222,0.183333,0.259444,0.335556,0.183333,0.969526
2026-07-26T04:59:53+00:00,bid,RTX 2060S,1,1,0.123704,0.123704,0.123704,0.123704,0.123704,0.123704,0.935811
2026-07-26T04:59:53+00:00,bid,RTX 2070S,1,9,0.066831,0.066831,0.066831,0.066831,0.066831,,0.987353
2026-07-26T04:59:53+00:00,bid,RTX 2080 Ti,6,10,0.037778,0.067944,0.069222,0.098352,0.108889,0.070074,0.99661
2026-07-26T04:59:53+00:00,bid,RTX 2080S,1,1,0.037778,0.037778,0.037778,0.037778,0.037778,0.037778,0.974765
2026-07-26T04:59:53+00:00,bid,RTX 3060,19,48,0.028889,0.040926,0.054444,0.102815,0.138281,0.067556,0.995661
2026-07-26T04:59:53+00:00,bid,RTX 3060 Ti,2,2,0.057037,0.076,0.094963,0.113926,0.132889,0.057037,0.974022
2026-07-26T04:59:53+00:00,bid,RTX 3060 laptop,5,15,0.013352,0.038444,0.072148,0.073481,0.07763,0.074889,0.996198
2026-07-26T04:59:53+00:00,bid,RTX 3070,10,21,0.040444,0.072333,0.089389,0.094444,0.495556,0.094167,0.991443
2026-07-26T04:59:53+00:00,bid,RTX 3080,10,27,0.060741,0.067014,0.1035,0.140611,0.241659,0.140333,0.985243
2026-07-26T04:59:53+00:00,bid,RTX 3080 Ti,6,9,0.088889,0.095926,0.102222,0.128519,0.188889,0.107407,0.99562
2026-07-26T04:59:53+00:00,bid,RTX 3090,59,129,0.015778,0.107778,0.134444,0.152222,0.268889,0.147222,0.99155
2026-07-26T04:59:53+00:00,bid,RTX 4060,4,13,0.053531,0.053605,0.053778,0.054074,0.054519,,0.965053
2026-07-26T04:59:53+00:00,bid,RTX 4060 Ti,6,15,0.041111,0.045611,0.058852,0.091315,0.107111,0.081519,0.997075
2026-07-26T04:59:53+00:00,bid,RTX 4070,7,15,0.053889,0.054444,0.054444,0.076333,0.161111,0.054444,0.999202
2026-07-26T04:59:53+00:00,bid,RTX 4070 Ti,7,13,0.093889,0.094444,0.095556,0.161667,0.215556,0.101667,0.985949
2026-07-26T04:59:53+00:00,bid,RTX 4070S,5,11,0.062111,0.069074,0.071481,0.073111,0.076296,0.071481,0.990558
2026-07-26T04:59:53+00:00,bid,RTX 4070S Ti,14,36,0.094444,0.167222,0.167778,0.200972,0.202222,0.167778,0.999507
2026-07-26T04:59:53+00:00,bid,RTX 4080,6,11,0.082222,0.137204,0.17063,0.239389,0.255556,0.255,0.987665
2026-07-26T04:59:53+00:00,bid,RTX 4080S,11,27,0.104444,0.14163,0.187778,0.194509,0.202074,0.187778,0.997424
2026-07-26T04:59:53+00:00,bid,RTX 4090,93,259,0.108852,0.230123,0.333481,0.34963,1.005037,0.335556,0.994613
2026-07-26T04:59:53+00:00,bid,RTX 4090D,3,7,0.604556,0.604833,0.605111,0.605667,0.606222,,0.967226
2026-07-26T04:59:53+00:00,bid,RTX 5000Ada,3,4,0.321111,0.321667,0.322222,0.322222,0.322222,0.322222,0.996391
2026-07-26T04:59:53+00:00,bid,RTX 5060,4,5,0.054444,0.055278,0.075556,0.108889,0.148889,0.148889,0.981659
2026-07-26T04:59:53+00:00,bid,RTX 5060 Ti,38,117,0.053611,0.072583,0.107593,0.14725,0.161111,0.137981,0.992221
2026-07-26T04:59:53+00:00,bid,RTX 5070,8,10,0.065111,0.081944,0.155185,0.162222,0.162222,0.162222,0.991175
2026-07-26T04:59:53+00:00,bid,RTX 5070 Ti,17,33,0.093889,0.107778,0.133926,0.136,0.268,0.108333,0.990642
2026-07-26T04:59:53+00:00,bid,RTX 5080,20,34,0.02963,0.131315,0.155,0.190417,0.338519,0.175556,0.991782
2026-07-26T04:59:53+00:00,bid,RTX 5090,91,258,0.102222,0.268333,0.333611,0.401,0.907222,0.272593,0.995486
2026-07-26T04:59:53+00:00,bid,RTX 5880Ada,4,5,0.295185,0.296574,0.297037,0.297037,0.297037,0.297037,0.992494
2026-07-26T04:59:53+00:00,bid,RTX 6000Ada,22,37,0.137778,0.139259,0.387778,0.450926,0.774074,0.139259,0.996652
2026-07-26T04:59:53+00:00,bid,RTX A2000,2,2,0.202222,0.251704,0.301185,0.350667,0.400148,,0.996257
2026-07-26T04:59:53+00:00,bid,RTX A4000,11,66,0.013519,0.013889,0.058222,0.106827,0.107037,0.093611,0.99196
2026-07-26T04:59:53+00:00,bid,RTX A5000,3,7,0.025556,0.067037,0.108519,0.109444,0.11037,0.108519,0.99942
2026-07-26T04:59:53+00:00,bid,RTX A6000,9,13,0.134815,0.136296,0.26963,0.321111,0.375556,,0.989603
2026-07-26T04:59:53+00:00,bid,RTX PRO 4000,15,31,0.067222,0.068667,0.108889,0.240617,0.268889,0.240741,0.984817
2026-07-26T04:59:53+00:00,bid,RTX PRO 4500,1,1,0.228889,0.228889,0.228889,0.228889,0.228889,0.228889,0.999172
2026-07-26T04:59:53+00:00,bid,RTX PRO 5000,12,15,0.162593,0.19263,0.44163,0.551481,0.803704,0.296296,0.992053
2026-07-26T04:59:53+00:00,bid,RTX PRO 6000 S,15,28,0.335556,0.935185,1.06963,1.190556,1.318889,1.068889,0.998709
2026-07-26T04:59:53+00:00,bid,RTX PRO 6000 WS,21,31,0.295556,0.602963,0.668889,0.936296,1.335185,0.937037,0.992931
2026-07-26T04:59:53+00:00,bid,Tesla P100,4,5,0.041481,0.111204,0.135,0.135556,0.135556,0.135556,0.985637
2026-07-26T04:59:53+00:00,bid,Tesla P40,3,8,0.065889,0.066167,0.066444,0.066444,0.066444,0.066444,0.992642
2026-07-26T04:59:53+00:00,bid,Tesla T4,3,4,3.400741,3.401111,3.401481,3.401481,3.401481,,0.972396
2026-07-26T04:59:53+00:00,bid,Tesla V100,17,37,0.08037,0.095407,0.134815,0.162222,0.202222,0.161389,0.990877
2026-07-26T04:59:53+00:00,bid,Titan RTX,1,1,0.125222,0.125222,0.125222,0.125222,0.125222,0.125222,0.998315
2026-07-26T04:59:53+00:00,bid,Titan Xp,3,11,0.04037,0.040463,0.040556,0.041389,0.042222,0.040556,0.995576
2026-07-26T05:04:53+00:00,on-demand,A100 PCIE,14,31,0.333611,0.389074,0.857773,1.001111,1.537739,0.996087,0.988756
2026-07-26T05:04:53+00:00,on-demand,A100 SXM4,25,73,0.40037,0.801111,1.042667,1.226852,1.592,0.988741,0.995422
2026-07-26T05:04:53+00:00,on-demand,A40,2,3,0.601111,0.601389,0.601667,0.601944,0.602222,0.601667,0.994855
2026-07-26T05:04:53+00:00,on-demand,A800 PCIE,3,7,0.667222,0.6675,0.667778,0.668333,0.668889,,0.994204
2026-07-26T05:04:53+00:00,on-demand,B200,11,34,5.865104,5.876563,6.188802,6.449653,7.060417,6.188802,0.997384
2026-07-26T05:04:53+00:00,on-demand,B300,5,23,5.62526,5.625521,7.813542,7.814583,8.750694,8.750694,0.988578
2026-07-26T05:04:53+00:00,on-demand,CMP 170HX,4,15,0.120185,0.120324,0.120556,0.120926,0.121481,,0.916949
2026-07-26T05:04:53+00:00,on-demand,GTX 1050 Ti,2,2,0.611111,1.458704,2.306296,3.153889,4.001481,,0.944866
2026-07-26T05:04:53+00:00,on-demand,GTX 1060,3,4,0.087778,0.088333,0.088889,0.216667,0.344444,0.088333,0.999298
2026-07-26T05:04:53+00:00,on-demand,GTX 1070,2,2,0.202222,0.284444,0.366667,0.448889,0.531111,0.531111,0.965162
2026-07-26T05:04:53+00:00,on-demand,GTX 1070 Ti,1,4,0.051222,0.051222,0.051222,0.051222,0.051222,0.051222,0.987714
2026-07-26T05:04:53+00:00,on-demand,GTX 1080,5,12,0.027778,0.05037,0.051037,0.051407,0.051778,0.051407,0.995534
2026-07-26T05:04:53+00:00,on-demand,GTX 1080 Ti,6,17,0.042667,0.062389,0.069937,0.073829,0.081111,0.073651,0.996566
2026-07-26T05:04:53+00:00,on-demand,GTX 1650 S,1,1,0.677778,0.677778,0.677778,0.677778,0.677778,,0.937333
2026-07-26T05:04:53+00:00,on-demand,GTX 1660 Ti,1,1,0.611111,0.611111,0.611111,0.611111,0.611111,0.611111,0.939333
2026-07-26T05:04:53+00:00,on-demand,H100 NVL,4,5,2.136,2.335,2.402,2.469037,2.668148,2.668148,0.951581
2026-07-26T05:04:53+00:00,on-demand,H100 PCIE,4,12,1.362222,1.640667,1.833444,1.933426,1.933481,1.933407,0.982517
2026-07-26T05:04:53+00:00,on-demand,H100 SXM,9,29,1.868889,2.801111,2.894444,3.452551,4.218889,2.934444,0.968426
2026-07-26T05:04:53+00:00,on-demand,H200,5,10,3.934942,3.935673,4.08114,4.211075,4.211623,4.08114,0.999227
2026-07-26T05:04:53+00:00,on-demand,H200 NVL,7,18,2.800741,3.195333,3.324889,3.334028,3.855556,3.324889,0.98244
2026-07-26T05:04:53+00:00,on-demand,L4,4,12,0.202222,0.300889,0.334111,1.084306,3.333889,0.334111,0.984425
2026-07-26T05:04:53+00:00,on-demand,L40,5,11,0.297037,0.454074,0.574444,0.575556,0.577778,0.575,0.984738
2026-07-26T05:04:53+00:00,on-demand,L40S,15,48,0.400741,0.498333,0.800556,1.068056,2.442222,0.801481,0.996867
2026-07-26T05:04:53+00:00,on-demand,Q RTX 5000,2,3,0.080741,0.080926,0.081111,0.081296,0.081481,,0.941928
2026-07-26T05:04:53+00:00,on-demand,Q RTX 8000,3,7,0.253704,0.253889,0.254074,0.254444,0.254815,0.254074,0.998641
2026-07-26T05:04:53+00:00,on-demand,Quadro GV100,1,1,0.467407,0.467407,0.467407,0.467407,0.467407,,0.967976
2026-07-26T05:04:53+00:00,on-demand,Quadro P4000,2,3,0.054444,0.055093,0.055741,0.056389,0.057037,0.055741,0.992347
2026-07-26T05:04:53+00:00,on-demand,RTX 2060,1,1,0.415556,0.415556,0.415556,0.415556,0.415556,0.415556,0.994962
2026-07-26T05:04:53+00:00,on-demand,RTX 2060S,1,1,0.283704,0.283704,0.283704,0.283704,0.283704,0.283704,0.935811
2026-07-26T05:04:53+00:00,on-demand,RTX 2070S,1,9,0.073498,0.073498,0.073498,0.073498,0.073498,,0.987353
2026-07-26T05:04:53+00:00,on-demand,RTX 2080 Ti,9,31,0.068889,0.080028,0.080111,0.122222,0.811111,0.080111,0.994707
2026-07-26T05:04:53+00:00,on-demand,RTX 2080S,1,1,0.744444,0.744444,0.744444,0.744444,0.744444,0.744444,0.974765
2026-07-26T05:04:53+00:00,on-demand,RTX 3060,8,26,0.050815,0.060889,0.070638,0.289756,1.334815,0.111319,0.996262
2026-07-26T05:04:53+00:00,on-demand,RTX 3060 laptop,5,15,0.026685,0.041111,0.042222,0.069481,0.076148,0.076148,0.996338
2026-07-26T05:04:53+00:00,on-demand,RTX 3070,7,22,0.051556,0.090753,0.100926,0.104444,0.138444,0.100926,0.999369
2026-07-26T05:04:53+00:00,on-demand,RTX 3080,13,39,0.060222,0.107778,0.113444,0.120556,0.252326,0.1135,0.993517
2026-07-26T05:04:53+00:00,on-demand,RTX 3080 Ti,5,7,0.107778,0.108889,0.114444,0.174222,0.295556,0.144333,0.989483
2026-07-26T05:04:53+00:00,on-demand,RTX 3090,37,105,0.111481,0.147222,0.213667,0.333889,1.336296,0.24537,0.99155
2026-07-26T05:04:53+00:00,on-demand,RTX 3090 Ti,1,1,0.175556,0.175556,0.175556,0.175556,0.175556,,0.993084
2026-07-26T05:04:53+00:00,on-demand,RTX 4060,6,13,0.060198,0.060741,0.061704,0.077222,2.677778,0.062222,0.97504
2026-07-26T05:04:53+00:00,on-demand,RTX 4060 Ti,4,11,0.068889,0.087639,0.094167,0.104278,0.133778,0.094444,0.998322
2026-07-26T05:04:53+00:00,on-demand,RTX 4070,3,4,0.082222,0.095,0.107778,0.108333,0.108889,0.108333,0.999202
2026-07-26T05:04:53+00:00,on-demand,RTX 4070 Ti,8,29,0.088889,0.102778,0.107083,0.174111,0.242222,0.106944,0.986743
2026-07-26T05:04:53+00:00,on-demand,RTX 4070S,6,13,0.084815,0.091019,0.096111,0.524815,0.667778,0.087222,0.990558
2026-07-26T05:04:53+00:00,on-demand,RTX 4070S Ti,11,26,0.094444,0.126667,0.174444,0.267083,0.348889,0.220694,0.996859
2026-07-26T05:04:53+00:00,on-demand,RTX 4080,7,13,0.122963,0.177889,0.178815,0.247741,0.293926,0.247741,0.970696
2026-07-26T05:04:53+00:00,on-demand,RTX 4080S,10,28,0.147593,0.162917,0.201593,0.210764,0.228741,0.201111,0.993531
2026-07-26T05:04:53+00:00,on-demand,RTX 4090,59,206,0.133611,0.307907,0.401111,0.602778,1.337037,0.508488,0.994567
2026-07-26T05:04:53+00:00,on-demand,RTX 4090D,4,8,0.330815,0.58312,0.6675,0.668056,0.668889,0.330815,0.967226
2026-07-26T05:04:53+00:00,on-demand,RTX 5000Ada,2,3,0.375556,0.388611,0.401667,0.414722,0.427778,0.401667,0.994574
2026-07-26T05:04:53+00:00,on-demand,RTX 5060,2,3,0.046074,0.054833,0.063593,0.072352,0.081111,,0.915477
2026-07-26T05:04:53+00:00,on-demand,RTX 5060 Ti,18,70,0.067556,0.093694,0.120648,0.175843,0.227407,0.171796,0.992303
2026-07-26T05:04:53+00:00,on-demand,RTX 5060 laptop,1,1,0.135556,0.135556,0.135556,0.135556,0.135556,,0.970487
2026-07-26T05:04:53+00:00,on-demand,RTX 5070,6,11,0.081852,0.095278,0.097778,0.100833,0.175556,0.101852,0.991744
2026-07-26T05:04:53+00:00,on-demand,RTX 5070 Ti,8,14,0.123407,0.154556,0.163074,0.181528,0.202963,0.168037,0.993775
2026-07-26T05:04:53+00:00,on-demand,RTX 5080,19,81,0.133611,0.173843,0.175556,0.200556,0.802963,0.200556,0.99252
2026-07-26T05:04:53+00:00,on-demand,RTX 5090,50,154,0.212889,0.459006,0.535432,0.72811,3.615556,0.668056,0.993968
2026-07-26T05:04:53+00:00,on-demand,RTX 5880Ada,4,15,0.453593,0.453787,0.511185,0.568981,0.57037,0.511185,0.995161
2026-07-26T05:04:53+00:00,on-demand,RTX 6000Ada,9,26,0.440556,0.535556,0.680556,0.735185,0.787407,0.733796,0.990505
2026-07-26T05:04:53+00:00,on-demand,RTX A2000,4,5,0.034074,0.03563,0.036148,0.150481,0.493481,,0.995152
2026-07-26T05:04:53+00:00,on-demand,RTX A4000,6,44,0.072889,0.093506,0.133493,0.133588,0.133704,0.133611,0.977918
2026-07-26T05:04:53+00:00,on-demand,RTX A4500,1,1,1.274815,1.274815,1.274815,1.274815,1.274815,,0.99799
2026-07-26T05:04:53+00:00,on-demand,RTX A5000,3,7,0.200556,0.216167,0.231778,0.275074,0.31837,0.231778,0.99124
2026-07-26T05:04:53+00:00,on-demand,RTX A6000,6,12,0.28963,0.374028,0.381111,0.400278,0.454444,0.404444,0.989411
2026-07-26T05:04:53+00:00,on-demand,RTX PRO 4000,8,19,0.201111,0.232794,0.268871,0.335648,0.535556,0.289519,0.984817
2026-07-26T05:04:53+00:00,on-demand,RTX PRO 4500,2,2,0.282222,0.292222,0.302222,0.312222,0.322222,0.322222,0.997061
2026-07-26T05:04:53+00:00,on-demand,RTX PRO 5000,7,9,0.629259,0.649778,0.668148,0.782037,0.897037,0.65,0.992574
2026-07-26T05:04:53+00:00,on-demand,RTX PRO 6000 S,13,29,0.774756,1.335556,1.667222,1.734815,1.736296,1.633889,0.997088
2026-07-26T05:04:53+00:00,on-demand,RTX PRO 6000 WS,20,35,0.867778,0.935278,1.138815,1.485741,13.335556,1.266296,0.992569
2026-07-26T05:04:53+00:00,on-demand,Tesla P100,5,10,0.054815,0.081111,0.082222,0.201111,0.202222,0.141667,0.985634
2026-07-26T05:04:53+00:00,on-demand,Tesla P40,3,7,0.132556,0.132833,0.133111,0.167667,0.202222,0.132833,0.992642
2026-07-26T05:04:53+00:00,on-demand,Tesla T4,2,3,12.000741,12.000926,12.001111,12.001296,12.001481,,0.972396
2026-07-26T05:04:53+00:00,on-demand,Tesla V100,9,31,0.079037,0.107222,0.133704,0.166944,0.335556,0.212889,0.962869
2026-07-26T05:04:53+00:00,on-demand,Titan RTX,2,2,0.137037,0.143519,0.15,0.156481,0.162963,0.162963,0.980014
2026-07-26T05:04:53+00:00,on-demand,Titan Xp,3,11,0.053704,0.053796,0.053889,0.054722,0.055556,0.053889,0.995576
2026-07-26T05:04:53+00:00,bid,A100 PCIE,21,28,0.131556,0.135556,0.200741,0.202222,0.535556,0.235,0.994361
2026-07-26T05:04:53+00:00,bid,A100 SXM4,24,53,0.135556,0.412593,0.662477,0.802667,1.042156,0.603889,0.991337
2026-07-26T05:04:53+00:00,bid,A40,1,2,0.234074,0.234074,0.234074,0.234074,0.234074,0.234074,0.984363
2026-07-26T05:04:53+00:00,bid,A800 PCIE,7,12,0.129889,0.130444,0.131556,0.131556,0.131556,,0.994204
2026-07-26T05:04:53+00:00,bid,B200,12,42,5.625174,5.625911,6.126953,6.25651,6.410417,6.126953,0.996445
2026-07-26T05:04:53+00:00,bid,B300,3,11,5.001042,5.001563,5.002083,6.403299,7.804514,7.804514,0.961189
2026-07-26T05:04:53+00:00,bid,CMP 170HX,5,19,0.101433,0.101618,0.101618,0.101989,0.102729,,0.916949
2026-07-26T05:04:53+00:00,bid,GTX 1050 Ti,2,2,0.021562,0.022283,0.023003,0.023724,0.024444,,0.944866
2026-07-26T05:04:53+00:00,bid,GTX 1060,1,1,0.031111,0.031111,0.031111,0.031111,0.031111,,0.942465
2026-07-26T05:04:53+00:00,bid,GTX 1070,2,2,0.015556,0.017778,0.02,0.022222,0.024444,0.024444,0.965162
2026-07-26T05:04:53+00:00,bid,GTX 1070 Ti,2,10,0.04037,0.040417,0.040463,0.040509,0.040556,0.040463,0.992496
2026-07-26T05:04:53+00:00,bid,GTX 1080,5,14,0.034074,0.04037,0.040556,0.041111,0.042222,0.040463,0.995534
2026-07-26T05:04:53+00:00,bid,GTX 1080 Ti,10,35,0.029333,0.040694,0.047937,0.053829,0.054444,0.053651,0.996378
2026-07-26T05:04:53+00:00,bid,GTX 1650 S,1,1,0.037778,0.037778,0.037778,0.037778,0.037778,,0.937333
2026-07-26T05:04:53+00:00,bid,GTX 1660,1,1,0.0405,0.0405,0.0405,0.0405,0.0405,,0.947921
2026-07-26T05:04:53+00:00,bid,GTX 1660 S,1,1,0.031111,0.031111,0.031111,0.031111,0.031111,,0.945355
2026-07-26T05:04:53+00:00,bid,GTX 1660 Ti,1,1,0.037778,0.037778,0.037778,0.037778,0.037778,0.037778,0.939333
2026-07-26T05:04:53+00:00,bid,H100 NVL,7,9,0.934667,0.935333,0.936,1.402963,1.936296,1.636296,0.964977
2026-07-26T05:04:53+00:00,bid,H100 PCIE,5,13,0.733481,1.068889,1.666741,1.666815,1.666815,1.666778,0.99522
2026-07-26T05:04:53+00:00,bid,H100 SXM,10,29,0.474074,1.377222,2.000778,2.4015,4.002222,2.002,0.992657
2026-07-26T05:04:53+00:00,bid,H200,6,11,1.321491,3.816612,3.817069,3.8178,3.947917,3.817069,0.998313
2026-07-26T05:04:53+00:00,bid,H200 NVL,11,16,0.403778,1.171556,1.339111,1.868148,3.077778,1.337778,0.994723
2026-07-26T05:04:53+00:00,bid,L4,8,20,0.134444,0.202037,0.235689,0.320472,0.321111,0.268889,0.99781
2026-07-26T05:04:53+00:00,bid,L40,5,11,0.267407,0.467778,0.468889,0.471111,0.471111,0.468889,0.984738
2026-07-26T05:04:53+00:00,bid,L40S,25,66,0.200185,0.467037,0.535185,0.540741,0.801852,0.537037,0.998664
2026-07-26T05:04:53+00:00,bid,Q RTX 5000,2,3,0.054074,0.054259,0.054444,0.05463,0.054815,,0.941928
2026-07-26T05:04:53+00:00,bid,Quadro GV100,1,1,0.134074,0.134074,0.134074,0.134074,0.134074,,0.967976
2026-07-26T05:04:53+00:00,bid,Quadro P4000,1,1,0.054,0.054,0.054,0.054,0.054,0.054,0.996827
2026-07-26T05:04:53+00:00,bid,RTX 2060,2,2,0.031111,0.107222,0.183333,0.259444,0.335556,0.183333,0.969526
2026-07-26T05:04:53+00:00,bid,RTX 2060S,1,1,0.123704,0.123704,0.123704,0.123704,0.123704,0.123704,0.935811
2026-07-26T05:04:53+00:00,bid,RTX 2070S,2,17,0.066831,0.066836,0.066842,0.066847,0.066852,,0.987353
2026-07-26T05:04:53+00:00,bid,RTX 2080 Ti,7,12,0.037778,0.068086,0.070074,0.107593,0.108148,0.088741,0.997337
2026-07-26T05:04:53+00:00,bid,RTX 2080S,1,1,0.037778,0.037778,0.037778,0.037778,0.037778,0.037778,0.974765
2026-07-26T05:04:53+00:00,bid,RTX 3060,14,37,0.028889,0.041926,0.054444,0.102815,0.137141,0.065704,0.993344
2026-07-26T05:04:53+00:00,bid,RTX 3060 Ti,1,1,0.132889,0.132889,0.132889,0.132889,0.132889,,0.952262
2026-07-26T05:04:53+00:00,bid,RTX 3060 laptop,5,16,0.013352,0.038444,0.072148,0.073481,0.101111,0.08663,0.996198
2026-07-26T05:04:53+00:00,bid,RTX 3070,7,20,0.040444,0.040833,0.068519,0.083185,0.093889,0.084889,0.991443
2026-07-26T05:04:53+00:00,bid,RTX 3070 laptop,1,1,0.042222,0.042222,0.042222,0.042222,0.042222,,0.960684
2026-07-26T05:04:53+00:00,bid,RTX 3080,11,26,0.057407,0.064213,0.068889,0.140333,0.241659,0.1395,0.988027
2026-07-26T05:04:53+00:00,bid,RTX 3080 Ti,5,6,0.070815,0.095556,0.135556,0.166444,0.188889,0.151,0.994927
2026-07-26T05:04:53+00:00,bid,RTX 3090,49,113,0.015778,0.107778,0.133889,0.161481,0.255556,0.134815,0.99155
2026-07-26T05:04:53+00:00,bid,RTX 4060,3,9,0.053531,0.053728,0.053926,0.054222,0.054519,,0.965053
2026-07-26T05:04:53+00:00,bid,RTX 4060 Ti,5,13,0.035556,0.041111,0.061926,0.101111,0.107111,0.101111,0.99649
2026-07-26T05:04:53+00:00,bid,RTX 4070,3,5,0.054444,0.055,0.055556,0.108333,0.161111,0.055556,0.999202
2026-07-26T05:04:53+00:00,bid,RTX 4070 Ti,6,12,0.093889,0.094444,0.101667,0.188056,0.215556,0.101667,0.985949
2026-07-26T05:04:53+00:00,bid,RTX 4070S,5,17,0.062111,0.06787,0.069074,0.071481,0.076296,0.069074,0.990558
2026-07-26T05:04:53+00:00,bid,RTX 4070S Ti,15,38,0.067778,0.137028,0.167778,0.168333,0.202222,0.167778,0.999557
2026-07-26T05:04:53+00:00,bid,RTX 4080,7,14,0.133926,0.147222,0.147407,0.224333,0.255556,0.255,0.919117
2026-07-26T05:04:53+00:00,bid,RTX 4080S,11,27,0.121111,0.1745,0.187778,0.194583,0.202074,0.187778,0.997424
2026-07-26T05:04:53+00:00,bid,RTX 4090,99,267,0.094074,0.236074,0.333889,0.402037,1.005037,0.336296,0.995037
2026-07-26T05:04:53+00:00,bid,RTX 4090D,4,8,0.604556,0.604972,0.605667,0.606222,0.606222,,0.967226
2026-07-26T05:04:53+00:00,bid,RTX 5000Ada,3,3,0.322222,0.322222,0.322222,0.328889,0.335556,0.322222,0.996391
2026-07-26T05:04:53+00:00,bid,RTX 5060,3,4,0.054444,0.055,0.055556,0.075556,0.095556,,0.981659
2026-07-26T05:04:53+00:00,bid,RTX 5060 Ti,32,111,0.053611,0.067157,0.103778,0.143639,0.160556,0.134074,0.994226
2026-07-26T05:04:53+00:00,bid,RTX 5070,4,5,0.054815,0.074537,0.082407,0.103333,0.162222,0.122963,0.979269
2026-07-26T05:04:53+00:00,bid,RTX 5070 Ti,15,33,0.005741,0.100556,0.134444,0.146296,0.268,0.134185,0.990642
2026-07-26T05:04:53+00:00,bid,RTX 5080,13,23,0.02963,0.115778,0.135556,0.200556,0.202963,0.121852,0.995594
2026-07-26T05:04:53+00:00,bid,RTX 5090,86,244,0.102222,0.216903,0.322648,0.401111,0.907222,0.271852,0.995486
2026-07-26T05:04:53+00:00,bid,RTX 5880Ada,4,5,0.295185,0.296574,0.297037,0.297037,0.297037,0.297037,0.992494
2026-07-26T05:04:53+00:00,bid,RTX 6000Ada,19,29,0.137778,0.139259,0.388889,0.468259,0.774074,0.303241,0.996634
2026-07-26T05:04:53+00:00,bid,RTX A2000,2,2,0.202222,0.251704,0.301185,0.350667,0.400148,,0.996257
2026-07-26T05:04:53+00:00,bid,RTX A4000,11,69,0.013519,0.013889,0.093611,0.106827,0.107037,0.09375,0.984526
2026-07-26T05:04:53+00:00,bid,RTX A5000,3,10,0.025556,0.067037,0.108519,0.16787,0.227222,0.108519,0.998284
2026-07-26T05:04:53+00:00,bid,RTX A6000,9,14,0.134815,0.136296,0.307778,0.322222,0.375556,,0.989603
2026-07-26T05:04:53+00:00,bid,RTX PRO 4000,9,15,0.067222,0.067778,0.068889,0.20237,0.217037,0.215185,0.984817
2026-07-26T05:04:53+00:00,bid,RTX PRO 4500,1,1,0.228889,0.228889,0.228889,0.228889,0.228889,0.228889,0.999172
2026-07-26T05:04:53+00:00,bid,RTX PRO 5000,9,11,0.162593,0.165185,0.296296,0.534815,0.803704,0.183481,0.992574
2026-07-26T05:04:53+00:00,bid,RTX PRO 6000 S,17,33,0.391822,1.002222,1.06963,1.189259,1.318889,1.068148,0.998709
2026-07-26T05:04:53+00:00,bid,RTX PRO 6000 WS,27,37,0.137778,0.538519,0.668889,0.862222,1.337037,0.800741,0.990743
2026-07-26T05:04:53+00:00,bid,Tesla P100,4,5,0.041481,0.111204,0.135,0.135556,0.135556,0.135556,0.985637
2026-07-26T05:04:53+00:00,bid,Tesla P40,2,6,0.065889,0.066028,0.066167,0.066306,0.066444,0.066167,0.992642
2026-07-26T05:04:53+00:00,bid,Tesla T4,2,3,3.400741,3.400926,3.401111,3.401296,3.401481,,0.972396
2026-07-26T05:04:53+00:00,bid,Tesla V100,13,32,0.08037,0.095037,0.160556,0.162222,0.242222,0.162222,0.998739
2026-07-26T05:04:53+00:00,bid,Titan RTX,1,1,0.125222,0.125222,0.125222,0.125222,0.125222,0.125222,0.998315
2026-07-26T05:04:53+00:00,bid,Titan V,1,2,0.067778,0.067778,0.067778,0.067778,0.067778,0.067778,0.996348
2026-07-26T05:04:53+00:00,bid,Titan Xp,2,7,0.04037,0.044167,0.047963,0.051759,0.055556,0.047963,0.996245
2026-07-26T05:09:54+00:00,on-demand,A100 PCIE,12,30,0.268148,0.335139,0.996638,1.001389,1.055073,0.997739,0.993747
2026-07-26T05:09:54+00:00,on-demand,A100 SXM4,24,68,0.40037,0.801944,0.941778,1.175556,1.327,0.934815,0.991487
2026-07-26T05:09:54+00:00,on-demand,A40,2,3,0.601111,0.601389,0.601667,0.601944,0.602222,0.601667,0.994855
2026-07-26T05:09:54+00:00,on-demand,A800 PCIE,1,4,0.667222,0.667222,0.667222,0.667222,0.667222,,0.994204
2026-07-26T05:09:54+00:00,on-demand,B200,18,64,5.865104,5.894575,6.219661,6.432292,7.750521,6.219661,0.995896
2026-07-26T05:09:54+00:00,on-demand,B300,5,23,5.62526,5.625521,7.813542,7.814583,8.750694,8.750694,0.988578
2026-07-26T05:09:54+00:00,on-demand,CMP 170HX,4,15,0.120185,0.120324,0.120556,0.120926,0.121481,,0.916949
2026-07-26T05:09:54+00:00,on-demand,GTX 1050 Ti,2,2,0.611111,1.458704,2.306296,3.153889,4.001481,,0.944866
2026-07-26T05:09:54+00:00,on-demand,GTX 1060,3,4,0.087778,0.088333,0.088889,0.216667,0.344444,0.088333,0.999298
2026-07-26T05:09:54+00:00,on-demand,GTX 1070,2,2,0.202222,0.284444,0.366667,0.448889,0.531111,0.531111,0.965162
2026-07-26T05:09:54+00:00,on-demand,GTX 1080,6,16,0.027778,0.03887,0.05113,0.051639,0.052889,0.0515,0.994015
2026-07-26T05:09:54+00:00,on-demand,GTX 1080 Ti,5,14,0.042667,0.061111,0.062222,0.074074,0.080317,0.068148,0.994496
2026-07-26T05:09:54+00:00,on-demand,GTX 1660 S,1,1,0.451111,0.451111,0.451111,0.451111,0.451111,,0.945355
2026-07-26T05:09:54+00:00,on-demand,GTX 1660 Ti,1,1,0.611111,0.611111,0.611111,0.611111,0.611111,0.611111,0.939333
2026-07-26T05:09:54+00:00,on-demand,H100 NVL,3,4,2.134667,2.135333,2.136,2.402074,2.668148,2.668148,0.965214
2026-07-26T05:09:54+00:00,on-demand,H100 PCIE,4,12,1.362222,1.640667,1.833444,1.933426,1.933481,1.933407,0.982517
2026-07-26T05:09:54+00:00,on-demand,H100 SXM,10,43,1.868889,2.851,3.034889,3.558485,4.218889,3.067111,0.98086
2026-07-26T05:09:54+00:00,on-demand,H200,5,10,3.934942,3.935673,4.08114,4.211075,4.211623,4.08114,0.997618
2026-07-26T05:09:54+00:00,on-demand,H200 NVL,6,14,2.802222,3.071111,3.179778,3.284111,3.333611,3.281778,0.981848
2026-07-26T05:09:54+00:00,on-demand,L4,4,11,0.202222,0.300889,0.334296,1.084583,3.333889,0.334296,0.983853
2026-07-26T05:09:54+00:00,on-demand,L40,4,8,0.297037,0.505093,0.575,0.576111,0.577778,0.575556,0.984738
2026-07-26T05:09:54+00:00,on-demand,L40S,15,51,0.400185,0.466944,0.80037,1.068056,2.442222,0.935648,0.995334
2026-07-26T05:09:54+00:00,on-demand,Q RTX 5000,2,3,0.080741,0.080926,0.081111,0.081296,0.081481,,0.941928
2026-07-26T05:09:54+00:00,on-demand,Q RTX 6000,1,2,0.134074,0.134074,0.134074,0.134074,0.134074,0.134074,0.999565
2026-07-26T05:09:54+00:00,on-demand,Q RTX 8000,2,6,0.253704,0.253796,0.253889,0.253981,0.254074,0.253889,0.998641
2026-07-26T05:09:54+00:00,on-demand,Quadro GV100,1,1,0.467407,0.467407,0.467407,0.467407,0.467407,,0.967976
2026-07-26T05:09:54+00:00,on-demand,Quadro P4000,2,3,0.054444,0.057667,0.060889,0.064111,0.067333,0.060889,0.9973
2026-07-26T05:09:54+00:00,on-demand,RTX 2060,1,1,0.415556,0.415556,0.415556,0.415556,0.415556,0.415556,0.994962
2026-07-26T05:09:54+00:00,on-demand,RTX 2070S,1,8,0.073519,0.073519,0.073519,0.073519,0.073519,,0.987353
2026-07-26T05:09:54+00:00,on-demand,RTX 2080 Ti,8,25,0.053889,0.077239,0.080083,0.135593,0.811111,0.080111,0.994707
2026-07-26T05:09:54+00:00,on-demand,RTX 2080S,1,1,0.744444,0.744444,0.744444,0.744444,0.744444,0.744444,0.974765
2026-07-26T05:09:54+00:00,on-demand,RTX 3060,9,27,0.050815,0.052148,0.056889,0.160415,1.335556,0.10743,0.991237
2026-07-26T05:09:54+00:00,on-demand,RTX 3060 Ti,1,1,1.335556,1.335556,1.335556,1.335556,1.335556,,0.952262
2026-07-26T05:09:54+00:00,on-demand,RTX 3060 laptop,4,13,0.026685,0.037505,0.041667,0.050037,0.073481,0.073481,0.996539
2026-07-26T05:09:54+00:00,on-demand,RTX 3070,9,29,0.050444,0.080926,0.081852,0.100926,0.161852,0.100772,0.997816
2026-07-26T05:09:54+00:00,on-demand,RTX 3080,13,34,0.048889,0.071481,0.113389,0.120278,0.252326,0.1135,0.993517
2026-07-26T05:09:54+00:00,on-demand,RTX 3080 Ti,5,7,0.075556,0.114444,0.141111,0.174222,0.295556,0.141111,0.987336
2026-07-26T05:09:54+00:00,on-demand,RTX 3090,40,115,0.108,0.139722,0.207944,0.278194,1.336296,0.241296,0.99108
2026-07-26T05:09:54+00:00,on-demand,RTX 3090 Ti,1,1,0.175556,0.175556,0.175556,0.175556,0.175556,,0.993084
2026-07-26T05:09:54+00:00,on-demand,RTX 4060,7,16,0.060198,0.060444,0.061185,0.073333,2.677778,0.064444,0.965053
2026-07-26T05:09:54+00:00,on-demand,RTX 4060 Ti,3,8,0.067778,0.080444,0.093111,0.0935,0.093889,0.0935,0.997774
2026-07-26T05:09:54+00:00,on-demand,RTX 4070,2,2,0.082222,0.085556,0.088889,0.092222,0.095556,0.095556,0.995679
2026-07-26T05:09:54+00:00,on-demand,RTX 4070 Ti,7,20,0.09037,0.104583,0.107222,0.196444,0.242222,0.107083,0.992688
2026-07-26T05:09:54+00:00,on-demand,RTX 4070S,7,15,0.082407,0.087593,0.095185,0.382222,0.668889,0.084815,0.990558
2026-07-26T05:09:54+00:00,on-demand,RTX 4070S Ti,10,26,0.093889,0.125556,0.224444,0.267153,0.348889,0.266944,0.996049
2026-07-26T05:09:54+00:00,on-demand,RTX 4080,5,10,0.177704,0.178815,0.267778,0.268889,0.293926,0.268333,0.994608
2026-07-26T05:09:54+00:00,on-demand,RTX 4080S,9,27,0.147593,0.188444,0.201111,0.202222,0.213889,0.201111,0.992297
2026-07-26T05:09:54+00:00,on-demand,RTX 4090,54,202,0.133611,0.311944,0.400833,0.536574,1.337037,0.507963,0.994834
2026-07-26T05:09:54+00:00,on-demand,RTX 4090D,2,6,0.667222,0.667361,0.6675,0.667639,0.667778,,0.967226
2026-07-26T05:09:54+00:00,on-demand,RTX 5000Ada,2,2,0.375556,0.395556,0.415556,0.435556,0.455556,0.415556,0.990681
2026-07-26T05:09:54+00:00,on-demand,RTX 5060,1,1,0.082222,0.082222,0.082222,0.082222,0.082222,,0.981659
2026-07-26T05:09:54+00:00,on-demand,RTX 5060 Ti,19,76,0.075556,0.092704,0.107222,0.1735,0.190444,0.170167,0.992221
2026-07-26T05:09:54+00:00,on-demand,RTX 5060 laptop,1,1,0.135556,0.135556,0.135556,0.135556,0.135556,,0.970487
2026-07-26T05:09:54+00:00,on-demand,RTX 5070,6,12,0.075556,0.094722,0.102963,0.120093,0.174815,0.123333,0.992962
2026-07-26T05:09:54+00:00,on-demand,RTX 5070 Ti,11,23,0.120556,0.132963,0.161889,0.1825,0.401333,0.161111,0.990642
2026-07-26T05:09:54+00:00,on-demand,RTX 5080,19,68,0.133611,0.170437,0.175556,0.214074,0.802963,0.20037,0.99252
2026-07-26T05:09:54+00:00,on-demand,RTX 5090,41,135,0.212889,0.440741,0.481111,0.673045,3.615556,0.667222,0.994937
2026-07-26T05:09:54+00:00,on-demand,RTX 5880Ada,3,7,0.453852,0.454111,0.45437,0.454889,0.455407,0.45437,0.997827
2026-07-26T05:09:54+00:00,on-demand,RTX 6000Ada,10,27,0.440556,0.483148,0.681593,0.734144,0.787407,0.707935,0.990505
2026-07-26T05:09:54+00:00,on-demand,RTX A2000,4,5,0.034074,0.03563,0.036148,0.150481,0.493481,,0.995152
2026-07-26T05:09:54+00:00,on-demand,RTX A4000,4,36,0.080185,0.080255,0.106898,0.133542,0.133611,0.133611,0.988243
2026-07-26T05:09:54+00:00,on-demand,RTX A4500,1,1,1.274815,1.274815,1.274815,1.274815,1.274815,,0.99799
2026-07-26T05:09:54+00:00,on-demand,RTX A5000,2,5,0.200556,0.229343,0.25813,0.286917,0.315704,0.25813,0.96209
2026-07-26T05:09:54+00:00,on-demand,RTX A6000,6,12,0.28963,0.324306,0.374167,0.384444,0.404444,0.404444,0.99118
2026-07-26T05:09:54+00:00,on-demand,RTX PRO 4000,8,16,0.200556,0.201944,0.253663,0.304676,0.535556,0.263704,0.984817
2026-07-26T05:09:54+00:00,on-demand,RTX PRO 4500,2,2,0.282222,0.292222,0.302222,0.312222,0.322222,0.322222,0.997061
2026-07-26T05:09:54+00:00,on-demand,RTX PRO 5000,7,9,0.397037,0.755148,0.845185,0.896111,1.071852,0.845185,0.991533
2026-07-26T05:09:54+00:00,on-demand,RTX PRO 6000 S,10,19,0.774756,1.364537,1.667593,1.734815,1.736296,1.667593,0.998714
2026-07-26T05:09:54+00:00,on-demand,RTX PRO 6000 WS,20,36,0.867778,1.002037,1.151852,1.574815,26.66963,1.281926,0.991708
2026-07-26T05:09:54+00:00,on-demand,Tesla P100,5,10,0.044296,0.081111,0.081481,0.201111,0.202222,0.141296,0.985637
2026-07-26T05:09:54+00:00,on-demand,Tesla P40,3,7,0.132556,0.132833,0.133111,0.167667,0.202222,0.132833,0.992642
2026-07-26T05:09:54+00:00,on-demand,Tesla T4,2,3,12.000741,12.000926,12.001111,12.001296,12.001481,,0.972396
2026-07-26T05:09:54+00:00,on-demand,Tesla V100,10,37,0.106944,0.133565,0.150509,0.228472,0.335556,0.228889,0.970552
2026-07-26T05:09:54+00:00,on-demand,Titan RTX,2,2,0.137037,0.143519,0.15,0.156481,0.162963,0.162963,0.980014
2026-07-26T05:09:54+00:00,on-demand,Titan Xp,2,7,0.053704,0.055833,0.057963,0.060093,0.062222,0.057963,0.996245
2026-07-26T05:09:54+00:00,bid,A100 PCIE,19,24,0.134444,0.135556,0.201111,0.202222,0.535556,0.202222,0.994361
2026-07-26T05:09:54+00:00,bid,A100 SXM4,24,55,0.135556,0.55456,0.674074,0.801667,1.042156,0.636481,0.991337
2026-07-26T05:09:54+00:00,bid,A40,1,2,0.234074,0.234074,0.234074,0.234074,0.234074,0.234074,0.984363
2026-07-26T05:09:54+00:00,bid,A800 PCIE,5,10,0.129889,0.130444,0.130444,0.131556,0.131556,,0.994204
2026-07-26T05:09:54+00:00,bid,B200,12,35,5.625174,5.629557,6.126953,6.25651,6.410417,6.126953,0.997384
2026-07-26T05:09:54+00:00,bid,B300,4,12,5.001042,5.001823,5.002083,5.702691,7.804514,7.804514,0.961189
2026-07-26T05:09:54+00:00,bid,CMP 170HX,6,21,0.101433,0.101618,0.101804,0.101989,0.102729,,0.916949
2026-07-26T05:09:54+00:00,bid,GTX 1050 Ti,2,2,0.021562,0.022283,0.023003,0.023724,0.024444,,0.944866
2026-07-26T05:09:54+00:00,bid,GTX 1060,1,1,0.031111,0.031111,0.031111,0.031111,0.031111,,0.942465
2026-07-26T05:09:54+00:00,bid,GTX 1070,2,2,0.015556,0.017778,0.02,0.022222,0.024444,0.024444,0.965162
2026-07-26T05:09:54+00:00,bid,GTX 1070 Ti,2,10,0.04037,0.040417,0.040463,0.040509,0.040556,0.040463,0.987714
2026-07-26T05:09:54+00:00,bid,GTX 1080,4,10,0.014815,0.033981,0.040741,0.041389,0.042222,0.041111,0.994015
2026-07-26T05:09:54+00:00,bid,GTX 1080 Ti,9,32,0.029333,0.042222,0.053651,0.054074,0.054444,0.05377,0.997134
2026-07-26T05:09:54+00:00,bid,GTX 1650 S,1,1,0.037778,0.037778,0.037778,0.037778,0.037778,,0.937333
2026-07-26T05:09:54+00:00,bid,GTX 1660 S,1,1,0.031111,0.031111,0.031111,0.031111,0.031111,,0.945355
2026-07-26T05:09:54+00:00,bid,GTX 1660 Ti,1,1,0.037778,0.037778,0.037778,0.037778,0.037778,0.037778,0.939333
2026-07-26T05:09:54+00:00,bid,H100 NVL,6,7,0.934667,0.936,1.402444,1.919444,2.312889,2.124593,0.965214
2026-07-26T05:09:54+00:00,bid,H100 PCIE,4,12,0.733481,0.985037,1.367815,1.666759,1.666815,1.666741,0.982517
2026-07-26T05:09:54+00:00,bid,H100 SXM,9,28,0.474074,1.335556,2.002667,2.534444,2.800926,2.005333,0.981259
2026-07-26T05:09:54+00:00,bid,H200,5,10,1.321491,3.81652,3.817251,3.947917,3.948465,3.817251,0.997324
2026-07-26T05:09:54+00:00,bid,H200 NVL,12,17,0.403778,1.336222,1.339555,1.867778,1.975556,1.339555,0.984266
2026-07-26T05:09:54+00:00,bid,L4,8,19,0.134444,0.185,0.201852,0.231977,0.320556,0.201481,0.99781
2026-07-26T05:09:54+00:00,bid,L40,6,12,0.267407,0.468056,0.47,0.471111,0.471111,0.47,0.984738
2026-07-26T05:09:54+00:00,bid,L40S,24,73,0.20037,0.401759,0.535,0.540741,0.800926,0.537037,0.998513
2026-07-26T05:09:54+00:00,bid,Q RTX 5000,2,3,0.054074,0.054259,0.054444,0.05463,0.054815,,0.941928
2026-07-26T05:09:54+00:00,bid,Quadro GV100,1,1,0.134074,0.134074,0.134074,0.134074,0.134074,,0.967976
2026-07-26T05:09:54+00:00,bid,Quadro P4000,2,3,0.041111,0.042667,0.044222,0.045778,0.047333,0.047333,0.98065
2026-07-26T05:09:54+00:00,bid,RTX 2060,2,2,0.031111,0.107222,0.183333,0.259444,0.335556,0.183333,0.969526
2026-07-26T05:09:54+00:00,bid,RTX 2060S,1,1,0.123704,0.123704,0.123704,0.123704,0.123704,0.123704,0.935811
2026-07-26T05:09:54+00:00,bid,RTX 2070S,2,17,0.066831,0.066836,0.066842,0.066847,0.066852,,0.987353
2026-07-26T05:09:54+00:00,bid,RTX 2080 Ti,6,10,0.037778,0.067944,0.069222,0.098074,0.108148,0.070074,0.997337
2026-07-26T05:09:54+00:00,bid,RTX 2080S,1,1,0.037778,0.037778,0.037778,0.037778,0.037778,0.037778,0.974765
2026-07-26T05:09:54+00:00,bid,RTX 3060,18,45,0.028889,0.044704,0.056259,0.102815,0.137141,0.066741,0.995781
2026-07-26T05:09:54+00:00,bid,RTX 3060 Ti,2,3,0.041852,0.064611,0.08737,0.11013,0.132889,0.041852,0.975354
2026-07-26T05:09:54+00:00,bid,RTX 3060 laptop,4,14,0.013352,0.032171,0.055296,0.079389,0.101111,0.08663,0.996371
2026-07-26T05:09:54+00:00,bid,RTX 3070,7,17,0.040444,0.054815,0.068889,0.084333,0.093889,0.083778,0.991443
2026-07-26T05:09:54+00:00,bid,RTX 3080,11,28,0.057407,0.067083,0.068889,0.140333,0.241659,0.1395,0.988027
2026-07-26T05:09:54+00:00,bid,RTX 3080 Ti,3,3,0.083704,0.10963,0.135556,0.162222,0.188889,0.135556,0.993832
2026-07-26T05:09:54+00:00,bid,RTX 3090,53,124,0.015778,0.108889,0.133889,0.177778,0.268889,0.134815,0.993176
2026-07-26T05:09:54+00:00,bid,RTX 4060,3,9,0.053531,0.053728,0.053926,0.054222,0.054519,,0.965053
2026-07-26T05:09:54+00:00,bid,RTX 4060 Ti,6,14,0.034444,0.044537,0.064259,0.095093,0.107111,0.089074,0.994595
2026-07-26T05:09:54+00:00,bid,RTX 4070,3,6,0.054444,0.065111,0.075778,0.118444,0.161111,0.075778,0.999202
2026-07-26T05:09:54+00:00,bid,RTX 4070 Ti,7,13,0.093889,0.094444,0.095556,0.161667,0.215556,0.101667,0.985949
2026-07-26T05:09:54+00:00,bid,RTX 4070S,6,18,0.06787,0.06838,0.070278,0.075093,0.090111,0.071481,0.990558
2026-07-26T05:09:54+00:00,bid,RTX 4070S Ti,7,20,0.166944,0.1675,0.167778,0.185,0.202222,0.167778,0.999557
2026-07-26T05:09:54+00:00,bid,RTX 4080,7,13,0.133926,0.147222,0.148148,0.224333,0.255556,0.255,0.919117
2026-07-26T05:09:54+00:00,bid,RTX 4080S,11,26,0.104444,0.148667,0.187778,0.194509,0.202074,0.187778,0.99599
2026-07-26T05:09:54+00:00,bid,RTX 4090,90,249,0.108852,0.230556,0.294333,0.385741,1.005037,0.334444,0.994413
2026-07-26T05:09:54+00:00,bid,RTX 4090D,4,9,0.604556,0.604972,0.605111,0.605389,0.606222,,0.967226
2026-07-26T05:09:54+00:00,bid,RTX 5000Ada,1,1,0.335556,0.335556,0.335556,0.335556,0.335556,0.335556,0.992757
2026-07-26T05:09:54+00:00,bid,RTX 5060,3,4,0.054444,0.056111,0.057778,0.076667,0.095556,0.057778,0.981659
2026-07-26T05:09:54+00:00,bid,RTX 5060 Ti,35,117,0.053611,0.072778,0.107037,0.143,0.160278,0.120585,0.992385
2026-07-26T05:09:54+00:00,bid,RTX 5070,6,8,0.081111,0.082593,0.115926,0.158704,0.162222,0.155185,0.992069
2026-07-26T05:09:54+00:00,bid,RTX 5070 Ti,17,32,0.005741,0.107222,0.122963,0.135556,0.268,0.120852,0.992755
2026-07-26T05:09:54+00:00,bid,RTX 5080,19,34,0.02963,0.118148,0.161111,0.193526,0.202222,0.181296,0.987256
2026-07-26T05:09:54+00:00,bid,RTX 5090,84,216,0.102222,0.222843,0.329315,0.411944,0.908889,0.272593,0.996665
2026-07-26T05:09:54+00:00,bid,RTX 5880Ada,3,5,0.297037,0.315704,0.33437,0.33437,0.33437,0.33437,0.99741
2026-07-26T05:09:54+00:00,bid,RTX 6000Ada,19,34,0.137778,0.204074,0.388889,0.468889,0.774444,0.4675,0.996669
2026-07-26T05:09:54+00:00,bid,RTX A2000,2,2,0.202222,0.251704,0.301185,0.350667,0.400148,,0.996257
2026-07-26T05:09:54+00:00,bid,RTX A4000,11,69,0.013519,0.013889,0.057111,0.106827,0.107037,0.093611,0.99196
2026-07-26T05:09:54+00:00,bid,RTX A5000,4,9,0.025556,0.087778,0.109444,0.140652,0.231496,0.109444,0.99942
2026-07-26T05:09:54+00:00,bid,RTX A6000,8,12,0.134815,0.136296,0.314444,0.374722,0.375556,,0.989603
2026-07-26T05:09:54+00:00,bid,RTX PRO 4000,10,16,0.067222,0.068556,0.102963,0.202241,0.217037,0.20237,0.984817
2026-07-26T05:09:54+00:00,bid,RTX PRO 4500,1,1,0.228889,0.228889,0.228889,0.228889,0.228889,0.228889,0.999172
2026-07-26T05:09:54+00:00,bid,RTX PRO 5000,9,11,0.201778,0.355185,0.472222,0.482222,0.803704,0.413704,0.996231
2026-07-26T05:09:54+00:00,bid,RTX PRO 6000 S,20,38,0.391822,1.001806,1.068889,1.099537,1.318889,1.068148,0.998709
2026-07-26T05:09:54+00:00,bid,RTX PRO 6000 WS,29,41,0.295556,0.585926,0.668889,0.993659,1.403704,0.801481,0.9946
2026-07-26T05:09:54+00:00,bid,Tesla P100,3,4,0.041481,0.087963,0.134444,0.135,0.135556,0.135,0.985637
2026-07-26T05:09:54+00:00,bid,Tesla P40,3,8,0.065889,0.066167,0.066444,0.066444,0.066444,0.066444,0.992642
2026-07-26T05:09:54+00:00,bid,Tesla T4,3,4,3.400741,3.401111,3.401481,3.401481,3.401481,,0.972396
2026-07-26T05:09:54+00:00,bid,Tesla V100,11,29,0.08037,0.095037,0.133611,0.162222,0.242222,0.162222,0.978234
2026-07-26T05:09:54+00:00,bid,Titan RTX,1,1,0.125222,0.125222,0.125222,0.125222,0.125222,0.125222,0.998315
2026-07-26T05:09:54+00:00,bid,Titan Xp,3,11,0.04037,0.040463,0.040556,0.041389,0.042222,0.040556,0.996066
2026-07-26T05:14:50+00:00,on-demand,A100 PCIE,14,32,0.267407,0.334722,0.994986,1.001111,1.537739,0.997739,0.994792
2026-07-26T05:14:50+00:00,on-demand,A100 SXM4,26,75,0.40037,0.801389,0.981296,1.176825,1.592,0.934815,0.991742
2026-07-26T05:14:50+00:00,on-demand,A40,2,3,0.601111,0.601389,0.601667,0.601944,0.602222,0.601667,0.994862
2026-07-26T05:14:50+00:00,on-demand,A800 PCIE,2,5,0.667222,0.667639,0.668056,0.668472,0.668889,,0.994204
2026-07-26T05:14:50+00:00,on-demand,B200,11,34,5.867708,6.063238,6.252083,6.686719,7.060417,6.252083,0.996871
2026-07-26T05:14:50+00:00,on-demand,B300,5,23,5.62526,5.625521,7.813542,7.814583,8.750694,8.750694,0.988602
2026-07-26T05:14:50+00:00,on-demand,CMP 170HX,4,15,0.120185,0.120324,0.120556,0.120926,0.121481,,0.918303
2026-07-26T05:14:50+00:00,on-demand,GTX 1050 Ti,2,2,0.611111,1.458704,2.306296,3.153889,4.001481,,0.945522
2026-07-26T05:14:50+00:00,on-demand,GTX 1060,3,4,0.087778,0.088333,0.088889,0.216667,0.344444,0.088333,0.999298
2026-07-26T05:14:50+00:00,on-demand,GTX 1070,2,2,0.202222,0.284444,0.366667,0.448889,0.531111,0.531111,0.965806
2026-07-26T05:14:50+00:00,on-demand,GTX 1070 Ti,2,7,0.051037,0.0515,0.051963,0.052426,0.052889,0.051963,0.992444
2026-07-26T05:14:50+00:00,on-demand,GTX 1080,4,9,0.027778,0.044722,0.050796,0.051361,0.051778,0.0515,0.982319
2026-07-26T05:14:50+00:00,on-demand,GTX 1080 Ti,5,13,0.042667,0.062222,0.063778,0.073651,0.081111,0.068714,0.996415
2026-07-26T05:14:50+00:00,on-demand,GTX 1650 S,1,1,0.677778,0.677778,0.677778,0.677778,0.677778,,0.938346
2026-07-26T05:14:50+00:00,on-demand,GTX 1660 S,1,1,0.451111,0.451111,0.451111,0.451111,0.451111,,0.946527
2026-07-26T05:14:50+00:00,on-demand,GTX 1660 Ti,1,1,0.611111,0.611111,0.611111,0.611111,0.611111,0.611111,0.940375
2026-07-26T05:14:50+00:00,on-demand,H100 NVL,4,5,2.134667,2.135667,2.237778,2.355333,2.402667,2.339556,0.965747
2026-07-26T05:14:50+00:00,on-demand,H100 PCIE,4,12,1.362222,1.640667,1.833444,1.933426,1.933481,1.933407,0.982546
2026-07-26T05:14:50+00:00,on-demand,H100 SXM,8,27,1.868889,2.801944,3.001,3.025444,4.218889,3.002,0.975021
2026-07-26T05:14:50+00:00,on-demand,H200,5,10,3.934942,3.935673,4.08114,4.211075,4.211623,4.08114,0.997619
2026-07-26T05:14:50+00:00,on-demand,H200 NVL,7,18,2.800741,3.022,3.244889,3.334028,3.855556,3.244889,0.982538
2026-07-26T05:14:50+00:00,on-demand,L4,5,13,0.202222,0.325185,0.333778,0.334444,3.333889,0.333778,0.994989
2026-07-26T05:14:50+00:00,on-demand,L40,5,11,0.297037,0.454074,0.574444,0.575556,0.577778,0.575,0.984764
2026-07-26T05:14:50+00:00,on-demand,L40S,14,46,0.40037,0.482685,0.800417,1.001065,2.442222,0.801111,0.996239
2026-07-26T05:14:50+00:00,on-demand,Q RTX 5000,2,3,0.080741,0.080926,0.081111,0.081296,0.081481,,0.943396
2026-07-26T05:14:50+00:00,on-demand,Q RTX 8000,3,7,0.253704,0.253889,0.254074,0.254444,0.254815,0.254074,0.998642
2026-07-26T05:14:50+00:00,on-demand,Quadro GV100,1,1,0.467407,0.467407,0.467407,0.467407,0.467407,,0.967985
2026-07-26T05:14:50+00:00,on-demand,Quadro P4000,4,6,0.054444,0.054444,0.055,0.055556,0.055556,0.055,0.980126
2026-07-26T05:14:50+00:00,on-demand,RTX 2060,1,1,0.415556,0.415556,0.415556,0.415556,0.415556,0.415556,0.994965
2026-07-26T05:14:50+00:00,on-demand,RTX 2060S,1,1,0.283704,0.283704,0.283704,0.283704,0.283704,0.283704,0.936167
2026-07-26T05:14:50+00:00,on-demand,RTX 2070S,2,17,0.073498,0.073503,0.073508,0.073513,0.073519,,0.987354
2026-07-26T05:14:50+00:00,on-demand,RTX 2080 Ti,8,29,0.068889,0.080026,0.080083,0.135593,0.811111,0.080083,0.994707
2026-07-26T05:14:50+00:00,on-demand,RTX 2080S,1,1,0.744444,0.744444,0.744444,0.744444,0.744444,0.744444,0.975004
2026-07-26T05:14:50+00:00,on-demand,RTX 3060,11,39,0.050815,0.058889,0.068889,0.113859,1.334815,0.071,0.995903
2026-07-26T05:14:50+00:00,on-demand,RTX 3060 laptop,3,11,0.026685,0.033898,0.041111,0.041667,0.042222,,0.998768
2026-07-26T05:14:50+00:00,on-demand,RTX 3070,6,16,0.047778,0.057185,0.077963,0.095926,0.161852,0.100617,0.995967
2026-07-26T05:14:50+00:00,on-demand,RTX 3070 Ti,1,2,0.074444,0.074444,0.074444,0.074444,0.074444,,0.996615
2026-07-26T05:14:50+00:00,on-demand,RTX 3080,11,33,0.060222,0.073148,0.113389,0.133917,0.252326,0.113556,0.993525
2026-07-26T05:14:50+00:00,on-demand,RTX 3080 Ti,3,3,0.137037,0.152963,0.168889,0.232222,0.295556,0.168889,0.994928
2026-07-26T05:14:50+00:00,on-demand,RTX 3090,41,123,0.108,0.147222,0.213667,0.333704,1.336296,0.244259,0.992651
2026-07-26T05:14:50+00:00,on-demand,RTX 3090 Ti,1,1,0.175556,0.175556,0.175556,0.175556,0.175556,,0.993084
2026-07-26T05:14:50+00:00,on-demand,RTX 4060,7,14,0.060198,0.060889,0.064444,0.075185,2.677778,0.066296,0.985027
2026-07-26T05:14:50+00:00,on-demand,RTX 4060 Ti,2,6,0.081111,0.084306,0.0875,0.090694,0.093889,0.0875,0.980525
2026-07-26T05:14:50+00:00,on-demand,RTX 4070,4,12,0.082222,0.091389,0.100833,0.107639,0.108889,0.101667,0.99625
2026-07-26T05:14:50+00:00,on-demand,RTX 4070 Ti,7,19,0.09037,0.104568,0.107778,0.196444,0.242222,0.107778,0.985967
2026-07-26T05:14:50+00:00,on-demand,RTX 4070S,9,26,0.084815,0.094444,0.097037,0.667407,0.668889,0.091111,0.917492
2026-07-26T05:14:50+00:00,on-demand,RTX 4070S Ti,7,20,0.126815,0.164704,0.266944,0.2675,0.348889,0.266944,0.998065
2026-07-26T05:14:50+00:00,on-demand,RTX 4080,6,12,0.121481,0.136648,0.177889,0.206185,0.267778,0.267778,0.946321
2026-07-26T05:14:50+00:00,on-demand,RTX 4080S,9,27,0.147593,0.200556,0.202074,0.202222,0.213889,0.201111,0.992308
2026-07-26T05:14:50+00:00,on-demand,RTX 4090,56,193,0.133611,0.308704,0.401111,0.602315,1.335185,0.506852,0.994594
2026-07-26T05:14:50+00:00,on-demand,RTX 4090D,3,7,0.667222,0.6675,0.667778,0.668333,0.668889,,0.967226
2026-07-26T05:14:50+00:00,on-demand,RTX 5000Ada,3,4,0.374444,0.375,0.375556,0.415556,0.455556,0.375556,0.992772
2026-07-26T05:14:50+00:00,on-demand,RTX 5060,3,3,0.054815,0.101852,0.148889,0.165556,0.182222,0.182222,0.976499
2026-07-26T05:14:50+00:00,on-demand,RTX 5060 Ti,21,81,0.067556,0.087037,0.113704,0.170444,0.227407,0.170167,0.992422
2026-07-26T05:14:50+00:00,on-demand,RTX 5060 laptop,1,1,0.135556,0.135556,0.135556,0.135556,0.135556,,0.97049
2026-07-26T05:14:50+00:00,on-demand,RTX 5070,5,10,0.081481,0.094444,0.095556,0.101852,0.11037,0.106111,0.99297
2026-07-26T05:14:50+00:00,on-demand,RTX 5070 Ti,10,21,0.115556,0.160889,0.163074,0.172222,0.202963,0.164444,0.994227
2026-07-26T05:14:50+00:00,on-demand,RTX 5080,19,70,0.133611,0.173843,0.177778,0.200926,0.802963,0.200741,0.991019
2026-07-26T05:14:50+00:00,on-demand,RTX 5090,51,161,0.212889,0.441111,0.533611,0.754537,3.614444,0.667222,0.995206
2026-07-26T05:14:50+00:00,on-demand,RTX 5880Ada,3,7,0.453852,0.454111,0.45437,0.454889,0.455407,0.45437,0.997828
2026-07-26T05:14:50+00:00,on-demand,RTX 6000Ada,9,25,0.402222,0.535556,0.682222,0.734259,0.787407,0.733796,0.99053
2026-07-26T05:14:50+00:00,on-demand,RTX A2000,3,4,0.034074,0.035111,0.036148,0.264815,0.493481,,0.995152
2026-07-26T05:14:50+00:00,on-demand,RTX A4000,5,43,0.080185,0.080278,0.133468,0.133611,0.133704,0.133611,0.984526
2026-07-26T05:14:50+00:00,on-demand,RTX A5000,4,8,0.200556,0.284917,20.156889,40.000926,40.001481,0.256796,0.97175
2026-07-26T05:14:50+00:00,on-demand,RTX A6000,7,14,0.288148,0.374167,0.387778,0.396667,0.454444,0.404444,0.989739
2026-07-26T05:14:50+00:00,on-demand,RTX PRO 4000,13,27,0.200556,0.243144,0.279556,0.335185,0.535556,0.268702,0.96866
2026-07-26T05:14:50+00:00,on-demand,RTX PRO 4500,2,2,0.282222,0.295556,0.308889,0.322222,0.335556,0.335556,0.98868
2026-07-26T05:14:50+00:00,on-demand,RTX PRO 5000,8,10,0.397037,0.668037,0.742407,0.895648,1.045185,0.742407,0.992055
2026-07-26T05:14:50+00:00,on-demand,RTX PRO 6000 S,12,28,1.200556,1.357778,1.633889,1.734815,1.736296,1.633889,0.99871
2026-07-26T05:14:50+00:00,on-demand,RTX PRO 6000 WS,18,32,0.867778,1.001019,1.070926,1.471852,13.335556,1.159111,0.994684
2026-07-26T05:14:50+00:00,on-demand,Tesla P100,5,10,0.054815,0.081111,0.082222,0.201111,0.202222,0.141667,0.985639
2026-07-26T05:14:50+00:00,on-demand,Tesla P40,3,7,0.132556,0.132833,0.133111,0.167667,0.202222,0.132833,0.992644
2026-07-26T05:14:50+00:00,on-demand,Tesla T4,2,3,12.000741,12.000926,12.001111,12.001296,12.001481,,0.972396
2026-07-26T05:14:50+00:00,on-demand,Tesla V100,7,25,0.106944,0.133611,0.134074,0.157546,0.335556,0.166944,0.962911
2026-07-26T05:14:50+00:00,on-demand,Titan RTX,3,3,0.135556,0.136296,0.137037,0.15,0.162963,0.149259,0.991674
2026-07-26T05:14:50+00:00,on-demand,Titan Xp,2,7,0.053704,0.054167,0.05463,0.055093,0.055556,0.05463,0.996791
2026-07-26T05:14:50+00:00,bid,A100 PCIE,22,30,0.131556,0.135556,0.168148,0.202222,0.535556,0.202222,0.994388
2026-07-26T05:14:50+00:00,bid,A100 SXM4,28,61,0.135556,0.601134,0.694329,0.80137,1.042156,0.636481,0.99149
2026-07-26T05:14:50+00:00,bid,A40,1,2,0.234074,0.234074,0.234074,0.234074,0.234074,0.234074,0.984366
2026-07-26T05:14:50+00:00,bid,A800 PCIE,7,12,0.129889,0.130444,0.131556,0.131556,0.131556,,0.994204
2026-07-26T05:14:50+00:00,bid,B200,13,50,5.625174,5.627083,5.635417,6.255208,6.410417,5.635417,0.996189
2026-07-26T05:14:50+00:00,bid,B300,3,11,5.000694,5.000868,5.001042,5.001563,5.002083,5.000694,0.961611
2026-07-26T05:14:50+00:00,bid,CMP 170HX,5,19,0.101433,0.101618,0.101618,0.101989,0.102729,,0.918303
2026-07-26T05:14:50+00:00,bid,GTX 1050 Ti,2,2,0.021562,0.022283,0.023003,0.023724,0.024444,,0.945522
2026-07-26T05:14:50+00:00,bid,GTX 1060,1,1,0.031111,0.031111,0.031111,0.031111,0.031111,,0.943698
2026-07-26T05:14:50+00:00,bid,GTX 1070,2,2,0.015556,0.017778,0.02,0.022222,0.024444,0.024444,0.965806
2026-07-26T05:14:50+00:00,bid,GTX 1070 Ti,3,9,0.04037,0.040741,0.041111,0.041667,0.042222,0.041111,0.99717
2026-07-26T05:14:50+00:00,bid,GTX 1080,1,1,0.014815,0.014815,0.014815,0.014815,0.014815,,0.991792
2026-07-26T05:14:50+00:00,bid,GTX 1080 Ti,8,27,0.029333,0.050516,0.05377,0.054167,0.055556,0.053889,0.997034
2026-07-26T05:14:50+00:00,bid,GTX 1650 S,1,1,0.037778,0.037778,0.037778,0.037778,0.037778,,0.938346
2026-07-26T05:14:50+00:00,bid,GTX 1660,1,1,0.037778,0.037778,0.037778,0.037778,0.037778,,0.948918
2026-07-26T05:14:50+00:00,bid,GTX 1660 S,2,3,0.031111,0.036944,0.042778,0.048611,0.054444,,0.970232
2026-07-26T05:14:50+00:00,bid,GTX 1660 Ti,1,1,0.037778,0.037778,0.037778,0.037778,0.037778,0.037778,0.940375
2026-07-26T05:14:50+00:00,bid,H100 NVL,6,8,0.934667,0.935,0.980711,1.258578,1.868889,1.180859,0.965747
2026-07-26T05:14:50+00:00,bid,H100 PCIE,5,13,0.733481,1.068889,1.666741,1.666815,1.666815,1.666778,0.995222
2026-07-26T05:14:50+00:00,bid,H100 SXM,10,29,0.474074,1.335555,2.000778,2.402167,4.001111,2.003333,0.990736
2026-07-26T05:14:50+00:00,bid,H200,6,12,1.321491,2.928363,3.816886,3.91525,3.948465,3.816886,0.997364
2026-07-26T05:14:50+00:00,bid,H200 NVL,10,14,0.403778,0.637556,1.338,1.735444,2.944444,1.339555,0.979309
2026-07-26T05:14:50+00:00,bid,L4,6,15,0.134444,0.135556,0.168722,0.290806,0.321111,0.135556,0.997245
2026-07-26T05:14:50+00:00,bid,L40,5,10,0.267407,0.403704,0.467778,0.471111,0.471111,0.467778,0.984764
2026-07-26T05:14:50+00:00,bid,L40S,30,83,0.20037,0.352222,0.535185,0.540741,0.803704,0.537037,0.998664
2026-07-26T05:14:50+00:00,bid,Q RTX 5000,2,3,0.054074,0.054259,0.054444,0.05463,0.054815,,0.943396
2026-07-26T05:14:50+00:00,bid,Quadro GV100,1,1,0.134074,0.134074,0.134074,0.134074,0.134074,,0.967985
2026-07-26T05:14:50+00:00,bid,Quadro P4000,3,4,0.041111,0.041667,0.042222,0.044667,0.047111,0.047111,0.963494
2026-07-26T05:14:50+00:00,bid,RTX 2060,2,2,0.034852,0.110028,0.185204,0.26038,0.335556,0.185204,0.970113
2026-07-26T05:14:50+00:00,bid,RTX 2060S,1,1,0.123704,0.123704,0.123704,0.123704,0.123704,0.123704,0.936167
2026-07-26T05:14:50+00:00,bid,RTX 2070S,2,17,0.066831,0.066836,0.066842,0.066847,0.066852,,0.987354
2026-07-26T05:14:50+00:00,bid,RTX 2080 Ti,5,6,0.037778,0.055556,0.107407,0.108148,0.108148,0.107778,0.999094
2026-07-26T05:14:50+00:00,bid,RTX 2080S,1,1,0.037778,0.037778,0.037778,0.037778,0.037778,0.037778,0.975004
2026-07-26T05:14:50+00:00,bid,RTX 3060,16,41,0.028889,0.041019,0.049833,0.102815,0.137141,0.056778,0.991646
2026-07-26T05:14:50+00:00,bid,RTX 3060 Ti,1,1,0.132889,0.132889,0.132889,0.132889,0.132889,,0.952441
2026-07-26T05:14:50+00:00,bid,RTX 3060 laptop,3,12,0.013352,0.025898,0.038444,0.055296,0.072148,0.072148,0.996199
2026-07-26T05:14:50+00:00,bid,RTX 3070,12,27,0.040444,0.041944,0.068704,0.087139,0.282222,0.084889,0.99148
2026-07-26T05:14:50+00:00,bid,RTX 3070 Ti,1,2,0.067778,0.067778,0.067778,0.067778,0.067778,,0.996615
2026-07-26T05:14:50+00:00,bid,RTX 3080,11,28,0.060741,0.067083,0.068889,0.140333,0.241659,0.139778,0.988027
2026-07-26T05:14:50+00:00,bid,RTX 3080 Ti,4,6,0.067704,0.097481,0.121481,0.148889,0.188889,0.121481,0.995901
2026-07-26T05:14:50+00:00,bid,RTX 3090,51,117,0.015778,0.107593,0.134074,0.162222,0.268889,0.134815,0.993081
2026-07-26T05:14:50+00:00,bid,RTX 4060,4,13,0.053531,0.053605,0.053778,0.054074,0.054519,,0.965078
2026-07-26T05:14:50+00:00,bid,RTX 4060 Ti,6,15,0.034444,0.045611,0.078444,0.105611,0.107778,0.104111,0.997077
2026-07-26T05:14:50+00:00,bid,RTX 4070,1,2,0.161111,0.161111,0.161111,0.161111,0.161111,0.161111,0.99933
2026-07-26T05:14:50+00:00,bid,RTX 4070 Ti,7,30,0.09358,0.09375,0.093889,0.154444,0.215556,0.093889,0.985967
2026-07-26T05:14:50+00:00,bid,RTX 4070S,5,14,0.054444,0.068148,0.071481,0.076296,0.094537,0.06537,0.990574
2026-07-26T05:14:50+00:00,bid,RTX 4070S Ti,12,32,0.166944,0.167639,0.167778,0.201111,0.202222,0.167778,0.999557
2026-07-26T05:14:50+00:00,bid,RTX 4080,6,12,0.147037,0.147407,0.170815,0.239389,0.255556,0.255,0.856528
2026-07-26T05:14:50+00:00,bid,RTX 4080S,14,33,0.104444,0.168139,0.187963,0.188889,0.200556,0.187778,0.997429
2026-07-26T05:14:50+00:00,bid,RTX 4090,108,265,0.108519,0.240926,0.334352,0.391204,1.005037,0.335556,0.994621
2026-07-26T05:14:50+00:00,bid,RTX 4090D,3,7,0.604556,0.604833,0.605111,0.605667,0.606222,,0.967226
2026-07-26T05:14:50+00:00,bid,RTX 5000Ada,3,4,0.334444,0.335,0.335556,0.335556,0.335556,0.335556,0.992772
2026-07-26T05:14:50+00:00,bid,RTX 5060,4,5,0.054444,0.055278,0.075556,0.108889,0.148889,0.148889,0.981665
2026-07-26T05:14:50+00:00,bid,RTX 5060 Ti,40,124,0.053611,0.073241,0.107593,0.147361,0.161111,0.138352,0.996552
2026-07-26T05:14:50+00:00,bid,RTX 5070,6,8,0.054815,0.081389,0.115185,0.158704,0.162222,0.155185,0.992071
2026-07-26T05:14:50+00:00,bid,RTX 5070 Ti,13,23,0.005741,0.107407,0.108889,0.157037,0.268,0.133926,0.992769
2026-07-26T05:14:50+00:00,bid,RTX 5080,18,32,0.02963,0.112806,0.127852,0.161944,0.202963,0.117148,0.992608
2026-07-26T05:14:50+00:00,bid,RTX 5090,101,245,0.093611,0.268148,0.316296,0.400556,0.907222,0.271852,0.995455
2026-07-26T05:14:50+00:00,bid,RTX 5880Ada,7,9,0.297037,0.33437,0.335407,0.335407,0.335407,0.335407,0.997411
2026-07-26T05:14:50+00:00,bid,RTX 6000Ada,24,47,0.137778,0.251898,0.388889,0.468889,0.775556,0.434259,0.994969
2026-07-26T05:14:50+00:00,bid,RTX A2000,1,1,0.400148,0.400148,0.400148,0.400148,0.400148,,0.9942
2026-07-26T05:14:50+00:00,bid,RTX A4000,8,50,0.013519,0.046236,0.075917,0.10686,0.107037,0.093611,0.988249
2026-07-26T05:14:50+00:00,bid,RTX A5000,6,11,0.025556,0.108981,0.222222,0.33463,0.334815,0.108519,0.97175
2026-07-26T05:14:50+00:00,bid,RTX A6000,10,16,0.134815,0.227486,0.311639,0.322222,0.375556,,0.989739
2026-07-26T05:14:50+00:00,bid,RTX PRO 4000,13,21,0.055556,0.067778,0.068889,0.215185,0.241778,0.202222,0.96866
2026-07-26T05:14:50+00:00,bid,RTX PRO 4500,1,1,0.268889,0.268889,0.268889,0.268889,0.268889,0.268889,0.982407
2026-07-26T05:14:50+00:00,bid,RTX PRO 5000,10,12,0.135111,0.163241,0.230741,0.55207,0.803704,0.165185,0.993885
2026-07-26T05:14:50+00:00,bid,RTX PRO 6000 S,22,41,0.391822,1.067593,1.06963,1.191204,1.318889,1.06963,0.99871
2026-07-26T05:14:50+00:00,bid,RTX PRO 6000 WS,30,40,0.282222,0.619028,0.701926,0.978148,1.339259,0.801481,0.99461
2026-07-26T05:14:50+00:00,bid,Tesla P100,3,4,0.041481,0.087963,0.134444,0.135,0.135556,0.135,0.985701
2026-07-26T05:14:50+00:00,bid,Tesla P40,2,6,0.065889,0.066028,0.066167,0.066306,0.066444,0.066167,0.992644
2026-07-26T05:14:50+00:00,bid,Tesla T4,2,3,3.400741,3.400926,3.401111,3.401296,3.401481,,0.972396
2026-07-26T05:14:50+00:00,bid,Tesla V100,12,30,0.08037,0.095037,0.134213,0.162222,0.242222,0.162222,0.984589
2026-07-26T05:14:50+00:00,bid,Titan RTX,1,1,0.108889,0.108889,0.108889,0.108889,0.108889,0.108889,0.998316
2026-07-26T05:14:50+00:00,bid,Titan Xp,3,11,0.04037,0.040463,0.040556,0.048056,0.055556,0.040556,0.996067
2026-07-26T05:19:53+00:00,on-demand,A100 PCIE,12,27,0.267407,0.335278,0.996087,1.001389,1.537739,0.999425,0.988761
2026-07-26T05:19:53+00:00,on-demand,A100 SXM4,27,69,0.40037,0.808102,0.934815,1.121651,1.592,0.934444,0.991742
2026-07-26T05:19:53+00:00,on-demand,A800 PCIE,2,5,0.667222,0.667639,0.668056,0.668472,0.668889,,0.994204
2026-07-26T05:19:53+00:00,on-demand,B200,11,34,5.865104,5.87526,5.937674,6.449653,7.060417,5.937674,0.997396
2026-07-26T05:19:53+00:00,on-demand,B300,5,23,5.62526,5.625521,7.813542,7.814583,8.750694,8.750694,0.988602
2026-07-26T05:19:53+00:00,on-demand,CMP 170HX,4,15,0.120185,0.120324,0.120556,0.120926,0.121481,,0.918303
2026-07-26T05:19:53+00:00,on-demand,GTX 1050 Ti,2,2,0.611111,1.458704,2.306296,3.153889,4.001481,,0.945522
2026-07-26T05:19:53+00:00,on-demand,GTX 1060,3,4,0.087778,0.088333,0.088889,0.216667,0.344444,0.088333,0.999298
2026-07-26T05:19:53+00:00,on-demand,GTX 1070,2,2,0.202222,0.284444,0.366667,0.448889,0.531111,0.531111,0.965806
2026-07-26T05:19:53+00:00,on-demand,GTX 1070 Ti,1,1,0.052889,0.052889,0.052889,0.052889,0.052889,0.052889,0.987718
2026-07-26T05:19:53+00:00,on-demand,GTX 1080,5,15,0.027778,0.034815,0.051037,0.051222,0.051778,0.051222,0.995267
2026-07-26T05:19:53+00:00,on-demand,GTX 1080 Ti,6,17,0.042667,0.060694,0.063,0.07146,0.074444,0.064889,0.996775
2026-07-26T05:19:53+00:00,on-demand,GTX 1650 S,1,1,0.677778,0.677778,0.677778,0.677778,0.677778,,0.938346
2026-07-26T05:19:53+00:00,on-demand,GTX 1660,1,1,0.677778,0.677778,0.677778,0.677778,0.677778,,0.948918
2026-07-26T05:19:53+00:00,on-demand,GTX 1660 S,1,1,0.451111,0.451111,0.451111,0.451111,0.451111,,0.946527
2026-07-26T05:19:53+00:00,on-demand,GTX 1660 Ti,1,1,0.611111,0.611111,0.611111,0.611111,0.611111,0.611111,0.940375
2026-07-26T05:19:53+00:00,on-demand,H100 NVL,5,6,1.496296,2.312889,2.401333,2.402667,2.668148,2.490519,0.938471
2026-07-26T05:19:53+00:00,on-demand,H100 PCIE,4,12,1.362222,1.640667,1.833444,1.933426,1.933481,1.933407,0.982546
2026-07-26T05:19:53+00:00,on-demand,H100 SXM,12,33,1.734444,2.552815,2.801667,2.950583,4.218889,2.802222,0.993305
2026-07-26T05:19:53+00:00,on-demand,H200,5,10,3.934942,3.935673,4.08114,4.211075,4.211623,4.08114,0.997619
2026-07-26T05:19:53+00:00,on-demand,H200 NVL,8,20,2.800741,3.001944,3.139778,3.333819,4.061778,3.201778,0.981952
2026-07-26T05:19:53+00:00,on-demand,L4,5,16,0.202222,0.333778,0.333889,0.334444,3.333889,0.333889,0.999003
2026-07-26T05:19:53+00:00,on-demand,L40,4,8,0.297037,0.505093,0.575,0.576111,0.577778,0.575556,0.984764
2026-07-26T05:19:53+00:00,on-demand,L40S,13,46,0.40037,0.467037,0.800741,1.068519,2.442222,0.934537,0.995609
2026-07-26T05:19:53+00:00,on-demand,Q RTX 5000,2,3,0.080741,0.080926,0.081111,0.081296,0.081481,,0.943396
2026-07-26T05:19:53+00:00,on-demand,Q RTX 6000,1,2,0.134074,0.134074,0.134074,0.134074,0.134074,0.134074,0.999566
2026-07-26T05:19:53+00:00,on-demand,Q RTX 8000,3,7,0.253704,0.253889,0.254074,0.254444,0.254815,0.254074,0.998642
2026-07-26T05:19:53+00:00,on-demand,Quadro GV100,1,1,0.467407,0.467407,0.467407,0.467407,0.467407,,0.967985
2026-07-26T05:19:53+00:00,on-demand,Quadro P4000,4,6,0.054444,0.054444,0.055,0.055556,0.055556,0.055,0.980126
2026-07-26T05:19:53+00:00,on-demand,RTX 2060,1,1,0.415556,0.415556,0.415556,0.415556,0.415556,0.415556,0.994965
2026-07-26T05:19:53+00:00,on-demand,RTX 2070S,2,17,0.073498,0.073503,0.073508,0.073513,0.073519,,0.987354
2026-07-26T05:19:53+00:00,on-demand,RTX 2080 Ti,9,31,0.068889,0.080028,0.080111,0.122222,0.811111,0.080111,0.994707
2026-07-26T05:19:53+00:00,on-demand,RTX 3060,9,38,0.050815,0.061111,0.067778,0.073498,1.334815,0.061111,0.995903
2026-07-26T05:19:53+00:00,on-demand,RTX 3060 laptop,4,13,0.026685,0.037505,0.041667,0.065278,0.134444,0.134444,0.997824
2026-07-26T05:19:53+00:00,on-demand,RTX 3070,7,15,0.050444,0.068704,0.100617,0.120704,0.562222,0.120704,0.992184
2026-07-26T05:19:53+00:00,on-demand,RTX 3070 laptop,1,1,0.048889,0.048889,0.048889,0.048889,0.048889,,0.960748
2026-07-26T05:19:53+00:00,on-demand,RTX 3080,12,35,0.060222,0.07463,0.113417,0.127097,0.252326,0.113556,0.993525
2026-07-26T05:19:53+00:00,on-demand,RTX 3080 Ti,5,7,0.081037,0.122222,0.134074,0.142222,0.295556,0.138148,0.99631
2026-07-26T05:19:53+00:00,on-demand,RTX 3090,37,102,0.111481,0.147778,0.213667,0.270222,1.336296,0.242593,0.991209
2026-07-26T05:19:53+00:00,on-demand,RTX 3090 Ti,1,1,0.175556,0.175556,0.175556,0.175556,0.175556,,0.993084
2026-07-26T05:19:53+00:00,on-demand,RTX 4060,7,14,0.060198,0.060889,0.064444,0.075185,2.677778,0.066296,0.985027
2026-07-26T05:19:53+00:00,on-demand,RTX 4060 Ti,1,2,0.081111,0.081111,0.081111,0.081111,0.081111,0.081111,0.962177
2026-07-26T05:19:53+00:00,on-demand,RTX 4070,1,1,0.082222,0.082222,0.082222,0.082222,0.082222,,0.994542
2026-07-26T05:19:53+00:00,on-demand,RTX 4070 Ti,9,31,0.088889,0.106914,0.107222,0.151778,0.242222,0.107222,0.985967
2026-07-26T05:19:53+00:00,on-demand,RTX 4070S,10,21,0.082407,0.092037,0.096111,0.667685,0.668889,0.084815,0.969655
2026-07-26T05:19:53+00:00,on-demand,RTX 4070S Ti,11,25,0.094444,0.121667,0.201111,0.267083,0.348889,0.247778,0.998065
2026-07-26T05:19:53+00:00,on-demand,RTX 4080,6,12,0.121481,0.166093,0.177889,0.245352,0.268889,0.268333,0.975779
2026-07-26T05:19:53+00:00,on-demand,RTX 4080S,10,31,0.147593,0.162917,0.202148,0.213819,0.292741,0.247296,0.98819
2026-07-26T05:19:53+00:00,on-demand,RTX 4090,56,201,0.133611,0.344574,0.447741,0.618426,1.337037,0.480741,0.995579
2026-07-26T05:19:53+00:00,on-demand,RTX 4090D,4,8,0.330815,0.58312,0.6675,0.668056,0.668889,0.330815,0.967226
2026-07-26T05:19:53+00:00,on-demand,RTX 5000Ada,3,4,0.374444,0.375,0.375556,0.415556,0.455556,0.375556,0.992772
2026-07-26T05:19:53+00:00,on-demand,RTX 5060,3,3,0.082222,0.115556,0.148889,0.165556,0.182222,0.182222,0.981665
2026-07-26T05:19:53+00:00,on-demand,RTX 5060 Ti,16,60,0.071556,0.089537,0.1075,0.143861,0.200296,0.135185,0.993149
2026-07-26T05:19:53+00:00,on-demand,RTX 5060 laptop,1,1,0.135556,0.135556,0.135556,0.135556,0.135556,,0.97049
2026-07-26T05:19:53+00:00,on-demand,RTX 5070,6,11,0.081481,0.094444,0.098148,0.103241,0.148889,0.103704,0.989222
2026-07-26T05:19:53+00:00,on-demand,RTX 5070 Ti,8,14,0.101481,0.151519,0.1615,0.162759,0.188889,0.161,0.993784
2026-07-26T05:19:53+00:00,on-demand,RTX 5080,22,71,0.133611,0.169889,0.19463,0.257361,0.802963,0.213704,0.986084
2026-07-26T05:19:53+00:00,on-demand,RTX 5090,47,159,0.212889,0.458253,0.533611,0.781459,3.615556,0.690867,0.99293
2026-07-26T05:19:53+00:00,on-demand,RTX 5880Ada,3,7,0.453852,0.454111,0.45437,0.454889,0.455407,0.45437,0.997828
2026-07-26T05:19:53+00:00,on-demand,RTX 6000Ada,9,26,0.440556,0.535556,0.699259,0.735556,0.787778,0.733796,0.990208
2026-07-26T05:19:53+00:00,on-demand,RTX A2000,3,4,0.034074,0.035111,0.036148,0.264815,0.493481,,0.995152
2026-07-26T05:19:53+00:00,on-demand,RTX A4000,4,39,0.080185,0.120147,0.133493,0.133542,0.133611,0.133611,0.977918
2026-07-26T05:19:53+00:00,on-demand,RTX A5000,4,8,0.200556,0.283917,20.156222,40.000926,40.001481,0.25613,0.97175
2026-07-26T05:19:53+00:00,on-demand,RTX A6000,5,10,0.288148,0.28963,0.373889,0.374444,0.404444,0.404444,0.996764
2026-07-26T05:19:53+00:00,on-demand,RTX PRO 4000,11,23,0.200556,0.208889,0.243622,0.314537,0.535556,0.25633,0.992045
2026-07-26T05:19:53+00:00,on-demand,RTX PRO 4500,1,1,0.282222,0.282222,0.282222,0.282222,0.282222,,0.994953
2026-07-26T05:19:53+00:00,on-demand,RTX PRO 5000,9,12,0.601481,0.667111,0.789259,0.895185,1.018519,0.728185,0.991534
2026-07-26T05:19:53+00:00,on-demand,RTX PRO 6000 S,13,26,0.774756,1.362593,1.602222,1.734815,1.736296,1.634722,0.99871
2026-07-26T05:19:53+00:00,on-demand,RTX PRO 6000 WS,19,33,0.867778,0.973796,1.071111,1.522963,13.335556,1.266296,0.99461
2026-07-26T05:19:53+00:00,on-demand,Tesla P100,5,10,0.044296,0.081111,0.081481,0.201111,0.202222,0.141296,0.985701
2026-07-26T05:19:53+00:00,on-demand,Tesla P40,3,7,0.132556,0.132833,0.133111,0.167667,0.202222,0.132833,0.992644
2026-07-26T05:19:53+00:00,on-demand,Tesla T4,2,3,12.000741,12.000926,12.001111,12.001296,12.001481,,0.972396
2026-07-26T05:19:53+00:00,on-demand,Tesla V100,10,34,0.106944,0.133565,0.134667,0.201403,0.268889,0.212889,0.968672
2026-07-26T05:19:53+00:00,on-demand,Titan RTX,3,3,0.135556,0.136296,0.137037,0.15,0.162963,0.149259,0.991674
2026-07-26T05:19:53+00:00,on-demand,Titan Xp,3,11,0.053704,0.053796,0.053889,0.054722,0.055556,0.053889,0.996067
2026-07-26T05:19:53+00:00,bid,A100 PCIE,21,31,0.133889,0.135556,0.200741,0.202222,0.535556,0.202222,0.994388
2026-07-26T05:19:53+00:00,bid,A100 SXM4,26,50,0.135556,0.60081,0.700254,0.802333,1.042156,0.642778,0.991349
2026-07-26T05:19:53+00:00,bid,A40,1,2,0.234074,0.234074,0.234074,0.234074,0.234074,0.234074,0.984366
2026-07-26T05:19:53+00:00,bid,A800 PCIE,5,10,0.129889,0.130444,0.130444,0.131556,0.131556,,0.994204
2026-07-26T05:19:53+00:00,bid,B200,15,70,5.625174,5.625304,5.626042,6.126953,7.375521,5.626042,0.99256
2026-07-26T05:19:53+00:00,bid,B300,3,11,5.000694,5.000868,5.001042,5.001563,5.002083,5.000694,0.961611
2026-07-26T05:19:53+00:00,bid,CMP 170HX,5,19,0.101433,0.101618,0.101618,0.101989,0.102729,,0.918303
2026-07-26T05:19:53+00:00,bid,GTX 1050 Ti,2,2,0.021562,0.022283,0.023003,0.023724,0.024444,,0.945522
2026-07-26T05:19:53+00:00,bid,GTX 1060,1,1,0.031111,0.031111,0.031111,0.031111,0.031111,,0.943698
2026-07-26T05:19:53+00:00,bid,GTX 1070,2,2,0.015556,0.017778,0.02,0.022222,0.024444,0.024444,0.965806
2026-07-26T05:19:53+00:00,bid,GTX 1070 Ti,3,11,0.04037,0.040463,0.040556,0.041389,0.042222,0.040556,0.99717
2026-07-26T05:19:53+00:00,bid,GTX 1080,3,9,0.037037,0.038704,0.04037,0.040741,0.041111,0.040741,0.985182
2026-07-26T05:19:53+00:00,bid,GTX 1080 Ti,11,39,0.029333,0.041389,0.053651,0.053981,0.054444,0.05377,0.997136
2026-07-26T05:19:53+00:00,bid,GTX 1650 S,1,1,0.037778,0.037778,0.037778,0.037778,0.037778,,0.938346
2026-07-26T05:19:53+00:00,bid,GTX 1660 S,2,3,0.031111,0.036944,0.042778,0.048611,0.054444,,0.970232
2026-07-26T05:19:53+00:00,bid,GTX 1660 Ti,2,3,0.037778,0.042222,0.046667,0.051111,0.055556,0.046667,0.968886
2026-07-26T05:19:53+00:00,bid,H100 NVL,5,7,0.934667,0.934667,0.936,1.841481,1.936296,1.888889,0.965747
2026-07-26T05:19:53+00:00,bid,H100 PCIE,5,13,0.733481,1.068889,1.666741,1.666815,1.666815,1.666778,0.995222
2026-07-26T05:19:53+00:00,bid,H100 SXM,15,48,0.474074,1.006519,1.335556,2.534167,4.002222,1.518481,0.994139
2026-07-26T05:19:53+00:00,bid,H200,6,11,1.321491,3.816703,3.817617,3.915433,3.948465,3.817617,0.998314
2026-07-26T05:19:53+00:00,bid,H200 NVL,11,14,0.403778,0.870222,1.336445,1.339555,3.077778,1.339333,0.99473
2026-07-26T05:19:53+00:00,bid,L4,7,18,0.134444,0.201481,0.201889,0.261333,0.320556,0.201852,0.997817
2026-07-26T05:19:53+00:00,bid,L40,7,14,0.267407,0.468333,0.468889,0.471111,0.471111,0.468889,0.984764
2026-07-26T05:19:53+00:00,bid,L40S,28,87,0.200185,0.335278,0.535,0.540741,0.775556,0.538889,0.996982
2026-07-26T05:19:53+00:00,bid,Q RTX 5000,2,3,0.054074,0.054259,0.054444,0.05463,0.054815,,0.943396
2026-07-26T05:19:53+00:00,bid,Quadro GV100,1,1,0.134074,0.134074,0.134074,0.134074,0.134074,,0.967985
2026-07-26T05:19:53+00:00,bid,Quadro P4000,3,4,0.041111,0.041667,0.042222,0.048111,0.054,0.054,0.963494
2026-07-26T05:19:53+00:00,bid,RTX 2060,2,2,0.034852,0.110028,0.185204,0.26038,0.335556,0.185204,0.970113
2026-07-26T05:19:53+00:00,bid,RTX 2060S,1,1,0.123704,0.123704,0.123704,0.123704,0.123704,0.123704,0.936167
2026-07-26T05:19:53+00:00,bid,RTX 2070S,2,17,0.066831,0.066836,0.066842,0.066847,0.066852,,0.987354
2026-07-26T05:19:53+00:00,bid,RTX 2080 Ti,6,8,0.037778,0.068519,0.107593,0.108056,0.108889,0.107778,0.99589
2026-07-26T05:19:53+00:00,bid,RTX 2080S,1,1,0.037778,0.037778,0.037778,0.037778,0.037778,0.037778,0.975004
2026-07-26T05:19:53+00:00,bid,RTX 3060,16,43,0.025111,0.044296,0.054444,0.102815,0.137881,0.088422,0.995784
2026-07-26T05:19:53+00:00,bid,RTX 3060 Ti,2,2,0.057037,0.076,0.094963,0.113926,0.132889,0.057037,0.974114
2026-07-26T05:19:53+00:00,bid,RTX 3060 laptop,5,16,0.013352,0.038444,0.062815,0.065481,0.101111,0.081963,0.992292
2026-07-26T05:19:53+00:00,bid,RTX 3070,11,25,0.040444,0.054463,0.07037,0.094167,0.495556,0.093889,0.99148
2026-07-26T05:19:53+00:00,bid,RTX 3070 laptop,1,1,0.042222,0.042222,0.042222,0.042222,0.042222,,0.960748
2026-07-26T05:19:53+00:00,bid,RTX 3080,12,30,0.057407,0.065579,0.1035,0.165874,0.241659,0.140333,0.988027
2026-07-26T05:19:53+00:00,bid,RTX 3080 Ti,7,9,0.067704,0.095556,0.100741,0.121481,0.188889,0.107407,0.994928
2026-07-26T05:19:53+00:00,bid,RTX 3090,52,115,0.016889,0.107685,0.134074,0.187009,0.268889,0.134815,0.992896
2026-07-26T05:19:53+00:00,bid,RTX 4060,4,13,0.053531,0.053605,0.053778,0.054074,0.054519,,0.965078
2026-07-26T05:19:53+00:00,bid,RTX 4060 Ti,7,17,0.034444,0.041667,0.055778,0.081519,0.107111,0.081519,0.997058
2026-07-26T05:19:53+00:00,bid,RTX 4070,5,8,0.054444,0.054444,0.076889,0.148889,0.161111,0.076889,0.999203
2026-07-26T05:19:53+00:00,bid,RTX 4070 Ti,8,31,0.09358,0.093819,0.094167,0.135278,0.215556,0.094167,0.985967
2026-07-26T05:19:53+00:00,bid,RTX 4070S,6,19,0.054444,0.057801,0.068472,0.07088,0.076296,0.068472,0.974814
2026-07-26T05:19:53+00:00,bid,RTX 4070S Ti,12,28,0.077778,0.104222,0.1675,0.167778,0.202222,0.167778,0.999507
2026-07-26T05:19:53+00:00,bid,RTX 4080,8,14,0.081111,0.082222,0.147222,0.209278,0.255556,0.255,0.980859
2026-07-26T05:19:53+00:00,bid,RTX 4080S,11,29,0.104444,0.148667,0.200278,0.201315,0.240741,0.221222,0.988222
2026-07-26T05:19:53+00:00,bid,RTX 4090,100,260,0.133889,0.224565,0.287481,0.335741,1.005037,0.334444,0.995579
2026-07-26T05:19:53+00:00,bid,RTX 4090D,3,7,0.604556,0.604833,0.605111,0.605667,0.606222,,0.967226
2026-07-26T05:19:53+00:00,bid,RTX 5000Ada,2,3,0.334444,0.334722,0.335,0.335278,0.335556,0.335,0.992772
2026-07-26T05:19:53+00:00,bid,RTX 5060,6,7,0.054444,0.056111,0.076667,0.135556,0.148889,0.148889,0.995452
2026-07-26T05:19:53+00:00,bid,RTX 5060 Ti,32,102,0.053611,0.06588,0.087568,0.147167,0.161111,0.107383,0.992237
2026-07-26T05:19:53+00:00,bid,RTX 5070,6,8,0.054815,0.081759,0.113926,0.15687,0.162222,0.15263,0.992052
2026-07-26T05:19:53+00:00,bid,RTX 5070 Ti,12,17,0.081481,0.108889,0.126519,0.158481,0.268,0.133926,0.993396
2026-07-26T05:19:53+00:00,bid,RTX 5080,18,32,0.02963,0.124852,0.155,0.201389,0.338519,0.200556,0.992594
2026-07-26T05:19:53+00:00,bid,RTX 5090,85,232,0.093611,0.201111,0.27637,0.399778,0.906944,0.271481,0.996126
2026-07-26T05:19:53+00:00,bid,RTX 5880Ada,3,5,0.297037,0.315704,0.33437,0.33437,0.33437,0.33437,0.997411
2026-07-26T05:19:53+00:00,bid,RTX 6000Ada,24,48,0.137778,0.251528,0.388333,0.468019,0.775556,0.400741,0.996374
2026-07-26T05:19:53+00:00,bid,RTX A2000,1,1,0.400148,0.400148,0.400148,0.400148,0.400148,,0.9942
2026-07-26T05:19:53+00:00,bid,RTX A4000,8,54,0.013519,0.047069,0.080435,0.106814,0.107037,0.093611,0.977918
2026-07-26T05:19:53+00:00,bid,RTX A5000,9,18,0.025556,0.11037,0.201111,0.334074,0.334815,0.11037,0.97175
2026-07-26T05:19:53+00:00,bid,RTX A6000,8,11,0.134815,0.236296,0.305528,0.321389,0.375556,,0.980301
2026-07-26T05:19:53+00:00,bid,RTX PRO 4000,13,20,0.055556,0.067778,0.068889,0.215185,0.241778,0.208778,0.96866
2026-07-26T05:19:53+00:00,bid,RTX PRO 4500,1,1,0.268889,0.268889,0.268889,0.268889,0.268889,0.268889,0.982407
2026-07-26T05:19:53+00:00,bid,RTX PRO 5000,12,15,0.135111,0.164537,0.295556,0.551481,0.803704,0.165185,0.992055
2026-07-26T05:19:53+00:00,bid,RTX PRO 6000 S,17,29,0.391822,1.067407,1.06963,1.189259,1.318889,1.068148,0.99871
2026-07-26T05:19:53+00:00,bid,RTX PRO 6000 WS,30,41,0.268889,0.55463,0.730519,0.946926,1.339259,0.94363,0.99461
2026-07-26T05:19:53+00:00,bid,Tesla P100,4,5,0.041481,0.111204,0.135,0.135556,0.135556,0.135556,0.985701
2026-07-26T05:19:53+00:00,bid,Tesla P40,2,6,0.065889,0.066028,0.066167,0.066306,0.066444,0.066167,0.992644
2026-07-26T05:19:53+00:00,bid,Tesla T4,2,3,3.400741,3.400926,3.401111,3.401296,3.401481,,0.972396
2026-07-26T05:19:53+00:00,bid,Tesla V100,14,31,0.08037,0.09513,0.134028,0.162222,0.242222,0.162222,0.978269
2026-07-26T05:19:53+00:00,bid,Titan RTX,1,1,0.108889,0.108889,0.108889,0.108889,0.108889,0.108889,0.998316
2026-07-26T05:19:53+00:00,bid,Titan V,1,2,0.067778,0.067778,0.067778,0.067778,0.067778,0.067778,0.996349
2026-07-26T05:19:53+00:00,bid,Titan Xp,3,11,0.04037,0.040463,0.040556,0.041389,0.042222,0.040556,0.996067
2026-07-26T05:24:52+00:00,on-demand,A100 PCIE,14,31,0.333611,0.658519,0.996087,1.001111,1.537739,0.996087,0.995196
2026-07-26T05:24:52+00:00,on-demand,A100 SXM4,26,65,0.40037,0.800694,0.981296,1.214583,1.592,0.981296,0.992646
2026-07-26T05:24:52+00:00,on-demand,A800 PCIE,3,7,0.667222,0.6675,0.667778,0.668333,0.668889,,0.994204
2026-07-26T05:24:52+00:00,on-demand,B200,11,34,5.865104,5.905295,6.190104,6.495312,7.060417,6.190104,0.997396
2026-07-26T05:24:52+00:00,on-demand,B300,5,23,5.62526,5.625521,7.813542,7.814583,8.750694,8.750694,0.988602
2026-07-26T05:24:52+00:00,on-demand,CMP 170HX,4,15,0.120185,0.120324,0.120556,0.120926,0.121481,,0.918303
2026-07-26T05:24:52+00:00,on-demand,GTX 1050 Ti,1,1,4.001481,4.001481,4.001481,4.001481,4.001481,,0.959545
2026-07-26T05:24:52+00:00,on-demand,GTX 1060,3,4,0.087778,0.088333,0.088889,0.216667,0.344444,0.088333,0.999298
2026-07-26T05:24:52+00:00,on-demand,GTX 1070,2,2,0.202222,0.284444,0.366667,0.448889,0.531111,0.531111,0.965806
2026-07-26T05:24:52+00:00,on-demand,GTX 1070 Ti,1,6,0.051037,0.051037,0.051037,0.051037,0.051037,0.051037,0.987718
2026-07-26T05:24:52+00:00,on-demand,GTX 1080,5,10,0.027778,0.05037,0.051222,0.051778,0.052889,0.051778,0.996247
2026-07-26T05:24:52+00:00,on-demand,GTX 1080 Ti,4,11,0.042667,0.059333,0.069667,0.075913,0.080317,0.074444,0.992982
2026-07-26T05:24:52+00:00,on-demand,GTX 1650 S,1,1,0.677778,0.677778,0.677778,0.677778,0.677778,,0.938346
2026-07-26T05:24:52+00:00,on-demand,GTX 1660,1,1,0.677778,0.677778,0.677778,0.677778,0.677778,,0.948918
2026-07-26T05:24:52+00:00,on-demand,GTX 1660 S,1,1,0.451111,0.451111,0.451111,0.451111,0.451111,,0.946527
2026-07-26T05:24:52+00:00,on-demand,H100 NVL,4,5,1.894815,2.17537,2.290889,2.335,2.401333,2.103852,0.984122
2026-07-26T05:24:52+00:00,on-demand,H100 PCIE,4,12,1.362222,1.640667,1.833444,1.933426,1.933481,1.933407,0.982546
2026-07-26T05:24:52+00:00,on-demand,H100 SXM,13,33,1.735556,2.629926,2.802222,3.520444,5.268889,3.486386,0.995779
2026-07-26T05:24:52+00:00,on-demand,H200,5,10,3.934942,3.935673,4.08114,4.211075,4.211623,4.08114,0.999227
2026-07-26T05:24:52+00:00,on-demand,H200 NVL,7,18,2.800741,2.982,3.164889,3.272361,3.334444,3.164889,0.982538
2026-07-26T05:24:52+00:00,on-demand,L4,6,17,0.202222,0.333806,0.334167,0.335278,3.333889,0.334167,0.99841
2026-07-26T05:24:52+00:00,on-demand,L40,4,9,0.297037,0.414815,0.514259,0.575278,0.577778,0.574444,0.990746
2026-07-26T05:24:52+00:00,on-demand,L40S,15,51,0.40037,0.498333,0.80037,1.068056,2.442222,0.934722,0.995609
2026-07-26T05:24:52+00:00,on-demand,Q RTX 5000,2,3,0.080741,0.080926,0.081111,0.081296,0.081481,,0.943396
2026-07-26T05:24:52+00:00,on-demand,Q RTX 6000,1,2,0.134074,0.134074,0.134074,0.134074,0.134074,0.134074,0.999566
2026-07-26T05:24:52+00:00,on-demand,Q RTX 8000,4,8,0.253704,0.253981,0.254444,0.258889,0.271111,0.254444,0.998642
2026-07-26T05:24:52+00:00,on-demand,Quadro GV100,1,1,0.467407,0.467407,0.467407,0.467407,0.467407,,0.967985
2026-07-26T05:24:52+00:00,on-demand,Quadro P4000,4,6,0.054444,0.054444,0.055,0.055926,0.057037,0.055741,0.975775
2026-07-26T05:24:52+00:00,on-demand,RTX 2060,1,1,0.415556,0.415556,0.415556,0.415556,0.415556,0.415556,0.994965
2026-07-26T05:24:52+00:00,on-demand,RTX 2070S,2,17,0.073498,0.073503,0.073508,0.073513,0.073519,,0.987354
2026-07-26T05:24:52+00:00,on-demand,RTX 2080 Ti,9,25,0.053889,0.080028,0.080111,0.122222,0.811111,0.100611,0.994707
2026-07-26T05:24:52+00:00,on-demand,RTX 3060,9,33,0.038444,0.053611,0.068889,0.140741,1.334815,0.097176,0.99058
2026-07-26T05:24:52+00:00,on-demand,RTX 3060 laptop,5,14,0.026685,0.041111,0.042222,0.066963,0.134444,0.100704,0.992097
2026-07-26T05:24:52+00:00,on-demand,RTX 3070,7,20,0.051556,0.068148,0.100617,0.104444,0.562222,0.101852,0.992184
2026-07-26T05:24:52+00:00,on-demand,RTX 3080,13,38,0.060222,0.074815,0.113389,0.120278,0.252326,0.1135,0.993525
2026-07-26T05:24:52+00:00,on-demand,RTX 3080 Ti,5,6,0.102222,0.108889,0.135185,0.142222,0.295556,0.138704,0.996312
2026-07-26T05:24:52+00:00,on-demand,RTX 3090,38,114,0.111481,0.142569,0.206991,0.333843,1.336296,0.242593,0.990068
2026-07-26T05:24:52+00:00,on-demand,RTX 3090 Ti,1,1,0.175556,0.175556,0.175556,0.175556,0.175556,,0.993084
2026-07-26T05:24:52+00:00,on-demand,RTX 4060,7,16,0.060198,0.060444,0.061185,0.073333,2.677778,0.064444,0.965078
2026-07-26T05:24:52+00:00,on-demand,RTX 4060 Ti,3,8,0.067778,0.080833,0.093889,0.094167,0.094444,0.094167,0.998873
2026-07-26T05:24:52+00:00,on-demand,RTX 4070,4,5,0.082222,0.091667,0.095556,0.115444,0.172889,0.096296,0.994513
2026-07-26T05:24:52+00:00,on-demand,RTX 4070 Ti,8,29,0.088889,0.102963,0.107083,0.174111,0.242222,0.106944,0.986783
2026-07-26T05:24:52+00:00,on-demand,RTX 4070S,9,24,0.081204,0.084815,0.095185,0.667407,0.668889,0.083611,0.969655
2026-07-26T05:24:52+00:00,on-demand,RTX 4070S Ti,9,21,0.094444,0.117778,0.247222,0.266944,0.348889,0.248889,0.998065
2026-07-26T05:24:52+00:00,on-demand,RTX 4080,5,10,0.177704,0.178074,0.178815,0.267778,0.268889,0.268333,0.791115
2026-07-26T05:24:52+00:00,on-demand,RTX 4080S,9,27,0.147593,0.15037,0.202222,0.213889,0.292741,0.29237,0.988157
2026-07-26T05:24:52+00:00,on-demand,RTX 4090,64,228,0.133611,0.307593,0.400833,0.556019,1.335185,0.537037,0.994565
2026-07-26T05:24:52+00:00,on-demand,RTX 4090D,3,7,0.667222,0.6675,0.667778,0.668333,0.668889,,0.967226
2026-07-26T05:24:52+00:00,on-demand,RTX 5000Ada,3,4,0.374444,0.375,0.375556,0.415556,0.455556,0.375556,0.992772
2026-07-26T05:24:52+00:00,on-demand,RTX 5060,3,4,0.045704,0.097296,0.148889,0.165556,0.182222,0.182222,0.976499
2026-07-26T05:24:52+00:00,on-demand,RTX 5060 Ti,18,56,0.071556,0.086204,0.110741,0.161213,0.227407,0.152537,0.993766
2026-07-26T05:24:52+00:00,on-demand,RTX 5060 laptop,1,1,0.135556,0.135556,0.135556,0.135556,0.135556,,0.97049
2026-07-26T05:24:52+00:00,on-demand,RTX 5070,7,12,0.083704,0.098148,0.103704,0.148148,0.175556,0.125556,0.989222
2026-07-26T05:24:52+00:00,on-demand,RTX 5070 Ti,6,13,0.120556,0.134722,0.138889,0.156972,0.163704,0.1275,0.993209
2026-07-26T05:24:52+00:00,on-demand,RTX 5080,19,66,0.133611,0.168333,0.173889,0.2475,0.802963,0.267222,0.98491
2026-07-26T05:24:52+00:00,on-demand,RTX 5090,49,165,0.175556,0.455926,0.628889,0.735556,3.615556,0.666944,0.994854
2026-07-26T05:24:52+00:00,on-demand,RTX 5880Ada,4,15,0.453593,0.453787,0.454111,0.48337,0.57037,0.454111,0.997828
2026-07-26T05:24:52+00:00,on-demand,RTX 6000Ada,11,28,0.440556,0.503333,0.667037,0.708009,0.787407,0.681667,0.995975
2026-07-26T05:24:52+00:00,on-demand,RTX A2000,3,4,0.034074,0.035111,0.036148,0.264815,0.493481,,0.995152
2026-07-26T05:24:52+00:00,on-demand,RTX A4000,6,51,0.080185,0.080347,0.107012,0.133506,0.133611,0.133611,0.977918
2026-07-26T05:24:52+00:00,on-demand,RTX A5000,6,12,0.200556,0.25063,0.308111,30.077815,40.001481,0.269481,0.981541
2026-07-26T05:24:52+00:00,on-demand,RTX A6000,5,11,0.288148,0.373889,0.374444,0.375556,0.454444,,0.989279
2026-07-26T05:24:52+00:00,on-demand,RTX PRO 4000,10,22,0.201111,0.246701,0.28213,0.325,0.535556,0.27037,0.974893
2026-07-26T05:24:52+00:00,on-demand,RTX PRO 4500,1,1,0.282222,0.282222,0.282222,0.282222,0.282222,,0.994953
2026-07-26T05:24:52+00:00,on-demand,RTX PRO 5000,8,11,0.601481,0.667556,0.763889,0.895648,0.990519,0.762593,0.993885
2026-07-26T05:24:52+00:00,on-demand,RTX PRO 6000 S,11,23,0.774756,1.367778,1.667222,1.734815,1.736296,1.667222,0.99871
2026-07-26T05:24:52+00:00,on-demand,RTX PRO 6000 WS,16,30,0.867778,0.987083,1.06963,1.473519,5.335556,1.275333,0.993386
2026-07-26T05:24:52+00:00,on-demand,Tesla P100,5,10,0.044296,0.081111,0.082222,0.201111,0.202222,0.141667,0.964353
2026-07-26T05:24:52+00:00,on-demand,Tesla P40,3,7,0.132556,0.132833,0.133111,0.167667,0.202222,0.132833,0.992644
2026-07-26T05:24:52+00:00,on-demand,Tesla T4,2,3,12.000741,12.000926,12.001111,12.001296,12.001481,,0.972396
2026-07-26T05:24:52+00:00,on-demand,Tesla V100,11,32,0.079037,0.133611,0.135259,0.167083,0.268889,0.167083,0.978269
2026-07-26T05:24:52+00:00,on-demand,Titan RTX,3,3,0.135556,0.136296,0.137037,0.15,0.162963,0.149259,0.991674
2026-07-26T05:24:52+00:00,on-demand,Titan Xp,3,11,0.053704,0.053796,0.053889,0.054722,0.055556,0.053889,0.995583
2026-07-26T05:24:52+00:00,bid,A100 PCIE,22,35,0.131556,0.135556,0.168056,0.202037,0.535556,0.201667,0.994388
2026-07-26T05:24:52+00:00,bid,A100 SXM4,29,53,0.135556,0.575741,0.667778,0.801333,1.042156,0.605185,0.99149
2026-07-26T05:24:52+00:00,bid,A40,1,2,0.234074,0.234074,0.234074,0.234074,0.234074,0.234074,0.984366
2026-07-26T05:24:52+00:00,bid,A800 PCIE,6,11,0.129889,0.130444,0.131,0.131556,0.131556,,0.994204
2026-07-26T05:24:52+00:00,bid,B200,10,46,5.625174,5.625846,5.632812,6.127279,6.260417,5.632812,0.996189
2026-07-26T05:24:52+00:00,bid,B300,3,11,5.000694,5.000868,5.001042,5.001563,5.002083,5.000694,0.961611
2026-07-26T05:24:52+00:00,bid,CMP 170HX,5,17,0.101433,0.101618,0.101989,0.101989,0.102729,,0.918303
2026-07-26T05:24:52+00:00,bid,GTX 1050 Ti,2,2,0.021562,0.022283,0.023003,0.023724,0.024444,,0.945522
2026-07-26T05:24:52+00:00,bid,GTX 1060,1,1,0.031111,0.031111,0.031111,0.031111,0.031111,,0.943698
2026-07-26T05:24:52+00:00,bid,GTX 1070,2,2,0.015556,0.017778,0.02,0.022222,0.024444,0.024444,0.965806
2026-07-26T05:24:52+00:00,bid,GTX 1070 Ti,2,10,0.04037,0.040417,0.040463,0.040509,0.040556,0.040463,0.987718
2026-07-26T05:24:52+00:00,bid,GTX 1080,4,10,0.037037,0.039537,0.040741,0.041389,0.042222,0.041111,0.990945
2026-07-26T05:24:52+00:00,bid,GTX 1080 Ti,10,36,0.029333,0.040694,0.047937,0.053829,0.054074,0.053651,0.996023
2026-07-26T05:24:52+00:00,bid,GTX 1650 S,1,1,0.037778,0.037778,0.037778,0.037778,0.037778,,0.938346
2026-07-26T05:24:52+00:00,bid,GTX 1660,1,1,0.037778,0.037778,0.037778,0.037778,0.037778,,0.948918
2026-07-26T05:24:52+00:00,bid,GTX 1660 S,2,3,0.031111,0.036944,0.042778,0.048611,0.054444,,0.970232
2026-07-26T05:24:52+00:00,bid,GTX 1660 Ti,1,1,0.037778,0.037778,0.037778,0.037778,0.037778,0.037778,0.940375
2026-07-26T05:24:52+00:00,bid,H100 NVL,5,6,0.934667,0.936,0.936,1.841481,1.868889,1.841481,0.965747
2026-07-26T05:24:52+00:00,bid,H100 PCIE,4,12,0.733481,0.985037,1.367815,1.666759,1.666815,1.666741,0.982546
2026-07-26T05:24:52+00:00,bid,H100 SXM,12,31,0.602222,1.006519,1.201852,2.534028,4.002222,1.036296,0.993082
2026-07-26T05:24:52+00:00,bid,H200,6,11,3.486404,3.816703,3.817617,3.915433,3.948465,3.817617,0.998423
2026-07-26T05:24:52+00:00,bid,H200 NVL,8,9,0.404889,1.253333,1.337778,1.471889,1.975556,1.339111,0.991755
2026-07-26T05:24:52+00:00,bid,L4,7,16,0.134444,0.135556,0.201481,0.261167,0.321111,0.168519,0.997245
2026-07-26T05:24:52+00:00,bid,L40,6,12,0.267407,0.419722,0.468333,0.470556,0.471111,0.468333,0.984764
2026-07-26T05:24:52+00:00,bid,L40S,24,69,0.20037,0.434167,0.534815,0.540741,0.803704,0.535,0.997579
2026-07-26T05:24:52+00:00,bid,Q RTX 5000,2,3,0.054074,0.054259,0.054444,0.05463,0.054815,,0.943396
2026-07-26T05:24:52+00:00,bid,Q RTX 6000,1,1,0.133704,0.133704,0.133704,0.133704,0.133704,,0.970024
2026-07-26T05:24:52+00:00,bid,Quadro GV100,1,1,0.134074,0.134074,0.134074,0.134074,0.134074,,0.967985
2026-07-26T05:24:52+00:00,bid,Quadro P4000,3,4,0.041111,0.041667,0.042222,0.049481,0.056741,0.056741,0.963494
2026-07-26T05:24:52+00:00,bid,RTX 2060,2,2,0.034852,0.110028,0.185204,0.26038,0.335556,0.185204,0.970113
2026-07-26T05:24:52+00:00,bid,RTX 2060S,1,1,0.123704,0.123704,0.123704,0.123704,0.123704,0.123704,0.936167
2026-07-26T05:24:52+00:00,bid,RTX 2070S,2,17,0.066831,0.066836,0.066842,0.066847,0.066852,,0.987354
2026-07-26T05:24:52+00:00,bid,RTX 2080 Ti,6,8,0.037778,0.068519,0.107593,0.108056,0.108889,0.107778,0.99589
2026-07-26T05:24:52+00:00,bid,RTX 3060,13,31,0.028889,0.045481,0.058074,0.102815,0.137141,0.089348,0.991039
2026-07-26T05:24:52+00:00,bid,RTX 3060 Ti,1,1,0.132889,0.132889,0.132889,0.132889,0.132889,,0.952441
2026-07-26T05:24:52+00:00,bid,RTX 3060 laptop,3,12,0.013352,0.013417,0.013481,0.025963,0.038444,,0.983166
2026-07-26T05:24:52+00:00,bid,RTX 3070,9,20,0.040444,0.068519,0.093889,0.094444,0.495556,0.094167,0.997389
2026-07-26T05:24:52+00:00,bid,RTX 3070 laptop,1,1,0.042222,0.042222,0.042222,0.042222,0.042222,,0.960748
2026-07-26T05:24:52+00:00,bid,RTX 3080,10,26,0.061481,0.067361,0.095185,0.139639,0.241659,0.139222,0.988799
2026-07-26T05:24:52+00:00,bid,RTX 3080 Ti,4,4,0.088889,0.088889,0.112222,0.148889,0.188889,0.135556,0.994189
2026-07-26T05:24:52+00:00,bid,RTX 3090,44,104,0.066981,0.107398,0.134074,0.161944,0.268889,0.134815,0.99161
2026-07-26T05:24:52+00:00,bid,RTX 4060,4,13,0.053531,0.053605,0.053778,0.054074,0.054519,,0.965078
2026-07-26T05:24:52+00:00,bid,RTX 4060 Ti,7,17,0.034444,0.046852,0.075778,0.101667,0.107111,0.101111,0.996492
2026-07-26T05:24:52+00:00,bid,RTX 4070,4,7,0.054444,0.055278,0.065667,0.097111,0.161111,0.065667,0.999203
2026-07-26T05:24:52+00:00,bid,RTX 4070 Ti,9,33,0.09358,0.093889,0.094444,0.095556,0.215556,0.094444,0.985967
2026-07-26T05:24:52+00:00,bid,RTX 4070S,5,23,0.054444,0.06787,0.069074,0.076296,0.094537,0.068472,0.969655
2026-07-26T05:24:52+00:00,bid,RTX 4070S Ti,10,29,0.106889,0.167014,0.1675,0.168611,0.202222,0.1675,0.999557
2026-07-26T05:24:52+00:00,bid,RTX 4080,7,13,0.147037,0.147407,0.148148,0.224333,0.255556,0.255,0.791115
2026-07-26T05:24:52+00:00,bid,RTX 4080S,11,32,0.104444,0.1745,0.188741,0.200556,0.24037,0.194926,0.997429
2026-07-26T05:24:52+00:00,bid,RTX 4090,87,239,0.133889,0.23863,0.333926,0.394815,1.005037,0.354568,0.995044
2026-07-26T05:24:52+00:00,bid,RTX 4090D,3,7,0.604556,0.604833,0.605111,0.605667,0.606222,,0.967226
2026-07-26T05:24:52+00:00,bid,RTX 5000Ada,2,3,0.334444,0.334722,0.335,0.335278,0.335556,0.335,0.992772
2026-07-26T05:24:52+00:00,bid,RTX 5060,4,5,0.054444,0.055278,0.075556,0.108889,0.148889,0.148889,0.981665
2026-07-26T05:24:52+00:00,bid,RTX 5060 Ti,31,103,0.044444,0.067759,0.107037,0.147093,0.160556,0.134074,0.996709
2026-07-26T05:24:52+00:00,bid,RTX 5070,7,10,0.059556,0.081667,0.122222,0.141852,0.162222,0.135556,0.993626
2026-07-26T05:24:52+00:00,bid,RTX 5070 Ti,16,26,0.005741,0.107778,0.128444,0.157148,0.268,0.134222,0.993274
2026-07-26T05:24:52+00:00,bid,RTX 5080,16,24,0.02963,0.124352,0.161667,0.201667,0.338519,0.200556,0.991839
2026-07-26T05:24:52+00:00,bid,RTX 5090,90,212,0.093611,0.202593,0.298148,0.401111,0.908889,0.272593,0.995521
2026-07-26T05:24:52+00:00,bid,RTX 5880Ada,4,6,0.297037,0.325037,0.33437,0.33463,0.335407,0.33437,0.997411
2026-07-26T05:24:52+00:00,bid,RTX 6000Ada,21,43,0.137778,0.205926,0.388889,0.468889,0.775556,0.400741,0.995975
2026-07-26T05:24:52+00:00,bid,RTX A2000,1,1,0.400148,0.400148,0.400148,0.400148,0.400148,,0.9942
2026-07-26T05:24:52+00:00,bid,RTX A4000,8,57,0.013519,0.046236,0.100206,0.106898,0.107037,0.093611,0.977918
2026-07-26T05:24:52+00:00,bid,RTX A5000,6,11,0.025556,0.108981,0.222222,0.33463,0.334815,0.108519,0.97175
2026-07-26T05:24:52+00:00,bid,RTX A6000,7,11,0.134815,0.136296,0.202593,0.305528,0.321111,,0.995852
2026-07-26T05:24:52+00:00,bid,RTX PRO 2000,1,2,0.134074,0.134074,0.134074,0.134074,0.134074,,0.963211
2026-07-26T05:24:52+00:00,bid,RTX PRO 4000,12,19,0.055556,0.067778,0.068889,0.153241,0.215185,0.201852,0.968699
2026-07-26T05:24:52+00:00,bid,RTX PRO 4500,1,1,0.268889,0.268889,0.268889,0.268889,0.268889,0.268889,0.982407
2026-07-26T05:24:52+00:00,bid,RTX PRO 5000,12,15,0.135111,0.164537,0.347926,0.551715,0.803704,0.165185,0.992055
2026-07-26T05:24:52+00:00,bid,RTX PRO 6000 S,16,28,0.391822,1.051111,1.06963,1.189907,1.371556,1.068889,0.99871
2026-07-26T05:24:52+00:00,bid,RTX PRO 6000 WS,25,36,0.472815,0.667778,0.725704,0.937037,1.337037,0.938889,0.99461
2026-07-26T05:24:52+00:00,bid,Tesla P100,4,5,0.041481,0.111204,0.135,0.135556,0.135556,0.135556,0.985701
2026-07-26T05:24:52+00:00,bid,Tesla P40,2,6,0.065889,0.066028,0.066167,0.066306,0.066444,0.066167,0.992644
2026-07-26T05:24:52+00:00,bid,Tesla T4,2,3,3.400741,3.400926,3.401111,3.401296,3.401481,,0.972396
2026-07-26T05:24:52+00:00,bid,Tesla V100,9,25,0.08037,0.095037,0.095407,0.162222,0.242222,0.165667,0.970445
2026-07-26T05:24:52+00:00,bid,Titan RTX,1,1,0.108889,0.108889,0.108889,0.108889,0.108889,0.108889,0.998316
2026-07-26T05:24:52+00:00,bid,Titan V,1,2,0.067778,0.067778,0.067778,0.067778,0.067778,0.067778,0.996349
2026-07-26T05:24:52+00:00,bid,Titan Xp,2,7,0.04037,0.040833,0.041296,0.041759,0.042222,0.041296,0.996791
2026-07-26T05:29:53+00:00,on-demand,A100 PCIE,12,28,0.333611,0.335278,0.931291,1.001389,1.537739,0.996087,0.995196
2026-07-26T05:29:53+00:00,on-demand,A100 SXM4,23,52,0.40037,0.767778,0.934815,1.121651,1.592,0.934815,0.995428
2026-07-26T05:29:53+00:00,on-demand,A800 PCIE,3,7,0.667222,0.6675,0.667778,0.668333,0.668889,,0.994204
2026-07-26T05:29:53+00:00,on-demand,B200,11,34,5.865104,6.063238,6.251042,6.449653,7.060417,6.251042,0.997396
2026-07-26T05:29:53+00:00,on-demand,B300,5,23,5.62526,5.625521,7.813542,7.814583,8.750694,8.750694,0.988602
2026-07-26T05:29:53+00:00,on-demand,CMP 170HX,4,15,0.120185,0.120324,0.120556,0.120926,0.121481,,0.918303
2026-07-26T05:29:53+00:00,on-demand,GB10,1,1,0.468889,0.468889,0.468889,0.468889,0.468889,,0.599993
2026-07-26T05:29:53+00:00,on-demand,GTX 1050 Ti,2,2,0.611111,1.458704,2.306296,3.153889,4.001481,,0.945522
2026-07-26T05:29:53+00:00,on-demand,GTX 1060,3,4,0.087778,0.088333,0.088889,0.216667,0.344444,0.088333,0.999298
2026-07-26T05:29:53+00:00,on-demand,GTX 1070,2,2,0.202222,0.284444,0.366667,0.448889,0.531111,0.531111,0.965806
2026-07-26T05:29:53+00:00,on-demand,GTX 1070 Ti,2,3,0.051778,0.052056,0.052333,0.052611,0.052889,0.052333,0.992498
2026-07-26T05:29:53+00:00,on-demand,GTX 1080,3,9,0.027778,0.031296,0.034815,0.042926,0.051037,0.051037,0.991792
2026-07-26T05:29:53+00:00,on-demand,GTX 1080 Ti,6,17,0.042667,0.060694,0.063,0.072056,0.080317,0.064889,0.996023
2026-07-26T05:29:53+00:00,on-demand,GTX 1650 S,1,1,0.677778,0.677778,0.677778,0.677778,0.677778,,0.938346
2026-07-26T05:29:53+00:00,on-demand,GTX 1660,1,1,0.677778,0.677778,0.677778,0.677778,0.677778,,0.948918
2026-07-26T05:29:53+00:00,on-demand,GTX 1660 S,1,1,0.451111,0.451111,0.451111,0.451111,0.451111,,0.946527
2026-07-26T05:29:53+00:00,on-demand,GTX 1660 Ti,1,1,0.611111,0.611111,0.611111,0.611111,0.611111,0.611111,0.940375
2026-07-26T05:29:53+00:00,on-demand,H100 NVL,4,5,1.46963,1.968407,2.201778,2.332222,2.522222,1.995926,0.96778
2026-07-26T05:29:53+00:00,on-demand,H100 PCIE,4,12,1.362222,1.640667,1.833444,1.933426,1.933481,1.933407,0.982546
2026-07-26T05:29:53+00:00,on-demand,H100 SXM,10,30,1.735556,2.801389,2.994111,3.503304,4.218889,3.273164,0.992753
2026-07-26T05:29:53+00:00,on-demand,H200,5,10,3.683333,3.934942,3.935673,4.211075,4.211623,3.935673,0.997401
2026-07-26T05:29:53+00:00,on-demand,H200 NVL,8,20,2.800741,2.801944,3.123333,3.241736,3.334444,3.124889,0.982538
2026-07-26T05:29:53+00:00,on-demand,L4,6,17,0.202222,0.333806,0.334167,0.335278,3.333889,0.334167,0.99841
2026-07-26T05:29:53+00:00,on-demand,L40,4,9,0.297037,0.414815,0.514259,0.575278,0.577778,0.574444,0.990746
2026-07-26T05:29:53+00:00,on-demand,L40S,15,48,0.400185,0.498241,0.800556,1.068056,2.442222,0.801481,0.995609
2026-07-26T05:29:53+00:00,on-demand,Q RTX 5000,2,3,0.080741,0.080926,0.081111,0.081296,0.081481,,0.943396
2026-07-26T05:29:53+00:00,on-demand,Q RTX 8000,3,7,0.253111,0.253407,0.253704,0.253889,0.254074,0.253704,0.998642
2026-07-26T05:29:53+00:00,on-demand,Quadro GV100,1,1,0.467407,0.467407,0.467407,0.467407,0.467407,,0.967985
2026-07-26T05:29:53+00:00,on-demand,Quadro P4000,4,6,0.054444,0.054444,0.055,0.057222,0.062222,0.058333,0.979922
2026-07-26T05:29:53+00:00,on-demand,RTX 2060,1,1,0.411111,0.411111,0.411111,0.411111,0.411111,0.411111,0.94526
2026-07-26T05:29:53+00:00,on-demand,RTX 2060S,1,1,0.283704,0.283704,0.283704,0.283704,0.283704,0.283704,0.936167
2026-07-26T05:29:53+00:00,on-demand,RTX 2070S,2,17,0.073498,0.073503,0.073508,0.073513,0.073519,,0.987354
2026-07-26T05:29:53+00:00,on-demand,RTX 2080 Ti,8,23,0.068889,0.080047,0.100611,0.135593,0.811111,0.100611,0.994707
2026-07-26T05:29:53+00:00,on-demand,RTX 3060,13,48,0.035556,0.053611,0.060741,0.073498,1.334815,0.056889,0.992506
2026-07-26T05:29:53+00:00,on-demand,RTX 3060 laptop,3,11,0.026685,0.033898,0.041111,0.041667,0.042222,,0.998768
2026-07-26T05:29:53+00:00,on-demand,RTX 3070,8,25,0.048889,0.075,0.103827,0.107361,0.138444,0.1075,0.995753
2026-07-26T05:29:53+00:00,on-demand,RTX 3070 laptop,1,1,0.048889,0.048889,0.048889,0.048889,0.048889,,0.960748
2026-07-26T05:29:53+00:00,on-demand,RTX 3080,13,37,0.060278,0.076296,0.113444,0.154815,0.252326,0.113556,0.993525
2026-07-26T05:29:53+00:00,on-demand,RTX 3080 Ti,2,2,0.168889,0.200556,0.232222,0.263889,0.295556,0.232222,0.994381
2026-07-26T05:29:53+00:00,on-demand,RTX 3090,36,101,0.081111,0.146343,0.240556,0.333889,1.336296,0.247407,0.987861
2026-07-26T05:29:53+00:00,on-demand,RTX 3090 Ti,1,1,0.175556,0.175556,0.175556,0.175556,0.175556,,0.993084
2026-07-26T05:29:53+00:00,on-demand,RTX 4060,7,16,0.060198,0.060444,0.061185,0.073333,2.677778,0.064444,0.965078
2026-07-26T05:29:53+00:00,on-demand,RTX 4060 Ti,2,3,0.062963,0.064167,0.06537,0.066574,0.067778,0.062963,0.991675
2026-07-26T05:29:53+00:00,on-demand,RTX 4070,4,13,0.082222,0.092222,0.101389,0.120694,0.161111,0.128333,0.992574
2026-07-26T05:29:53+00:00,on-demand,RTX 4070 Ti,9,31,0.097778,0.106914,0.107222,0.151778,0.242222,0.107222,0.985967
2026-07-26T05:29:53+00:00,on-demand,RTX 4070S,8,19,0.082407,0.088426,0.096111,0.6675,0.668889,0.084815,0.980115
2026-07-26T05:29:53+00:00,on-demand,RTX 4070S Ti,8,21,0.094444,0.181389,0.248333,0.267014,0.348889,0.248889,0.998761
2026-07-26T05:29:53+00:00,on-demand,RTX 4080,4,9,0.161037,0.173537,0.177889,0.2005,0.267778,0.267778,0.88684
2026-07-26T05:29:53+00:00,on-demand,RTX 4080S,9,27,0.147593,0.15037,0.201111,0.202222,0.213889,0.201111,0.992308
2026-07-26T05:29:53+00:00,on-demand,RTX 4090,57,198,0.133611,0.308889,0.401111,0.603704,1.337037,0.506852,0.995242
2026-07-26T05:29:53+00:00,on-demand,RTX 4090D,3,7,0.667222,0.6675,0.667778,0.668333,0.668889,,0.967226
2026-07-26T05:29:53+00:00,on-demand,RTX 5000Ada,3,4,0.374444,0.375,0.375556,0.415556,0.455556,0.375556,0.992772
2026-07-26T05:29:53+00:00,on-demand,RTX 5060,2,2,0.046074,0.071778,0.097481,0.123185,0.148889,,0.913089
2026-07-26T05:29:53+00:00,on-demand,RTX 5060 Ti,16,66,0.071556,0.086875,0.100556,0.170028,0.185611,0.169889,0.990538
2026-07-26T05:29:53+00:00,on-demand,RTX 5060 laptop,1,1,0.135556,0.135556,0.135556,0.135556,0.135556,,0.97049
2026-07-26T05:29:53+00:00,on-demand,RTX 5070,8,14,0.081852,0.096944,0.106111,0.155278,0.202222,0.148889,0.99297
2026-07-26T05:29:53+00:00,on-demand,RTX 5070 Ti,10,22,0.123407,0.160694,0.161685,0.163333,0.200556,0.161667,0.99381
2026-07-26T05:29:53+00:00,on-demand,RTX 5080,18,62,0.135556,0.173889,0.182481,0.200926,0.802963,0.20037,0.990194
2026-07-26T05:29:53+00:00,on-demand,RTX 5090,49,152,0.212889,0.45984,0.533827,0.773519,3.614444,0.701991,0.994289
2026-07-26T05:29:53+00:00,on-demand,RTX 5880Ada,5,17,0.453593,0.453852,0.45437,0.455407,0.568519,0.45437,0.997828
2026-07-26T05:29:53+00:00,on-demand,RTX 6000Ada,12,30,0.440556,0.525556,0.673981,0.734144,0.787407,0.682222,0.993253
2026-07-26T05:29:53+00:00,on-demand,RTX A2000,3,4,0.034074,0.035111,0.036148,0.264815,0.493481,,0.995152
2026-07-26T05:29:53+00:00,on-demand,RTX A4000,6,44,0.072889,0.080208,0.106873,0.133575,0.133704,0.133611,0.988249
2026-07-26T05:29:53+00:00,on-demand,RTX A5000,4,8,0.200556,0.280917,20.154222,40.000926,40.001481,0.25413,0.97175
2026-07-26T05:29:53+00:00,on-demand,RTX A6000,7,13,0.288148,0.374167,0.375556,0.388333,0.404444,0.404444,0.989739
2026-07-26T05:29:53+00:00,on-demand,RTX PRO 4000,9,15,0.201111,0.243622,0.279556,0.335185,0.535556,0.279556,0.986318
2026-07-26T05:29:53+00:00,on-demand,RTX PRO 4500,1,1,0.282222,0.282222,0.282222,0.282222,0.282222,,0.994953
2026-07-26T05:29:53+00:00,on-demand,RTX PRO 5000,7,10,0.601481,0.701815,0.738519,0.896111,0.963852,0.737222,0.991534
2026-07-26T05:29:53+00:00,on-demand,RTX PRO 6000 S,13,26,1.068889,1.37037,1.667222,1.734815,1.736296,1.568056,0.99871
2026-07-26T05:29:53+00:00,on-demand,RTX PRO 6000 WS,17,31,0.867778,0.947222,1.07037,1.458519,13.335556,1.145481,0.99461
2026-07-26T05:29:53+00:00,on-demand,Tesla P100,5,10,0.044296,0.081111,0.082222,0.201111,0.202222,0.141667,0.964353
2026-07-26T05:29:53+00:00,on-demand,Tesla P40,3,7,0.132556,0.132833,0.133111,0.167667,0.202222,0.132833,0.992644
2026-07-26T05:29:53+00:00,on-demand,Tesla T4,2,3,12.000741,12.000926,12.001111,12.001296,12.001481,,0.972396
2026-07-26T05:29:53+00:00,on-demand,Tesla V100,9,33,0.106944,0.133519,0.134074,0.166944,0.335556,0.217083,0.962911
2026-07-26T05:29:53+00:00,on-demand,Titan RTX,3,3,0.135556,0.136296,0.137037,0.15,0.162963,0.149259,0.991674
2026-07-26T05:29:53+00:00,on-demand,Titan Xp,2,7,0.053704,0.054167,0.05463,0.055093,0.055556,0.05463,0.996791
2026-07-26T05:29:53+00:00,bid,A100 PCIE,22,32,0.131556,0.134444,0.135556,0.201481,0.535556,0.184222,0.994388
2026-07-26T05:29:53+00:00,bid,A100 SXM4,26,44,0.135556,0.456157,0.674074,0.801444,1.042156,0.603889,0.99149
2026-07-26T05:29:53+00:00,bid,A40,1,2,0.234074,0.234074,0.234074,0.234074,0.234074,0.234074,0.984366
2026-07-26T05:29:53+00:00,bid,A800 PCIE,7,12,0.129889,0.130444,0.131556,0.131556,0.294815,,0.994204
2026-07-26T05:29:53+00:00,bid,B200,13,50,5.625174,5.627604,6.126302,6.255208,6.410417,6.126302,0.996706
2026-07-26T05:29:53+00:00,bid,B300,3,11,5.000694,5.000868,5.001042,5.001563,5.002083,5.000694,0.961611
2026-07-26T05:29:53+00:00,bid,CMP 170HX,5,17,0.101433,0.101618,0.101989,0.101989,0.102729,,0.918303
2026-07-26T05:29:53+00:00,bid,GB10,1,1,0.242222,0.242222,0.242222,0.242222,0.242222,,0.599993
2026-07-26T05:29:53+00:00,bid,GTX 1050 Ti,2,2,0.021562,0.022283,0.023003,0.023724,0.024444,,0.945522
2026-07-26T05:29:53+00:00,bid,GTX 1060,1,1,0.031111,0.031111,0.031111,0.031111,0.031111,,0.943698
2026-07-26T05:29:53+00:00,bid,GTX 1070,2,2,0.015556,0.017778,0.02,0.022222,0.024444,0.024444,0.965806
2026-07-26T05:29:53+00:00,bid,GTX 1070 Ti,2,8,0.040556,0.040556,0.040556,0.040556,0.040556,0.040556,0.992498
2026-07-26T05:29:53+00:00,bid,GTX 1080,5,14,0.037037,0.04037,0.040556,0.041111,0.042222,0.040833,0.996247
2026-07-26T05:29:53+00:00,bid,GTX 1080 Ti,9,31,0.029333,0.040556,0.041111,0.053651,0.055556,0.047381,0.996932
2026-07-26T05:29:53+00:00,bid,GTX 1650 S,1,1,0.037778,0.037778,0.037778,0.037778,0.037778,,0.938346
2026-07-26T05:29:53+00:00,bid,GTX 1660,1,1,0.037778,0.037778,0.037778,0.037778,0.037778,,0.948918
2026-07-26T05:29:53+00:00,bid,GTX 1660 S,2,3,0.031111,0.036944,0.042778,0.048611,0.054444,,0.970232
2026-07-26T05:29:53+00:00,bid,GTX 1660 Ti,2,3,0.037778,0.042222,0.046667,0.051111,0.055556,0.046667,0.968886
2026-07-26T05:29:53+00:00,bid,H100 NVL,6,7,0.934667,0.936,1.136148,1.715185,1.936296,1.841481,0.951968
2026-07-26T05:29:53+00:00,bid,H100 PCIE,4,12,0.733481,0.985037,1.367815,1.666759,1.666815,1.666741,0.982546
2026-07-26T05:29:53+00:00,bid,H100 SXM,8,26,0.474074,1.060185,1.667889,2.534028,2.66713,2.533889,0.992025
2026-07-26T05:29:53+00:00,bid,H200,5,10,3.81652,3.817251,3.817982,3.947917,3.948465,3.817982,0.999227
2026-07-26T05:29:53+00:00,bid,H200 NVL,8,11,0.403778,1.105889,1.404667,1.894722,2.002222,1.404667,0.980779
2026-07-26T05:29:53+00:00,bid,L4,6,14,0.134444,0.135556,0.168519,0.201787,0.320444,0.135556,0.997245
2026-07-26T05:29:53+00:00,bid,L40,6,12,0.267407,0.468056,0.47,0.471111,0.471111,0.47,0.984764
2026-07-26T05:29:53+00:00,bid,L40S,25,76,0.200185,0.335556,0.534074,0.540741,0.803704,0.535185,0.998363
2026-07-26T05:29:53+00:00,bid,Q RTX 5000,2,3,0.054074,0.054259,0.054444,0.05463,0.054815,,0.943396
2026-07-26T05:29:53+00:00,bid,Q RTX 6000,1,1,0.133704,0.133704,0.133704,0.133704,0.133704,,0.970036
2026-07-26T05:29:53+00:00,bid,Q RTX 8000,1,1,0.099778,0.099778,0.099778,0.099778,0.099778,0.099778,0.999494
2026-07-26T05:29:53+00:00,bid,Quadro GV100,1,1,0.134074,0.134074,0.134074,0.134074,0.134074,,0.967985
2026-07-26T05:29:53+00:00,bid,Quadro P4000,3,4,0.041111,0.041667,0.042222,0.044778,0.047333,0.047333,0.963494
2026-07-26T05:29:53+00:00,bid,RTX 2060,2,2,0.034852,0.110028,0.185204,0.26038,0.335556,0.185204,0.970113
2026-07-26T05:29:53+00:00,bid,RTX 2060S,1,1,0.123704,0.123704,0.123704,0.123704,0.123704,0.123704,0.936167
2026-07-26T05:29:53+00:00,bid,RTX 2070S,2,17,0.066831,0.066836,0.066842,0.066847,0.066852,,0.987354
2026-07-26T05:29:53+00:00,bid,RTX 2080 Ti,5,7,0.037778,0.055556,0.107407,0.107778,0.108148,0.107593,0.99589
2026-07-26T05:29:53+00:00,bid,RTX 3060,19,51,0.026741,0.040556,0.054444,0.084259,0.137881,0.061111,0.995903
2026-07-26T05:29:53+00:00,bid,RTX 3060 Ti,1,1,0.132889,0.132889,0.132889,0.132889,0.132889,,0.952441
2026-07-26T05:29:53+00:00,bid,RTX 3060 laptop,4,14,0.013352,0.032171,0.055296,0.079389,0.101111,0.08663,0.99251
2026-07-26T05:29:53+00:00,bid,RTX 3070,8,21,0.040444,0.040972,0.068704,0.07625,0.094444,0.07037,0.994434
2026-07-26T05:29:53+00:00,bid,RTX 3070 Ti,1,2,0.067778,0.067778,0.067778,0.067778,0.067778,,0.996615
2026-07-26T05:29:53+00:00,bid,RTX 3080,12,31,0.057407,0.065579,0.104056,0.16575,0.241659,0.139778,0.988057
2026-07-26T05:29:53+00:00,bid,RTX 3080 Ti,7,9,0.067704,0.078526,0.095556,0.122978,0.188889,0.107407,0.994928
2026-07-26T05:29:53+00:00,bid,RTX 3090,49,111,0.066981,0.10737,0.134074,0.162963,0.268889,0.148148,0.99161
2026-07-26T05:29:53+00:00,bid,RTX 4060,4,13,0.053531,0.053605,0.053778,0.054074,0.054519,,0.965078
2026-07-26T05:29:53+00:00,bid,RTX 4060 Ti,7,17,0.034444,0.045667,0.061926,0.101667,0.107111,0.101111,0.996492
2026-07-26T05:29:53+00:00,bid,RTX 4070,6,11,0.054444,0.054444,0.101111,0.157778,0.162222,0.101111,0.999203
2026-07-26T05:29:53+00:00,bid,RTX 4070 Ti,10,34,0.09358,0.093889,0.094444,0.108704,0.215556,0.094444,0.985967
2026-07-26T05:29:53+00:00,bid,RTX 4070S,3,11,0.06787,0.069676,0.071481,0.073889,0.076296,0.073889,0.990574
2026-07-26T05:29:53+00:00,bid,RTX 4070S Ti,9,28,0.106889,0.167222,0.167778,0.167778,0.202222,0.167778,0.999557
2026-07-26T05:29:53+00:00,bid,RTX 4080,8,14,0.147037,0.147407,0.148148,0.209278,0.255556,0.255,0.791115
2026-07-26T05:29:53+00:00,bid,RTX 4080S,12,28,0.104444,0.180861,0.188815,0.200347,0.240741,0.188889,0.997429
2026-07-26T05:29:53+00:00,bid,RTX 4090,94,270,0.134074,0.241333,0.334444,0.398333,1.005037,0.341759,0.994563
2026-07-26T05:29:53+00:00,bid,RTX 4090D,4,8,0.604556,0.604972,0.605667,0.606222,0.606222,,0.967226
2026-07-26T05:29:53+00:00,bid,RTX 5000Ada,2,3,0.334444,0.334722,0.335,0.335278,0.335556,0.335,0.992772
2026-07-26T05:29:53+00:00,bid,RTX 5060,3,4,0.054444,0.055,0.055556,0.075556,0.095556,,0.981665
2026-07-26T05:29:53+00:00,bid,RTX 5060 Ti,35,104,0.053611,0.067759,0.099593,0.144556,0.160278,0.10237,0.992422
2026-07-26T05:29:53+00:00,bid,RTX 5070,6,8,0.054815,0.081759,0.115926,0.149259,0.162222,0.148889,0.988136
2026-07-26T05:29:53+00:00,bid,RTX 5070 Ti,17,26,0.005741,0.107222,0.122963,0.157037,0.268,0.133926,0.992769
2026-07-26T05:29:53+00:00,bid,RTX 5080,18,29,0.02963,0.133981,0.161667,0.20042,0.202963,0.200015,0.989138
2026-07-26T05:29:53+00:00,bid,RTX 5090,87,235,0.097111,0.202963,0.333889,0.401074,0.907222,0.325093,0.996069
2026-07-26T05:29:53+00:00,bid,RTX 5880Ada,6,8,0.295185,0.297037,0.297037,0.325037,0.335407,0.297037,0.995799
2026-07-26T05:29:53+00:00,bid,RTX 6000Ada,24,48,0.137778,0.189259,0.388889,0.468778,0.774444,0.467222,0.996591
2026-07-26T05:29:53+00:00,bid,RTX A2000,2,3,0.041852,0.131426,0.221,0.310574,0.400148,0.041852,0.996129
2026-07-26T05:29:53+00:00,bid,RTX A4000,10,62,0.013519,0.024694,0.075917,0.106839,0.107037,0.093611,0.988249
2026-07-26T05:29:53+00:00,bid,RTX A5000,6,11,0.025556,0.108981,0.222222,0.33463,0.334815,0.108519,0.97175
2026-07-26T05:29:53+00:00,bid,RTX A6000,11,17,0.134815,0.169444,0.302167,0.321667,0.375556,,0.989739
2026-07-26T05:29:53+00:00,bid,RTX PRO 2000,1,2,0.134074,0.134074,0.134074,0.134074,0.134074,,0.963211
2026-07-26T05:29:53+00:00,bid,RTX PRO 4000,14,22,0.055556,0.067944,0.088889,0.211852,0.241778,0.201852,0.968699
2026-07-26T05:29:53+00:00,bid,RTX PRO 4500,1,1,0.268889,0.268889,0.268889,0.268889,0.268889,0.268889,0.982407
2026-07-26T05:29:53+00:00,bid,RTX PRO 5000,14,17,0.135111,0.165185,0.296296,0.521667,0.803704,0.294815,0.991534
2026-07-26T05:29:53+00:00,bid,RTX PRO 6000 S,18,34,0.391822,1.067593,1.06963,1.191204,1.402222,1.06963,0.99872
2026-07-26T05:29:53+00:00,bid,RTX PRO 6000 WS,21,28,0.177444,0.667222,0.668889,0.934074,1.215556,0.801481,0.99461
2026-07-26T05:29:53+00:00,bid,Tesla P100,4,5,0.041481,0.111204,0.135,0.135556,0.135556,0.135556,0.985701
2026-07-26T05:29:53+00:00,bid,Tesla P40,3,8,0.065889,0.066167,0.066444,0.066444,0.066444,0.066444,0.992644
2026-07-26T05:29:53+00:00,bid,Tesla T4,3,4,3.400741,3.401111,3.401481,3.401481,3.401481,,0.972396
2026-07-26T05:29:53+00:00,bid,Tesla V100,9,24,0.08037,0.095037,0.095407,0.134815,0.162222,0.148519,0.970445
2026-07-26T05:29:53+00:00,bid,Titan RTX,1,1,0.108889,0.108889,0.108889,0.108889,0.108889,0.108889,0.998316
2026-07-26T05:29:53+00:00,bid,Titan V,1,2,0.067778,0.067778,0.067778,0.067778,0.067778,0.067778,0.996349
2026-07-26T05:29:53+00:00,bid,Titan Xp,4,15,0.04037,0.040509,0.040556,0.040972,0.042222,0.040556,0.995583
2026-07-26T05:34:51+00:00,on-demand,A100 PCIE,13,30,0.267407,0.335556,0.994435,1.001111,1.537739,0.994986,0.995196
2026-07-26T05:34:51+00:00,on-demand,A100 SXM4,24,50,0.400741,0.794074,0.941778,1.174365,1.592,0.941778,0.994703
2026-07-26T05:34:51+00:00,on-demand,A800 PCIE,2,5,0.667222,0.667639,0.668056,0.668472,0.668889,,0.994204
2026-07-26T05:34:51+00:00,on-demand,B200,11,34,5.867708,6.034505,6.25026,6.686719,7.060417,6.25026,0.996871
2026-07-26T05:34:51+00:00,on-demand,B300,5,23,5.62526,5.625521,7.813542,7.814583,8.750694,8.750694,0.988602
2026-07-26T05:34:51+00:00,on-demand,CMP 170HX,4,15,0.120185,0.120324,0.120556,0.120926,0.121481,,0.918303
2026-07-26T05:34:51+00:00,on-demand,GTX 1050 Ti,2,2,0.611111,1.458704,2.306296,3.153889,4.001481,,0.945522
2026-07-26T05:34:51+00:00,on-demand,GTX 1060,3,4,0.087778,0.088333,0.088889,0.216667,0.344444,0.088333,0.999298
2026-07-26T05:34:51+00:00,on-demand,GTX 1070,2,2,0.202222,0.284444,0.366667,0.448889,0.531111,0.531111,0.965806
2026-07-26T05:34:51+00:00,on-demand,GTX 1070 Ti,1,2,0.051778,0.051778,0.051778,0.051778,0.051778,0.051778,0.987718
2026-07-26T05:34:51+00:00,on-demand,GTX 1080,4,10,0.027778,0.033056,0.042926,0.0515,0.052889,0.051963,0.990523
2026-07-26T05:34:51+00:00,on-demand,GTX 1080 Ti,7,21,0.042667,0.060833,0.062222,0.07377,0.074444,0.067937,0.997136
2026-07-26T05:34:51+00:00,on-demand,GTX 1650 S,1,1,0.677778,0.677778,0.677778,0.677778,0.677778,,0.938346
2026-07-26T05:34:51+00:00,on-demand,GTX 1660,1,1,0.677778,0.677778,0.677778,0.677778,0.677778,,0.948918
2026-07-26T05:34:51+00:00,on-demand,GTX 1660 S,1,1,0.451111,0.451111,0.451111,0.451111,0.451111,,0.946527
2026-07-26T05:34:51+00:00,on-demand,H100 NVL,4,5,1.894815,2.17537,2.335111,2.431556,2.522222,2.208519,0.979295
2026-07-26T05:34:51+00:00,on-demand,H100 PCIE,4,12,1.362222,1.640667,1.833444,1.933426,1.933481,1.933407,0.982546
2026-07-26T05:34:51+00:00,on-demand,H100 SXM,9,29,1.734444,2.801111,2.802222,3.452551,4.218889,2.933889,0.994155
2026-07-26T05:34:51+00:00,on-demand,H200,5,10,3.934942,3.935673,4.080044,4.08114,4.211075,4.080044,0.999227
2026-07-26T05:34:51+00:00,on-demand,H200 NVL,7,17,2.801111,3.075333,3.084889,3.272361,3.334444,3.084889,0.982538
2026-07-26T05:34:51+00:00,on-demand,L4,5,13,0.202222,0.333778,0.334444,0.334815,3.333889,0.334444,0.997805
2026-07-26T05:34:51+00:00,on-demand,L40,5,11,0.297037,0.454074,0.574444,0.575556,0.577778,0.575,0.984764
2026-07-26T05:34:51+00:00,on-demand,L40S,14,47,0.40037,0.482685,0.800509,1.068287,2.442222,0.934259,0.995475
2026-07-26T05:34:51+00:00,on-demand,Q RTX 5000,2,3,0.080741,0.080926,0.081111,0.081296,0.081481,,0.943396
2026-07-26T05:34:51+00:00,on-demand,Q RTX 8000,4,8,0.253704,0.253981,0.254444,0.258889,0.271111,0.254444,0.998642
2026-07-26T05:34:51+00:00,on-demand,Quadro GV100,1,1,0.467407,0.467407,0.467407,0.467407,0.467407,,0.967985
2026-07-26T05:34:51+00:00,on-demand,Quadro P4000,4,6,0.054444,0.054444,0.055,0.0585,0.067333,0.060889,0.980126
2026-07-26T05:34:51+00:00,on-demand,RTX 2060,1,1,0.415556,0.415556,0.415556,0.415556,0.415556,0.415556,0.994965
2026-07-26T05:34:51+00:00,on-demand,RTX 2070S,1,9,0.073498,0.073498,0.073498,0.073498,0.073498,,0.987354
2026-07-26T05:34:51+00:00,on-demand,RTX 2080 Ti,7,19,0.068889,0.080042,0.080111,0.108815,0.811111,0.080111,0.994707
2026-07-26T05:34:51+00:00,on-demand,RTX 3060,11,37,0.050852,0.05537,0.068889,0.128415,1.334815,0.056296,0.995903
2026-07-26T05:34:51+00:00,on-demand,RTX 3060 laptop,4,13,0.026685,0.036782,0.04063,0.041389,0.042222,,0.990967
2026-07-26T05:34:51+00:00,on-demand,RTX 3070,6,19,0.051556,0.080296,0.091235,0.105432,0.138444,0.100617,0.995777
2026-07-26T05:34:51+00:00,on-demand,RTX 3080,12,37,0.060222,0.075926,0.1135,0.173437,0.252326,0.130556,0.993525
2026-07-26T05:34:51+00:00,on-demand,RTX 3080 Ti,5,8,0.108889,0.115556,0.134259,0.142222,0.295556,0.138241,0.994928
2026-07-26T05:34:51+00:00,on-demand,RTX 3090,36,106,0.108,0.147639,0.240833,0.333889,1.187407,0.24537,0.991362
2026-07-26T05:34:51+00:00,on-demand,RTX 3090 Ti,1,1,0.175556,0.175556,0.175556,0.175556,0.175556,,0.993084
2026-07-26T05:34:51+00:00,on-demand,RTX 4060,7,14,0.060198,0.060889,0.062222,0.073333,2.677778,0.063333,0.985027
2026-07-26T05:34:51+00:00,on-demand,RTX 4060 Ti,1,2,0.081111,0.081111,0.081111,0.081111,0.081111,0.081111,0.962177
2026-07-26T05:34:51+00:00,on-demand,RTX 4070,3,4,0.082222,0.086667,0.091111,0.092778,0.094444,0.092778,0.995528
2026-07-26T05:34:51+00:00,on-demand,RTX 4070 Ti,8,29,0.088889,0.106296,0.107083,0.174111,0.242222,0.106944,0.986783
2026-07-26T05:34:51+00:00,on-demand,RTX 4070S,8,22,0.081204,0.089352,0.096111,0.6675,0.668889,0.088519,0.980115
2026-07-26T05:34:51+00:00,on-demand,RTX 4070S Ti,10,24,0.094444,0.174722,0.234028,0.267639,0.348889,0.266944,0.99902
2026-07-26T05:34:51+00:00,on-demand,RTX 4080,7,13,0.121481,0.142,0.177704,0.222926,0.268889,0.268333,0.9707
2026-07-26T05:34:51+00:00,on-demand,RTX 4080S,10,28,0.124444,0.148981,0.200833,0.202185,0.213889,0.201111,0.992173
2026-07-26T05:34:51+00:00,on-demand,RTX 4090,61,217,0.133611,0.307852,0.374519,0.510123,1.335185,0.506852,0.994567
2026-07-26T05:34:51+00:00,on-demand,RTX 4090D,2,5,0.667222,0.667639,0.668056,0.668472,0.668889,,0.967226
2026-07-26T05:34:51+00:00,on-demand,RTX 5000Ada,3,4,0.374444,0.375,0.375556,0.415556,0.455556,0.375556,0.992772
2026-07-26T05:34:51+00:00,on-demand,RTX 5060,3,4,0.081111,0.081667,0.082222,0.115556,0.148889,,0.981665
2026-07-26T05:34:51+00:00,on-demand,RTX 5060 Ti,20,69,0.071556,0.087176,0.104074,0.143861,0.227407,0.135185,0.992684
2026-07-26T05:34:51+00:00,on-demand,RTX 5060 laptop,1,1,0.135556,0.135556,0.135556,0.135556,0.135556,,0.97049
2026-07-26T05:34:51+00:00,on-demand,RTX 5070,6,10,0.081852,0.086389,0.099074,0.108148,0.175556,0.13963,0.991096
2026-07-26T05:34:51+00:00,on-demand,RTX 5070 Ti,7,15,0.101481,0.128926,0.160556,0.162796,0.401333,0.280944,0.992429
2026-07-26T05:34:51+00:00,on-demand,RTX 5080,20,66,0.133611,0.172611,0.189074,0.237639,0.802963,0.213704,0.989895
2026-07-26T05:34:51+00:00,on-demand,RTX 5090,55,168,0.175556,0.435556,0.533611,0.734259,3.615556,0.667204,0.994854
2026-07-26T05:34:51+00:00,on-demand,RTX 5880Ada,4,15,0.453593,0.453787,0.45463,0.483685,0.568519,0.45463,0.997828
2026-07-26T05:34:51+00:00,on-demand,RTX 6000Ada,11,28,0.440556,0.536667,0.631111,0.734491,0.787407,0.707176,0.99053
2026-07-26T05:34:51+00:00,on-demand,RTX A2000,4,5,0.034074,0.03563,0.036148,0.150481,0.493481,,0.995152
2026-07-26T05:34:51+00:00,on-demand,RTX A4000,6,45,0.080185,0.080347,0.080574,0.120249,0.133611,0.133611,0.977918
2026-07-26T05:34:51+00:00,on-demand,RTX A5000,4,8,0.200556,0.278917,20.152889,40.000926,40.001481,0.252796,0.97175
2026-07-26T05:34:51+00:00,on-demand,RTX A6000,6,13,0.288148,0.310694,0.374167,0.384444,0.454444,,0.992796
2026-07-26T05:34:51+00:00,on-demand,RTX PRO 4000,12,22,0.201111,0.244339,0.294167,0.386296,0.535556,0.269037,0.96866
2026-07-26T05:34:51+00:00,on-demand,RTX PRO 4500,1,1,0.282222,0.282222,0.282222,0.282222,0.282222,,0.994953
2026-07-26T05:34:51+00:00,on-demand,RTX PRO 5000,8,11,0.601481,0.69887,0.803519,0.907074,0.973215,0.711852,0.991534
2026-07-26T05:34:51+00:00,on-demand,RTX PRO 6000 S,11,23,0.774756,1.367778,1.667222,1.734815,1.736296,1.667222,0.99871
2026-07-26T05:34:51+00:00,on-demand,RTX PRO 6000 WS,17,30,0.867778,1.001111,1.247378,1.534815,13.335556,1.401852,0.99461
2026-07-26T05:34:51+00:00,on-demand,Tesla P100,5,10,0.044296,0.081111,0.081481,0.201111,0.202222,0.141296,0.985701
2026-07-26T05:34:51+00:00,on-demand,Tesla P40,3,7,0.132556,0.132833,0.133111,0.167667,0.202222,0.132833,0.992644
2026-07-26T05:34:51+00:00,on-demand,Tesla T4,2,3,12.000741,12.000926,12.001111,12.001296,12.001481,,0.972396
2026-07-26T05:34:51+00:00,on-demand,Tesla V100,7,21,0.107222,0.133611,0.134074,0.157546,0.268889,0.166944,0.962911
2026-07-26T05:34:51+00:00,on-demand,Titan RTX,2,2,0.135556,0.142407,0.149259,0.156111,0.162963,0.149259,0.983577
2026-07-26T05:34:51+00:00,on-demand,Titan Xp,3,11,0.053704,0.053796,0.053889,0.054722,0.055556,0.053889,0.995583
2026-07-26T05:34:51+00:00,bid,A100 PCIE,21,29,0.131556,0.135556,0.135556,0.202222,0.535556,0.202222,0.994388
2026-07-26T05:34:51+00:00,bid,A100 SXM4,30,50,0.135556,0.60162,0.680741,0.80237,1.042156,0.605185,0.99149
2026-07-26T05:34:51+00:00,bid,A40,1,2,0.234074,0.234074,0.234074,0.234074,0.234074,0.234074,0.984366
2026-07-26T05:34:51+00:00,bid,A800 PCIE,7,12,0.129889,0.130444,0.131556,0.131556,0.131556,,0.994204
2026-07-26T05:34:51+00:00,bid,B200,13,50,5.625174,5.627604,6.126302,6.255208,6.410417,6.126302,0.996706
2026-07-26T05:34:51+00:00,bid,B300,3,11,5.000694,5.000868,5.001042,5.001563,5.002083,5.000694,0.961611
2026-07-26T05:34:51+00:00,bid,CMP 170HX,5,16,0.101433,0.101618,0.101989,0.102729,0.102729,,0.918303
2026-07-26T05:34:51+00:00,bid,GTX 1050 Ti,2,2,0.021562,0.022283,0.023003,0.023724,0.024444,,0.945522
2026-07-26T05:34:51+00:00,bid,GTX 1060,1,1,0.031111,0.031111,0.031111,0.031111,0.031111,,0.943698
2026-07-26T05:34:51+00:00,bid,GTX 1070,2,2,0.015556,0.017778,0.02,0.022222,0.024444,0.024444,0.965806
2026-07-26T05:34:51+00:00,bid,GTX 1070 Ti,1,6,0.04037,0.04037,0.04037,0.04037,0.04037,0.04037,0.987718
2026-07-26T05:34:51+00:00,bid,GTX 1080,4,10,0.037037,0.039537,0.040741,0.041389,0.042222,0.041111,0.995757
2026-07-26T05:34:51+00:00,bid,GTX 1080 Ti,10,34,0.029333,0.041111,0.053651,0.054028,0.055556,0.053651,0.99563
2026-07-26T05:34:51+00:00,bid,GTX 1650 S,1,1,0.037778,0.037778,0.037778,0.037778,0.037778,,0.938346
2026-07-26T05:34:51+00:00,bid,GTX 1660,1,1,0.037778,0.037778,0.037778,0.037778,0.037778,,0.948918
2026-07-26T05:34:51+00:00,bid,GTX 1660 S,2,3,0.031111,0.036944,0.042778,0.048611,0.054444,,0.970232
2026-07-26T05:34:51+00:00,bid,GTX 1660 Ti,1,1,0.037778,0.037778,0.037778,0.037778,0.037778,0.037778,0.940375
2026-07-26T05:34:51+00:00,bid,H100 NVL,5,7,0.934667,0.934667,0.936,1.841481,1.936296,1.888889,0.965747
2026-07-26T05:34:51+00:00,bid,H100 PCIE,4,12,0.733481,0.985037,1.367815,1.666759,1.666815,1.666741,0.982546
2026-07-26T05:34:51+00:00,bid,H100 SXM,9,27,0.602222,1.068148,2.000222,2.533889,4.001111,2.269611,0.992025
2026-07-26T05:34:51+00:00,bid,H200,6,11,1.321491,3.568933,3.816886,3.91525,3.948465,3.816886,0.997532
2026-07-26T05:34:51+00:00,bid,H200 NVL,11,14,0.403778,1.336,1.339555,1.922222,3.077778,1.339555,0.982538
2026-07-26T05:34:51+00:00,bid,L4,8,20,0.134444,0.185,0.201685,0.320472,0.321111,0.201481,0.997828
2026-07-26T05:34:51+00:00,bid,L40,7,13,0.267407,0.402778,0.467778,0.471111,0.471111,0.467778,0.984764
2026-07-26T05:34:51+00:00,bid,L40S,27,72,0.20037,0.43463,0.534815,0.540741,0.803704,0.537037,0.998363
2026-07-26T05:34:51+00:00,bid,Q RTX 5000,1,1,0.054815,0.054815,0.054815,0.054815,0.054815,,0.943396
2026-07-26T05:34:51+00:00,bid,Q RTX 6000,1,1,0.133704,0.133704,0.133704,0.133704,0.133704,,0.970047
2026-07-26T05:34:51+00:00,bid,Quadro GV100,1,1,0.134074,0.134074,0.134074,0.134074,0.134074,,0.967985
2026-07-26T05:34:51+00:00,bid,Quadro P4000,3,4,0.041111,0.041667,0.042222,0.044778,0.047333,0.047333,0.963494
2026-07-26T05:34:51+00:00,bid,RTX 2060,2,2,0.034852,0.110028,0.185204,0.26038,0.335556,0.185204,0.970113
2026-07-26T05:34:51+00:00,bid,RTX 2060S,1,1,0.123704,0.123704,0.123704,0.123704,0.123704,0.123704,0.936167
2026-07-26T05:34:51+00:00,bid,RTX 2070S,2,17,0.066831,0.066836,0.066842,0.066847,0.066852,,0.987354
2026-07-26T05:34:51+00:00,bid,RTX 2080 Ti,5,6,0.037778,0.055556,0.107407,0.108148,0.108889,0.107778,0.99589
2026-07-26T05:34:51+00:00,bid,RTX 3060,18,45,0.025111,0.040833,0.054444,0.100593,0.137881,0.076,0.995342
2026-07-26T05:34:51+00:00,bid,RTX 3060 Ti,2,2,0.057037,0.076,0.094963,0.113926,0.132889,0.057037,0.974114
2026-07-26T05:34:51+00:00,bid,RTX 3060 laptop,3,12,0.013352,0.025898,0.038444,0.069778,0.101111,0.101111,0.992292
2026-07-26T05:34:51+00:00,bid,RTX 3070,7,19,0.040444,0.040833,0.042222,0.069444,0.093889,0.07037,0.99148
2026-07-26T05:34:51+00:00,bid,RTX 3070 laptop,1,1,0.042222,0.042222,0.042222,0.042222,0.042222,,0.960748
2026-07-26T05:34:51+00:00,bid,RTX 3080,12,33,0.057407,0.065579,0.1035,0.16577,0.241659,0.140333,0.988027
2026-07-26T05:34:51+00:00,bid,RTX 3080 Ti,7,8,0.088889,0.098333,0.108889,0.137052,0.188889,0.135556,0.996873
2026-07-26T05:34:51+00:00,bid,RTX 3090,43,101,0.066981,0.107389,0.134074,0.162037,0.255556,0.134815,0.993665
2026-07-26T05:34:51+00:00,bid,RTX 4060,6,16,0.053531,0.053704,0.053926,0.05437,0.061185,0.061185,0.965078
2026-07-26T05:34:51+00:00,bid,RTX 4060 Ti,5,14,0.041111,0.041111,0.061926,0.101111,0.107111,0.101111,0.997058
2026-07-26T05:34:51+00:00,bid,RTX 4070,4,8,0.053889,0.055139,0.108333,0.161389,0.162222,0.108333,0.999266
2026-07-26T05:34:51+00:00,bid,RTX 4070 Ti,9,29,0.09358,0.093889,0.095556,0.108889,0.215556,0.095,0.985967
2026-07-26T05:34:51+00:00,bid,RTX 4070S,4,15,0.06787,0.068773,0.070278,0.072685,0.076296,0.070278,0.969655
2026-07-26T05:34:51+00:00,bid,RTX 4070S Ti,9,26,0.068148,0.167222,0.167778,0.167778,0.202222,0.167778,0.999557
2026-07-26T05:34:51+00:00,bid,RTX 4080,7,13,0.082222,0.147222,0.147407,0.224333,0.255556,0.255,0.921941
2026-07-26T05:34:51+00:00,bid,RTX 4080S,9,24,0.104444,0.161778,0.187778,0.200278,0.202074,0.187778,0.997429
2026-07-26T05:34:51+00:00,bid,RTX 4090,100,273,0.108889,0.230753,0.333556,0.402222,1.005037,0.335556,0.994563
2026-07-26T05:34:51+00:00,bid,RTX 4090D,4,9,0.604556,0.604972,0.605111,0.605389,0.606222,,0.967226
2026-07-26T05:34:51+00:00,bid,RTX 5000Ada,2,3,0.334444,0.334722,0.335,0.335278,0.335556,0.335,0.992772
2026-07-26T05:34:51+00:00,bid,RTX 5060,3,4,0.054444,0.055,0.055556,0.075556,0.095556,,0.981665
2026-07-26T05:34:51+00:00,bid,RTX 5060 Ti,35,111,0.053611,0.069593,0.108593,0.147222,0.160556,0.142444,0.996395
2026-07-26T05:34:51+00:00,bid,RTX 5070,7,10,0.054815,0.082407,0.148148,0.15537,0.162222,0.14963,0.988155
2026-07-26T05:34:51+00:00,bid,RTX 5070 Ti,16,30,0.005741,0.103889,0.107778,0.141259,0.268,0.107778,0.993396
2026-07-26T05:34:51+00:00,bid,RTX 5080,16,27,0.02963,0.130852,0.148704,0.190417,0.338519,0.187037,0.989178
2026-07-26T05:34:51+00:00,bid,RTX 5090,97,267,0.097111,0.203704,0.32437,0.401111,0.907222,0.272593,0.996101
2026-07-26T05:34:51+00:00,bid,RTX 5880Ada,5,7,0.295185,0.297037,0.297037,0.297037,0.33437,0.297037,0.995799
2026-07-26T05:34:51+00:00,bid,RTX 6000Ada,23,41,0.137778,0.139259,0.387778,0.468333,0.774074,0.268889,0.99667
2026-07-26T05:34:51+00:00,bid,RTX A2000,2,3,0.028519,0.121426,0.214333,0.307241,0.400148,0.028519,0.996111
2026-07-26T05:34:51+00:00,bid,RTX A4000,8,57,0.013519,0.046236,0.100206,0.106898,0.107037,0.093611,0.977918
2026-07-26T05:34:51+00:00,bid,RTX A5000,7,16,0.025556,0.067315,0.11037,0.280648,0.334815,0.108519,0.97175
2026-07-26T05:34:51+00:00,bid,RTX A6000,9,15,0.134815,0.202593,0.303556,0.321111,0.375556,,0.989739
2026-07-26T05:34:51+00:00,bid,RTX PRO 2000,1,2,0.134074,0.134074,0.134074,0.134074,0.134074,,0.963211
2026-07-26T05:34:51+00:00,bid,RTX PRO 4000,12,19,0.055556,0.067778,0.068889,0.153241,0.240889,0.169444,0.96866
2026-07-26T05:34:51+00:00,bid,RTX PRO 4500,1,1,0.268889,0.268889,0.268889,0.268889,0.268889,0.268889,0.982407
2026-07-26T05:34:51+00:00,bid,RTX PRO 5000,14,17,0.135111,0.165185,0.348667,0.584815,0.803704,0.23,0.991534
2026-07-26T05:34:51+00:00,bid,RTX PRO 6000 S,17,30,0.391822,1.067407,1.06963,1.189259,1.402222,1.06963,0.99871
2026-07-26T05:34:51+00:00,bid,RTX PRO 6000 WS,29,40,0.403333,0.667222,0.726074,0.936296,1.337037,0.801481,0.99461
2026-07-26T05:34:51+00:00,bid,Tesla P100,4,5,0.041481,0.111204,0.135,0.135556,0.135556,0.135556,0.985701
2026-07-26T05:34:51+00:00,bid,Tesla P40,3,8,0.065889,0.066167,0.066444,0.066444,0.066444,0.066444,0.992644
2026-07-26T05:34:51+00:00,bid,Tesla T4,2,3,3.400741,3.400926,3.401111,3.401296,3.401481,,0.972396
2026-07-26T05:34:51+00:00,bid,Tesla V100,10,27,0.08037,0.09513,0.147917,0.168222,0.202222,0.166222,0.988505
2026-07-26T05:34:51+00:00,bid,Titan RTX,1,1,0.108889,0.108889,0.108889,0.108889,0.108889,0.108889,0.998316
2026-07-26T05:34:51+00:00,bid,Titan Xp,3,9,0.04037,0.041296,0.042222,0.048333,0.054444,0.042222,0.995583
2026-07-26T05:39:52+00:00,on-demand,A100 PCIE,13,30,0.267407,0.333889,0.832889,0.994435,1.537739,0.870741,0.995196
2026-07-26T05:39:52+00:00,on-demand,A100 SXM4,21,46,0.400741,0.800556,1.028889,1.173968,1.592,0.981852,0.99149
2026-07-26T05:39:52+00:00,on-demand,A800 PCIE,3,7,0.667222,0.6675,0.667778,0.668333,0.668889,,0.994204
2026-07-26T05:39:52+00:00,on-demand,B200,10,33,5.865104,5.894575,6.189453,6.75816,7.060417,6.189453,0.997396
2026-07-26T05:39:52+00:00,on-demand,B300,5,23,5.62526,5.625521,7.813542,7.814583,8.750694,8.750694,0.988602
2026-07-26T05:39:52+00:00,on-demand,CMP 170HX,4,15,0.120185,0.120324,0.120556,0.120926,0.121481,,0.918303
2026-07-26T05:39:52+00:00,on-demand,GTX 1050 Ti,2,2,0.611111,1.458704,2.306296,3.153889,4.001481,,0.945522
2026-07-26T05:39:52+00:00,on-demand,GTX 1060,3,4,0.087778,0.088333,0.088889,0.216667,0.344444,0.088333,0.999298
2026-07-26T05:39:52+00:00,on-demand,GTX 1070,2,2,0.202222,0.284444,0.366667,0.448889,0.531111,0.531111,0.965806
2026-07-26T05:39:52+00:00,on-demand,GTX 1070 Ti,2,7,0.051037,0.0515,0.051963,0.052426,0.052889,0.051963,0.99103
2026-07-26T05:39:52+00:00,on-demand,GTX 1080,4,9,0.027778,0.033056,0.043019,0.051361,0.051778,0.0515,0.993529
2026-07-26T05:39:52+00:00,on-demand,GTX 1080 Ti,5,15,0.042667,0.060556,0.064889,0.073651,0.074444,0.06927,0.997136
2026-07-26T05:39:52+00:00,on-demand,GTX 1650 S,1,1,0.677778,0.677778,0.677778,0.677778,0.677778,,0.938346
2026-07-26T05:39:52+00:00,on-demand,GTX 1660,1,1,0.677778,0.677778,0.677778,0.677778,0.677778,,0.948918
2026-07-26T05:39:52+00:00,on-demand,GTX 1660 S,1,1,0.451111,0.451111,0.451111,0.451111,0.451111,,0.946527
2026-07-26T05:39:52+00:00,on-demand,GTX 1660 Ti,1,1,0.611111,0.611111,0.611111,0.611111,0.611111,0.611111,0.940375
2026-07-26T05:39:52+00:00,on-demand,H100 NVL,4,5,1.894815,2.17537,2.335111,2.431556,2.522222,2.208519,0.979295
2026-07-26T05:39:52+00:00,on-demand,H100 PCIE,4,12,1.362222,1.640667,1.833444,1.933426,1.933481,1.933407,0.982546
2026-07-26T05:39:52+00:00,on-demand,H100 SXM,11,31,1.868889,2.501296,2.894444,3.486386,4.218889,3.19322,0.992025
2026-07-26T05:39:52+00:00,on-demand,H200,5,10,3.934942,3.935673,4.08114,4.211075,4.211623,4.08114,0.999227
2026-07-26T05:39:52+00:00,on-demand,H200 NVL,7,18,2.800741,2.922,3.044889,3.205694,3.334444,3.044889,0.982538
2026-07-26T05:39:52+00:00,on-demand,L4,5,13,0.202222,0.333778,0.334444,0.334815,3.333889,0.334444,0.997851
2026-07-26T05:39:52+00:00,on-demand,L40,4,9,0.297037,0.414815,0.514259,0.575278,0.577778,0.574444,0.990746
2026-07-26T05:39:52+00:00,on-demand,L40S,13,45,0.40037,0.467037,0.800278,1.067593,2.442222,0.800926,0.996869
2026-07-26T05:39:52+00:00,on-demand,Q RTX 5000,1,1,0.081481,0.081481,0.081481,0.081481,0.081481,,0.943396
2026-07-26T05:39:52+00:00,on-demand,Q RTX 6000,1,2,0.134074,0.134074,0.134074,0.134074,0.134074,0.134074,0.999566
2026-07-26T05:39:52+00:00,on-demand,Q RTX 8000,3,7,0.253704,0.253889,0.254074,0.262593,0.271111,0.254074,0.998642
2026-07-26T05:39:52+00:00,on-demand,Quadro GV100,1,1,0.467407,0.467407,0.467407,0.467407,0.467407,,0.967985
2026-07-26T05:39:52+00:00,on-demand,Quadro P4000,4,6,0.054444,0.054444,0.055,0.055926,0.057037,0.055741,0.975775
2026-07-26T05:39:52+00:00,on-demand,RTX 2060,1,1,0.415556,0.415556,0.415556,0.415556,0.415556,0.415556,0.994965
2026-07-26T05:39:52+00:00,on-demand,RTX 2070S,2,17,0.073498,0.073503,0.073508,0.073513,0.073519,,0.987354
2026-07-26T05:39:52+00:00,on-demand,RTX 2080 Ti,7,21,0.068889,0.080039,0.080111,0.135778,0.811111,0.080111,0.994707
2026-07-26T05:39:52+00:00,on-demand,RTX 3060,10,38,0.048519,0.052514,0.062037,0.072346,1.334815,0.053611,0.995468
2026-07-26T05:39:52+00:00,on-demand,RTX 3060 laptop,3,11,0.026685,0.033898,0.041111,0.041667,0.042222,,0.998768
2026-07-26T05:39:52+00:00,on-demand,RTX 3070,7,19,0.048889,0.066148,0.101852,0.10713,0.138444,0.107222,0.994116
2026-07-26T05:39:52+00:00,on-demand,RTX 3070 laptop,1,1,0.048889,0.048889,0.048889,0.048889,0.048889,,0.960748
2026-07-26T05:39:52+00:00,on-demand,RTX 3080,14,39,0.060278,0.074259,0.113417,0.140736,0.252326,0.113556,0.993525
2026-07-26T05:39:52+00:00,on-demand,RTX 3080 Ti,3,3,0.122222,0.148222,0.174222,0.234889,0.295556,0.174222,0.994928
2026-07-26T05:39:52+00:00,on-demand,RTX 3090,38,117,0.082222,0.142759,0.206991,0.318241,1.336296,0.230907,0.991739
2026-07-26T05:39:52+00:00,on-demand,RTX 3090 Ti,1,1,0.175556,0.175556,0.175556,0.175556,0.175556,,0.993084
2026-07-26T05:39:52+00:00,on-demand,RTX 4060,7,14,0.060198,0.060889,0.062222,0.073333,2.677778,0.063333,0.985027
2026-07-26T05:39:52+00:00,on-demand,RTX 4060 Ti,3,8,0.093111,0.100444,0.107778,0.121,0.134222,0.107778,0.997058
2026-07-26T05:39:52+00:00,on-demand,RTX 4070,1,1,0.082222,0.082222,0.082222,0.082222,0.082222,,0.994542
2026-07-26T05:39:52+00:00,on-demand,RTX 4070 Ti,8,25,0.091111,0.107145,0.1295,0.174111,0.242222,0.1075,0.985967
2026-07-26T05:39:52+00:00,on-demand,RTX 4070S,9,33,0.081204,0.084815,0.094537,0.097037,0.667778,0.083611,0.969655
2026-07-26T05:39:52+00:00,on-demand,RTX 4070S Ti,12,33,0.093889,0.120278,0.174444,0.267014,0.348889,0.198333,0.995025
2026-07-26T05:39:52+00:00,on-demand,RTX 4080,7,13,0.121481,0.142,0.161111,0.222741,0.268889,0.268333,0.980859
2026-07-26T05:39:52+00:00,on-demand,RTX 4080S,9,27,0.147593,0.15037,0.201111,0.202222,0.213889,0.201111,0.992308
2026-07-26T05:39:52+00:00,on-demand,RTX 4090,58,198,0.133611,0.308111,0.401667,0.651574,1.337037,0.536296,0.995579
2026-07-26T05:39:52+00:00,on-demand,RTX 4090D,3,7,0.667222,0.6675,0.667778,0.668333,0.668889,,0.967226
2026-07-26T05:39:52+00:00,on-demand,RTX 5000Ada,3,4,0.374444,0.375,0.375556,0.415556,0.455556,0.375556,0.992772
2026-07-26T05:39:52+00:00,on-demand,RTX 5060,3,4,0.081111,0.115,0.148889,0.165556,0.182222,0.182222,0.981665
2026-07-26T05:39:52+00:00,on-demand,RTX 5060 Ti,20,61,0.067556,0.088204,0.110463,0.176694,0.227407,0.15457,0.992696
2026-07-26T05:39:52+00:00,on-demand,RTX 5060 laptop,1,1,0.135556,0.135556,0.135556,0.135556,0.135556,,0.97049
2026-07-26T05:39:52+00:00,on-demand,RTX 5070,7,13,0.083704,0.091481,0.095556,0.128889,0.175556,0.128889,0.99297
2026-07-26T05:39:52+00:00,on-demand,RTX 5070 Ti,8,17,0.122222,0.141685,0.160722,0.162343,0.174815,0.160889,0.99171
2026-07-26T05:39:52+00:00,on-demand,RTX 5080,20,66,0.133611,0.173641,0.200556,0.267454,0.802963,0.267222,0.989138
2026-07-26T05:39:52+00:00,on-demand,RTX 5090,51,163,0.212889,0.433843,0.533611,0.734259,3.615556,0.690322,0.995261
2026-07-26T05:39:52+00:00,on-demand,RTX 5880Ada,4,15,0.453593,0.453787,0.454111,0.48337,0.57037,0.454111,0.997828
2026-07-26T05:39:52+00:00,on-demand,RTX 6000Ada,12,32,0.440556,0.525139,0.613333,0.694282,0.787407,0.680556,0.993923
2026-07-26T05:39:52+00:00,on-demand,RTX A2000,4,5,0.034074,0.03563,0.036148,0.150481,0.493481,,0.995152
2026-07-26T05:39:52+00:00,on-demand,RTX A4000,6,44,0.080185,0.080347,0.081019,0.120471,0.133611,0.133611,0.988249
2026-07-26T05:39:52+00:00,on-demand,RTX A5000,5,10,0.200556,0.231778,0.30237,40.000741,40.001481,0.231778,0.97175
2026-07-26T05:39:52+00:00,on-demand,RTX A6000,5,11,0.28963,0.373889,0.374444,0.387778,0.454444,,0.989279
2026-07-26T05:39:52+00:00,on-demand,RTX PRO 4000,11,24,0.201111,0.243304,0.269037,0.336111,0.535556,0.26637,0.986318
2026-07-26T05:39:52+00:00,on-demand,RTX PRO 4500,1,1,0.282222,0.282222,0.282222,0.282222,0.282222,,0.994953
2026-07-26T05:39:52+00:00,on-demand,RTX PRO 5000,10,13,0.397037,0.668,0.683889,0.896574,0.973215,0.683889,0.991534
2026-07-26T05:39:52+00:00,on-demand,RTX PRO 6000 S,12,28,1.200556,1.547639,1.700648,1.734815,1.736296,1.634167,0.997506
2026-07-26T05:39:52+00:00,on-demand,RTX PRO 6000 WS,15,28,0.867778,0.953796,1.067778,1.437407,13.335556,1.303333,0.994357
2026-07-26T05:39:52+00:00,on-demand,Tesla P100,5,10,0.054815,0.081111,0.081481,0.201111,0.202222,0.141296,0.985701
2026-07-26T05:39:52+00:00,on-demand,Tesla P40,3,7,0.132556,0.132833,0.133111,0.167667,0.202222,0.132833,0.992644
2026-07-26T05:39:52+00:00,on-demand,Tesla T4,2,3,12.000741,12.000926,12.001111,12.001296,12.001481,,0.972396
2026-07-26T05:39:52+00:00,on-demand,Tesla V100,7,28,0.020889,0.107083,0.133519,0.150324,0.268889,0.217917,0.962911
2026-07-26T05:39:52+00:00,on-demand,Titan RTX,2,2,0.137037,0.143519,0.15,0.156481,0.162963,0.162963,0.980256
2026-07-26T05:39:52+00:00,on-demand,Titan Xp,3,11,0.053704,0.053796,0.053889,0.054722,0.055556,0.053889,0.995583
2026-07-26T05:39:52+00:00,bid,A100 PCIE,19,27,0.131556,0.135556,0.135556,0.201852,0.535556,0.202222,0.994388
2026-07-26T05:39:52+00:00,bid,A100 SXM4,24,40,0.135556,0.536435,0.662477,0.800833,1.042156,0.602593,0.99149
2026-07-26T05:39:52+00:00,bid,A40,1,2,0.234074,0.234074,0.234074,0.234074,0.234074,0.234074,0.984366
2026-07-26T05:39:52+00:00,bid,A800 PCIE,7,12,0.129889,0.130444,0.131556,0.131556,0.131556,,0.994204
2026-07-26T05:39:52+00:00,bid,B200,13,50,5.625174,5.627604,5.635417,6.251389,6.410417,5.635417,0.997396
2026-07-26T05:39:52+00:00,bid,B300,3,11,5.000694,5.000868,5.001042,5.001563,5.002083,5.000694,0.961611
2026-07-26T05:39:52+00:00,bid,CMP 170HX,6,18,0.101433,0.101711,0.101989,0.102544,0.102729,,0.918303
2026-07-26T05:39:52+00:00,bid,GTX 1050 Ti,2,2,0.021562,0.022283,0.023003,0.023724,0.024444,,0.945522
2026-07-26T05:39:52+00:00,bid,GTX 1060,1,1,0.031111,0.031111,0.031111,0.031111,0.031111,,0.943698
2026-07-26T05:39:52+00:00,bid,GTX 1070,2,2,0.015556,0.017778,0.02,0.022222,0.024444,0.024444,0.965806
2026-07-26T05:39:52+00:00,bid,GTX 1070 Ti,1,6,0.04037,0.04037,0.04037,0.04037,0.04037,0.04037,0.987718
2026-07-26T05:39:52+00:00,bid,GTX 1080,4,8,0.037037,0.039676,0.040833,0.041389,0.042222,0.041111,0.996247
2026-07-26T05:39:52+00:00,bid,GTX 1080 Ti,11,36,0.029333,0.041111,0.053651,0.053981,0.054444,0.053651,0.99563
2026-07-26T05:39:52+00:00,bid,GTX 1650 S,1,1,0.037778,0.037778,0.037778,0.037778,0.037778,,0.938346
2026-07-26T05:39:52+00:00,bid,GTX 1660,1,1,0.037778,0.037778,0.037778,0.037778,0.037778,,0.948918
2026-07-26T05:39:52+00:00,bid,GTX 1660 S,1,1,0.031111,0.031111,0.031111,0.031111,0.031111,,0.946527
2026-07-26T05:39:52+00:00,bid,GTX 1660 Ti,1,1,0.037778,0.037778,0.037778,0.037778,0.037778,0.037778,0.940375
2026-07-26T05:39:52+00:00,bid,H100 NVL,6,8,0.934667,0.935,0.936,1.635667,2.299556,2.299556,0.965747
2026-07-26T05:39:52+00:00,bid,H100 PCIE,4,12,0.733481,0.985037,1.367815,1.666759,1.666815,1.666741,0.982546
2026-07-26T05:39:52+00:00,bid,H100 SXM,10,29,0.474074,1.135,2.267056,2.534444,4.002222,2.534444,0.992025
2026-07-26T05:39:52+00:00,bid,H200,5,10,1.321491,3.81652,3.816886,3.817251,3.947917,3.816886,0.997446
2026-07-26T05:39:52+00:00,bid,H200 NVL,10,14,0.403778,1.337222,1.339555,1.868519,3.077778,1.339555,0.988634
2026-07-26T05:39:52+00:00,bid,L4,7,19,0.134444,0.168722,0.271852,0.3205,0.321111,0.296148,0.997245
2026-07-26T05:39:52+00:00,bid,L40,5,11,0.267407,0.467778,0.468889,0.471111,0.471111,0.468889,0.984764
2026-07-26T05:39:52+00:00,bid,L40S,26,77,0.200185,0.435231,0.535926,0.540741,0.801852,0.540741,0.998664
2026-07-26T05:39:52+00:00,bid,Q RTX 5000,2,3,0.054074,0.054259,0.054444,0.05463,0.054815,,0.943396
2026-07-26T05:39:52+00:00,bid,Q RTX 6000,1,1,0.133704,0.133704,0.133704,0.133704,0.133704,,0.970058
2026-07-26T05:39:52+00:00,bid,Quadro GV100,1,1,0.134074,0.134074,0.134074,0.134074,0.134074,,0.967985
2026-07-26T05:39:52+00:00,bid,Quadro P4000,3,4,0.041111,0.041667,0.042222,0.044667,0.047111,0.047111,0.963494
2026-07-26T05:39:52+00:00,bid,RTX 2060,2,2,0.034852,0.110028,0.185204,0.26038,0.335556,0.185204,0.970113
2026-07-26T05:39:52+00:00,bid,RTX 2060S,1,1,0.123704,0.123704,0.123704,0.123704,0.123704,0.123704,0.936167
2026-07-26T05:39:52+00:00,bid,RTX 2070S,1,9,0.066831,0.066831,0.066831,0.066831,0.066831,,0.987354
2026-07-26T05:39:52+00:00,bid,RTX 2080 Ti,6,8,0.037778,0.058611,0.087593,0.107963,0.108889,0.107407,0.997169
2026-07-26T05:39:52+00:00,bid,RTX 3060,14,39,0.028889,0.040463,0.049981,0.094056,0.137141,0.065704,0.995784
2026-07-26T05:39:52+00:00,bid,RTX 3060 Ti,3,4,0.055185,0.056111,0.057037,0.094963,0.132889,0.056111,0.995787
2026-07-26T05:39:52+00:00,bid,RTX 3060 laptop,4,14,0.013352,0.032171,0.05063,0.072389,0.101111,0.081963,0.988875
2026-07-26T05:39:52+00:00,bid,RTX 3070,9,22,0.040444,0.041111,0.07037,0.093889,0.282222,0.093889,0.99148
2026-07-26T05:39:52+00:00,bid,RTX 3070 Ti,1,2,0.067778,0.067778,0.067778,0.067778,0.067778,,0.996615
2026-07-26T05:39:52+00:00,bid,RTX 3070 laptop,1,1,0.042222,0.042222,0.042222,0.042222,0.042222,,0.960748
2026-07-26T05:39:52+00:00,bid,RTX 3080,13,35,0.057407,0.066944,0.135556,0.240332,0.241659,0.1395,0.988087
2026-07-26T05:39:52+00:00,bid,RTX 3080 Ti,7,8,0.015556,0.095556,0.108889,0.152496,0.188889,0.138548,0.995023
2026-07-26T05:39:52+00:00,bid,RTX 3090,49,116,0.054222,0.097407,0.121111,0.162222,0.255556,0.134815,0.993665
2026-07-26T05:39:52+00:00,bid,RTX 4060,4,13,0.053531,0.053605,0.053778,0.054074,0.054519,,0.965078
2026-07-26T05:39:52+00:00,bid,RTX 4060 Ti,10,23,0.034444,0.045611,0.088444,0.105889,0.107778,0.102222,0.997058
2026-07-26T05:39:52+00:00,bid,RTX 4070,6,10,0.054444,0.054722,0.101667,0.157778,0.162222,0.101667,0.999203
2026-07-26T05:39:52+00:00,bid,RTX 4070 Ti,9,25,0.093611,0.093889,0.094444,0.108889,0.215556,0.094444,0.985967
2026-07-26T05:39:52+00:00,bid,RTX 4070S,5,17,0.06787,0.069074,0.071481,0.071481,0.076296,0.071481,0.969655
2026-07-26T05:39:52+00:00,bid,RTX 4070S Ti,14,34,0.067778,0.122069,0.167778,0.183056,0.202222,0.167778,0.999457
2026-07-26T05:39:52+00:00,bid,RTX 4080,8,14,0.081111,0.082222,0.141296,0.174167,0.255556,0.255,0.980859
2026-07-26T05:39:52+00:00,bid,RTX 4080S,12,28,0.104444,0.180861,0.188259,0.191736,0.202074,0.188333,0.997429
2026-07-26T05:39:52+00:00,bid,RTX 4090,95,255,0.131926,0.220593,0.333889,0.405926,1.005037,0.401852,0.994563
2026-07-26T05:39:52+00:00,bid,RTX 4090D,5,10,0.604556,0.605111,0.605111,0.606222,0.606222,,0.967226
2026-07-26T05:39:52+00:00,bid,RTX 5000Ada,2,3,0.334444,0.334722,0.335,0.335278,0.335556,0.335,0.992772
2026-07-26T05:39:52+00:00,bid,RTX 5060,4,5,0.054444,0.055278,0.075556,0.108889,0.148889,0.148889,0.989055
2026-07-26T05:39:52+00:00,bid,RTX 5060 Ti,33,101,0.053611,0.067222,0.100519,0.147222,0.160556,0.117296,0.992237
2026-07-26T05:39:52+00:00,bid,RTX 5070,8,11,0.080222,0.083056,0.15463,0.162222,0.162222,0.161667,0.992071
2026-07-26T05:39:52+00:00,bid,RTX 5070 Ti,16,24,0.005741,0.107639,0.128444,0.157148,0.268,0.133926,0.992891
2026-07-26T05:39:52+00:00,bid,RTX 5080,15,25,0.02963,0.12737,0.161111,0.200833,0.338519,0.166722,0.987257
2026-07-26T05:39:52+00:00,bid,RTX 5090,86,229,0.093611,0.249347,0.329176,0.400963,0.907222,0.272593,0.996136
2026-07-26T05:39:52+00:00,bid,RTX 5880Ada,5,7,0.295185,0.297037,0.297037,0.297037,0.33437,0.297037,0.995799
2026-07-26T05:39:52+00:00,bid,RTX 6000Ada,20,40,0.137778,0.387778,0.4675,0.547477,0.775556,0.468889,0.992247
2026-07-26T05:39:52+00:00,bid,RTX A2000,2,3,0.028519,0.121426,0.214333,0.307241,0.400148,0.028519,0.996111
2026-07-26T05:39:52+00:00,bid,RTX A4000,9,50,0.013519,0.057111,0.058222,0.093611,0.107037,0.093611,0.991972
2026-07-26T05:39:52+00:00,bid,RTX A5000,9,22,0.025556,0.11037,0.230998,0.334074,0.334815,0.11037,0.97175
2026-07-26T05:39:52+00:00,bid,RTX A6000,8,12,0.134815,0.136296,0.311639,0.374722,0.375556,,0.992796
2026-07-26T05:39:52+00:00,bid,RTX PRO 2000,1,2,0.134074,0.134074,0.134074,0.134074,0.134074,,0.963211
2026-07-26T05:39:52+00:00,bid,RTX PRO 4000,14,22,0.055556,0.067944,0.068889,0.20213,0.241778,0.201852,0.96866
2026-07-26T05:39:52+00:00,bid,RTX PRO 4500,1,1,0.268889,0.268889,0.268889,0.268889,0.268889,0.268889,0.982407
2026-07-26T05:39:52+00:00,bid,RTX PRO 5000,14,17,0.135111,0.165185,0.296296,0.462037,0.803704,0.23,0.991534
2026-07-26T05:39:52+00:00,bid,RTX PRO 6000 S,19,34,0.391822,0.901759,1.068148,1.06963,1.371556,1.067407,0.99871
2026-07-26T05:39:52+00:00,bid,RTX PRO 6000 WS,26,33,0.177444,0.55463,0.668519,0.892593,1.403704,0.801111,0.993896
2026-07-26T05:39:52+00:00,bid,Tesla P100,4,5,0.041481,0.111204,0.135,0.135556,0.135556,0.135556,0.985701
2026-07-26T05:39:52+00:00,bid,Tesla P40,3,8,0.065889,0.066167,0.066444,0.066444,0.066444,0.066444,0.992644
2026-07-26T05:39:52+00:00,bid,Tesla T4,2,3,3.400741,3.400926,3.401111,3.401296,3.401481,,0.972396
2026-07-26T05:39:52+00:00,bid,Tesla V100,13,32,0.015556,0.095037,0.133611,0.162222,0.242222,0.162222,0.99091
2026-07-26T05:39:52+00:00,bid,Titan RTX,1,1,0.108889,0.108889,0.108889,0.108889,0.108889,0.108889,0.998316
2026-07-26T05:39:52+00:00,bid,Titan V,1,2,0.067778,0.067778,0.067778,0.067778,0.067778,0.067778,0.996349
2026-07-26T05:39:52+00:00,bid,Titan Xp,3,11,0.04037,0.040463,0.040556,0.041389,0.042222,0.040556,0.995583
2026-07-26T05:44:52+00:00,on-demand,A100 PCIE,13,29,0.268148,0.334444,0.832889,1.001111,1.537739,0.996087,0.995196
2026-07-26T05:44:52+00:00,on-demand,A100 SXM4,20,44,0.602222,0.801944,1.028556,1.176111,1.592,0.995407,0.992214
2026-07-26T05:44:52+00:00,on-demand,A800 PCIE,3,7,0.667222,0.6675,0.667778,0.668333,0.668889,,0.994204
2026-07-26T05:44:52+00:00,on-demand,B200,10,33,5.867708,5.937717,6.189453,6.75816,7.060417,6.189453,0.99653
2026-07-26T05:44:52+00:00,on-demand,B300,5,23,5.62526,5.625521,7.813542,7.814583,8.750694,8.750694,0.988602
2026-07-26T05:44:52+00:00,on-demand,CMP 170HX,4,15,0.120185,0.120324,0.120556,0.120926,0.121481,,0.918303
2026-07-26T05:44:52+00:00,on-demand,GB10,1,1,0.468889,0.468889,0.468889,0.468889,0.468889,,0.599993
2026-07-26T05:44:52+00:00,on-demand,GTX 1050 Ti,2,2,0.611111,1.458704,2.306296,3.153889,4.001481,,0.945522
2026-07-26T05:44:52+00:00,on-demand,GTX 1060,3,4,0.087778,0.088333,0.088889,0.216667,0.344444,0.088333,0.999298
2026-07-26T05:44:52+00:00,on-demand,GTX 1070,2,2,0.202222,0.284444,0.366667,0.448889,0.531111,0.531111,0.965806
2026-07-26T05:44:52+00:00,on-demand,GTX 1070 Ti,2,3,0.051778,0.052056,0.052333,0.052611,0.052889,0.052333,0.99717
2026-07-26T05:44:52+00:00,on-demand,GTX 1080,3,9,0.027778,0.039074,0.05037,0.050704,0.051037,0.051037,0.968391
2026-07-26T05:44:52+00:00,on-demand,GTX 1080 Ti,7,21,0.042667,0.060833,0.064889,0.077103,0.081111,0.069389,0.996415
2026-07-26T05:44:52+00:00,on-demand,GTX 1650 S,1,1,0.677778,0.677778,0.677778,0.677778,0.677778,,0.938346
2026-07-26T05:44:52+00:00,on-demand,GTX 1660 S,1,1,0.451111,0.451111,0.451111,0.451111,0.451111,,0.946527
2026-07-26T05:44:52+00:00,on-demand,GTX 1660 Ti,1,1,0.611111,0.611111,0.611111,0.611111,0.611111,0.611111,0.940375
2026-07-26T05:44:52+00:00,on-demand,H100 NVL,5,6,1.46963,1.496296,2.401333,2.402667,2.668148,2.068889,0.938471
2026-07-26T05:44:52+00:00,on-demand,H100 PCIE,4,12,1.362222,1.640667,1.833444,1.933426,1.933481,1.933407,0.982546
2026-07-26T05:44:52+00:00,on-demand,H100 SXM,10,30,1.734444,2.351389,2.848889,3.322885,4.218889,2.933889,0.989955
2026-07-26T05:44:52+00:00,on-demand,H200,5,10,3.934942,3.935673,4.08114,4.211075,4.211623,4.08114,0.997619
2026-07-26T05:44:52+00:00,on-demand,H200 NVL,6,16,2.800741,3.135069,3.334028,3.697944,3.855556,3.837333,0.977549
2026-07-26T05:44:52+00:00,on-demand,L4,5,13,0.202222,0.333778,0.334444,0.335556,3.333889,0.334444,0.997245
2026-07-26T05:44:52+00:00,on-demand,L40,5,11,0.297037,0.454074,0.574444,0.575556,0.577778,0.575,0.984764
2026-07-26T05:44:52+00:00,on-demand,L40S,14,47,0.40037,0.482685,0.800556,1.068287,2.442222,0.934537,0.996869
2026-07-26T05:44:52+00:00,on-demand,Q RTX 5000,2,3,0.080741,0.080926,0.081111,0.081296,0.081481,,0.943396
2026-07-26T05:44:52+00:00,on-demand,Q RTX 8000,3,7,0.253704,0.253889,0.254074,0.262593,0.271111,0.254074,0.998642
2026-07-26T05:44:52+00:00,on-demand,Quadro GV100,1,1,0.467407,0.467407,0.467407,0.467407,0.467407,,0.967985
2026-07-26T05:44:52+00:00,on-demand,Quadro P4000,4,6,0.054444,0.054444,0.055,0.0585,0.067333,0.060889,0.980126
2026-07-26T05:44:52+00:00,on-demand,RTX 2060,1,1,0.415556,0.415556,0.415556,0.415556,0.415556,0.415556,0.994965
2026-07-26T05:44:52+00:00,on-demand,RTX 2070,1,2,0.081111,0.081111,0.081111,0.081111,0.081111,0.081111,0.982931
2026-07-26T05:44:52+00:00,on-demand,RTX 2070S,1,9,0.073498,0.073498,0.073498,0.073498,0.073498,,0.987354
2026-07-26T05:44:52+00:00,on-demand,RTX 2080 Ti,7,21,0.068889,0.080039,0.080111,0.135778,0.811111,0.080111,0.994707
2026-07-26T05:44:52+00:00,on-demand,RTX 2080S,1,1,0.744444,0.744444,0.744444,0.744444,0.744444,0.744444,0.975004
2026-07-26T05:44:52+00:00,on-demand,RTX 3060,10,39,0.032889,0.057014,0.068333,0.098652,1.334815,0.080324,0.996268
2026-07-26T05:44:52+00:00,on-demand,RTX 3060 laptop,4,12,0.026685,0.037505,0.041667,0.048407,0.066963,0.066963,0.997617
2026-07-26T05:44:52+00:00,on-demand,RTX 3070,7,20,0.048889,0.075531,0.107037,0.121481,0.562222,0.121481,0.994116
2026-07-26T05:44:52+00:00,on-demand,RTX 3080,13,39,0.060222,0.074815,0.113444,0.148889,0.252326,0.131222,0.993525
2026-07-26T05:44:52+00:00,on-demand,RTX 3080 Ti,4,7,0.095556,0.124583,0.149337,0.1972,0.295556,0.149337,0.996062
2026-07-26T05:44:52+00:00,on-demand,RTX 3090,34,110,0.111481,0.147361,0.200472,0.318241,1.336296,0.213667,0.990142
2026-07-26T05:44:52+00:00,on-demand,RTX 3090 Ti,1,1,0.175556,0.175556,0.175556,0.175556,0.175556,,0.993084
2026-07-26T05:44:52+00:00,on-demand,RTX 4060,7,14,0.060198,0.060889,0.064444,0.075185,2.677778,0.066296,0.985027
2026-07-26T05:44:52+00:00,on-demand,RTX 4060 Ti,2,6,0.081111,0.087778,0.094444,0.101111,0.107778,0.094444,0.979617
2026-07-26T05:44:52+00:00,on-demand,RTX 4070,3,10,0.082222,0.088889,0.095556,0.101389,0.107222,0.095556,0.994542
2026-07-26T05:44:52+00:00,on-demand,RTX 4070 Ti,8,29,0.104444,0.106937,0.1075,0.174111,0.242222,0.107222,0.985967
2026-07-26T05:44:52+00:00,on-demand,RTX 4070S,7,15,0.088519,0.092407,0.097037,0.667593,0.667778,0.089074,0.990574
2026-07-26T05:44:52+00:00,on-demand,RTX 4070S Ti,9,19,0.094444,0.136667,0.186889,0.247222,0.348889,0.181222,0.996861
2026-07-26T05:44:52+00:00,on-demand,RTX 4080,8,14,0.121481,0.152407,0.177889,0.237722,0.268889,0.267778,0.975779
2026-07-26T05:44:52+00:00,on-demand,RTX 4080S,10,28,0.147593,0.153333,0.200833,0.202185,0.213889,0.200833,0.99282
2026-07-26T05:44:52+00:00,on-demand,RTX 4090,59,199,0.133611,0.307926,0.416,0.602778,1.337037,0.510123,0.994563
2026-07-26T05:44:52+00:00,on-demand,RTX 4090D,3,7,0.667222,0.6675,0.667778,0.668333,0.668889,,0.967226
2026-07-26T05:44:52+00:00,on-demand,RTX 5000Ada,3,4,0.374444,0.375,0.375556,0.415556,0.455556,0.375556,0.992772
2026-07-26T05:44:52+00:00,on-demand,RTX 5060,4,5,0.045704,0.062537,0.108519,0.157222,0.182222,0.182222,0.947764
2026-07-26T05:44:52+00:00,on-demand,RTX 5060 Ti,20,67,0.070963,0.087014,0.10463,0.171556,0.228148,0.169889,0.99166
2026-07-26T05:44:52+00:00,on-demand,RTX 5060 laptop,1,1,0.135556,0.135556,0.135556,0.135556,0.135556,,0.97049
2026-07-26T05:44:52+00:00,on-demand,RTX 5070,8,13,0.081852,0.096944,0.102778,0.148333,0.202222,0.125926,0.988025
2026-07-26T05:44:52+00:00,on-demand,RTX 5070 Ti,9,18,0.123407,0.135556,0.161889,0.163704,0.401333,0.168519,0.99378
2026-07-26T05:44:52+00:00,on-demand,RTX 5080,16,50,0.133611,0.173829,0.200463,0.237639,0.802963,0.267222,0.992616
2026-07-26T05:44:52+00:00,on-demand,RTX 5090,50,159,0.175556,0.456904,0.561185,0.764028,3.615556,0.640519,0.99503
2026-07-26T05:44:52+00:00,on-demand,RTX 5880Ada,4,15,0.453593,0.453787,0.454111,0.48337,0.57037,0.454111,0.997828
2026-07-26T05:44:52+00:00,on-demand,RTX 6000Ada,10,27,0.440556,0.480556,0.67463,0.734838,0.787407,0.733796,0.99053
2026-07-26T05:44:52+00:00,on-demand,RTX A2000,3,4,0.034074,0.035111,0.036148,0.264815,0.493481,,0.995152
2026-07-26T05:44:52+00:00,on-demand,RTX A4000,5,43,0.080185,0.080556,0.133468,0.133519,0.133611,0.133611,0.97131
2026-07-26T05:44:52+00:00,on-demand,RTX A5000,3,7,0.200556,0.216167,0.231778,0.266407,0.301037,0.231778,0.991332
2026-07-26T05:44:52+00:00,on-demand,RTX A6000,5,11,0.373889,0.374444,0.387778,0.388889,0.454444,,0.989739
2026-07-26T05:44:52+00:00,on-demand,RTX PRO 4000,9,19,0.200556,0.202222,0.293889,0.337037,0.535556,0.335185,0.96866
2026-07-26T05:44:52+00:00,on-demand,RTX PRO 4500,2,2,0.282222,0.295556,0.308889,0.322222,0.335556,0.335556,0.98868
2026-07-26T05:44:52+00:00,on-demand,RTX PRO 5000,8,11,0.397037,0.642315,0.662815,0.724574,0.949748,0.658519,0.99043
2026-07-26T05:44:52+00:00,on-demand,RTX PRO 6000 S,13,29,0.774756,1.37037,1.667222,1.734815,1.736296,1.633889,0.99866
2026-07-26T05:44:52+00:00,on-demand,RTX PRO 6000 WS,17,31,0.867778,0.96037,1.067778,1.401852,13.335556,1.234074,0.994653
2026-07-26T05:44:52+00:00,on-demand,Tesla P100,5,10,0.054815,0.081111,0.081481,0.201111,0.202222,0.141296,0.985701
2026-07-26T05:44:52+00:00,on-demand,Tesla P40,3,7,0.132556,0.132833,0.133111,0.167667,0.202222,0.132833,0.992644
2026-07-26T05:44:52+00:00,on-demand,Tesla T4,2,3,12.000741,12.000926,12.001111,12.001296,12.001481,,0.972396
2026-07-26T05:44:52+00:00,on-demand,Tesla V100,10,35,0.020889,0.107014,0.133611,0.162245,0.268889,0.197083,0.984589
2026-07-26T05:44:52+00:00,on-demand,Titan RTX,3,3,0.135556,0.136296,0.137037,0.15,0.162963,0.149259,0.991674
2026-07-26T05:44:52+00:00,on-demand,Titan V,1,2,0.091778,0.091778,0.091778,0.091778,0.091778,0.091778,0.996349
2026-07-26T05:44:52+00:00,on-demand,Titan Xp,3,11,0.053704,0.053796,0.053889,0.054722,0.055556,0.053889,0.996067
2026-07-26T05:44:52+00:00,bid,A100 PCIE,20,27,0.131556,0.135278,0.135556,0.218611,0.535556,0.311111,0.994388
2026-07-26T05:44:52+00:00,bid,A100 SXM4,25,40,0.135556,0.576481,0.605185,0.801333,1.042156,0.603889,0.99149
2026-07-26T05:44:52+00:00,bid,A40,1,2,0.234074,0.234074,0.234074,0.234074,0.234074,0.234074,0.984366
2026-07-26T05:44:52+00:00,bid,A800 PCIE,8,13,0.129889,0.130444,0.131556,0.131556,0.294815,,0.994204
2026-07-26T05:44:52+00:00,bid,B200,17,69,5.625174,5.625521,5.626042,6.126302,7.375521,5.626042,0.99256
2026-07-26T05:44:52+00:00,bid,B300,3,11,5.000694,5.000868,5.001042,5.001563,5.002083,5.000694,0.961611
2026-07-26T05:44:52+00:00,bid,CMP 170HX,5,19,0.101433,0.101618,0.101618,0.101989,0.102729,,0.918303
2026-07-26T05:44:52+00:00,bid,GB10,1,1,0.242222,0.242222,0.242222,0.242222,0.242222,,0.599993
2026-07-26T05:44:52+00:00,bid,GTX 1050 Ti,2,2,0.021562,0.022283,0.023003,0.023724,0.024444,,0.945522
2026-07-26T05:44:52+00:00,bid,GTX 1060,1,1,0.031111,0.031111,0.031111,0.031111,0.031111,,0.943698
2026-07-26T05:44:52+00:00,bid,GTX 1070,2,2,0.015556,0.017778,0.02,0.022222,0.024444,0.024444,0.965806
2026-07-26T05:44:52+00:00,bid,GTX 1070 Ti,1,4,0.040556,0.040556,0.040556,0.040556,0.040556,0.040556,0.997279
2026-07-26T05:44:52+00:00,bid,GTX 1080,4,10,0.04037,0.040926,0.041667,0.042222,0.042222,0.041111,0.995757
2026-07-26T05:44:52+00:00,bid,GTX 1080 Ti,8,27,0.029333,0.040972,0.053651,0.054167,0.055556,0.053651,0.997034
2026-07-26T05:44:52+00:00,bid,GTX 1650 S,1,1,0.037778,0.037778,0.037778,0.037778,0.037778,,0.938346
2026-07-26T05:44:52+00:00,bid,GTX 1660 S,2,3,0.031111,0.036944,0.042778,0.048611,0.054444,,0.970232
2026-07-26T05:44:52+00:00,bid,GTX 1660 Ti,2,3,0.037778,0.042222,0.046667,0.051111,0.055556,0.046667,0.968886
2026-07-26T05:44:52+00:00,bid,H100 NVL,3,4,0.934667,1.401778,1.868889,2.084222,2.299556,2.299556,0.969812
2026-07-26T05:44:52+00:00,bid,H100 PCIE,4,12,0.733481,0.985037,1.367815,1.666759,1.666815,1.666741,0.982546
2026-07-26T05:44:52+00:00,bid,H100 SXM,11,40,0.474074,1.667889,2.533889,2.801173,4.002222,2.600787,0.987826
2026-07-26T05:44:52+00:00,bid,H200,7,13,1.321491,3.81652,3.817251,3.88295,3.948465,3.817251,0.997401
2026-07-26T05:44:52+00:00,bid,H200 NVL,5,7,0.404889,1.335556,1.339556,1.867407,1.975556,1.657556,0.982538
2026-07-26T05:44:52+00:00,bid,L4,7,18,0.134444,0.201685,0.202222,0.296148,0.320556,0.237037,0.997805
2026-07-26T05:44:52+00:00,bid,L40,6,11,0.267407,0.419722,0.469444,0.471111,0.471111,0.469444,0.984764
2026-07-26T05:44:52+00:00,bid,L40S,24,69,0.20037,0.335556,0.535,0.540741,0.800926,0.535185,0.998185
2026-07-26T05:44:52+00:00,bid,Q RTX 5000,2,3,0.054074,0.054259,0.054444,0.05463,0.054815,,0.943396
2026-07-26T05:44:52+00:00,bid,Q RTX 6000,1,1,0.133704,0.133704,0.133704,0.133704,0.133704,,0.970071
2026-07-26T05:44:52+00:00,bid,Quadro GV100,1,1,0.134074,0.134074,0.134074,0.134074,0.134074,,0.967985
2026-07-26T05:44:52+00:00,bid,Quadro P4000,3,4,0.041111,0.041667,0.042222,0.048111,0.054,0.054,0.963494
2026-07-26T05:44:52+00:00,bid,RTX 2060,2,2,0.034852,0.110028,0.185204,0.26038,0.335556,0.185204,0.970113
2026-07-26T05:44:52+00:00,bid,RTX 2060S,1,1,0.123704,0.123704,0.123704,0.123704,0.123704,0.123704,0.936167
2026-07-26T05:44:52+00:00,bid,RTX 2070S,2,17,0.066831,0.066836,0.066842,0.066847,0.066852,,0.987354
2026-07-26T05:44:52+00:00,bid,RTX 2080 Ti,4,5,0.037778,0.051111,0.081481,0.107593,0.108148,0.107407,0.996973
2026-07-26T05:44:52+00:00,bid,RTX 2080S,1,1,0.046111,0.046111,0.046111,0.046111,0.046111,0.046111,0.975004
2026-07-26T05:44:52+00:00,bid,RTX 3060,16,49,0.025111,0.039722,0.0455,0.102815,0.137881,0.065704,0.995032
2026-07-26T05:44:52+00:00,bid,RTX 3060 Ti,2,3,0.055185,0.074611,0.094037,0.113463,0.132889,0.055185,0.974114
2026-07-26T05:44:52+00:00,bid,RTX 3060 laptop,4,14,0.013352,0.032171,0.055963,0.080389,0.101111,0.101111,0.996199
2026-07-26T05:44:52+00:00,bid,RTX 3070,10,22,0.040444,0.048796,0.068704,0.088009,0.495556,0.07037,0.997604
2026-07-26T05:44:52+00:00,bid,RTX 3080,12,35,0.061481,0.067222,0.075556,0.240353,0.241659,0.190055,0.988799
2026-07-26T05:44:52+00:00,bid,RTX 3080 Ti,7,9,0.067704,0.092222,0.107407,0.135556,0.188889,0.135556,0.995023
2026-07-26T05:44:52+00:00,bid,RTX 3090,58,134,0.015778,0.107778,0.134259,0.162778,0.268889,0.134815,0.99274
2026-07-26T05:44:52+00:00,bid,RTX 4060,2,8,0.053531,0.05363,0.053728,0.053827,0.053926,,0.965078
2026-07-26T05:44:52+00:00,bid,RTX 4060 Ti,7,16,0.034444,0.049,0.057037,0.104111,0.107778,0.101111,0.997058
2026-07-26T05:44:52+00:00,bid,RTX 4070,4,6,0.054444,0.071278,0.119,0.161389,0.162222,0.119,0.999266
2026-07-26T05:44:52+00:00,bid,RTX 4070 Ti,9,24,0.081481,0.093889,0.094444,0.108889,0.215556,0.094167,0.985967
2026-07-26T05:44:52+00:00,bid,RTX 4070S,4,15,0.054444,0.064514,0.068472,0.07088,0.076296,0.068472,0.980115
2026-07-26T05:44:52+00:00,bid,RTX 4070S Ti,11,22,0.064444,0.147333,0.201111,0.201667,0.202222,0.201111,0.999457
2026-07-26T05:44:52+00:00,bid,RTX 4080,8,14,0.081111,0.130833,0.147778,0.209278,0.255556,0.255,0.9514
2026-07-26T05:44:52+00:00,bid,RTX 4080S,9,21,0.104444,0.135556,0.188741,0.200556,0.240741,0.202074,0.988222
2026-07-26T05:44:52+00:00,bid,RTX 4090,99,231,0.134074,0.240926,0.295556,0.347685,1.005037,0.335556,0.995225
2026-07-26T05:44:52+00:00,bid,RTX 4090D,4,8,0.604556,0.604972,0.605667,0.606222,0.606222,,0.967226
2026-07-26T05:44:52+00:00,bid,RTX 5000Ada,3,4,0.334444,0.335,0.335556,0.335556,0.335556,0.335556,0.992772
2026-07-26T05:44:52+00:00,bid,RTX 5060,4,5,0.054444,0.055278,0.075556,0.108889,0.148889,0.148889,0.989055
2026-07-26T05:44:52+00:00,bid,RTX 5060 Ti,33,102,0.053611,0.07037,0.107037,0.147222,0.161111,0.135185,0.992422
2026-07-26T05:44:52+00:00,bid,RTX 5070,7,10,0.054815,0.082407,0.148148,0.161667,0.162222,0.161111,0.990523
2026-07-26T05:44:52+00:00,bid,RTX 5070 Ti,17,32,0.005741,0.107407,0.108889,0.157037,0.268,0.134185,0.994024
2026-07-26T05:44:52+00:00,bid,RTX 5080,20,32,0.02963,0.123241,0.161111,0.200787,0.338519,0.15537,0.989918
2026-07-26T05:44:52+00:00,bid,RTX 5090,86,182,0.096222,0.245167,0.324556,0.411574,0.907222,0.272222,0.996136
2026-07-26T05:44:52+00:00,bid,RTX 5880Ada,6,9,0.295185,0.297037,0.315704,0.33437,0.335407,0.315704,0.996605
2026-07-26T05:44:52+00:00,bid,RTX 6000Ada,22,43,0.137778,0.22125,0.388889,0.468852,0.774074,0.4675,0.996591
2026-07-26T05:44:52+00:00,bid,RTX A2000,1,1,0.400148,0.400148,0.400148,0.400148,0.400148,,0.9942
2026-07-26T05:44:52+00:00,bid,RTX A4000,8,57,0.013519,0.046236,0.100206,0.106898,0.107037,0.093611,0.977918
2026-07-26T05:44:52+00:00,bid,RTX A5000,3,7,0.025556,0.067037,0.108519,0.109444,0.11037,0.108519,0.99942
2026-07-26T05:44:52+00:00,bid,RTX A6000,10,15,0.134815,0.15287,0.311639,0.361389,0.375556,,0.989739
2026-07-26T05:44:52+00:00,bid,RTX PRO 4000,15,23,0.055556,0.068111,0.108889,0.208778,0.241778,0.202111,0.968738
2026-07-26T05:44:52+00:00,bid,RTX PRO 4500,2,2,0.268889,0.269259,0.26963,0.27,0.27037,0.26963,0.98904
2026-07-26T05:44:52+00:00,bid,RTX PRO 5000,15,18,0.135111,0.165185,0.296296,0.541852,0.803704,0.295556,0.991534
2026-07-26T05:44:52+00:00,bid,RTX PRO 6000 S,17,28,0.335556,0.802963,1.067407,1.06963,1.371556,1.001667,0.997801
2026-07-26T05:44:52+00:00,bid,RTX PRO 6000 WS,26,34,0.322222,0.619028,0.701926,0.932963,1.403704,0.801111,0.99461
2026-07-26T05:44:52+00:00,bid,Tesla P100,3,4,0.041481,0.087963,0.134444,0.135,0.135556,0.135,0.985701
2026-07-26T05:44:52+00:00,bid,Tesla P40,3,8,0.065889,0.066167,0.066444,0.066444,0.066444,0.066444,0.992644
2026-07-26T05:44:52+00:00,bid,Tesla T4,2,3,3.400741,3.400926,3.401111,3.401296,3.401481,,0.972396
2026-07-26T05:44:52+00:00,bid,Tesla V100,13,31,0.015556,0.095037,0.135556,0.162222,0.242222,0.162222,0.998688
2026-07-26T05:44:52+00:00,bid,Titan RTX,1,1,0.108889,0.108889,0.108889,0.108889,0.108889,0.108889,0.998316
2026-07-26T05:44:52+00:00,bid,Titan V,1,2,0.067778,0.067778,0.067778,0.067778,0.067778,0.067778,0.996349
2026-07-26T05:44:52+00:00,bid,Titan Xp,3,11,0.04037,0.040463,0.040556,0.041389,0.042222,0.040556,0.995583
